"CRN","ARRIVAL_TM","AUTOMOBILE_COUNT","BELTED_DEATH_COUNT","BELTED_SUSP_SERIOUS_INJ_COUNT","BICYCLE_COUNT","BICYCLE_DEATH_COUNT","BICYCLE_SUSP_SERIOUS_INJ_COUNT","BUS_COUNT","CHLDPAS_DEATH_COUNT","CHLDPAS_SUSP_SERIOUS_INJ_COUNT","COLLISION_TYPE","COMM_VEH_COUNT","CONS_ZONE_SPD_LIM","COUNTY","CRASH_MONTH","CRASH_YEAR","DAY_OF_WEEK","DEC_LATITUDE","DEC_LONGITUDE","DISPATCH_TM","DISTRICT","DRIVER_COUNT_16YR","DRIVER_COUNT_17YR","DRIVER_COUNT_18YR","DRIVER_COUNT_19YR","DRIVER_COUNT_20YR","DRIVER_COUNT_50_64YR","DRIVER_COUNT_65_74YR","DRIVER_COUNT_75PLUS","EST_HRS_CLOSED","FATAL_COUNT","HEAVY_TRUCK_COUNT","HORSE_BUGGY_COUNT","HOUR_OF_DAY","ILLUMINATION","INJURY_COUNT","INTERSECTION_RELATED","INTERSECT_TYPE","LANE_CLOSED","LATITUDE","LN_CLOSE_DIR","LOCATION_TYPE","LONGITUDE","MAX_SEVERITY_LEVEL","MCYCLE_DEATH_COUNT","MCYCLE_SUSP_SERIOUS_INJ_COUNT","MOTORCYCLE_COUNT","MUNICIPALITY","NONMOTR_COUNT","NONMOTR_DEATH_COUNT","NONMOTR_SUSP_SERIOUS_INJ_COUNT","NTFY_HIWY_MAINT","PED_COUNT","PED_DEATH_COUNT","PED_SUSP_SERIOUS_INJ_COUNT","PERSON_COUNT","POLICE_AGCY","POSSIBLE_INJ_COUNT","RDWY_SURF_TYPE_CD","RELATION_TO_ROAD","ROADWAY_CLEARED","ROAD_CONDITION","SCH_BUS_IND","SCH_ZONE_IND","SECONDARY_CRASH","SMALL_TRUCK_COUNT","SPEC_JURIS_CD","SUSP_MINOR_INJ_COUNT","SUSP_SERIOUS_INJ_COUNT","SUV_COUNT","TCD_FUNC_CD","TCD_TYPE","TFC_DETOUR_IND","TIME_OF_DAY","TOTAL_UNITS","TOT_INJ_COUNT","UNBELTED_OCC_COUNT","UNB_DEATH_COUNT","UNB_SUSP_SERIOUS_INJ_COUNT","UNK_INJ_DEG_COUNT","UNK_INJ_PER_COUNT","URBAN_RURAL","VAN_COUNT","VEHICLE_COUNT","WEATHER1","WEATHER2","WORKERS_PRES","WORK_ZONE_IND","WORK_ZONE_LOC","WORK_ZONE_TYPE","WZ_CLOSE_DETOUR","WZ_FLAGGER","WZ_LAW_OFFCR_IND","WZ_LN_CLOSURE","WZ_MOVING","WZ_OTHER","WZ_SHLDER_MDN","WZ_WORKERS_INJ_KILLED"
"2020023889","0810","1","0","0","0","0","0","0","0","0","7","0","","02","3","2020","6","40.26988","-79.900422","0755","11","0","0","0","1","0","0","0","0","","0","0","0","","","0","N","0","","40 16:11.568","4","0","79 54:01.520","0","0","0","0","2301","0","0","0","N","0","0","0","1","02301","0","","2.0","900.0","1","N","N","N","0","","0","0","0","","0","N","","1","0","0","0","0","0","0","2","0","1","","","","N","","","","","","","","","",""
"2020010780","1835","0","0","0","0","0","0","0","0","0","4","0","","02","1","2020","6","40.361144","-80.029886","1830","11","0","0","0","0","0","1","0","1","","0","0","0","","","1","","1","","40 21:40.118","","0","80 01:47.589","4","0","0","0","2416","0","0","0","N","0","0","0","2","02416","1","","1.0","","1","N","N","N","0","","0","0","2","","3","","","2","1","0","0","0","0","0","2","0","2","","03","","N","","","","","","","","","",""
"2020022167","0145","1","0","0","0","0","0","0","0","0","7","0","","02","3","2020","1","40.460073","-79.843216","0140","11","0","0","0","0","0","0","0","0","","0","0","0","","","0","Y","0","","40 27:36.261","","0","79 50:35.576","9","0","0","0","2113","0","0","0","N","0","0","0","1","02113","0","","3.0","","1","N","N","N","0","","0","0","0","","2","","","1","0","0","0","0","0","1","2","0","1","","98","","N","","","","","","","","","",""
"2020026092","1707","2","0","0","0","0","0","0","0","0","4","0","","02","3","2020","6","40.459223","-79.970688","1701","11","0","0","0","0","0","1","0","0","","0","0","0","","","0","N","1","","40 27:33.204","2","0","79 58:14.477","0","0","0","0","2301","0","0","0","N","0","0","0","2","02301","0","","1.0","1730.0","1","N","N","N","0","","0","0","0","","2","N","","2","0","0","0","0","0","0","2","0","2","","03","","N","","","","","","","","","",""
"2020026246","1145","0","0","0","0","0","0","0","0","0","4","0","","02","3","2020","5","40.424445","-79.791211","1142","11","0","0","0","0","0","0","0","2","","0","0","0","","","0","N","0","","40 25:28.003","3","7","79 47:28.361","0","0","0","0","2446","0","0","0","N","0","0","0","2","02446","0","","1.0","1205.0","1","N","N","N","0","","0","0","2","","0","N","","2","0","0","0","0","0","0","2","0","2","","","","N","","","","","","","","","",""
"2020009607","1218","2","0","0","0","0","0","0","0","0","1","0","","02","1","2020","7","40.531669","-80.174166","1213","11","0","0","0","0","0","0","0","0","","0","0","0","","","0","N","0","","40 31:54.008","1","0","80 10:26.996","0","0","0","0","2458","0","0","0","N","0","0","0","2","02458","0","","1.0","1236.0","9","N","N","N","0","","0","0","0","","0","N","","2","0","0","0","0","0","0","2","0","2","","","","N","","","","","","","","","",""
"2020010691","2016","0","0","0","0","0","0","0","0","0","4","0","","02","1","2020","6","40.442574","-79.810363","2008","11","0","0","0","0","0","0","1","0","","0","0","0","","","1","N","0","","40 26:33.266","","0","79 48:37.305","8","0","0","0","2113","0","0","0","N","0","0","0","1","68B03","0","","2.0","","9","N","N","N","0","","0","0","1","","0","","","1","1","1","0","0","1","0","2","0","1","","","","N","","","","","","","","","",""
"2020027213","1737","1","0","0","0","0","0","0","0","0","7","0","","02","3","2020","3","40.494767","-79.792577","1731","11","0","0","0","0","0","0","0","0","","0","0","0","","","0","","3","","40 29:41.161","","0","79 47:33.277","0","0","0","0","2113","0","0","0","N","0","0","0","1","02113","0","","5.0","","1","N","N","N","0","","0","0","0","","0","","","1","0","0","0","0","0","0","2","0","1","","","","N","","","","","","","","","",""
"2020026921","2317","1","0","0","0","0","0","0","0","0","1","0","","02","3","2020","5","40.415635","-80.084383","2313","11","0","0","0","0","1","0","0","0","","0","0","0","","","1","N","0","","40 24:56.286","4","0","80 05:03.778","3","0","0","0","2415","0","0","0","N","0","0","0","2","68B03","0","","1.0","30.0","1","N","N","N","1","","1","0","0","","0","N","","2","1","0","0","0","0","0","2","0","2","","","","N","","","","","","","","","",""
"2020010314","1645","1","0","0","0","0","0","0","0","0","4","0","","02","1","2020","2","40.494072","-79.787778","1634","11","0","0","0","0","1","0","0","0","","0","1","0","","","0","","2","","40 29:38.659","4","0","79 47:16.001","0","0","0","0","2113","0","0","0","N","0","0","0","2","02113","0","","1.0","1638.0","9","N","N","N","0","","0","0","0","","3","N","","2","0","0","0","0","0","0","2","0","2","","","","N","","","","","","","","","",""
"2020005592","0730","1","0","0","0","0","0","0","0","0","2","0","","02","1","2020","5","40.409987","-79.944087","0720","11","0","0","0","0","0","2","0","0","","0","0","0","","","1","","2","","40 24:35.953","","0","79 56:38.712","8","0","0","0","2301","0","0","0","N","0","0","0","2","02301","0","","1.0","","1","N","N","N","1","","0","0","0","","2","","","2","1","0","0","0","1","0","2","0","2","","03","","N","","","","","","","","","",""
"2020026648","0015","1","0","0","0","0","0","0","0","0","7","0","","02","3","2020","6","40.441504","-79.963321","0010","11","0","0","0","0","0","0","0","0","","0","0","0","","","0","Y","0","","40 26:29.414","","0","79 57:47.954","9","0","0","0","2301","0","0","0","N","0","0","0","1","02301","0","","4.0","","1","N","N","N","0","","0","0","0","","0","","","1","0","0","0","0","0","1","2","0","1","","","","N","","","","","","","","","",""
"2020015441","1518","2","0","0","0","0","0","0","0","0","5","0","","02","2","2020","6","40.492833","-80.053867","1516","11","0","0","0","0","0","0","0","0","","0","0","0","","","0","Y","0","","40 29:34.199","","0","80 03:13.920","0","0","0","0","2404","0","0","0","N","0","0","0","3","02404","0","","2.0","","1","","N","N","0","","0","0","1","","0","","","3","0","0","0","0","0","0","2","0","3","","03","","N","","","","","","","","","",""
"2020009593","1116","1","0","0","0","0","0","0","0","0","7","0","","02","1","2020","7","40.427093","-80.022513","1108","11","0","0","0","0","0","0","0","1","","0","0","0","","","0","N","0","","40 25:37.534","","0","80 01:21.048","0","0","0","0","2301","0","0","0","N","0","0","0","1","02301","0","","4.0","","9","N","N","N","0","","0","0","0","","0","","","1","0","0","0","0","0","0","2","0","1","","04","","N","","","","","","","","","",""
"2020026544","0148","1","0","0","0","0","0","0","0","0","2","0","","02","3","2020","1","40.445964","-79.976701","0148","11","0","0","0","0","0","1","0","0","","0","0","0","","","0","","1","","40 26:45.471","","0","79 58:36.123","9","0","0","0","2301","0","0","0","N","0","0","0","3","02301","0","","1.0","","9","N","N","N","1","","0","0","0","","2","","","2","0","0","0","0","0","1","2","0","2","","10","","N","","","","","","","","","",""
"2020010781","1830","0","0","0","0","0","0","0","0","0","7","0","","02","1","2020","7","40.366681","-80.014416","1830","11","0","0","0","0","0","0","0","1","","0","0","0","","","0","N","0","","40 22:00.050","","7","80 00:51.897","0","0","0","0","2416","0","0","0","N","0","0","0","1","02416","0","","2.0","","9","N","N","N","0","","0","0","1","","0","","","1","0","0","0","0","0","0","2","0","1","","","","N","","","","","","","","","",""
"2020024929","0940","1","0","0","0","0","0","0","0","0","1","0","","02","2","2020","6","40.39533","-79.997389","0930","11","0","0","0","0","0","0","0","0","","0","0","0","","","0","","2","","40 23:43.189","","0","79 59:50.600","0","0","0","0","2301","0","0","0","N","0","0","0","2","02301","0","","1.0","","1","N","N","N","1","","0","0","0","","0","","","2","0","0","0","0","0","0","2","0","2","","03","","N","","","","","","","","","",""
"2020027920","1410","2","0","0","0","0","0","0","0","0","1","0","","02","3","2020","1","40.344642","-79.939697","1408","11","0","0","0","0","0","1","0","0","","0","0","0","","","0","N","0","","40 20:40.710","","0","79 56:22.910","0","0","0","0","2473","0","0","0","N","0","0","0","3","02473","0","","1.0","","1","N","N","N","0","","0","0","0","","0","","","2","0","1","0","0","0","0","2","0","2","","03","","N","","","","","","","","","",""
"2020026938","1925","1","0","0","0","0","0","0","0","0","0","0","","02","3","2020","1","40.535325","-80.075595","1908","11","0","0","0","0","1","0","0","0","","0","0","0","","","1","N","0","","40 32:07.169","","0","80 04:32.142","3","0","0","0","2215","0","0","0","N","0","0","0","1","68B03","0","","4.0","","1","N","N","N","0","","1","0","0","","0","","","1","1","0","0","0","0","0","2","0","1","","","","N","","","","","","","","","",""
"2020009524","1408","2","0","0","0","0","0","0","0","0","1","0","","02","1","2020","6","40.520826","-80.005062","1401","11","0","0","0","0","0","0","0","0","","0","0","0","","","0","N","0","","40 31:14.975","","0","80 00:18.224","0","0","0","0","2116","0","0","0","N","0","0","0","3","02116","0","","1.0","","9","N","N","N","0","","0","0","1","","0","","","3","0","0","0","0","0","0","2","0","3","","07","","N","","","","","","","","","",""
"2020025844","1754","1","0","0","0","0","0","0","0","0","1","0","","02","3","2020","4","40.509646","-80.003816","1753","11","0","0","0","0","0","1","0","0","","0","0","0","","","0","Y","0","","40 30:34.724","","0","80 00:13.736","0","0","0","0","2116","0","0","0","N","0","0","0","4","02116","0","","1.0","","1","N","N","N","0","","0","0","2","","2","","","3","0","0","0","0","0","0","2","0","3","","","","N","","","","","","","","","",""
"2020024540","1840","0","0","0","0","0","0","0","0","0","8","0","","02","3","2020","1","40.410559","-79.991457","1837","11","0","0","0","0","0","0","1","0","","0","0","0","","","1","N","0","","40 24:38.013","2","0","79 59:29.245","8","0","0","0","2301","1","0","0","N","1","0","0","2","02301","0","","1.0","1900.0","1","N","N","N","1","","0","0","0","","0","N","","2","1","0","0","0","1","0","2","0","1","","03","","N","","","","","","","","","",""
"2020029336","0820","3","0","0","0","0","0","0","0","0","1","0","","02","3","2020","4","40.425808","-79.910872","0820","11","0","0","0","0","0","0","0","0","","0","0","0","","","0","N","0","","40 25:32.910","4","0","79 54:39.139","0","0","0","0","2301","0","0","0","N","0","0","0","5","68B03","0","","1.0","845.0","1","N","N","N","0","","0","0","0","","1","N","","3","0","0","0","0","0","0","2","0","3","","03","","N","","","","","","","","","",""
"2020026435","0316","1","0","0","0","0","0","0","0","0","7","0","","02","3","2020","7","40.447722","-80.068452","0314","11","0","0","0","0","0","0","0","0","","0","0","0","","","1","N","1","","40 26:51.799","","0","80 04:06.427","4","0","0","0","2439","0","0","0","N","0","0","0","1","02439","1","","5.0","","1","N","N","N","0","","0","0","0","","3","","","1","1","1","0","0","0","0","2","0","1","","","","N","","","","","","","","","",""
"2020008794","0714","1","0","0","0","0","0","0","0","0","0","0","","02","1","2020","4","40.302049","-79.926558","0713","11","0","0","0","0","0","0","0","0","","0","0","0","","","0","N","0","","40 18:07.378","6","0","79 55:35.610","0","0","0","0","2440","0","0","0","N","0","0","0","1","02440","0","","1.0","810.0","1","N","N","N","0","","0","0","0","","0","Y","","1","0","0","0","0","0","0","2","0","1","","03","","N","","","","","","","","","",""
"2020026565","1725","2","0","0","0","0","0","0","0","0","2","0","","02","3","2020","1","40.424701","-80.008825","1721","11","0","0","0","0","0","1","0","0","","0","0","0","","","0","N","0","","40 25:28.922","","0","80 00:31.770","0","0","0","0","2301","0","0","0","N","0","0","0","2","02301","0","","1.0","","1","N","N","N","0","","0","0","0","","0","","","2","0","0","0","0","0","0","2","0","2","","03","","N","","","","","","","","","",""
"2020009187","0048","1","0","0","0","0","0","0","0","0","5","0","","02","1","2020","6","40.354918","-79.834909","0048","11","0","0","0","0","0","0","0","0","","0","0","0","","","2","N","0","","40 21:17.705","1","0","79 50:05.672","3","0","0","0","2304","0","0","0","N","0","0","0","3","02304","0","","2.0","132.0","1","N","N","N","0","","2","0","0","","0","N","","3","2","0","0","0","0","0","2","2","3","","","","N","","","","","","","","","",""
"2020026646","2225","2","0","0","0","0","0","0","0","0","1","0","","02","3","2020","1","40.454763","-79.929971","2214","11","0","0","0","0","0","0","1","0","","0","0","0","","","0","","1","","40 27:17.146","","0","79 55:47.895","0","0","0","0","2301","0","0","0","N","0","0","0","1","02301","0","","1.0","","1","N","N","N","0","","0","0","0","","0","N","","2","0","0","0","0","0","0","2","0","2","","","","N","","","","","","","","","",""
"2020024773","1505","1","0","0","0","0","0","0","0","0","8","0","","02","3","2020","1","40.452617","-79.874024","1500","11","0","0","0","0","0","0","0","0","","0","0","0","","","1","N","0","","40 27:09.420","","0","79 52:26.488","3","0","0","0","2301","1","0","0","N","1","0","0","2","02301","0","","1.0","","1","N","N","N","0","","1","0","0","","0","","","2","1","0","0","0","0","1","2","0","1","","03","","N","","","","","","","","","",""
"2020010049","1857","1","0","0","0","0","0","0","0","0","4","0","","02","1","2020","1","40.534854","-79.843402","1854","11","0","0","0","0","0","0","0","0","","0","0","0","","","3","N","0","","40 32:05.473","1","6","79 50:36.246","3","0","0","0","2208","0","0","0","N","0","0","0","6","02208","1","","1.0","1943.0","1","N","N","N","1","","2","0","0","","0","Y","","2","3","0","0","0","0","0","2","0","2","","03","","N","","","","","","","","","",""
"2020024205","1037","0","0","0","0","0","0","0","0","0","4","0","","02","3","2020","5","40.552773","-80.022689","1031","11","0","0","0","0","0","2","0","0","","0","0","0","","","0","N","0","","40 33:09.981","","6","80 01:21.679","0","0","0","0","2116","0","0","0","N","0","0","0","3","02116","0","","1.0","","1","N","N","N","0","","0","0","2","","0","","","2","0","0","0","0","0","0","2","0","2","","04","","N","","","","","","","","","",""
"2020003312","2040","0","0","0","0","0","0","0","0","0","8","0","","02","1","2020","5","40.458095","-79.995495","2035","11","0","0","0","0","0","0","0","0","","0","0","0","","","1","N","1","","40 27:29.141","","0","79 59:43.782","3","0","0","0","2301","1","0","0","N","1","0","0","2","02301","0","","9.0","","9","N","N","N","0","","1","0","1","","3","","","2","1","0","0","0","0","0","2","0","1","","","","N","","","","","","","","","",""
"2020010501","1921","3","0","0","0","0","0","0","0","0","6","0","","02","1","2020","2","40.48191","-79.827819","1919","11","0","2","0","0","0","1","0","0","","0","0","0","","","5","N","0","","40 28:54.877","6","0","79 49:40.150","3","0","0","0","2113","0","0","0","N","0","0","0","7","02113","0","","1.0","2000.0","2","N","N","N","0","","5","0","0","","0","N","","3","5","0","0","0","0","0","2","0","3","","06","","N","","","","","","","","","",""
"2020026873","2212","1","0","0","0","0","0","0","0","0","7","0","","02","3","2020","1","40.42279","-80.040249","2212","11","0","0","0","0","0","0","0","0","","0","0","0","","","0","","2","","40 25:22.043","","2","80 02:24.896","0","0","0","0","2435","0","0","0","Y","0","0","0","1","02435","0","","2.0","","1","N","N","N","0","","0","0","0","","0","","","1","0","0","0","0","0","0","2","0","1","","","","N","","","","","","","","","",""
"2020011288","1618","1","0","0","0","0","0","0","0","0","1","0","","02","1","2020","4","40.526019","-79.821436","1610","11","0","0","0","0","0","1","0","0","","0","0","0","","","0","","2","","40 31:33.668","","0","79 49:17.171","0","0","0","0","2466","0","0","0","N","0","0","0","6","02466","0","","1.0","","1","N","N","N","0","","0","0","2","","0","","","3","0","1","0","0","0","0","2","0","3","","03","","N","","","","","","","","","",""
"2020026579","2110","0","0","0","0","0","0","0","0","0","2","0","","02","3","2020","6","40.409256","-79.898675","2108","11","0","0","0","0","0","0","0","0","","0","0","0","","","0","","1","","40 24:33.322","","0","79 53:55.230","0","0","0","0","2448","0","0","0","N","0","0","0","2","02448","0","","1.0","","1","N","N","N","0","","0","0","1","","2","","","2","0","0","0","0","0","0","2","1","2","","","","N","","","","","","","","","",""
"2020026545","2127","1","0","0","0","0","0","0","0","0","1","0","","02","3","2020","3","40.625192","-80.001465","2121","11","1","0","0","0","0","1","0","0","","0","0","0","","","1","N","0","","40 37:30.690","5","0","80 00:05.273","4","0","0","0","2216","0","0","0","N","0","0","0","2","02505","1","","1.0","2224.0","1","N","N","N","0","","0","0","1","","0","N","","2","1","0","0","0","0","0","2","0","2","","03","","N","","","","","","","","","",""
"2020025806","1526","2","0","0","0","0","0","0","0","0","1","0","","02","3","2020","3","40.416539","-80.029841","1519","11","0","0","0","0","0","0","0","0","","0","0","0","","","0","","1","","40 24:59.539","","0","80 01:47.429","0","0","0","0","2301","0","0","0","N","0","0","0","2","02301","0","","1.0","","1","N","N","N","0","","0","0","0","","2","N","","2","0","0","0","0","0","0","2","0","2","","03","","N","","","","","","","","","",""
"2020009608","1454","2","0","0","0","0","0","0","0","0","4","0","","02","1","2020","6","40.362291","-79.826111","1450","11","0","0","0","0","0","0","0","0","","0","0","0","","","2","N","1","","40 21:44.246","5","0","79 49:33.998","3","0","0","0","2111","0","0","0","N","0","0","0","4","02111","0","","1.0","1450.0","9","N","N","N","1","","1","0","0","","2","Y","","3","2","1","0","0","1","0","2","0","3","","07","","N","","","","","","","","","",""
"2020007900","0901","2","0","0","0","0","0","0","0","0","1","0","","02","1","2020","3","40.660776","-80.124365","0851","11","0","0","0","0","0","0","0","0","","0","0","0","","","0","N","0","","40 39:38.794","","0","80 07:27.713","0","0","0","0","2212","0","0","0","N","0","0","0","2","02505","0","","1.0","","1","N","N","N","0","","0","0","0","","0","","","2","0","0","0","0","0","0","2","0","2","","03","","N","","","","","","","","","",""
"2020024945","0912","2","0","0","0","0","0","0","0","0","4","0","","02","3","2020","3","40.465303","-79.914543","0906","11","0","0","0","0","0","0","0","0","","0","0","0","","","1","","1","","40 27:55.090","","0","79 54:52.354","3","0","0","0","2301","0","0","0","N","0","0","0","2","02301","0","","1.0","","1","N","N","N","0","","1","0","0","","3","","","2","1","0","0","0","0","0","2","0","2","","","","N","","","","","","","","","",""
"2020026611","2058","1","0","0","0","0","0","0","0","0","4","0","","02","3","2020","6","40.34708","-80.075976","2053","11","1","0","0","0","0","1","0","0","","0","0","0","","","0","","2","","40 20:49.488","","0","80 04:33.513","0","0","0","0","2123","0","0","0","N","0","0","0","4","02123","0","","1.0","","1","N","N","N","0","","0","0","1","","0","","","2","0","0","0","0","0","0","2","0","2","","","","N","","","","","","","","","",""
"2020026167","1650","1","0","0","0","0","0","0","0","0","2","1","","02","3","2020","6","40.383445","-79.981587","1643","11","0","0","0","0","0","0","0","0","","0","0","0","","","3","","1","","40 23:00.402","","0","79 58:53.713","3","0","0","0","2301","0","0","0","N","0","0","0","3","02301","0","","1.0","","9","N","N","N","0","","3","0","0","","3","","","2","3","0","0","0","0","0","2","1","2","","","","N","","","","","","","","","",""
"2020011627","1838","2","0","0","0","0","0","0","0","0","1","0","","02","1","2020","4","40.447259","-79.714026","1836","11","0","0","0","0","0","0","0","0","","0","0","0","","","2","N","0","","40 26:50.133","","0","79 42:50.492","3","0","0","0","2466","0","0","0","N","0","0","0","3","02466","0","","1.0","","1","N","N","N","0","","2","0","2","","0","","","4","2","0","0","0","0","0","2","0","4","","03","","N","","","","","","","","","",""
"2020024431","1040","2","0","0","0","0","0","0","0","0","4","0","","02","3","2020","1","40.275569","-79.837998","1037","11","0","0","0","0","0","0","1","0","","0","0","0","","","1","","2","","40 16:32.048","5","0","79 50:16.793","3","0","0","0","2105","0","0","0","N","0","0","0","2","02105","0","","1.0","1128.0","1","N","N","N","0","","1","0","0","","0","Y","","2","1","2","0","0","0","0","1","0","2","","","","N","","","","","","","","","",""
"2020010779","0144","0","0","0","0","0","0","0","0","0","7","0","","02","1","2020","2","40.356133","-80.041483","0140","11","0","0","0","0","1","0","0","0","","0","0","0","","","1","N","0","","40 21:22.078","3","0","80 02:29.337","3","0","0","0","2109","0","0","0","Y","0","0","0","1","02109","0","","4.0","252.0","9","N","N","N","1","","1","0","0","","0","N","","1","1","1","0","0","0","0","2","0","1","","","","N","","","","","","","","","",""
"2020006981","1003","1","0","0","0","0","0","0","0","0","7","0","","02","1","2020","7","40.475644","-79.764781","0958","11","0","1","0","0","0","0","0","0","","0","0","0","","","1","N","0","","40 28:32.319","3","0","79 45:53.213","8","0","0","0","2466","0","0","0","N","0","0","0","2","02466","0","","5.0","1020.0","2","N","N","N","0","","0","0","0","","0","N","","2","1","0","0","0","1","0","2","0","1","","04","","N","","","","","","","","","",""
"2020023805","1930","1","0","0","0","0","0","0","0","0","4","0","","02","3","2020","5","40.611073","-80.104543","1920","11","0","0","0","0","0","2","0","0","","0","0","0","","","1","","1","","40 36:39.862","","0","80 06:16.353","4","0","0","0","2481","0","0","0","N","0","0","0","3","02481","1","","1.0","","1","N","N","N","0","","0","0","1","","3","","","2","1","0","0","0","0","0","1","0","2","","04","","N","","","","","","","","","",""
"2020019652","0800","0","0","0","0","0","0","0","0","0","4","0","","02","2","2020","4","40.362291","-79.826111","0757","11","0","0","0","0","0","1","1","0","","0","0","0","","","1","N","1","","40 21:44.246","5","0","79 49:33.998","8","0","0","0","2111","0","0","0","N","0","0","0","2","02111","0","","1.0","846.0","1","N","N","N","0","","0","0","2","","2","N","","2","1","0","0","0","1","0","2","0","2","","03","","N","","","","","","","","","",""
"2020029260","0715","2","0","0","0","0","0","0","0","0","4","0","","02","3","2020","3","40.5027","-80.154556","0713","11","0","0","0","0","0","0","0","0","","0","0","0","","","0","N","0","","40 30:09.720","","0","80 09:16.400","0","0","0","0","2213","0","0","0","N","0","0","0","1","02213","0","","1.0","","1","N","N","N","0","","0","0","0","","0","","","2","0","0","0","0","0","0","2","0","2","","","","N","","","","","","","","","",""
"2020027366","1203","2","0","0","0","0","0","0","0","0","1","0","","02","3","2020","1","40.489969","-79.782898","1153","11","0","0","0","0","0","1","0","0","","0","0","0","","","0","N","0","","40 29:23.889","","0","79 46:58.434","0","0","0","0","2466","0","0","0","N","0","0","0","2","02466","0","","2.0","","1","N","N","N","0","","0","0","0","","0","","","2","0","0","0","0","0","0","2","0","2","","03","","N","","","","","","","","","",""
"2020028576","1155","1","0","0","0","0","0","0","0","0","1","0","","02","3","2020","7","40.396116","-79.997108","1128","11","0","0","0","0","0","1","0","0","","0","0","0","","","2","","1","","40 23:46.019","7","0","79 59:49.588","2","0","0","0","2301","0","0","0","N","0","0","0","2","02301","0","","1.0","1340.0","1","N","N","N","1","","1","1","0","","3","Y","","2","2","1","0","1","0","0","2","0","2","","","","N","","","","","","","","","",""
"2020028932","1527","0","0","0","0","0","0","0","0","0","1","0","","02","3","2020","7","40.431174","-80.025586","1527","11","0","0","0","1","0","1","0","0","","0","0","0","","","0","N","0","","40 25:52.228","","0","80 01:32.111","0","0","0","0","2301","0","0","0","N","0","0","0","2","68B03","0","","1.0","","1","N","N","N","1","","0","0","1","","0","","","2","0","0","0","0","0","0","2","0","2","","03","","N","","","","","","","","","",""
"2020029451","1705","1","0","0","0","0","0","0","0","0","4","0","","02","3","2020","3","40.439221","-79.956613","1640","11","0","0","0","0","0","0","0","0","","1","0","0","","","0","","1","","40 26:21.196","7","0","79 57:23.806","1","1","0","1","2301","0","0","0","N","0","0","0","2","02301","0","2","1.0","1924.0","1","N","N","N","0","0","0","0","0","","3","Y","","2","0","0","0","0","0","0","2","0","2","","","","N","","","","","","","","","",""
"2020009385","1536","1","0","0","0","0","0","0","0","0","7","0","","02","1","2020","6","40.339139","-79.963345","1533","11","0","0","0","0","0","0","0","1","","0","0","0","","","0","N","0","","40 20:20.899","3","0","79 57:48.043","0","0","0","0","2454","0","0","0","N","0","0","0","1","02454","0","","2.0","1605.0","9","N","N","N","0","","0","0","0","","0","N","","1","0","0","0","0","0","0","2","0","1","","98","","N","","","","","","","","","",""
"2020026450","0218","1","0","0","0","0","0","0","0","0","4","0","","02","3","2020","1","40.416001","-79.946717","0206","11","0","0","0","1","0","0","0","0","","0","0","0","","","0","Y","0","","40 24:57.602","","0","79 56:48.180","0","0","0","0","2301","0","0","0","N","0","0","0","2","02301","0","","1.0","","9","N","N","N","0","","0","0","0","","1","","","2","0","0","0","0","0","0","2","0","2","","07","","N","","","","","","","","","",""
"2020025869","2042","1","0","0","0","0","0","0","0","0","8","0","","02","3","2020","5","40.456421","-79.891913","2036","11","0","0","0","0","0","0","0","0","","0","0","0","","","1","N","1","","40 27:23.115","6","0","79 53:30.886","2","0","0","0","2301","1","0","1","N","1","0","1","2","02301","0","","1.0","2100.0","1","N","N","N","0","","0","1","0","","0","Y","","2","1","1","0","0","0","0","2","0","1","","03","","N","","","","","","","","","",""
"2020020448","1451","1","0","0","0","0","0","0","0","0","5","0","","02","2","2020","6","40.438661","-79.768588","1449","11","0","0","0","0","0","2","0","0","","0","0","0","","","2","N","0","","40 26:19.181","3","0","79 46:06.917","3","0","0","0","2446","0","0","0","N","0","0","0","4","02446","0","","1.0","1519.0","1","N","N","N","1","","2","0","0","","0","N","","3","2","0","0","0","0","0","2","0","2","","","","N","","","","","","","","","",""
"2020009232","1255","1","0","0","0","0","0","0","0","0","1","0","","02","1","2020","5","40.428506","-79.999685","1245","11","0","0","0","0","0","0","0","0","","0","0","0","","","0","N","0","","40 25:42.620","7","4","79 59:58.867","0","0","0","0","2301","0","0","0","N","0","0","0","2","02301","0","","1.0","1325.0","1","N","N","N","0","","0","0","1","","0","N","","3","0","0","0","0","0","0","2","0","2","","03","","N","","","","","","","","","",""
"2020017390","0739","1","0","0","0","0","0","1","0","0","4","1","","02","2","2020","7","40.399777","-79.863794","0728","11","0","0","0","0","0","1","0","0","","0","0","0","","","0","N","2","","40 23:59.197","","0","79 51:49.658","0","0","0","0","2410","0","0","0","N","0","0","0","2","02503","0","","1.0","","1","Y","N","N","0","","0","0","0","","0","","","2","0","1","0","0","0","0","2","0","2","","03","","N","","","","","","","","","",""