"CRN","ARRIVAL_TM","AUTOMOBILE_COUNT","BELTED_DEATH_COUNT","BELTED_SUSP_SERIOUS_INJ_COUNT","BICYCLE_COUNT","BICYCLE_DEATH_COUNT","BICYCLE_SUSP_SERIOUS_INJ_COUNT","BUS_COUNT","CHLDPAS_DEATH_COUNT","CHLDPAS_SUSP_SERIOUS_INJ_COUNT","COLLISION_TYPE","COMM_VEH_COUNT","CONS_ZONE_SPD_LIM","COUNTY","CRASH_MONTH","CRASH_YEAR","DAY_OF_WEEK","DEC_LATITUDE","DEC_LONGITUDE","DISPATCH_TM","DISTRICT","DRIVER_COUNT_16YR","DRIVER_COUNT_17YR","DRIVER_COUNT_18YR","DRIVER_COUNT_19YR","DRIVER_COUNT_20YR","DRIVER_COUNT_50_64YR","DRIVER_COUNT_65_74YR","DRIVER_COUNT_75PLUS","EST_HRS_CLOSED","FATAL_COUNT","HEAVY_TRUCK_COUNT","HORSE_BUGGY_COUNT","HOUR_OF_DAY","ILLUMINATION","INJURY_COUNT","INTERSECTION_RELATED","INTERSECT_TYPE","LANE_CLOSED","LATITUDE","LN_CLOSE_DIR","LOCATION_TYPE","LONGITUDE","MAX_SEVERITY_LEVEL","MCYCLE_DEATH_COUNT","MCYCLE_SUSP_SERIOUS_INJ_COUNT","MOTORCYCLE_COUNT","MUNICIPALITY","NONMOTR_COUNT","NONMOTR_DEATH_COUNT","NONMOTR_SUSP_SERIOUS_INJ_COUNT","NTFY_HIWY_MAINT","PED_COUNT","PED_DEATH_COUNT","PED_SUSP_SERIOUS_INJ_COUNT","PERSON_COUNT","POLICE_AGCY","POSSIBLE_INJ_COUNT","RDWY_SURF_TYPE_CD","RELATION_TO_ROAD","ROADWAY_CLEARED","ROAD_CONDITION","SCH_BUS_IND","SCH_ZONE_IND","SECONDARY_CRASH","SMALL_TRUCK_COUNT","SPEC_JURIS_CD","SUSP_MINOR_INJ_COUNT","SUSP_SERIOUS_INJ_COUNT","SUV_COUNT","TCD_FUNC_CD","TCD_TYPE","TFC_DETOUR_IND","TIME_OF_DAY","TOTAL_UNITS","TOT_INJ_COUNT","UNBELTED_OCC_COUNT","UNB_DEATH_COUNT","UNB_SUSP_SERIOUS_INJ_COUNT","UNK_INJ_DEG_COUNT","UNK_INJ_PER_COUNT","URBAN_RURAL","VAN_COUNT","VEHICLE_COUNT","WEATHER1","WEATHER2","WORKERS_PRES","WORK_ZONE_IND","WORK_ZONE_LOC","WORK_ZONE_TYPE","WZ_CLOSE_DETOUR","WZ_FLAGGER","WZ_LAW_OFFCR_IND","WZ_LN_CLOSURE","WZ_MOVING","WZ_OTHER","WZ_SHLDER_MDN","WZ_WORKERS_INJ_KILLED"
"2020023945","1238","1","0","0","0","0","0","0","0","0","7","0","","02","3","2020","6","40.409342","-80.192458","1234","11","0","0","0","0","0","0","0","0","","0","0","0","","","1","","2","","40 24:33.632","6","0","80 11:32.849","8","0","0","0","2214","0","0","0","N","0","0","0","1","02214","0","","5.0","1310.0","9","N","N","N","0","","0","0","0","","3","N","","1","1","1","0","0","1","0","1","0","1","","10","","N","","","","","","","","","",""
"2020031669","0753","1","0","1","0","0","0","0","0","0","7","0","","02","4","2020","5","40.442351","-79.727919","0742","11","0","0","0","0","0","1","0","0","","0","0","0","","","1","N","0","","40 26:32.462","6","0","79 43:40.509","2","0","0","0","2446","0","0","0","N","0","0","0","1","02446","0","","5.0","948.0","99","N","N","N","0","","0","1","0","","0","Y","","1","1","0","0","0","0","0","2","0","1","","","","N","","","","","","","","","",""
"2020024586","2333","2","0","0","0","0","0","0","0","0","2","0","","02","3","2020","1","40.461446","-79.863031","2327","11","0","0","0","0","0","1","0","0","","0","0","0","","","2","","1","","40 27:41.206","","0","79 51:46.910","3","0","0","0","2113","0","0","0","N","0","0","0","2","02113","0","","1.0","","1","N","N","N","0","","1","0","0","","2","","","2","2","0","0","0","1","0","2","0","2","","","","N","","","","","","","","","",""
"2020031534","0630","0","0","0","0","0","0","0","0","0","1","0","","02","1","2020","4","40.420568","-80.03969","0619","11","0","0","0","0","0","0","0","0","","0","0","0","","","0","N","0","","40 25:14.043","3","0","80 02:22.884","0","0","0","0","2301","0","0","0","N","0","0","0","2","68B03","0","","1.0","649.0","1","N","N","N","1","","0","0","0","","0","Y","","2","0","0","0","0","0","0","2","1","2","","03","","N","","","","","","","","","",""
"2020022608","1603","1","0","0","0","0","0","0","0","0","7","0","","02","2","2020","6","40.519066","-79.761949","1603","11","0","0","0","0","0","0","0","0","","0","0","0","","","1","N","0","","40 31:08.638","6","0","79 45:43.017","3","0","0","0","2466","0","0","0","N","0","0","0","2","02466","0","","4.0","2030.0","1","N","N","N","1","","1","0","0","","0","Y","","2","1","0","0","0","0","0","2","0","2","","","","N","","","","","","","","","",""
"2020020810","1854","1","0","0","0","0","0","0","0","0","5","1","","02","1","2020","3","40.462734","-80.193605","1854","11","0","0","0","0","0","0","1","0","","0","1","0","","","0","N","0","","40 27:45.841","3","0","80 11:36.978","0","0","0","0","2213","0","0","0","N","0","0","0","2","68B03","0","","1.0","1920.0","1","N","N","N","0","","0","0","0","","0","N","","2","0","0","0","0","0","0","2","0","2","","03","","N","","","","","","","","","",""
"2020024597","0130","0","0","0","0","0","0","0","0","0","5","0","","02","3","2020","2","40.452699","-80.019288","0130","11","0","0","0","0","0","0","0","0","","0","0","0","","","0","N","0","","40 27:09.715","5","0","80 01:09.436","0","0","0","0","2301","0","0","0","N","0","0","0","1","02301","0","","1.0","200.0","1","N","N","N","0","","0","0","2","","0","Y","","2","0","0","0","0","0","0","2","0","2","","03","","N","","","","","","","","","",""
"2020021577","1723","1","0","0","0","0","0","0","0","0","4","1","","02","2","2020","4","40.429671","-79.742692","1644","11","0","0","0","0","0","0","0","0","","0","1","0","","","0","N","0","","40 25:46.817","","0","79 44:33.691","0","0","0","0","2446","0","0","0","N","0","0","0","2","68T09","0","","1.0","","9","N","N","N","0","","0","0","0","","0","","","2","0","0","0","0","0","0","2","0","2","","07","","N","","","","","","","","","",""
"2020031271","1007","0","0","0","0","0","0","0","0","0","7","0","","02","4","2020","2","40.382109","-79.946501","1003","11","0","0","0","0","0","0","1","0","","0","0","0","","","0","N","1","","40 22:55.592","","0","79 56:47.403","0","0","0","0","2403","0","0","0","N","0","0","0","1","02403","0","","2.0","","1","N","N","N","0","","0","0","1","","0","","","1","0","0","0","0","0","0","2","0","1","","","","N","","","","","","","","","",""
"2020023953","1405","2","0","0","0","0","0","0","0","0","4","0","","02","3","2020","6","40.481749","-79.83806","1401","11","0","0","1","0","0","0","0","0","","0","0","0","","","1","N","2","","40 28:54.298","","0","79 50:17.015","3","0","0","0","2113","0","0","0","Y","0","0","0","4","02113","0","","1.0","","1","N","N","N","1","","1","0","0","","3","","","3","1","0","0","0","0","0","2","0","3","","03","","N","","","","","","","","","",""
"2020025987","0944","1","0","0","0","0","0","0","0","0","1","0","","02","3","2020","5","40.418006","-80.055173","0933","11","0","0","0","0","0","1","0","0","","0","0","0","","","1","N","0","","40 25:04.821","","0","80 03:18.622","8","0","0","0","2435","0","0","0","N","0","0","0","3","68B03","0","","1.0","","1","N","N","N","1","","0","0","1","","0","","","3","1","0","0","0","1","0","2","0","3","","","","N","","","","","","","","","",""
"2020040025","1211","1","0","0","0","0","0","0","0","0","0","0","","02","5","2020","4","40.603474","-80.168156","1208","11","0","0","0","1","0","0","0","0","","0","0","0","","","1","N","0","","40 36:12.508","6","0","80 10:05.360","3","0","0","0","2480","0","0","0","N","0","0","0","1","02480","0","","4.0","1312.0","1","N","N","N","0","","1","0","0","","0","Y","","1","1","0","0","0","0","0","1","0","1","","03","","N","","","","","","","","","",""
"2020021890","1640","1","0","0","0","0","0","0","0","0","4","0","","02","2","2020","6","40.484334","-80.035812","1636","11","0","0","0","0","0","0","1","0","","0","0","0","","","0","","1","","40 29:03.602","","0","80 02:08.923","0","0","0","0","2301","0","0","0","N","0","0","0","2","02301","0","","1.0","","1","N","N","N","0","","0","0","1","","2","","","2","0","0","0","0","0","0","2","0","2","","03","","N","","","","","","","","","",""
"2020024399","1455","3","0","0","0","0","0","0","0","0","1","0","","02","3","2020","7","40.578102","-79.953751","1455","11","0","0","0","0","1","0","0","0","","0","0","0","","","0","","2","","40 34:41.166","","0","79 57:13.504","0","0","0","0","2207","0","0","0","N","0","0","0","9","02207","0","","1.0","","1","N","N","N","0","","0","0","0","","3","","","3","0","0","0","0","0","0","2","0","3","","03","","N","","","","","","","","","",""
"2020039516","1525","1","0","0","0","0","0","0","0","0","5","0","","02","5","2020","3","40.627132","-79.929618","1520","11","0","0","0","0","0","1","0","0","","0","0","0","","","0","N","0","","40 37:37.675","6","0","79 55:46.624","0","0","0","0","2217","0","0","0","N","0","0","0","2","02505","0","","1.0","1609.0","1","N","N","N","1","","0","0","0","","0","Y","","2","0","0","0","0","0","0","2","0","2","","","","N","","","","","","","","","",""
"2020031315","1545","1","0","0","0","0","0","0","0","0","7","0","","02","4","2020","2","40.633758","-79.873528","1530","11","0","0","0","0","0","0","0","0","","0","0","0","","","0","N","0","","40 38:01.530","","0","79 52:24.700","0","0","0","0","2220","0","0","0","N","0","0","0","2","02220","0","","5.0","","1","N","N","N","0","","0","0","0","","0","","","1","0","0","0","0","0","0","2","0","1","","03","","N","","","","","","","","","",""
"2020020020","1120","1","0","0","0","0","0","0","0","0","1","0","","02","2","2020","7","40.52662","-79.963513","1117","11","0","0","0","0","0","0","0","0","","0","0","0","","","1","N","0","","40 31:35.831","5","0","79 57:48.645","3","0","0","0","2118","0","0","0","N","0","0","0","4","02118","0","","1.0","1152.0","1","N","N","N","0","","1","0","1","","0","Y","","2","1","0","0","0","0","0","2","0","2","","","","N","","","","","","","","","",""
"2020023527","0840","2","0","0","0","0","0","0","0","0","4","0","","02","3","2020","5","40.432366","-79.923155","0825","11","0","0","0","0","0","0","0","0","","0","0","0","","","0","","1","","40 25:56.517","","0","79 55:23.357","0","0","0","0","2301","0","0","0","N","0","0","0","2","02301","0","","1.0","","1","N","N","N","0","","0","0","0","","2","","","2","0","0","0","0","0","0","2","0","2","","03","","N","","","","","","","","","",""
"2020024646","0732","0","0","0","0","0","0","0","0","0","4","0","","02","3","2020","2","40.338991","-79.960201","0728","11","0","0","0","0","0","0","0","0","","0","0","0","","","0","N","1","","40 20:20.366","1","0","79 57:36.725","0","0","0","0","2454","0","0","0","N","0","0","0","3","02454","0","","1.0","800.0","1","N","N","N","0","","0","0","1","","2","N","","2","0","0","0","0","0","0","2","1","2","","03","","N","","","","","","","","","",""
"2020019004","1920","1","0","0","0","0","0","0","0","0","7","0","","02","2","2020","4","40.408611","-79.94369","1915","11","0","0","0","0","0","1","0","0","","0","0","0","","","1","","2","","40 24:30.999","","0","79 56:37.283","3","0","0","0","2301","0","0","0","N","0","0","0","1","02301","0","","2.0","","1","","","N","0","","1","0","0","","0","","","1","1","1","0","0","0","0","2","0","1","","03","","N","","","","","","","","","",""
"2020024603","0003","0","0","0","0","0","0","0","0","0","1","0","","02","3","2020","2","40.454426","-79.982676","0000","11","0","0","0","0","0","0","0","0","","0","0","0","","","0","N","0","","40 27:15.935","6","0","79 58:57.632","0","0","0","0","2301","0","0","0","N","0","0","0","2","02301","0","","1.0","45.0","1","N","N","N","0","","0","0","2","","0","Y","","2","0","0","0","0","0","0","2","0","2","","03","","N","","","","","","","","","",""
"2020017867","1405","2","0","0","0","0","0","0","0","0","1","0","","02","2","2020","7","40.571819","-79.89333","1400","11","0","0","0","0","0","1","0","0","","0","0","0","","","2","","2","","40 34:18.547","","0","79 53:35.988","3","0","0","0","2209","0","0","0","N","0","0","0","5","02209","0","","1.0","","1","N","N","N","0","","2","0","0","","0","N","","2","2","0","0","0","0","0","1","0","2","","","","N","","","","","","","","","",""
"2020037946","1029","1","0","0","0","0","0","0","0","0","5","1","","02","5","2020","2","40.436463","-79.96232","1029","11","0","0","0","0","0","1","0","0","","0","1","0","","","0","","2","","40 26:11.266","","0","79 57:44.352","0","0","0","0","2301","0","0","0","N","0","0","0","2","02301","0","","1.0","","9","N","N","N","0","","0","0","0","","0","N","","2","0","0","0","0","0","0","2","0","2","","03","","N","","","","","","","","","",""
"2020024471","1643","2","0","0","0","0","0","0","0","0","4","0","","02","3","2020","1","40.438111","-79.985103","1625","11","0","0","0","0","0","1","0","0","","0","0","0","","","0","","2","","40 26:17.198","","0","79 59:06.371","0","0","0","0","2301","0","0","0","N","0","0","0","3","02301","0","","1.0","","1","N","N","N","0","","0","0","0","","3","","","2","0","1","0","0","0","0","2","0","2","","03","","N","","","","","","","","","",""
"2020024596","0030","2","0","0","0","0","0","0","0","0","4","0","","02","3","2020","2","40.447757","-80.020169","0026","11","0","0","0","0","0","0","0","0","","0","0","0","","","1","N","2","","40 26:51.926","","0","80 01:12.610","3","0","0","0","2301","0","0","0","N","0","0","0","3","02301","0","","1.0","","1","N","N","N","0","","1","0","0","","3","","","2","1","0","0","0","0","0","2","0","2","","03","","N","","","","","","","","","",""
"2020032039","1029","0","0","0","0","0","0","0","0","0","5","0","","02","4","2020","6","40.496349","-79.856945","1029","11","0","0","0","0","0","0","0","0","","0","0","0","","","0","N","0","","40 29:46.855","5","0","79 51:25.003","0","0","0","0","2408","0","0","0","N","0","0","0","1","02408","0","","1.0","1120.0","1","N","N","N","1","","0","0","1","","0","Y","","2","0","0","0","0","0","0","2","0","2","","04","","N","","","","","","","","","",""
"2020024334","2000","2","0","0","0","0","0","0","0","0","4","0","","02","3","2020","7","40.460576","-79.926422","1951","11","0","0","0","0","0","0","0","0","","0","0","0","","","0","","3","","40 27:38.073","","0","79 55:35.119","0","0","0","0","2301","0","0","0","N","0","0","0","4","02301","0","","1.0","","1","N","N","N","0","","0","0","0","","4","","","2","0","0","0","0","0","0","2","0","2","","03","","N","","","","","","","","","",""
"2020024118","1525","2","0","0","0","0","0","0","0","0","4","0","","02","2","2020","3","40.411015","-80.005934","1523","11","0","0","0","0","0","1","0","0","","0","0","0","","","0","N","2","","40 24:39.653","","0","80 00:21.363","0","0","0","0","2301","0","0","0","N","0","0","0","2","02301","0","","1.0","","9","N","N","N","0","","0","0","0","","0","N","","2","0","0","0","0","0","0","2","0","2","","07","","N","","","","","","","","","",""
"2020021563","2245","0","0","0","0","0","0","0","0","0","0","0","","02","2","2020","1","40.435787","-80.111249","2235","11","0","0","0","0","0","0","0","0","","0","0","0","","","1","N","0","","40 26:08.834","2","0","80 06:40.497","2","0","0","0","2115","0","0","0","N","0","0","0","1","68B03","0","","1.0","1200.0","1","N","N","N","0","","0","1","1","","0","N","","1","1","1","0","1","0","0","2","0","1","","","","N","","","","","","","","","",""
"2020011918","1600","0","0","0","0","0","0","0","0","0","4","1","","02","1","2020","4","40.428795","-80.106193","1600","11","0","0","0","0","1","0","0","0","","0","1","0","","","1","N","6","","40 25:43.663","","2","80 06:22.295","8","0","0","0","2115","0","0","0","N","0","0","0","2","68B03","0","","1.0","","1","N","N","N","0","","0","0","1","","0","","","2","1","0","0","0","1","0","2","0","2","","03","","N","","","","","","","","","",""
"2020033368","1720","2","0","0","0","0","0","0","0","0","2","0","","02","4","2020","6","40.36519","-80.018055","1719","11","0","0","0","0","0","0","0","0","","0","0","0","","","0","N","0","","40 21:54.683","1","0","80 01:04.998","0","0","0","0","2416","0","0","0","N","0","0","0","3","02416","0","","1.0","1726.0","1","N","N","N","0","","0","0","0","","0","N","","2","0","0","0","0","0","0","2","0","2","","03","","N","","","","","","","","","",""
"2020011118","1004","2","0","0","0","0","0","0","0","0","4","0","","02","1","2020","4","40.438028","-79.9933","0958","11","0","0","0","0","0","1","0","0","","0","0","0","","","1","","1","","40 26:16.901","3","0","79 59:35.879","8","0","0","0","2301","0","0","0","N","0","0","0","2","02301","0","","1.0","30.0","1","N","N","N","0","","0","0","0","","3","N","","2","1","0","0","0","1","0","2","0","2","","","","N","","","","","","","","","",""
"2020019467","1619","2","0","0","0","0","0","0","0","0","4","0","","02","2","2020","2","40.44401","-79.713578","1617","11","0","0","0","0","1","0","0","1","","0","0","0","","","0","N","0","","40 26:38.437","","0","79 42:48.880","0","0","0","0","2446","0","0","0","N","0","0","0","2","02446","0","","1.0","","1","N","N","N","0","","0","0","0","","0","N","","2","0","0","0","0","0","0","2","0","2","","03","","N","","","","","","","","","",""
"2020035816","0022","1","0","0","0","0","0","0","0","0","7","0","","02","5","2020","6","40.382474","-79.822377","0020","11","0","0","0","0","0","0","0","0","","0","0","0","","","0","N","0","","40 22:56.906","","0","79 49:20.556","0","0","0","0","2111","0","0","0","N","0","0","0","1","02111","0","","4.0","","1","N","N","N","0","","0","0","1","","0","","","2","0","1","0","0","0","0","2","0","2","","","","N","","","","","","","","","",""
"2020025872","0009","1","0","0","0","0","0","0","0","0","8","0","","02","3","2020","6","40.351889","-79.862192","0008","11","0","0","0","0","0","1","0","0","","0","0","0","","","1","N","1","","40 21:06.799","2","0","79 51:43.891","8","0","0","0","2304","2","0","0","N","2","0","0","3","02304","0","","1.0","25.0","9","N","N","N","0","","0","0","0","","2","N","","3","1","0","0","0","1","0","2","0","1","","07","","N","","","","","","","","","",""
"2020028539","0106","1","0","0","0","0","0","0","0","0","7","0","","02","3","2020","7","40.560407","-79.969973","0101","11","0","0","0","0","0","1","0","0","","0","0","0","","","0","N","0","","40 33:37.466","2","0","79 58:11.904","0","0","0","0","2207","0","0","0","N","0","0","0","1","02207","0","","5.0","130.0","1","N","N","N","0","","0","0","0","","0","N","","1","0","0","0","0","0","0","2","0","1","","03","","N","","","","","","","","","",""
"2020020447","1927","2","0","1","0","0","0","0","0","0","4","0","","02","2","2020","2","40.449381","-80.107469","1923","11","0","0","0","0","0","1","0","0","","0","0","0","","","1","N","1","","40 26:57.771","4","0","80 06:26.887","2","0","0","0","2115","0","0","0","N","0","0","0","2","02115","0","","1.0","1940.0","1","N","N","N","0","","0","1","0","","2","N","","2","1","0","0","0","0","0","2","0","2","","03","","N","","","","","","","","","",""
"2020019881","1400","1","0","0","0","0","0","0","0","0","4","0","","02","2","2020","7","40.415043","-80.00914","1348","11","0","0","0","1","0","0","0","0","","0","0","0","","","4","N","0","","40 24:54.155","","4","80 00:32.904","3","0","0","0","2301","0","0","0","N","0","0","0","7","02301","0","","1.0","","1","N","N","Y","0","","4","0","2","","0","","","3","4","0","0","0","0","0","2","0","3","","03","","N","","","","","","","","","",""
"2020021494","1500","2","0","0","0","0","0","0","0","0","4","0","","02","2","2020","3","40.388954","-80.042288","1455","11","0","1","0","0","0","1","0","0","","0","0","0","","","0","","1","","40 23:20.233","","0","80 02:32.236","0","0","0","0","2109","0","0","0","N","0","0","0","3","02109","0","","1.0","","9","N","N","N","0","","0","0","0","","2","","","2","0","0","0","0","0","0","2","0","2","","","","N","","","","","","","","","",""
"2020020089","2123","0","0","0","0","0","0","0","0","0","7","0","","02","2","2020","6","40.594035","-79.985975","2122","11","0","0","0","0","0","0","0","0","","0","0","0","","","0","N","0","","40 35:38.525","","0","79 59:09.511","9","0","0","0","2207","0","0","0","Y","0","0","0","1","02207","0","","4.0","","1","N","N","N","0","","0","0","1","","0","","","1","0","0","0","0","0","1","1","0","1","","","","N","","","","","","","","","",""
"2020027142","1019","1","0","0","0","0","0","0","0","0","7","0","","02","3","2020","3","40.493405","-79.975425","1015","11","0","0","0","0","0","0","0","0","","0","0","0","","","1","","3","","40 29:36.258","3","0","79 58:31.529","8","0","0","0","2445","0","0","0","N","0","0","0","1","02445","0","","5.0","1147.0","9","N","N","N","0","","0","0","0","","2","N","","1","1","0","0","0","1","0","2","0","1","","07","","N","","","","","","","","","",""
"2020023725","1552","2","0","0","0","0","0","0","0","0","1","0","","02","3","2020","5","40.430383","-79.710761","1545","11","0","0","0","0","0","0","1","0","","0","0","0","","","0","","1","","40 25:49.379","4","0","79 42:38.739","0","0","0","0","2446","0","0","0","N","0","0","0","2","02446","0","","1.0","1630.0","1","N","N","N","0","","0","0","0","","2","N","","2","0","0","0","0","0","0","2","0","2","","03","","N","","","","","","","","","",""
"2020017693","1658","2","0","0","0","0","0","0","0","0","4","0","","02","2","2020","4","40.378975","-79.806011","1658","11","0","0","0","0","0","0","0","0","","0","0","0","","","3","N","2","","40 22:44.310","3","0","79 48:21.640","3","0","0","0","2111","0","0","0","N","0","0","0","4","02111","0","","1.0","1730.0","1","N","N","N","0","","3","0","0","","0","N","","2","3","0","0","0","0","0","2","0","2","","03","","N","","","","","","","","","",""
"2020031285","1127","2","0","0","0","0","0","0","0","0","4","0","","02","4","2020","2","40.349683","-79.892843","1125","11","0","0","0","0","0","1","1","0","","0","0","0","","","1","","2","","40 20:58.857","4","0","79 53:34.234","8","0","0","0","2423","0","0","0","N","0","0","0","3","02304","0","","1.0","1210.0","1","N","N","N","0","","0","0","0","","3","Y","","2","1","0","0","0","1","0","2","0","2","","","","N","","","","","","","","","",""
"2020020453","0556","2","0","0","0","0","0","0","0","0","4","0","","02","2","2020","1","40.424686","-79.85932","0555","11","0","0","0","0","0","0","0","0","","0","0","0","","","2","","1","","40 25:28.868","3","0","79 51:33.553","8","0","0","0","2431","0","0","0","N","0","0","0","2","02431","0","","1.0","650.0","1","N","N","N","0","","0","0","0","","2","N","","2","2","0","0","0","2","0","2","0","2","","03","","N","","","","","","","","","",""
"2020012679","0533","3","0","0","0","0","0","0","0","0","6","0","","02","1","2020","6","40.471562","-79.891639","0523","11","0","0","0","0","0","0","0","0","","0","0","0","","","1","N","0","","40 28:17.623","6","0","79 53:29.901","3","0","0","0","2301","0","0","0","N","0","0","0","1","02301","0","","6.0","540.0","1","N","N","N","0","","1","0","0","","0","Y","","3","1","0","0","0","0","0","2","0","3","","","","N","","","","","","","","","",""
"2020019633","0345","1","0","0","0","0","0","0","0","0","7","0","","02","2","2020","7","40.470328","-80.077762","0343","11","0","0","0","0","0","0","0","0","","0","0","0","","","1","","2","","40 28:13.180","","0","80 04:39.943","3","0","0","0","2122","0","0","0","N","0","0","0","1","02122","0","","5.0","","1","N","N","N","0","","1","0","0","","0","","","1","1","0","0","0","0","0","2","0","1","","03","","N","","","","","","","","","",""
"2020019484","1643","0","0","0","0","0","0","0","0","0","1","0","","02","2","2020","6","40.466188","-79.826144","1631","11","0","0","0","0","0","1","0","0","","0","0","0","","","0","N","2","","40 27:58.276","4","0","79 49:34.119","0","0","0","0","2113","0","0","0","N","0","0","0","2","02113","0","","1.0","1700.0","1","N","N","N","0","","0","0","1","","0","N","","2","0","0","0","0","0","0","2","1","2","","","","N","","","","","","","","","",""
"2020023483","0123","1","0","0","0","0","0","0","0","0","7","0","","02","3","2020","5","40.465611","-79.799117","0119","11","0","0","0","0","0","0","0","0","","0","0","0","","","0","N","0","","40 27:56.201","","0","79 47:56.822","0","0","0","0","2113","0","0","0","N","0","0","0","1","02113","0","","4.0","","1","N","N","N","0","","0","0","0","","0","","","1","0","0","0","0","0","0","2","0","1","","03","","N","","","","","","","","","",""
"2020009506","0132","0","0","0","0","0","0","0","0","0","2","0","","02","1","2020","7","40.467537","-79.929854","0110","11","0","0","0","0","0","1","0","0","","0","0","0","","","0","N","0","","40 28:03.133","","0","79 55:47.474","0","0","0","0","2301","0","0","0","N","0","0","0","1","02301","0","","4.0","","9","N","N","N","0","","0","0","1","","0","","","1","0","0","0","0","0","0","2","0","1","","","","N","","","","","","","","","",""
"2020012135","0145","1","0","0","0","0","0","0","0","0","7","0","","02","1","2020","7","40.465951","-80.113187","0145","11","0","0","0","0","0","0","0","0","","0","0","0","","","0","","2","","40 27:57.423","","0","80 06:47.473","0","0","0","0","2115","0","0","0","N","0","0","0","1","02115","0","","5.0","","9","N","N","N","0","","0","0","0","","0","","","1","0","0","0","0","0","0","2","0","1","","","","N","","","","","","","","","",""
"2020020674","1709","0","0","0","0","0","0","0","0","0","7","1","","02","2","2020","3","40.538369","-80.200338","1702","11","0","0","0","0","0","0","0","0","","0","1","0","","","0","Y","0","","40 32:18.128","1","0","80 12:01.216","0","0","0","0","2213","0","0","0","N","0","0","0","1","02213","0","","3.0","1930.0","1","N","N","N","0","","0","0","0","","2","Y","","1","0","0","0","0","0","0","2","0","1","","","","N","","","","","","","","","",""
"2020006882","1529","1","0","0","0","0","0","0","0","0","98","0","","02","1","2020","7","40.457622","-79.826747","1528","11","0","0","0","0","0","1","0","0","","0","0","0","","","0","N","0","","40 27:27.438","5","0","79 49:36.288","0","0","0","0","2113","0","0","0","N","0","0","0","1","02113","0","","5.0","1600.0","6","N","N","N","0","","0","0","0","","0","N","","1","0","0","0","0","0","0","2","0","1","","06","","N","","","","","","","","","",""
"2020019382","0950","2","0","0","0","0","0","0","0","0","1","0","","02","2","2020","6","40.425765","-80.01976","0940","11","0","0","0","1","0","0","0","0","","0","0","0","","","0","","1","","40 25:32.754","5","0","80 01:11.135","0","0","0","0","2301","0","0","0","N","0","0","0","2","02301","0","","1.0","1010.0","1","N","N","N","0","","0","0","0","","2","Y","","2","0","0","0","0","0","0","2","0","2","","03","","N","","","","","","","","","",""
"2020025266","0940","3","0","0","0","0","0","0","0","0","1","0","","02","3","2020","4","40.352997","-80.105051","0936","11","0","0","0","0","0","1","0","1","","0","0","0","","","1","N","0","","40 21:10.790","6","0","80 06:18.185","3","0","0","0","2414","0","0","0","N","0","0","0","2","02414","0","","1.0","1030.0","1","N","N","N","0","","1","0","1","","0","N","","4","1","0","0","0","0","0","2","0","4","","","","N","","","","","","","","","",""
"2020019643","0730","1","0","0","0","0","0","0","0","0","7","0","","02","2","2020","7","40.498294","-79.8372","0725","11","0","0","0","0","0","0","0","0","","0","0","0","","","1","N","0","","40 29:53.859","3","0","79 50:13.921","3","0","0","0","2113","0","0","0","N","0","0","0","1","02113","0","","5.0","810.0","6","N","N","Y","0","","1","0","0","","0","N","","1","1","0","0","0","0","0","2","0","1","","","","N","","","","","","","","","",""
"2020017075","1107","0","0","0","0","0","0","0","0","0","8","1","","02","2","2020","5","40.440972","-80.072639","1104","11","0","0","0","0","0","0","0","0","","1","1","0","","","0","N","0","","40 26:27.500","2","7","80 04:21.500","1","0","0","0","2421","1","1","0","N","1","1","0","2","02421","0","2","1.0","1400.0","1","N","N","N","0","0","0","0","0","","0","N","","2","0","0","0","0","0","0","2","0","1","","98","","N","","","","","","","","","",""
"2020013840","1816","1","0","0","0","0","0","0","0","0","2","0","","02","2","2020","4","40.567176","-80.016471","1812","11","0","0","0","0","0","0","0","1","","0","0","0","","","2","","1","","40 34:01.833","5","0","80 00:59.294","3","0","0","0","2108","0","0","0","N","0","0","0","2","02108","0","","1.0","1850.0","1","N","N","N","0","","1","0","1","","2","N","","2","2","0","0","0","1","0","2","0","2","","03","","N","","","","","","","","","",""
"2020020078","1725","3","0","0","0","0","0","0","0","0","1","0","","02","2","2020","4","40.355063","-79.913106","1723","11","0","0","0","1","0","1","0","0","","0","0","0","","","0","N","0","","40 21:18.225","","0","79 54:47.181","0","0","0","0","2473","0","0","0","N","0","0","0","3","02473","0","","1.0","","1","N","N","N","0","","0","0","0","","0","","","3","0","1","0","0","0","0","2","0","3","","03","","N","","","","","","","","","",""
"2020011453","0734","1","0","0","0","0","0","0","0","0","1","0","","02","1","2020","5","40.627919","-80.023415","0729","11","0","2","0","0","0","0","1","0","","0","0","0","","","2","Y","0","","40 37:40.508","4","0","80 01:24.295","3","0","0","0","2216","0","0","0","N","0","0","0","3","02505","0","","1.0","810.0","9","N","N","N","0","","2","0","2","","2","N","","3","2","0","0","0","0","0","1","0","3","","","","N","","","","","","","","","",""