"CRN","ARRIVAL_TM","AUTOMOBILE_COUNT","BELTED_DEATH_COUNT","BELTED_SUSP_SERIOUS_INJ_COUNT","BICYCLE_COUNT","BICYCLE_DEATH_COUNT","BICYCLE_SUSP_SERIOUS_INJ_COUNT","BUS_COUNT","CHLDPAS_DEATH_COUNT","CHLDPAS_SUSP_SERIOUS_INJ_COUNT","COLLISION_TYPE","COMM_VEH_COUNT","CONS_ZONE_SPD_LIM","COUNTY","CRASH_MONTH","CRASH_YEAR","DAY_OF_WEEK","DEC_LATITUDE","DEC_LONGITUDE","DISPATCH_TM","DISTRICT","DRIVER_COUNT_16YR","DRIVER_COUNT_17YR","DRIVER_COUNT_18YR","DRIVER_COUNT_19YR","DRIVER_COUNT_20YR","DRIVER_COUNT_50_64YR","DRIVER_COUNT_65_74YR","DRIVER_COUNT_75PLUS","EST_HRS_CLOSED","FATAL_COUNT","HEAVY_TRUCK_COUNT","HORSE_BUGGY_COUNT","HOUR_OF_DAY","ILLUMINATION","INJURY_COUNT","INTERSECTION_RELATED","INTERSECT_TYPE","LANE_CLOSED","LATITUDE","LN_CLOSE_DIR","LOCATION_TYPE","LONGITUDE","MAX_SEVERITY_LEVEL","MCYCLE_DEATH_COUNT","MCYCLE_SUSP_SERIOUS_INJ_COUNT","MOTORCYCLE_COUNT","MUNICIPALITY","NONMOTR_COUNT","NONMOTR_DEATH_COUNT","NONMOTR_SUSP_SERIOUS_INJ_COUNT","NTFY_HIWY_MAINT","PED_COUNT","PED_DEATH_COUNT","PED_SUSP_SERIOUS_INJ_COUNT","PERSON_COUNT","POLICE_AGCY","POSSIBLE_INJ_COUNT","RDWY_SURF_TYPE_CD","RELATION_TO_ROAD","ROADWAY_CLEARED","ROAD_CONDITION","SCH_BUS_IND","SCH_ZONE_IND","SECONDARY_CRASH","SMALL_TRUCK_COUNT","SPEC_JURIS_CD","SUSP_MINOR_INJ_COUNT","SUSP_SERIOUS_INJ_COUNT","SUV_COUNT","TCD_FUNC_CD","TCD_TYPE","TFC_DETOUR_IND","TIME_OF_DAY","TOTAL_UNITS","TOT_INJ_COUNT","UNBELTED_OCC_COUNT","UNB_DEATH_COUNT","UNB_SUSP_SERIOUS_INJ_COUNT","UNK_INJ_DEG_COUNT","UNK_INJ_PER_COUNT","URBAN_RURAL","VAN_COUNT","VEHICLE_COUNT","WEATHER1","WEATHER2","WORKERS_PRES","WORK_ZONE_IND","WORK_ZONE_LOC","WORK_ZONE_TYPE","WZ_CLOSE_DETOUR","WZ_FLAGGER","WZ_LAW_OFFCR_IND","WZ_LN_CLOSURE","WZ_MOVING","WZ_OTHER","WZ_SHLDER_MDN","WZ_WORKERS_INJ_KILLED"
"2020013096","2125","1","0","0","0","0","0","0","0","0","4","0","","02","2","2020","2","40.330974","-79.843653","2123","11","0","0","0","0","0","0","1","1","","0","0","0","","","1","","1","","40 19:51.505","7","0","79 50:37.152","8","0","0","1","2304","0","0","0","N","0","0","0","2","02304","0","","1.0","2148.0","1","N","N","N","0","","0","0","0","","0","Y","","2","1","0","0","0","1","0","2","0","2","","03","","N","","","","","","","","","",""
"2020021053","0855","1","0","0","0","0","0","0","0","0","7","0","","02","2","2020","5","40.526393","-80.209203","0853","11","0","0","0","0","0","1","0","0","","0","0","0","","","1","N","0","","40 31:35.016","1","0","80 12:33.130","8","0","0","0","2213","0","0","0","N","0","0","0","1","02213","0","","4.0","923.0","1","N","N","N","0","","0","0","0","","0","N","","1","1","0","0","0","1","0","2","0","1","","03","","N","","","","","","","","","",""
"2020023241","1255","1","0","1","0","0","0","0","0","0","4","0","","02","3","2020","4","40.432372","-79.864851","1254","11","0","0","0","0","0","1","0","0","","0","0","0","","","1","","1","","40 25:56.539","4","0","79 51:53.464","2","0","0","0","2431","0","0","0","N","0","0","0","2","02431","0","","1.0","1321.0","1","N","N","N","1","","0","1","0","","2","N","","2","1","0","0","0","0","0","2","0","2","","","","N","","","","","","","","","",""
"2020021230","1848","0","0","0","0","0","0","0","0","0","7","0","","02","2","2020","4","40.481529","-79.876118","1840","11","0","0","0","0","0","0","0","0","","0","0","0","","","0","N","1","","40 28:53.504","","0","79 52:34.025","0","0","0","0","2113","0","0","0","N","0","0","0","1","02113","0","","5.0","","9","N","N","N","0","","0","0","1","","0","","","1","0","0","0","0","0","0","2","0","1","","","","N","","","","","","","","","",""
"2020018646","0734","0","0","0","0","0","0","0","0","0","4","0","","02","2","2020","4","40.439997","-80.084005","0723","11","0","0","0","0","0","0","0","0","","0","0","0","","","0","N","2","","40 26:23.988","","0","80 05:02.418","0","0","0","0","2115","0","0","0","N","0","0","0","2","02115","0","","1.0","","1","N","N","N","1","","0","0","1","","3","N","","2","0","0","0","0","0","0","2","0","2","","03","","N","","","","","","","","","",""
"2020016737","0909","0","0","0","0","0","0","1","0","0","4","1","","02","2","2020","5","40.372984","-80.099265","0857","11","0","0","0","0","0","1","0","0","","0","0","0","","","0","N","2","","40 22:22.744","","2","80 05:57.354","0","0","0","0","2102","0","0","0","N","0","0","0","2","02503","0","","1.0","","9","Y","N","N","1","","0","0","0","","2","","","2","0","1","0","0","0","0","2","0","2","","04","","N","","","","","","","","","",""
"2020014267","1856","1","0","0","0","0","0","0","0","0","7","0","","02","2","2020","5","40.426711","-80.021848","1850","11","0","0","0","0","0","0","0","1","","0","0","0","","","0","N","0","","40 25:36.158","","0","80 01:18.652","0","0","0","0","2301","0","0","0","N","0","0","0","2","02301","0","","1.0","","1","N","N","N","0","","0","0","0","","0","","","1","0","0","0","0","0","0","2","0","1","","03","","N","","","","","","","","","",""
"2020002409","2019","2","0","0","0","0","0","0","0","0","1","0","","02","1","2020","3","40.387775","-80.090599","2017","11","0","0","0","0","0","1","0","0","","0","0","0","","","0","N","2","","40 23:15.991","","0","80 05:26.155","0","0","0","0","2437","0","0","0","N","0","0","0","4","02437","0","","1.0","","1","N","N","N","1","","0","0","0","","2","","","3","0","1","0","0","0","0","2","0","3","","","","N","","","","","","","","","",""
"2020032156","1217","2","0","1","0","0","0","0","0","0","2","0","","02","4","2020","6","40.457318","-79.909073","1200","11","0","0","0","0","0","2","0","0","","0","0","0","","","2","N","1","","40 27:26.345","2","0","79 54:32.662","2","0","0","0","2301","0","0","0","N","0","0","0","2","02301","0","","1.0","1245.0","1","N","N","N","0","","1","1","0","","2","N","","2","2","0","0","0","0","0","2","0","2","","","","N","","","","","","","","","",""
"2020030365","1843","1","0","0","0","0","0","0","0","0","7","0","","02","3","2020","3","40.622489","-80.09658","1843","11","0","0","0","0","0","0","0","0","","0","0","0","","","0","N","0","","40 37:20.962","","0","80 05:47.688","0","0","0","0","2212","0","0","0","Y","0","0","0","1","68B03","0","","3.0","","1","N","N","N","0","","0","0","0","","0","","","1","0","0","0","0","0","0","2","0","1","","","","N","","","","","","","","","",""
"2020023157","2107","0","0","0","0","0","0","0","0","0","8","0","","02","3","2020","3","40.40196","-80.088505","2104","11","0","0","0","0","0","0","1","0","","0","0","0","","","1","","2","","40 24:07.055","","0","80 05:18.618","4","0","0","0","2117","1","0","0","N","1","0","0","2","02117","1","","1.0","","9","","","N","0","","0","0","1","","8","","","2","1","0","0","0","0","0","2","0","1","","","","N","","","","","","","","","",""
"2020027873","1846","2","0","0","0","0","0","0","0","0","1","0","","02","2","2020","3","40.365847","-79.776831","1843","11","0","0","0","0","0","1","0","0","","0","0","0","","","0","N","0","","40 21:57.049","","0","79 46:36.593","0","0","0","0","2111","0","0","0","N","0","0","0","3","02111","0","","1.0","","9","N","N","N","0","","0","0","0","","0","","","2","0","0","0","0","0","0","2","0","2","","07","","N","","","","","","","","","",""
"2020012534","1657","1","0","0","1","0","0","0","0","0","8","0","","02","2","2020","1","40.436428","-79.908847","1650","11","0","0","0","0","0","1","0","0","","0","0","0","","","1","N","0","","40 26:11.141","","0","79 54:31.850","3","0","0","0","2301","1","0","0","N","0","0","0","2","02301","0","","1.0","","1","N","N","N","0","","1","0","0","","0","","","2","1","0","0","0","0","0","2","0","1","","03","","N","","","","","","","","","",""
"2020037333","1236","2","0","0","0","0","0","0","0","0","2","0","","02","5","2020","6","40.354844","-79.840824","1234","11","0","0","0","0","0","2","0","0","","0","0","0","","","2","N","2","","40 21:17.439","6","0","79 50:26.967","8","0","0","0","2304","0","0","0","N","0","0","0","5","02304","0","","1.0","1250.0","9","N","N","N","0","","0","0","0","","0","Y","","2","2","0","0","0","2","0","2","0","2","","07","","N","","","","","","","","","",""
"2020020958","0125","1","0","0","0","0","0","0","0","0","7","0","","02","2","2020","1","40.374761","-80.094756","0120","11","0","0","0","0","0","0","0","0","","0","0","0","","","0","N","3","","40 22:29.139","7","0","80 05:41.122","0","0","0","0","2117","0","0","0","N","0","0","0","2","02117","0","","4.0","150.0","1","N","N","N","0","","0","0","0","","0","Y","","1","0","0","0","0","0","0","2","0","1","","","","N","","","","","","","","","",""
"2020013182","0730","1","0","0","0","0","0","0","0","0","1","0","","02","2","2020","3","40.487678","-79.939225","0713","11","0","0","0","0","0","0","0","0","","0","0","0","","","0","N","0","","40 29:15.642","","0","79 56:21.210","0","0","0","0","2301","0","0","0","N","0","0","0","3","02301","0","","1.0","","9","N","N","N","1","","0","0","0","","0","","","2","0","0","0","0","0","0","2","0","2","","","","N","","","","","","","","","",""
"2020013531","1912","0","0","0","0","0","0","0","0","0","2","0","","02","2","2020","3","40.403427","-80.058224","1908","11","0","0","0","0","0","0","0","0","","0","0","0","","","1","N","2","","40 24:12.338","","0","80 03:29.607","4","0","0","0","2117","0","0","0","N","0","0","0","2","02117","1","","1.0","","9","N","N","N","0","","0","0","2","","2","N","","2","1","0","0","0","0","0","2","0","2","","","","N","","","","","","","","","",""
"2020032033","0932","1","0","0","0","0","0","0","0","0","4","0","","02","4","2020","6","40.395726","-80.086728","0930","11","0","0","0","0","0","1","1","0","","0","0","0","","","0","","1","","40 23:44.614","7","0","80 05:12.221","0","0","0","0","2117","0","0","0","N","0","0","0","2","02117","0","","1.0","950.0","1","N","N","N","0","","0","0","1","","2","N","","2","0","0","0","0","0","0","2","0","2","","","","N","","","","","","","","","",""
"2020031836","1816","2","0","0","0","0","0","0","0","0","4","0","","02","4","2020","4","40.456922","-79.894133","1816","11","0","0","1","0","0","1","0","0","","0","0","0","","","1","N","1","","40 27:24.919","","0","79 53:38.878","3","0","0","0","2301","0","0","0","N","0","0","0","2","02301","0","","1.0","","1","N","N","N","0","","1","0","0","","3","","","2","1","0","0","0","0","0","2","0","2","","03","","N","","","","","","","","","",""
"2020002246","1339","0","0","0","0","0","0","0","0","0","3","0","","02","1","2020","3","40.578467","-80.111953","1325","11","0","0","0","0","0","0","0","0","","0","0","0","","","0","N","0","","40 34:42.481","","7","80 06:43.031","0","0","0","0","2481","0","0","0","N","0","0","0","1","02481","0","","1.0","","1","N","N","N","0","","0","0","1","","0","","","2","0","0","0","0","0","0","2","1","2","","","","N","","","","","","","","","",""
"2020012965","1724","1","0","0","0","0","0","0","0","0","4","0","","02","1","2020","6","40.545912","-79.962239","1720","11","0","0","0","0","0","0","0","0","","0","0","0","","","0","N","0","","40 32:45.284","2","0","79 57:44.059","0","0","0","0","2118","0","0","0","N","0","0","0","2","02118","0","","1.0","1750.0","1","N","N","N","1","","0","0","0","","0","N","","2","0","0","0","0","0","0","2","0","2","","07","","N","","","","","","","","","",""
"2020013836","1815","1","0","0","0","0","0","0","0","0","7","0","","02","2","2020","4","40.421903","-80.029709","1805","11","0","0","0","0","0","0","0","0","","0","0","0","","","0","N","0","","40 25:18.851","","0","80 01:46.954","0","0","0","0","2301","0","0","0","N","0","0","0","1","02301","0","","1.0","","9","N","N","N","0","","0","0","0","","0","","","1","0","0","0","0","0","0","2","0","1","","","","N","","","","","","","","","",""
"2020030001","2117","1","0","0","0","0","0","0","0","0","7","0","","02","3","2020","7","40.357625","-79.861227","2114","11","0","0","0","0","0","0","0","0","","0","0","0","","","1","N","0","","40 21:27.450","5","0","79 51:40.417","3","0","0","0","2473","0","0","0","N","0","0","0","2","02473","0","","1.0","2300.0","9","N","N","N","1","","1","0","0","","0","Y","","2","1","0","0","0","0","0","2","0","2","","","","N","","","","","","","","","",""
"2020030266","1703","1","0","0","0","0","0","0","0","0","7","0","","02","3","2020","5","40.641877","-79.921738","1657","11","0","0","0","0","0","0","0","0","","0","0","0","","","0","N","0","","40 38:30.758","5","0","79 55:18.256","0","0","0","0","2220","0","0","0","N","0","0","0","1","02220","0","","2.0","1838.0","1","N","N","N","0","","0","0","0","","0","Y","","1","0","0","0","0","0","0","1","0","1","","","","N","","","","","","","","","",""
"2020032839","1502","1","0","0","0","0","0","0","0","0","2","0","","02","4","2020","1","40.324386","-79.888415","1459","11","0","0","0","0","0","0","0","0","","0","0","0","","","0","N","1","","40 19:27.788","5","0","79 53:18.293","0","0","0","0","2433","0","0","0","N","0","0","0","4","02433","0","","1.0","1515.0","1","N","N","N","1","","0","0","0","","0","Y","","2","0","0","0","0","0","0","2","0","2","","","","N","","","","","","","","","",""
"2020013796","1450","2","0","0","0","0","0","0","0","0","1","0","","02","2","2020","4","40.554441","-80.038596","1440","11","0","0","1","0","0","0","0","1","","0","0","0","","","0","","2","","40 33:15.986","2","0","80 02:18.945","0","0","0","0","2108","0","0","0","N","0","0","0","2","02108","0","","1.0","1522.0","1","Y","N","N","0","","0","0","0","","8","N","","2","0","0","0","0","0","0","2","0","2","","","","N","","","","","","","","","",""
"2020013336","1240","0","0","0","0","0","0","0","0","0","6","0","","02","2","2020","3","40.481923","-79.827645","1236","11","0","0","0","0","0","0","0","0","","0","0","0","","","1","N","0","","40 28:54.922","","0","79 49:39.521","3","0","0","0","2113","0","0","0","N","0","0","0","3","02113","0","","1.0","","1","N","N","N","1","","1","0","0","","0","","","2","1","0","0","0","0","1","2","1","2","","03","","N","","","","","","","","","",""
"2020011670","1858","1","0","0","0","0","0","0","0","0","4","0","","02","1","2020","5","40.428279","-79.980596","1858","11","0","0","1","0","1","0","0","0","","0","0","0","","","0","","1","","40 25:41.805","2","0","79 58:50.146","0","0","0","0","2301","0","0","0","N","0","0","0","2","02301","0","","1.0","1925.0","1","N","N","N","0","","0","0","1","","0","N","","2","0","0","0","0","0","0","2","0","2","","03","","N","","","","","","","","","",""
"2020032583","0955","1","0","0","0","0","0","0","0","0","7","0","","02","4","2020","5","40.43009","-79.883002","0943","11","0","0","0","0","0","1","0","0","","0","0","0","","","1","N","0","","40 25:48.323","","0","79 52:58.806","3","0","0","0","2426","0","0","0","N","0","0","0","1","68B03","0","","5.0","","9","N","N","N","0","","1","0","0","","0","","","1","1","0","0","0","0","0","2","0","1","","","","N","","","","","","","","","",""
"2020012028","1330","2","0","0","0","0","0","0","0","0","1","0","","02","1","2020","2","40.427904","-79.720161","1318","11","0","0","0","0","0","2","0","0","","0","0","0","","","0","Y","0","","40 25:40.455","4","0","79 43:12.579","0","0","0","0","2446","0","0","0","N","0","0","0","3","02446","0","","1.0","1355.0","1","","","N","0","","0","0","0","","0","N","","2","0","0","0","0","0","0","2","0","2","","03","","N","","","","","","","","","",""
"2020033236","1043","1","0","0","0","0","0","0","0","0","7","0","","02","4","2020","6","40.511802","-79.947955","1041","11","0","0","0","0","0","1","0","0","","0","0","0","","","1","N","0","","40 30:42.486","2","0","79 56:52.638","8","0","0","0","2118","0","0","0","N","0","0","0","1","02118","0","","4.0","1105.0","1","N","N","N","0","","0","0","0","","0","Y","","1","1","0","0","0","1","0","2","0","1","","03","","N","","","","","","","","","",""
"2020033369","1533","2","0","0","0","0","0","0","0","0","4","0","","02","4","2020","7","40.36456","-80.021012","1530","11","0","0","0","0","0","1","0","0","","0","0","0","","","1","N","0","","40 21:52.417","","6","80 01:15.644","3","0","0","0","2416","0","0","0","N","0","0","0","2","02416","0","","1.0","","1","N","N","N","0","","1","0","0","","0","","","2","1","0","0","0","0","0","2","0","2","","03","","N","","","","","","","","","",""
"2020025732","1744","1","0","0","0","0","0","0","0","0","4","0","","02","3","2020","2","40.647777","-79.847398","1740","11","0","0","0","0","0","0","0","0","","0","0","0","","","0","N","0","","40 38:51.997","","0","79 50:50.633","0","0","0","0","2220","0","0","0","N","0","0","0","4","02220","0","","1.0","","1","N","N","N","1","","0","0","0","","0","","","2","0","0","0","0","0","0","1","0","2","","03","","N","","","","","","","","","",""
"2020029597","0538","2","0","0","0","0","0","0","0","0","2","0","","02","3","2020","3","40.438869","-79.760496","0536","11","0","0","0","0","0","1","1","0","","0","0","0","","","1","N","1","","40 26:19.929","3","0","79 45:37.786","8","0","0","0","2446","0","0","0","N","0","0","0","2","02446","0","","1.0","610.0","1","N","N","N","0","","0","0","0","","2","N","","2","1","0","0","0","1","0","2","0","2","","","","N","","","","","","","","","",""
"2020012417","1610","0","0","0","0","0","0","0","0","0","1","0","","02","1","2020","6","40.540102","-80.025137","1600","11","0","0","1","0","0","0","0","0","","0","0","0","","","0","N","2","","40 32:24.367","","0","80 01:30.493","0","0","0","0","2116","0","0","0","N","0","0","0","3","02116","0","","1.0","","9","N","N","Y","0","","0","0","2","","3","","","3","0","0","0","0","0","0","2","0","2","","07","","N","","","","","","","","","",""
"2020028851","1225","1","0","0","0","0","0","0","0","0","1","0","","02","3","2020","2","40.445065","-79.705366","1215","11","0","0","0","0","0","0","1","0","","0","0","0","","","1","Y","0","","40 26:42.233","","0","79 42:19.319","8","0","0","0","2466","0","0","0","N","0","0","0","3","02466","0","","1.0","","9","N","N","N","0","","0","0","1","","0","","","2","1","0","0","0","1","0","2","0","2","","07","","N","","","","","","","","","",""
"2020013678","0227","0","0","0","0","0","0","0","0","0","2","0","","02","2","2020","7","40.366348","-80.025886","0227","11","0","0","0","0","0","1","0","0","","0","0","0","","","1","","2","","40 21:58.851","4","0","80 01:33.191","8","0","0","0","2416","0","0","0","N","0","0","0","2","02416","0","","1.0","100.0","9","N","N","N","1","","0","0","1","","0","Y","","2","1","1","0","0","1","0","2","0","2","","07","","N","","","","","","","","","",""
"2020032299","1030","2","0","0","0","0","0","0","0","0","2","0","","02","4","2020","1","40.296819","-79.82975","1026","11","0","0","0","0","0","0","0","0","","0","0","0","","","1","N","2","","40 17:48.550","2","0","79 49:47.101","3","0","0","0","2105","0","0","0","N","0","0","0","2","02105","0","","1.0","1119.0","1","N","N","N","0","","1","0","0","","0","N","","2","1","0","0","0","0","0","1","0","2","","03","","N","","","","","","","","","",""
"2020026682","0442","1","0","0","0","0","0","0","0","0","7","0","","02","3","2020","7","40.393222","-79.807333","0442","11","0","0","0","0","0","0","0","0","","0","0","0","","","0","N","0","","40 23:35.600","","0","79 48:26.400","0","0","0","0","2479","0","0","0","N","0","0","0","1","02501","0","","5.0","","1","N","N","N","0","","0","0","0","","0","N","","1","0","0","0","0","0","0","2","0","1","","03","","N","","","","","","","","","",""
"2020011425","0549","1","0","0","0","0","0","0","0","0","4","0","","02","1","2020","2","40.309772","-79.914992","0547","11","0","0","0","0","0","1","0","0","","0","0","0","","","0","","3","","40 18:35.179","6","0","79 54:53.971","0","0","0","0","2440","0","0","0","N","0","0","0","2","02440","0","","1.0","646.0","1","N","N","N","1","","0","0","0","","3","Y","","2","0","0","0","0","0","0","2","0","2","","03","","N","","","","","","","","","",""
"2020011853","1025","2","0","0","0","0","0","0","0","0","4","0","","02","1","2020","6","40.425793","-80.041536","1021","11","0","0","0","0","0","0","0","0","","0","0","0","","","0","N","2","","40 25:32.856","1","0","80 02:29.529","0","0","0","0","2435","0","0","0","N","0","0","0","4","02435","0","","1.0","1100.0","1","N","N","N","0","","0","0","0","","2","N","","2","0","0","0","0","0","0","2","0","2","","","","N","","","","","","","","","",""
"2020011437","1212","1","0","0","0","0","0","1","0","0","5","1","","02","1","2020","4","40.435426","-79.993352","1206","11","0","0","1","0","0","1","0","0","","0","0","0","","","0","N","0","","40 26:07.535","3","0","79 59:36.068","0","0","0","0","2301","0","0","0","N","0","0","0","2","02503","0","","1.0","1250.0","1","N","N","N","0","","0","0","0","","0","N","","2","0","0","0","0","0","0","2","0","2","","","","N","","","","","","","","","",""
"2020032652","0212","1","0","0","0","0","0","0","0","0","7","0","","02","4","2020","1","40.442508","-80.024027","0150","11","0","0","0","0","0","0","0","0","","1","0","0","","","0","N","0","","40 26:33.028","6","0","80 01:26.498","1","0","0","0","2301","0","0","0","N","0","0","0","1","02301","0","2","4.0","445.0","1","N","N","N","0","0","0","0","0","","0","Y","","1","0","1","1","0","0","0","2","0","1","","","","N","","","","","","","","","",""
"2020032151","1215","0","0","0","0","0","0","0","0","0","7","0","","02","4","2020","6","40.463944","-79.912194","1207","11","0","0","0","0","0","0","0","0","","0","0","0","","","1","N","0","","40 27:50.200","","0","79 54:43.900","3","0","0","0","2301","0","0","0","N","0","0","0","2","02301","0","","5.0","","1","N","N","N","0","","1","0","1","","0","N","","1","1","0","0","0","0","1","2","0","1","","","","N","","","","","","","","","",""
"2020012852","1408","0","0","0","0","0","0","0","0","0","7","0","","02","2","2020","2","40.457496","-79.856921","1405","11","0","0","0","0","0","0","0","0","","0","0","0","","","2","N","0","","40 27:26.986","4","0","79 51:24.915","8","0","0","0","2113","0","0","0","N","0","0","0","2","02113","0","","2.0","1500.0","1","N","N","N","0","","0","0","0","","0","N","","1","2","0","0","0","2","0","2","1","1","","","","N","","","","","","","","","",""
"2020031835","1927","2","0","0","0","0","0","0","0","0","1","0","","02","4","2020","4","40.466659","-79.83285","1927","11","0","0","0","0","0","1","0","0","","0","0","0","","","0","","1","","40 27:59.971","3","0","79 49:58.260","0","0","0","0","2113","0","0","0","N","0","0","0","2","02113","0","","1.0","2000.0","1","N","N","N","0","","0","0","0","","0","N","","2","0","0","0","0","0","0","2","0","2","","03","","N","","","","","","","","","",""
"2020012728","0835","0","0","0","0","0","0","0","0","0","4","0","","02","2","2020","1","40.426574","-79.794104","0827","11","0","0","0","0","0","0","1","0","","0","0","0","","","0","","1","","40 25:35.665","","0","79 47:38.774","0","0","0","0","2446","0","0","0","N","0","0","0","2","02446","0","","1.0","","7","N","N","N","0","","0","0","2","","3","","","2","0","0","0","0","0","0","2","0","2","","10","","N","","","","","","","","","",""
"2020012368","1252","1","0","0","0","0","0","0","0","0","4","0","","02","1","2020","6","40.426981","-79.938373","1237","11","0","0","0","0","0","0","0","0","","0","0","0","","","0","N","0","","40 25:37.131","","6","79 56:18.144","0","0","0","0","2301","0","0","0","N","0","0","0","2","02301","0","","1.0","","9","N","N","N","0","","0","0","1","","0","N","","2","0","0","0","0","0","0","2","0","2","","98","","N","","","","","","","","","",""
"2020012954","2043","2","0","0","0","0","0","0","0","0","2","0","","02","1","2020","2","40.62528","-79.994956","2035","11","0","0","0","0","0","1","0","0","","0","0","0","","","0","","2","","40 37:31.008","","0","79 59:41.841","0","0","0","0","2216","0","0","0","N","0","0","0","1","02505","0","","1.0","","1","N","N","N","0","","0","0","0","","3","","","2","0","0","0","0","0","0","2","0","2","","98","","N","","","","","","","","","",""
"2020032362","1748","1","0","0","0","0","0","0","0","0","4","0","","02","4","2020","1","40.464186","-79.963924","1741","11","0","0","0","0","0","1","0","0","","0","0","0","","","0","","2","","40 27:51.070","1","0","79 57:50.127","0","0","0","0","2301","0","0","0","N","0","0","0","3","02301","0","","1.0","1823.0","1","N","N","N","0","","0","0","1","","3","N","","2","0","0","0","0","0","0","2","0","2","","03","","N","","","","","","","","","",""
"2020038941","0542","1","0","0","0","0","0","0","0","0","7","0","","02","5","2020","4","40.550293","-79.818858","0518","11","0","0","0","0","0","0","0","0","","0","0","0","","","0","N","0","","40 33:01.056","","0","79 49:07.889","9","0","0","0","2208","0","0","0","N","0","0","0","1","68D02","0","","4.0","","8","N","N","N","0","","0","0","0","","0","","","1","0","0","0","0","0","1","2","0","1","","07","","N","","","","","","","","","",""
"2020026443","0225","3","0","0","0","0","0","0","0","0","4","0","","02","3","2020","1","40.430026","-79.988636","0222","11","0","0","0","0","0","0","0","0","","0","0","0","","","0","","1","","40 25:48.094","1","0","79 59:19.088","0","0","0","0","2301","0","0","0","N","0","0","0","3","02301","0","","1.0","250.0","9","N","N","N","0","","0","0","0","","2","Y","","3","0","0","0","0","0","0","2","0","3","","07","","N","","","","","","","","","",""
"2020031321","1555","0","0","0","0","0","0","0","0","0","7","1","","02","4","2020","4","40.298633","-79.920153","1553","11","0","0","0","0","0","0","0","0","","0","1","0","","","0","N","0","","40 17:55.079","5","0","79 55:12.552","0","0","0","0","2440","0","0","0","Y","0","0","0","0","02440","0","","5.0","1100.0","1","N","N","N","0","","0","0","0","","0","Y","","1","0","0","0","0","0","0","2","0","1","","03","","N","","","","","","","","","",""
"2020030893","2120","1","0","0","0","0","0","0","0","0","4","0","","02","4","2020","5","40.408677","-80.024766","2115","11","0","0","0","0","0","0","0","0","","0","0","0","","","0","N","1","","40 24:31.237","","0","80 01:29.157","0","0","0","0","2301","0","0","0","N","0","0","0","2","02503","0","","1.0","","1","N","N","N","0","","0","0","0","","3","","","2","0","1","0","0","0","0","2","0","2","","03","","N","","","","","","","","","",""
"2020033064","1640","2","0","0","0","0","0","0","0","0","4","0","","02","4","2020","4","40.568232","-79.966848","1635","11","0","0","0","0","0","1","0","0","","0","0","0","","","1","N","2","","40 34:05.636","1","0","79 58:00.653","3","0","0","0","2207","0","0","0","N","0","0","0","2","02207","0","","1.0","1709.0","1","N","N","N","0","","1","0","0","","0","N","","2","1","0","0","0","0","0","2","0","2","","","","N","","","","","","","","","",""
"2020012420","0825","1","0","0","0","0","0","0","0","0","7","0","","02","2","2020","1","40.440283","-79.77481","0822","11","0","0","0","0","0","0","0","0","","0","0","0","","","0","N","0","","40 26:25.019","","0","79 46:29.316","0","0","0","0","2446","0","0","0","N","0","0","0","1","02446","0","","5.0","","2","N","N","N","0","","0","0","0","","0","","","1","0","0","0","0","0","0","2","0","1","","","","N","","","","","","","","","",""
"2020031972","1804","1","0","0","0","0","0","0","0","0","4","0","","02","4","2020","5","40.461313","-79.934164","1758","11","0","0","0","0","0","0","2","0","","0","0","0","","","1","","1","","40 27:40.726","4","0","79 56:02.990","4","0","0","0","2301","0","0","0","N","0","0","0","3","02301","1","","1.0","1845.0","9","N","N","N","0","","0","0","1","","3","N","","2","1","0","0","0","0","0","2","0","2","","04","","N","","","","","","","","","",""
"2020013585","0036","1","0","0","0","0","0","0","0","0","7","0","","02","1","2020","6","40.565805","-80.211088","0032","11","0","0","0","0","0","0","0","0","","0","0","0","","","1","N","2","","40 33:56.899","1","0","80 12:39.917","4","0","0","0","2441","0","0","0","N","0","0","0","1","02441","1","","2.0","107.0","1","N","N","N","0","","0","0","0","","0","N","","1","1","0","0","0","0","0","2","0","1","","","","N","","","","","","","","","",""
"2020007749","1300","0","0","0","0","0","0","1","0","0","8","1","","02","1","2020","7","40.442235","-79.957883","1238","11","0","0","0","0","0","0","0","0","","1","0","0","","","0","","1","","40 26:32.047","1","0","79 57:28.377","1","0","0","0","2301","1","1","0","Y","1","1","0","2","02301","0","2","1.0","1414.0","9","N","N","N","0","0","0","0","0","","2","Y","","2","0","0","0","0","0","0","2","0","1","","","","N","","","","","","","","","",""
"2020031544","1619","2","0","0","0","0","0","0","0","0","4","0","","02","4","2020","6","40.346654","-79.95143","1619","11","0","0","0","0","0","2","0","0","","0","0","0","","","1","N","0","","40 20:47.955","","7","79 57:05.148","3","0","0","0","2473","0","0","0","N","0","0","0","2","02473","0","","6.0","","1","N","N","N","0","","1","0","0","","0","","","2","1","0","0","0","0","0","2","0","2","","03","","N","","","","","","","","","",""