"CRN","ARRIVAL_TM","AUTOMOBILE_COUNT","BELTED_DEATH_COUNT","BELTED_SUSP_SERIOUS_INJ_COUNT","BICYCLE_COUNT","BICYCLE_DEATH_COUNT","BICYCLE_SUSP_SERIOUS_INJ_COUNT","BUS_COUNT","CHLDPAS_DEATH_COUNT","CHLDPAS_SUSP_SERIOUS_INJ_COUNT","COLLISION_TYPE","COMM_VEH_COUNT","CONS_ZONE_SPD_LIM","COUNTY","CRASH_MONTH","CRASH_YEAR","DAY_OF_WEEK","DEC_LATITUDE","DEC_LONGITUDE","DISPATCH_TM","DISTRICT","DRIVER_COUNT_16YR","DRIVER_COUNT_17YR","DRIVER_COUNT_18YR","DRIVER_COUNT_19YR","DRIVER_COUNT_20YR","DRIVER_COUNT_50_64YR","DRIVER_COUNT_65_74YR","DRIVER_COUNT_75PLUS","EST_HRS_CLOSED","FATAL_COUNT","HEAVY_TRUCK_COUNT","HORSE_BUGGY_COUNT","HOUR_OF_DAY","ILLUMINATION","INJURY_COUNT","INTERSECTION_RELATED","INTERSECT_TYPE","LANE_CLOSED","LATITUDE","LN_CLOSE_DIR","LOCATION_TYPE","LONGITUDE","MAX_SEVERITY_LEVEL","MCYCLE_DEATH_COUNT","MCYCLE_SUSP_SERIOUS_INJ_COUNT","MOTORCYCLE_COUNT","MUNICIPALITY","NONMOTR_COUNT","NONMOTR_DEATH_COUNT","NONMOTR_SUSP_SERIOUS_INJ_COUNT","NTFY_HIWY_MAINT","PED_COUNT","PED_DEATH_COUNT","PED_SUSP_SERIOUS_INJ_COUNT","PERSON_COUNT","POLICE_AGCY","POSSIBLE_INJ_COUNT","RDWY_SURF_TYPE_CD","RELATION_TO_ROAD","ROADWAY_CLEARED","ROAD_CONDITION","SCH_BUS_IND","SCH_ZONE_IND","SECONDARY_CRASH","SMALL_TRUCK_COUNT","SPEC_JURIS_CD","SUSP_MINOR_INJ_COUNT","SUSP_SERIOUS_INJ_COUNT","SUV_COUNT","TCD_FUNC_CD","TCD_TYPE","TFC_DETOUR_IND","TIME_OF_DAY","TOTAL_UNITS","TOT_INJ_COUNT","UNBELTED_OCC_COUNT","UNB_DEATH_COUNT","UNB_SUSP_SERIOUS_INJ_COUNT","UNK_INJ_DEG_COUNT","UNK_INJ_PER_COUNT","URBAN_RURAL","VAN_COUNT","VEHICLE_COUNT","WEATHER1","WEATHER2","WORKERS_PRES","WORK_ZONE_IND","WORK_ZONE_LOC","WORK_ZONE_TYPE","WZ_CLOSE_DETOUR","WZ_FLAGGER","WZ_LAW_OFFCR_IND","WZ_LN_CLOSURE","WZ_MOVING","WZ_OTHER","WZ_SHLDER_MDN","WZ_WORKERS_INJ_KILLED"
"2020015795","0618","0","0","0","0","0","0","0","0","0","7","0","","02","2","2020","2","40.384484","-79.984355","0608","11","0","0","0","0","0","1","0","0","","0","0","0","","","0","N","2","","40 23:04.144","","0","79 59:03.678","0","0","0","0","2301","0","0","0","N","0","0","0","1","02301","0","","5.0","","9","N","N","N","0","","0","0","1","","0","","","1","0","0","0","0","0","0","2","0","1","","","","N","","","","","","","","","",""
"2020030054","1746","1","0","0","0","0","0","0","0","0","7","0","","02","3","2020","1","40.46877","-79.927544","1743","11","0","0","0","0","0","0","0","0","","0","0","0","","","1","N","2","","40 28:07.571","1","0","79 55:39.158","3","0","0","0","2301","0","0","0","N","0","0","0","1","02301","0","","5.0","2000.0","1","N","N","N","0","","1","0","0","","2","Y","","1","1","0","0","0","0","0","2","0","1","","03","","N","","","","","","","","","",""
"2020032858","1654","1","0","0","0","0","0","0","0","0","7","0","","02","4","2020","5","40.337601","-80.126234","1650","11","0","0","0","0","0","0","1","0","","0","0","0","","","0","N","0","","40 20:15.365","","0","80 07:34.444","0","0","0","0","2119","0","0","0","N","0","0","0","1","02119","0","","2.0","","1","N","N","N","0","","0","0","0","","0","","","1","0","0","0","0","0","0","2","0","1","","03","","N","","","","","","","","","",""
"2020017315","1830","2","0","0","0","0","0","0","0","0","1","0","","02","2","2020","2","40.438816","-79.752979","1823","11","0","0","0","1","0","1","0","0","","0","0","0","","","0","N","1","","40 26:19.739","","0","79 45:10.725","0","0","0","0","2446","0","0","0","N","0","0","0","3","02446","0","","1.0","","9","N","N","N","0","","0","0","0","","2","N","","2","0","0","0","0","0","0","2","0","2","","","","N","","","","","","","","","",""
"2020016512","0631","0","0","0","0","0","0","0","0","0","7","1","","02","2","2020","2","40.556439","-79.819364","0625","11","0","0","0","0","0","1","0","0","","0","1","0","","","0","","1","","40 33:23.179","6","0","79 49:09.711","0","0","0","0","2208","0","0","0","Y","0","0","0","1","02208","0","","1.0","1900.0","9","N","N","N","0","","0","0","0","","0","Y","","1","0","0","0","0","0","0","2","0","1","","07","","N","","","","","","","","","",""
"2020017071","1153","2","0","0","0","0","0","0","0","0","1","0","","02","2","2020","6","40.421863","-80.049071","1147","11","0","0","0","0","0","0","0","1","","0","0","0","","","1","N","0","","40 25:18.707","3","0","80 02:56.657","3","0","0","0","2435","0","0","0","N","0","0","0","2","02435","0","","1.0","1154.0","1","N","N","N","0","","1","0","0","","0","N","","2","1","0","0","0","0","0","2","0","2","","","","N","","","","","","","","","",""
"2020033691","0945","1","0","0","0","0","0","0","0","0","4","0","","02","4","2020","2","40.455652","-79.966042","0940","11","0","0","1","0","0","1","0","0","","0","0","0","","","0","","1","","40 27:20.347","3","0","79 57:57.750","0","0","0","0","2301","0","0","0","N","0","0","0","4","02301","0","","1.0","1010.0","1","N","N","N","0","","0","0","1","","2","N","","2","0","0","0","0","0","0","2","0","2","","03","","N","","","","","","","","","",""
"2020033771","1713","1","0","0","0","0","0","0","0","0","2","0","","02","4","2020","2","40.459068","-80.006774","1707","11","0","0","0","0","0","0","0","0","","0","0","0","","","1","N","3","","40 27:32.644","","0","80 00:24.386","3","0","0","0","2301","0","0","0","N","0","0","0","4","02301","0","","1.0","","1","N","N","N","1","","1","0","0","","0","","","2","1","0","0","0","0","0","2","0","2","","","","N","","","","","","","","","",""
"2020033681","1345","1","0","0","0","0","0","0","0","0","7","0","","02","4","2020","1","40.44436","-79.9734","1337","11","0","0","0","0","0","0","0","0","","0","0","0","","","0","N","2","","40 26:39.697","","0","79 58:24.240","0","0","0","0","2301","0","0","0","N","0","0","0","1","02301","0","","5.0","","1","","","Y","0","","0","0","0","","0","","","1","0","0","0","0","0","0","2","0","1","","03","","N","","","","","","","","","",""
"2020033088","1425","1","0","0","0","0","0","0","0","0","1","0","","02","4","2020","4","40.397022","-79.763358","1419","11","0","0","0","0","0","1","0","0","","0","0","0","","","0","N","0","","40 23:49.280","","0","79 45:48.090","0","0","0","0","2446","0","0","0","N","0","0","0","3","02446","0","","1.0","","1","N","N","N","1","","0","0","0","","0","","","2","0","0","0","0","0","0","2","0","2","","03","","N","","","","","","","","","",""
"2020014323","1955","1","0","0","0","0","0","0","0","0","7","0","","02","2","2020","5","40.486191","-80.022836","1943","11","0","0","0","0","0","0","0","0","","0","0","0","","","0","N","0","","40 29:10.289","","0","80 01:22.211","0","0","0","0","2301","0","0","0","N","0","0","0","1","02301","0","","4.0","","9","N","N","N","0","","0","0","0","","0","N","","1","0","0","0","0","0","0","2","0","1","","05","","N","","","","","","","","","",""
"2020019037","0733","1","0","0","0","0","0","0","0","0","7","0","","02","2","2020","6","40.339289","-79.786576","0730","11","0","0","0","0","0","0","0","0","","0","0","0","","","0","","2","","40 20:21.442","","0","79 47:11.674","0","0","0","0","2477","0","0","0","N","0","0","0","1","02477","0","","2.0","","2","N","N","N","0","","0","0","0","","0","","","1","0","0","0","0","0","0","2","0","1","","","","N","","","","","","","","","",""
"2020014982","1354","0","0","0","0","0","0","0","0","0","8","0","","02","2","2020","7","40.459767","-79.968769","1351","11","0","0","0","0","0","0","0","0","","0","0","0","","","1","","11","","40 27:35.162","1","0","79 58:07.570","3","0","0","0","2301","1","0","0","N","1","0","0","4","02301","0","","1.0","1415.0","1","N","N","N","0","","1","0","1","","3","N","","2","1","0","0","0","0","0","2","0","1","","","","N","","","","","","","","","",""
"2020015733","2019","1","0","0","0","0","0","0","0","0","7","0","","02","2","2020","2","40.485784","-79.947028","2015","11","0","0","0","0","0","0","0","0","","0","0","0","","","0","N","2","","40 29:08.822","","7","79 56:49.300","0","0","0","0","2301","0","0","0","N","0","0","0","1","02301","0","","2.0","","9","N","N","N","0","","0","0","0","","0","","","1","0","0","0","0","0","0","2","0","1","","07","","N","","","","","","","","","",""
"2020033895","0057","1","0","0","0","0","0","0","0","0","7","0","","02","4","2020","1","40.451716","-79.884735","0032","11","0","0","0","0","0","0","0","0","","1","0","0","","","0","","2","","40 27:06.179","7","0","79 53:05.046","1","0","0","0","2301","0","0","0","N","0","0","0","1","02301","0","2","4.0","305.0","1","N","N","N","0","0","0","0","0","","3","Y","","1","0","0","0","0","0","0","2","0","1","","","","N","","","","","","","","","",""
"2020001244","1816","1","0","0","0","0","0","0","0","0","2","0","","02","1","2020","7","40.343943","-79.798758","1813","11","0","0","0","0","0","1","0","0","","0","0","0","","","1","","2","","40 20:38.193","1","0","79 47:55.529","3","0","0","0","2477","0","0","0","N","0","0","0","4","02477","0","","1.0","1830.0","9","N","N","N","1","","1","0","0","","0","Y","","2","1","3","0","0","0","0","2","0","2","","","","N","","","","","","","","","",""
"2020015403","0229","1","0","0","0","0","0","0","0","0","7","0","","02","2","2020","1","40.439997","-80.084005","0223","11","0","0","0","0","0","0","0","0","","0","0","0","","","1","N","1","","40 26:23.988","","0","80 05:02.418","8","0","0","0","2115","0","0","0","N","0","0","0","1","02115","0","","4.0","","9","N","N","N","0","","0","0","0","","0","","","1","1","0","0","0","1","0","2","0","1","","","","N","","","","","","","","","",""
"2020034481","2116","2","0","0","0","0","0","0","0","0","4","0","","02","4","2020","5","40.478622","-79.944479","2109","11","0","0","0","1","0","0","0","0","","0","0","0","","","0","N","0","","40 28:43.038","","0","79 56:40.123","0","0","0","0","2301","0","0","0","N","0","0","0","2","02301","0","","1.0","","9","N","N","N","0","","0","0","0","","0","","","3","0","0","0","0","0","0","2","0","2","","03","","N","","","","","","","","","",""
"2020014978","1932","1","0","0","0","0","0","0","0","0","7","0","","02","2","2020","5","40.444364","-80.207635","1928","11","0","0","0","0","0","1","0","0","","0","0","0","","","0","N","0","","40 26:39.711","3","0","80 12:27.486","0","0","0","0","2214","0","0","0","N","0","0","0","1","02214","0","","5.0","2005.0","9","N","N","N","0","","0","0","0","","0","N","","1","0","0","0","0","0","0","2","0","1","","04","","N","","","","","","","","","",""
"2020034548","1336","2","0","0","0","0","0","0","0","0","6","0","","02","4","2020","2","40.452745","-79.866565","1335","11","0","0","0","0","0","0","0","0","","0","0","0","","","1","","2","","40 27:09.881","","0","79 51:59.635","4","0","0","0","2301","0","0","0","N","0","0","0","3","02301","1","","1.0","","1","N","N","N","0","","0","0","0","","3","","","2","1","0","0","0","0","1","2","0","2","","03","","N","","","","","","","","","",""
"2020036174","1140","0","0","0","0","0","0","0","0","0","4","0","","02","5","2020","1","40.456421","-79.891913","1136","11","0","0","0","0","0","0","0","0","","0","0","0","","","1","N","1","","40 27:23.115","3","0","79 53:30.886","3","0","0","0","2301","0","0","0","N","0","0","0","2","02301","0","","1.0","1200.0","1","N","N","N","0","","1","0","2","","2","Y","","2","1","0","0","0","0","0","2","0","2","","03","","N","","","","","","","","","",""
"2020012571","1557","2","0","0","0","0","0","0","0","0","2","0","","02","2","2020","1","40.452884","-79.712488","1547","11","0","0","0","1","0","0","0","1","","0","0","0","","","2","N","0","","40 27:10.381","4","0","79 42:44.956","8","0","0","0","2466","0","0","0","N","0","0","0","2","02466","0","","2.0","1623.0","1","N","N","N","0","","0","0","0","","0","Y","","2","2","0","0","0","2","0","2","0","2","","","","N","","","","","","","","","",""
"2020015660","1820","0","0","0","0","0","0","0","0","0","4","0","","02","2","2020","2","40.486634","-79.889741","1825","11","0","0","0","0","0","1","0","0","","0","0","0","","","0","N","0","","40 29:11.882","","6","79 53:23.067","0","0","0","0","2301","0","0","0","N","0","0","0","2","02301","0","","1.0","","9","N","N","N","0","","0","0","2","","0","N","","2","0","0","0","0","0","0","2","0","2","","07","","N","","","","","","","","","",""
"2020016635","1904","2","0","0","0","0","0","0","0","0","2","0","","02","2","2020","4","40.454686","-79.880718","1855","11","0","0","0","0","0","1","0","0","","0","0","0","","","1","N","1","","40 27:16.869","","0","79 52:50.583","3","0","0","0","2301","0","0","0","N","0","0","0","3","02301","0","","1.0","","9","N","N","Y","0","","1","0","0","","2","","","2","1","0","0","0","0","0","2","0","2","","","","N","","","","","","","","","",""
"2020032459","1127","2","0","0","0","0","0","0","0","0","1","0","","02","4","2020","7","40.523773","-79.832708","1125","11","0","0","0","0","0","0","0","0","","0","0","0","","","1","N","0","","40 31:25.582","","0","79 49:57.750","4","0","0","0","2451","0","0","0","N","0","0","0","2","02451","1","","1.0","","1","N","N","N","0","","0","0","0","","0","","","2","1","0","0","0","0","0","2","0","2","","","","N","","","","","","","","","",""
"2020034236","1122","1","0","0","0","0","0","0","0","0","4","0","","02","4","2020","4","40.59949","-79.947397","1120","11","0","0","0","0","0","1","0","0","","0","0","0","","","0","","2","","40 35:58.163","1","0","79 56:50.630","0","0","0","0","2207","0","0","0","N","0","0","0","2","02207","0","","1.0","1148.0","1","N","N","N","0","","0","0","0","","2","Y","","2","0","0","0","0","0","0","2","1","2","","","","N","","","","","","","","","",""
"2020033429","1730","2","0","0","0","0","0","0","0","0","4","0","","02","4","2020","3","40.45876","-79.928976","1715","11","0","0","0","0","0","1","0","0","","0","0","0","","","0","N","1","","40 27:31.535","","0","79 55:44.313","0","0","0","0","2301","0","0","0","N","0","0","0","3","02301","0","","1.0","","1","N","N","N","0","","0","0","0","","2","","","2","0","0","0","0","0","0","2","0","2","","","","N","","","","","","","","","",""
"2020035253","1157","1","0","0","0","0","0","0","0","0","4","0","","02","4","2020","4","40.411386","-79.99041","1154","11","0","0","0","0","1","0","0","0","","0","0","0","","","0","","1","","40 24:40.989","7","0","79 59:25.475","0","0","0","0","2301","0","0","0","N","0","0","0","4","02301","0","","1.0","1245.0","1","N","N","N","0","","0","0","1","","3","Y","","2","0","0","0","0","0","0","2","0","2","","","","N","","","","","","","","","",""
"2020001573","0317","1","0","0","0","0","0","0","0","0","6","1","","02","1","2020","2","40.400524","-79.784658","0315","11","0","0","0","0","0","0","1","0","","0","0","0","","","0","N","0","","40 24:01.887","3","0","79 47:04.767","0","0","0","0","2453","0","0","0","Y","0","0","0","2","02453","0","","1.0","347.0","1","N","N","N","1","","0","0","0","","0","N","","2","0","0","0","0","0","0","2","0","2","","","","N","","","","","","","","","",""
"2020016311","1315","0","0","0","0","0","0","0","0","0","7","0","","02","2","2020","3","40.536049","-79.963611","1311","11","0","0","0","0","0","0","0","1","","0","0","0","","","0","N","0","","40 32:09.776","","0","79 57:48.998","0","0","0","0","2118","0","0","0","Y","0","0","0","1","02118","0","","2.0","","1","N","N","N","0","","0","0","1","","0","","","1","0","0","0","0","0","0","2","0","1","","","","N","","","","","","","","","",""
"2020034892","1741","1","0","0","0","0","0","0","0","0","0","0","","02","4","2020","1","40.443219","-80.028699","1736","11","0","0","0","0","0","0","0","0","","0","0","0","","","0","N","5","","40 26:35.588","2","1","80 01:43.318","0","0","0","0","2301","0","0","0","N","0","0","0","1","02301","0","","1.0","1815.0","9","N","N","N","0","","0","0","0","","3","N","","1","0","0","0","0","0","0","2","0","1","","07","","N","","","","","","","","","",""
"2020016670","1322","0","0","0","0","0","0","0","0","0","4","0","","02","2","2020","3","40.437628","-79.770069","1320","11","0","0","0","0","0","1","0","0","","0","0","0","","","0","N","0","","40 26:15.462","","7","79 46:12.249","0","0","0","0","2446","0","0","0","N","0","0","0","2","02446","0","","1.0","","9","N","N","N","0","","0","0","1","","0","N","","2","0","0","0","0","0","0","2","1","2","","","","N","","","","","","","","","",""
"2020011069","0927","0","0","0","0","0","0","0","0","0","7","0","","02","1","2020","4","40.410322","-80.011192","0923","11","0","0","0","0","0","0","0","0","","0","0","0","","","0","N","0","","40 24:37.159","3","0","80 00:40.291","0","0","0","0","2301","0","0","0","N","0","0","0","1","02301","0","","4.0","20.0","1","N","N","N","0","","0","0","1","","0","N","","1","0","0","0","0","0","0","2","0","1","","","","N","","","","","","","","","",""
"2020034335","0752","0","0","0","0","0","0","0","0","0","7","1","","02","4","2020","5","40.400553","-79.816886","0745","11","0","0","0","0","0","0","1","0","","0","1","0","","","0","","1","","40 24:01.990","","0","79 49:00.789","0","0","0","0","2479","0","0","0","N","0","0","0","1","02501","0","","2.0","","1","N","N","N","0","","0","0","0","","3","","","1","0","0","0","0","0","0","2","0","1","","","","N","","","","","","","","","",""
"2020016762","1124","1","0","0","0","0","0","0","0","0","7","0","","02","2","2020","5","40.425224","-80.280679","1122","11","0","0","0","0","0","0","0","0","","0","0","0","","","0","N","0","","40 25:30.807","4","0","80 16:50.445","0","0","0","0","2214","0","0","0","N","0","0","0","1","02214","0","","5.0","1223.0","9","N","N","N","0","","0","0","0","","0","N","","1","0","0","0","0","0","0","1","0","1","","04","","N","","","","","","","","","",""
"2020034805","0756","2","0","0","0","0","0","0","0","0","4","0","","02","4","2020","1","40.424677","-79.859302","0754","11","0","0","0","0","0","0","1","0","","0","0","0","","","1","","1","","40 25:28.836","4","0","79 51:33.488","3","0","0","0","2431","0","0","0","N","0","0","0","2","02431","0","","1.0","1005.0","9","N","N","N","0","","1","0","0","","2","N","","2","1","0","0","0","0","0","2","0","2","","","","N","","","","","","","","","",""
"2020016411","1106","1","0","0","0","0","0","0","0","0","1","0","","02","2","2020","2","40.428618","-79.92934","1102","11","0","0","0","0","0","0","0","0","","0","0","0","","","1","N","0","","40 25:43.023","3","4","79 55:45.623","3","0","0","0","2301","0","0","0","N","0","0","0","4","68B03","0","","1.0","1106.0","1","N","N","N","0","","1","0","1","","0","N","","2","1","0","0","0","0","1","2","0","2","","","","N","","","","","","","","","",""
"2020015659","1816","1","0","0","0","0","0","0","0","0","4","0","","02","2","2020","2","40.489351","-79.820068","1811","11","0","0","0","0","0","1","1","0","","0","0","0","","","0","N","1","","40 29:21.662","","0","79 49:12.244","9","0","0","0","2113","0","0","0","N","0","0","0","2","02113","0","","1.0","","9","N","N","N","0","","0","0","1","","3","","","2","0","0","0","0","0","1","2","0","2","","","","N","","","","","","","","","",""
"2020035221","2150","2","0","0","0","0","0","0","0","0","7","0","","02","4","2020","2","40.466877","-79.98041","2138","11","0","0","0","0","0","0","0","0","","0","0","0","","","1","N","0","","40 28:00.758","5","0","79 58:49.476","3","0","0","0","2301","0","0","0","N","0","0","0","1","02301","0","","1.0","2230.0","1","N","N","N","0","","1","0","0","","0","Y","","2","1","0","0","0","0","0","2","0","2","","","","N","","","","","","","","","",""
"2020037211","1759","1","0","0","0","0","0","0","0","0","7","0","","02","5","2020","5","40.658278","-79.882139","1744","11","0","0","0","0","0","0","0","0","","0","0","0","","","0","N","0","","40 39:29.801","","0","79 52:55.700","0","0","0","0","2220","0","0","0","N","0","0","0","1","02220","0","","5.0","","1","N","N","N","0","","0","0","0","","0","N","","1","0","0","0","0","0","0","1","0","1","","","","N","","","","","","","","","",""
"2020001161","1927","1","0","0","0","0","0","0","0","0","7","0","","02","1","2020","6","40.324862","-79.791444","1925","11","0","0","0","0","0","0","0","0","","0","0","0","","","0","N","0","","40 19:29.503","6","0","79 47:29.197","0","0","0","0","2477","0","0","0","N","0","0","0","1","02477","0","","4.0","1945.0","9","N","N","N","0","","0","0","0","","0","Y","","1","0","0","0","0","0","0","2","0","1","","","","N","","","","","","","","","",""
"2020015612","1203","1","0","0","0","0","0","0","0","0","4","1","","02","2","2020","1","40.388391","-80.042939","1158","11","0","0","0","0","0","1","0","0","","0","1","0","","","1","","2","","40 23:18.206","1","0","80 02:34.581","3","0","0","0","2109","0","0","0","N","0","0","0","3","02109","0","","1.0","1233.0","1","N","N","N","0","","1","0","0","","2","Y","","2","1","0","0","0","0","0","2","0","2","","03","","N","","","","","","","","","",""
"2020034585","1302","2","0","0","0","0","0","0","0","0","5","0","","02","4","2020","6","40.338866","-80.065977","1300","11","0","0","0","0","0","0","1","0","","0","0","0","","","1","N","1","","40 20:19.919","2","0","80 03:57.518","3","0","0","0","2123","0","0","0","Y","0","0","0","2","02123","0","","1.0","1400.0","9","N","N","N","0","","1","0","0","","2","N","","2","1","0","0","0","0","0","2","0","2","","","","N","","","","","","","","","",""
"2020034862","1507","1","0","0","0","0","0","0","0","0","7","0","","02","4","2020","1","40.243373","-79.871628","1505","11","0","0","0","0","0","0","0","0","","0","0","0","","","0","N","0","","40 14:36.141","2","0","79 52:17.859","0","0","0","0","2204","0","0","0","N","0","0","0","1","02204","0","","5.0","1600.0","9","N","N","N","0","","0","0","0","","0","N","","1","0","0","0","0","0","0","1","0","1","","","","N","","","","","","","","","",""
"2020033089","0711","0","0","0","0","0","0","0","0","0","7","1","","02","4","2020","5","40.454029","-79.912399","0709","11","0","0","0","0","0","0","1","0","","0","1","0","","","1","","1","","40 27:14.504","4","0","79 54:44.638","8","0","0","0","2301","0","0","0","N","0","0","0","2","02301","0","","5.0","900.0","1","N","N","N","0","","0","0","0","","2","N","","1","1","0","0","0","1","0","2","0","1","","03","","N","","","","","","","","","",""
"2020015847","0725","0","0","0","0","0","0","0","0","0","7","0","","02","2","2020","3","40.541639","-79.896625","0720","11","1","0","0","0","0","0","0","0","","0","0","0","","","0","","2","","40 32:29.900","2","0","79 53:47.850","0","0","0","0","2432","0","0","0","N","0","0","0","1","02432","0","","2.0","815.0","9","N","N","N","0","","0","0","1","","0","N","","1","0","0","0","0","0","0","2","0","1","","04","","N","","","","","","","","","",""
"2020015211","0806","0","0","0","0","0","0","0","0","0","7","0","","02","2","2020","5","40.431845","-79.959178","0755","11","0","0","0","0","0","0","0","0","","0","0","0","","","0","N","7","","40 25:54.643","4","2","79 57:33.040","0","0","0","0","2301","0","0","0","Y","0","0","0","1","68B03","0","","4.0","900.0","9","N","N","N","0","","0","0","1","","0","N","","1","0","0","0","0","0","0","2","0","1","","","","N","","","","","","","","","",""
"2020015142","0954","1","0","0","0","0","0","0","0","0","4","0","","02","2","2020","1","40.34227","-79.837894","0954","11","0","0","0","0","0","0","1","0","","0","0","0","","","1","N","1","","40 20:32.171","","0","79 50:16.418","4","0","0","0","2304","0","0","0","N","0","0","0","4","02304","1","","1.0","","1","N","N","N","0","","0","0","1","","3","","","2","1","0","0","0","0","0","2","0","2","","03","","N","","","","","","","","","",""
"2020035892","1320","1","0","0","0","0","0","0","0","0","7","0","","02","4","2020","1","40.591863","-80.096436","1312","11","0","0","0","0","1","0","0","0","","0","0","0","","","0","N","0","","40 35:30.708","","0","80 05:47.168","0","0","0","0","2481","0","0","0","N","0","0","0","1","68B03","0","","4.0","","9","N","N","N","0","","0","0","0","","0","","","1","0","0","0","0","0","0","2","0","1","","","","N","","","","","","","","","",""
"2020033824","2258","1","0","0","0","0","0","0","0","0","4","0","","02","4","2020","1","40.442045","-80.159113","2251","11","0","0","0","0","0","0","0","0","","0","0","0","","","0","N","0","","40 26:31.361","3","0","80 09:32.808","0","0","0","0","2115","0","0","0","N","0","0","0","1","68B03","0","","2.0","2305.0","9","N","N","N","0","","0","0","0","","0","N","","1","0","0","0","0","0","0","2","0","1","","","","N","","","","","","","","","",""
"2020034904","1852","2","0","0","0","0","0","0","0","0","2","0","","02","4","2020","1","40.478036","-79.841186","1846","11","0","0","0","0","0","0","0","0","","0","0","0","","","1","N","0","","40 28:40.928","3","0","79 50:28.270","4","0","0","0","2113","0","0","0","N","0","0","0","1","02113","1","","2.0","1921.0","9","N","N","Y","0","","0","0","0","","0","N","","2","1","0","0","0","0","0","2","0","2","","04","","N","","","","","","","","","",""
"2020037008","2020","0","0","0","0","0","0","0","0","0","7","0","","02","5","2020","4","40.419741","-79.933721","2008","11","0","0","0","0","0","0","0","0","","0","0","0","","","0","N","3","","40 25:11.067","","0","79 56:01.395","0","0","0","0","2301","0","0","0","N","0","0","0","1","02301","0","","4.0","","1","N","N","N","1","","0","0","0","","0","","","1","0","1","0","0","0","0","2","0","1","","","","N","","","","","","","","","",""
"2020033026","1959","2","0","0","0","0","0","0","0","0","4","0","","02","4","2020","4","40.336058","-80.074583","1956","11","0","0","0","0","0","0","1","0","","0","0","0","","","0","N","2","","40 20:09.809","","0","80 04:28.497","0","0","0","0","2123","0","0","0","N","0","0","0","2","02123","0","","1.0","","1","N","N","N","0","","0","0","0","","0","","","2","0","0","0","0","0","0","2","0","2","","04","","N","","","","","","","","","",""
"2020033994","1630","1","0","0","0","0","0","0","0","0","5","1","","02","1","2020","2","40.514131","-80.152954","1628","11","0","0","0","0","0","2","0","0","","0","1","0","","","0","N","0","","40 30:50.872","","0","80 09:10.633","0","0","0","0","2420","0","0","0","N","0","0","0","2","02420","0","","1.0","","9","N","N","N","0","","0","0","0","","0","","","2","0","0","0","0","0","0","2","0","2","","","","N","","","","","","","","","",""
"2020035770","2137","0","0","0","0","0","0","0","0","0","98","0","","02","4","2020","2","40.442608","-79.786041","2130","11","0","0","0","0","0","1","0","0","","0","0","0","","","0","N","0","","40 26:33.387","","0","79 47:09.749","0","0","0","0","2446","0","0","0","N","0","0","0","1","68B03","0","","1.0","","1","N","N","N","1","","0","0","0","","0","","","1","0","0","0","0","0","0","2","0","1","","03","","N","","","","","","","","","",""
"2020034953","0102","1","0","0","0","0","0","0","0","0","7","0","","02","4","2020","1","40.387132","-80.002258","0049","11","0","0","0","0","0","0","0","0","","0","0","0","","","1","N","0","","40 23:13.676","","0","80 00:08.128","4","0","0","0","2301","0","0","0","N","0","0","0","1","02301","1","","5.0","","1","N","N","N","0","","0","0","0","","0","","","1","1","1","0","0","0","0","2","0","1","","","","N","","","","","","","","","",""
"2020034317","1920","3","0","0","0","0","0","0","0","0","4","0","","02","3","2020","7","40.392286","-80.04699","1917","11","0","0","0","1","0","0","0","0","","0","0","0","","","1","","1","","40 23:32.229","","0","80 02:49.163","3","0","0","0","2109","0","0","0","N","0","0","0","3","02109","0","","1.0","","9","N","N","N","0","","1","0","0","","3","","","3","1","0","0","0","0","0","2","0","3","","","","N","","","","","","","","","",""
"2020032127","1512","2","0","0","0","0","0","0","0","0","1","0","","02","4","2020","6","40.528606","-80.053019","1458","11","0","0","0","0","0","0","0","0","","0","0","0","","","0","N","0","","40 31:42.982","","0","80 03:10.867","0","0","0","0","2116","0","0","0","N","0","0","0","1","02116","0","","2.0","","1","N","N","N","0","","0","0","0","","0","","","2","0","0","0","0","0","0","2","0","2","","03","","N","","","","","","","","","",""
"2020034237","1855","2","0","0","0","0","0","0","0","0","4","0","","02","4","2020","4","40.422618","-79.924349","1845","11","0","0","0","0","0","2","0","0","","0","0","0","","","0","N","0","","40 25:21.424","","0","79 55:27.657","0","0","0","0","2301","0","0","0","N","0","0","0","2","02301","0","","1.0","","1","N","N","N","0","","0","0","0","","0","","","2","0","0","0","0","0","0","2","0","2","","03","","N","","","","","","","","","",""
"2020036386","1811","0","0","0","0","0","0","0","0","0","2","0","","02","4","2020","3","40.362291","-79.826111","1809","11","0","0","1","0","0","0","0","0","","0","0","0","","","0","N","1","","40 21:44.246","2","0","79 49:33.998","0","0","0","0","2111","0","0","0","N","0","0","0","2","02111","0","","1.0","1840.0","1","N","N","N","2","","0","0","0","","2","Y","","2","0","0","0","0","0","0","2","0","2","","04","","N","","","","","","","","","",""