"CRN","ARRIVAL_TM","AUTOMOBILE_COUNT","BELTED_DEATH_COUNT","BELTED_SUSP_SERIOUS_INJ_COUNT","BICYCLE_COUNT","BICYCLE_DEATH_COUNT","BICYCLE_SUSP_SERIOUS_INJ_COUNT","BUS_COUNT","CHLDPAS_DEATH_COUNT","CHLDPAS_SUSP_SERIOUS_INJ_COUNT","COLLISION_TYPE","COMM_VEH_COUNT","CONS_ZONE_SPD_LIM","COUNTY","CRASH_MONTH","CRASH_YEAR","DAY_OF_WEEK","DEC_LATITUDE","DEC_LONGITUDE","DISPATCH_TM","DISTRICT","DRIVER_COUNT_16YR","DRIVER_COUNT_17YR","DRIVER_COUNT_18YR","DRIVER_COUNT_19YR","DRIVER_COUNT_20YR","DRIVER_COUNT_50_64YR","DRIVER_COUNT_65_74YR","DRIVER_COUNT_75PLUS","EST_HRS_CLOSED","FATAL_COUNT","HEAVY_TRUCK_COUNT","HORSE_BUGGY_COUNT","HOUR_OF_DAY","ILLUMINATION","INJURY_COUNT","INTERSECTION_RELATED","INTERSECT_TYPE","LANE_CLOSED","LATITUDE","LN_CLOSE_DIR","LOCATION_TYPE","LONGITUDE","MAX_SEVERITY_LEVEL","MCYCLE_DEATH_COUNT","MCYCLE_SUSP_SERIOUS_INJ_COUNT","MOTORCYCLE_COUNT","MUNICIPALITY","NONMOTR_COUNT","NONMOTR_DEATH_COUNT","NONMOTR_SUSP_SERIOUS_INJ_COUNT","NTFY_HIWY_MAINT","PED_COUNT","PED_DEATH_COUNT","PED_SUSP_SERIOUS_INJ_COUNT","PERSON_COUNT","POLICE_AGCY","POSSIBLE_INJ_COUNT","RDWY_SURF_TYPE_CD","RELATION_TO_ROAD","ROADWAY_CLEARED","ROAD_CONDITION","SCH_BUS_IND","SCH_ZONE_IND","SECONDARY_CRASH","SMALL_TRUCK_COUNT","SPEC_JURIS_CD","SUSP_MINOR_INJ_COUNT","SUSP_SERIOUS_INJ_COUNT","SUV_COUNT","TCD_FUNC_CD","TCD_TYPE","TFC_DETOUR_IND","TIME_OF_DAY","TOTAL_UNITS","TOT_INJ_COUNT","UNBELTED_OCC_COUNT","UNB_DEATH_COUNT","UNB_SUSP_SERIOUS_INJ_COUNT","UNK_INJ_DEG_COUNT","UNK_INJ_PER_COUNT","URBAN_RURAL","VAN_COUNT","VEHICLE_COUNT","WEATHER1","WEATHER2","WORKERS_PRES","WORK_ZONE_IND","WORK_ZONE_LOC","WORK_ZONE_TYPE","WZ_CLOSE_DETOUR","WZ_FLAGGER","WZ_LAW_OFFCR_IND","WZ_LN_CLOSURE","WZ_MOVING","WZ_OTHER","WZ_SHLDER_MDN","WZ_WORKERS_INJ_KILLED"
"2020082479","1324","1","0","0","0","0","0","0","0","0","0","0","","02","10","2020","5","40.389148","-80.184025","1318","11","0","0","0","0","0","0","0","1","","0","0","0","","","1","Y","0","","40 23:20.933","5","0","80 11:02.490","8","0","0","1","2119","0","0","0","Y","0","0","0","2","02119","0","","1.0","1347.0","1","N","N","N","0","","0","0","0","","0","Y","","2","1","0","0","0","1","0","1","0","2","","03","","N","","","","","","","","","",""
"2020087670","1035","1","0","0","0","0","0","0","0","0","7","0","","02","10","2020","2","40.448706","-79.983799","1027","11","0","0","0","1","0","0","0","0","","0","0","0","","","0","N","0","","40 26:55.341","4","0","79 59:01.675","0","0","0","0","2301","0","0","0","Y","0","0","0","1","02301","0","","3.0","1150.0","9","N","N","N","0","","0","0","0","","0","N","","1","0","1","0","0","0","0","2","0","1","","","","N","","","","","","","","","",""
"2020057966","1836","2","0","0","0","0","0","0","0","0","5","0","","02","7","2020","4","40.424911","-79.968128","1836","11","0","0","0","0","0","0","0","0","","0","0","0","","","0","N","0","","40 25:29.680","","0","79 58:05.260","0","0","0","0","2301","0","0","0","N","0","0","0","2","02301","0","","1.0","","1","N","N","N","0","","0","0","0","","0","","","2","0","0","0","0","0","0","2","0","2","","03","","N","","","","","","","","","",""
"2020082965","1355","1","0","0","0","0","0","0","0","0","4","0","","02","10","2020","5","40.425229","-79.789963","1352","11","0","0","0","0","0","0","1","0","","0","0","0","","","0","N","0","","40 25:30.824","4","0","79 47:23.865","0","0","0","0","2446","0","0","0","N","0","0","0","4","02446","0","","1.0","1430.0","1","N","N","N","0","","0","0","1","","0","N","","2","0","0","0","0","0","0","2","0","2","","","","N","","","","","","","","","",""
"2020086837","0000","1","0","0","0","0","0","0","0","0","7","0","35","02","10","2020","6","40.354622","-80.027678","2313","11","0","0","0","0","0","0","0","0","","0","0","0","","","0","N","0","","40 21:16.639","","7","80 01:39.641","0","0","0","0","2407","0","0","0","N","0","0","0","3","02407","0","","5.0","","1","N","N","N","0","","0","0","0","","7","","","1","0","0","0","0","0","0","2","0","1","","03","Y","Y","4","1","N","Y","N","Y","Y","N","N","N"
"2020051294","0151","1","0","0","0","0","0","0","0","0","7","0","","02","7","2020","4","40.394218","-79.936208","0150","11","0","0","0","0","0","0","0","0","","0","0","0","","","4","N","0","","40 23:39.185","3","0","79 56:10.349","3","0","0","0","2301","0","0","0","Y","0","0","0","5","02301","0","","4.0","245.0","1","N","N","N","0","","4","0","0","","4","N","","1","4","0","0","0","0","0","2","0","1","","03","","N","","","","","","","","","",""
"2020085384","0145","1","0","0","0","0","0","0","0","0","1","0","","02","10","2020","4","40.441439","-79.976709","0140","11","0","0","0","0","0","0","0","0","","0","0","0","","","0","N","0","","40 26:29.181","","0","79 58:36.154","9","0","0","0","2301","0","0","0","N","0","0","0","1","02301","0","","4.0","","1","N","N","Y","0","","0","0","1","","0","","","2","0","0","0","0","0","1","2","0","2","","","","N","","","","","","","","","",""
"2020062651","1420","1","0","0","0","0","0","0","0","0","7","0","","02","7","2020","1","40.401538","-79.997298","1416","11","0","0","0","0","0","0","0","0","","0","0","0","","","0","N","2","","40 24:05.536","","0","79 59:50.272","0","0","0","0","2301","0","0","0","Y","0","0","0","1","02301","0","","5.0","","1","N","N","N","0","","0","0","0","","0","","","1","0","0","0","0","0","0","2","0","1","","03","","N","","","","","","","","","",""
"2020056603","1101","1","0","0","0","0","0","0","0","0","2","0","","02","7","2020","7","40.355466","-80.114115","1100","11","0","0","0","0","0","1","1","0","","0","0","0","","","2","","1","","40 21:19.679","1","0","80 06:50.813","3","0","0","0","2414","0","0","0","Y","0","0","0","2","02414","1","","1.0","1135.0","1","N","N","N","0","","1","0","1","","2","Y","","2","2","1","0","0","0","0","2","0","2","","03","","N","","","","","","","","","",""
"2020058011","1627","2","0","0","0","0","0","0","0","0","5","0","","02","7","2020","4","40.353066","-80.050225","1616","11","0","0","0","0","0","0","0","0","","0","0","0","","","0","N","0","","40 21:11.037","1","0","80 03:00.809","0","0","0","0","2109","0","0","0","N","0","0","0","5","02109","0","","1.0","1715.0","1","N","N","N","0","","0","0","2","","0","N","","4","0","0","0","0","0","0","2","0","4","","","","N","","","","","","","","","",""
"2020085537","1250","1","0","0","0","0","0","0","0","0","7","0","","02","10","2020","4","40.485245","-80.025166","1246","11","0","0","1","0","0","0","0","0","","0","0","0","","","0","","1","","40 29:06.881","4","0","80 01:30.597","0","0","0","0","2301","0","0","0","N","0","0","0","2","02301","0","","2.0","1300.0","1","N","N","N","0","","0","0","0","","0","N","","1","0","0","0","0","0","0","2","0","1","","03","","N","","","","","","","","","",""
"2020058685","1109","0","0","0","0","0","0","0","0","0","6","1","","02","7","2020","6","40.320443","-79.837343","1107","11","0","0","0","1","0","1","0","0","","0","1","0","","","0","N","0","","40 19:13.593","","7","79 50:14.433","0","0","0","0","2415","0","0","0","N","0","0","0","2","02415","0","","1.0","","1","N","N","N","1","","0","0","0","","0","","","2","0","0","0","0","0","0","2","0","2","","","","N","","","","","","","","","",""
"2020089367","1915","1","0","0","0","0","0","0","0","0","4","1","","02","10","2020","7","40.419867","-79.8501","1910","11","0","0","0","0","0","1","0","0","","0","1","0","","","0","N","1","","40 25:11.520","4","0","79 51:00.360","0","0","0","0","2431","0","0","0","N","0","0","0","2","02431","0","","1.0","1940.0","1","N","N","N","0","","0","0","0","","2","N","","2","0","0","0","0","0","0","2","0","2","","","","N","","","","","","","","","",""
"2020090304","2001","1","0","0","0","0","0","0","0","0","98","0","","02","9","2020","6","40.401964","-80.000683","1954","11","0","0","0","0","0","1","0","0","","0","0","0","","","0","N","2","","40 24:07.069","2","0","80 00:02.460","0","0","0","0","2301","0","0","0","N","0","0","0","1","02301","0","","1.0","2032.0","1","N","N","N","0","","0","0","0","","0","N","","1","0","0","0","0","0","0","2","0","1","","03","","N","","","","","","","","","",""
"2020086266","2208","1","0","0","0","0","0","0","0","0","7","0","","02","9","2020","4","40.66323","-79.718332","2208","11","0","0","0","0","0","0","1","0","","0","0","0","","","1","N","0","","40 39:47.629","1","0","79 43:05.995","3","0","0","0","2106","0","0","0","Y","0","0","0","1","68D02","0","","5.0","2250.0","1","N","N","N","0","","1","0","0","","0","N","","1","1","0","0","0","0","0","2","0","1","","","","N","","","","","","","","","",""
"2020086413","2032","1","0","0","0","0","0","0","0","0","7","0","","02","10","2020","5","40.378771","-79.89918","2032","11","0","0","0","0","0","0","0","0","","0","0","0","","","1","N","0","","40 22:43.574","","0","79 53:57.048","4","0","0","0","2448","0","0","0","N","0","0","0","1","02448","1","","5.0","","9","N","N","N","0","","0","0","0","","0","N","","1","1","1","0","0","0","0","2","0","1","","","","N","","","","","","","","","",""
"2020061558","0351","2","0","0","0","0","0","0","0","0","5","0","","02","8","2020","2","40.443737","-80.041032","0347","11","0","0","0","0","0","0","0","0","","0","0","0","","","0","Y","0","","40 26:37.452","","0","80 02:27.716","9","0","0","0","2301","0","0","0","N","0","0","0","1","02301","0","","6.0","","1","N","N","N","0","","0","0","1","","0","","","3","0","0","0","0","0","1","2","0","3","","03","","N","","","","","","","","","",""
"2020058001","2348","2","0","0","0","0","0","0","0","0","1","0","","02","7","2020","4","40.47118","-79.974309","2344","11","0","0","0","0","0","0","0","0","","0","0","0","","","0","N","0","","40 28:16.247","","0","79 58:27.512","0","0","0","0","2445","0","0","0","N","0","0","0","2","02445","0","","1.0","","1","N","N","Y","0","","0","0","0","","0","","","2","0","0","0","0","0","0","2","0","2","","","","N","","","","","","","","","",""
"2020053374","1232","0","0","0","0","0","0","0","0","0","7","0","","02","7","2020","4","40.436051","-79.922706","1224","11","0","0","0","0","0","0","0","1","","0","0","0","","","0","Y","0","","40 26:09.784","","0","79 55:21.742","0","0","0","0","2301","0","0","0","N","0","0","0","1","02301","0","","5.0","","1","N","N","Y","1","","0","0","0","","0","","","1","0","0","0","0","0","0","2","0","1","","04","","N","","","","","","","","","",""
"2020013810","0656","2","0","0","0","0","0","0","0","0","4","0","","02","2","2020","4","40.341593","-79.98508","0654","11","0","0","0","0","0","0","0","0","","0","0","0","","","1","N","2","","40 20:29.734","5","0","79 59:06.288","3","0","0","0","2403","0","0","0","N","0","0","0","2","02403","0","","1.0","723.0","1","N","N","N","0","","1","0","0","","0","Y","","2","1","0","0","0","0","0","2","0","2","","","","N","","","","","","","","","",""
"2020018162","1736","0","0","0","0","0","0","0","0","0","1","0","","02","2","2020","6","40.473423","-79.972396","1728","11","0","0","0","0","0","1","0","0","","0","0","0","","","0","N","6","","40 28:24.321","","2","79 58:20.624","0","0","0","0","2445","0","0","0","N","0","0","0","2","02445","0","","7.0","","1","N","N","N","1","","0","0","1","","4","","","2","0","0","0","0","0","0","2","0","2","","","","N","","","","","","","","","",""
"2020017488","1327","1","0","0","0","0","0","0","0","0","8","0","","02","2","2020","7","40.459852","-79.971261","1322","11","0","0","0","0","0","0","0","0","","0","0","0","","","1","N","1","","40 27:35.468","","0","79 58:16.539","3","0","0","0","2301","1","0","0","N","1","0","0","2","02301","0","","2.0","","1","N","N","N","0","","1","0","0","","2","","","2","1","0","0","0","0","0","2","0","1","","03","","N","","","","","","","","","",""
"2020052526","0241","1","0","0","0","0","0","0","0","0","7","0","","02","7","2020","1","40.430283","-79.713436","0237","11","0","0","0","0","0","0","0","0","","0","0","0","","","0","N","0","","40 25:49.020","4","0","79 42:48.371","0","0","0","0","2446","0","0","0","Y","0","0","0","1","02446","0","","3.0","335.0","1","N","N","N","0","","0","0","0","","0","N","","1","0","0","0","0","0","0","2","0","1","","","","N","","","","","","","","","",""
"2020014493","1455","0","0","0","0","0","0","0","0","0","8","0","","02","2","2020","5","40.438689","-79.997271","1424","11","0","0","0","0","0","0","0","0","","0","0","0","","","1","","1","","40 26:19.280","4","0","79 59:50.177","2","0","0","0","2301","1","0","1","N","1","0","1","2","02301","0","","1.0","1543.0","9","N","N","Y","0","","0","1","1","","2","Y","","2","1","0","0","0","0","0","2","0","1","","","","N","","","","","","","","","",""
"2020014490","0735","0","0","0","0","0","0","0","0","0","7","0","","02","2","2020","6","40.551111","-80.082108","0734","11","0","0","0","0","0","0","0","0","","0","0","0","","","0","Y","0","","40 33:04.000","","0","80 04:55.590","0","0","0","0","2215","0","0","0","N","0","0","0","1","02215","0","","5.0","","7","N","N","N","1","","0","0","0","","0","","","1","0","0","0","0","0","0","2","0","1","","","","N","","","","","","","","","",""
"2020059274","1159","2","0","0","0","0","0","0","0","0","4","0","90","02","7","2020","4","40.480339","-79.763889","1159","11","0","0","0","0","0","0","2","0","","0","0","0","","","0","Y","0","","40 28:49.220","","7","79 45:50.000","0","0","0","0","2466","0","0","0","N","0","0","0","2","02466","0","","1.0","","1","N","N","N","0","","0","0","0","","7","","","2","0","0","0","0","0","0","2","0","2","","03","Y","Y","4","1","","","N","","","","","N"
"2020016605","2306","1","0","0","0","0","0","0","0","0","0","0","","02","2","2020","6","40.430482","-79.973533","2302","11","0","0","0","0","0","0","0","0","","0","0","0","","","0","N","0","","40 25:49.734","","3","79 58:24.720","0","0","0","0","2301","0","0","0","N","0","0","0","1","02301","0","","1.0","","2","N","N","N","0","","0","0","0","","0","","","1","0","0","0","0","0","0","2","0","1","","98","","N","","","","","","","","","",""
"2020019720","1734","1","0","0","0","0","0","0","0","0","4","0","","02","2","2020","1","40.438306","-79.77268","1731","11","0","0","1","0","0","1","0","0","","0","0","0","","","1","N","0","","40 26:17.902","","7","79 46:21.648","4","0","0","0","2446","0","0","0","N","0","0","0","3","02446","1","","1.0","","1","N","N","N","1","","0","0","0","","0","","","2","1","0","0","0","0","0","2","0","2","","","","N","","","","","","","","","",""
"2020085084","0058","1","0","0","0","0","0","0","0","0","4","0","","02","9","2020","4","40.429139","-79.944298","0042","11","0","0","0","0","1","0","0","0","","0","0","0","","","0","N","0","","40 25:44.901","","0","79 56:39.473","0","0","0","0","2301","0","0","0","N","0","0","0","1","68B03","0","","2.0","","9","N","N","N","0","","0","0","0","","0","","","1","0","1","0","0","0","0","2","0","1","","","","N","","","","","","","","","",""
"2020055258","1314","1","0","0","0","0","0","0","0","0","1","0","","02","7","2020","3","40.462099","-79.859438","1309","11","0","0","0","0","0","1","0","0","","0","0","0","","","0","N","0","","40 27:43.556","3","0","79 51:33.977","0","0","0","0","2113","0","0","0","N","0","0","0","3","02113","0","","1.0","1400.0","1","N","N","N","0","","0","0","1","","0","N","","2","0","1","0","0","0","0","2","0","2","","","","N","","","","","","","","","",""
"2020056410","2052","0","0","0","0","0","0","0","0","0","4","0","","02","6","2020","1","40.462083","-80.192874","2039","11","0","0","0","0","0","0","0","0","","0","0","0","","","0","N","0","","40 27:43.500","","0","80 11:34.346","9","0","0","0","2213","0","0","0","N","0","0","0","3","68B03","0","","1.0","","1","N","N","N","0","","0","0","1","","0","","","2","0","0","0","0","0","1","2","0","2","","03","","N","","","","","","","","","",""
"2020018818","1647","1","0","0","0","0","0","0","0","0","1","0","","02","2","2020","6","40.370361","-80.031904","1646","11","0","0","0","0","0","0","0","0","","0","0","0","","","0","N","0","","40 22:13.298","","0","80 01:54.853","0","0","0","0","2109","0","0","0","N","0","0","0","2","02416","0","","1.0","","9","N","N","N","0","","0","0","1","","0","","","2","0","1","0","0","0","0","2","0","2","","03","","N","","","","","","","","","",""
"2020054717","1556","0","0","0","0","0","0","0","0","0","1","0","","02","7","2020","1","40.419626","-79.927168","1547","11","0","0","0","0","0","0","0","0","","0","0","0","","","1","N","5","","40 25:10.655","","0","79 55:37.803","4","0","0","0","2301","0","0","0","N","0","0","0","2","02301","1","","1.0","","1","N","N","N","0","","0","0","2","","2","","","2","1","0","0","0","0","1","2","0","2","","98","","N","","","","","","","","","",""
"2020059063","0607","1","0","0","0","0","0","0","0","0","7","0","","02","7","2020","5","40.509976","-79.790027","0545","11","0","0","0","0","0","0","0","0","","0","0","0","","","0","N","0","","40 30:35.913","","0","79 47:24.096","0","0","0","0","2466","0","0","0","N","0","0","0","1","68T02","0","","4.0","","9","N","N","N","0","","0","0","0","","0","","","1","0","0","0","0","0","0","2","0","1","","","","N","","","","","","","","","",""
"2020017044","1250","0","0","0","0","0","0","0","0","0","7","0","","02","2","2020","5","40.568471","-80.024004","1246","11","0","0","0","0","0","0","0","0","","0","0","0","","","0","N","1","","40 34:06.495","2","0","80 01:26.415","0","0","0","0","2108","0","0","0","Y","0","0","0","1","02108","0","","2.0","1325.0","9","N","N","N","0","","0","0","1","","2","N","","1","0","0","0","0","0","0","2","0","1","","","","N","","","","","","","","","",""
"2020057994","2347","1","0","0","0","0","0","0","0","0","0","0","","02","7","2020","4","40.465664","-79.978963","2341","11","0","0","0","0","0","0","0","0","","0","0","0","","","1","N","0","","40 27:56.389","1","0","79 58:44.268","3","0","0","0","2301","0","0","0","N","0","0","0","2","02301","0","","1.0","103.0","1","N","N","N","0","","1","0","1","","0","N","","2","1","0","0","0","0","0","2","0","2","","03","","N","","","","","","","","","",""
"2020016017","1818","2","0","0","0","0","0","0","0","0","4","0","","02","2","2020","2","40.406379","-79.826847","1814","11","0","0","0","0","0","0","1","0","","0","0","0","","","0","N","1","","40 24:22.965","3","0","79 49:36.649","0","0","0","0","2467","0","0","0","N","0","0","0","2","02467","0","","1.0","1839.0","9","N","N","N","0","","0","0","0","","2","N","","2","0","0","0","0","0","0","2","0","2","","","","N","","","","","","","","","",""
"2020014463","0914","1","0","0","0","0","0","0","0","0","7","0","","02","2","2020","6","40.317414","-79.802831","0904","11","0","0","0","0","0","0","0","0","","0","0","0","","","1","N","0","","40 19:02.690","6","0","79 48:10.190","3","0","0","0","2105","0","0","0","Y","0","0","0","1","02105","0","","2.0","952.0","7","N","N","N","0","","1","0","0","","0","N","","1","1","0","0","0","0","0","2","0","1","","07","","N","","","","","","","","","",""
"2020014759","1518","1","0","0","0","0","0","0","0","0","4","0","","02","2","2020","6","40.37939","-79.806984","1517","11","0","0","0","0","0","0","0","0","","0","0","0","","","0","N","1","","40 22:45.803","3","0","79 48:25.142","0","0","0","0","2111","0","0","0","N","0","0","0","4","02111","0","","1.0","1549.0","9","N","N","N","0","","0","0","1","","3","Y","","2","0","0","0","0","0","0","2","0","2","","03","","N","","","","","","","","","",""
"2020054307","1413","1","0","0","0","0","0","0","0","0","5","0","","02","7","2020","6","40.356256","-80.050435","1412","11","0","0","0","0","0","0","0","0","","0","0","0","","","0","N","0","","40 21:22.523","","0","80 03:01.565","0","0","0","0","2109","0","0","0","N","0","0","0","3","02109","0","","1.0","","1","N","N","N","1","","0","0","0","","0","","","2","0","0","0","0","0","0","2","0","2","","03","","N","","","","","","","","","",""
"2020086115","2335","1","0","0","0","0","0","0","0","0","2","0","","02","10","2020","5","40.4504","-79.920504","2329","11","0","0","0","0","0","0","0","0","","0","0","0","","","0","N","0","","40 27:01.440","7","0","79 55:13.815","0","0","0","0","2301","0","0","0","N","0","0","0","1","02301","0","","1.0","20.0","9","N","N","N","0","","0","0","0","","0","Y","","1","0","0","0","0","0","0","2","0","1","","03","","N","","","","","","","","","",""
"2020017430","1144","1","0","0","0","0","0","0","0","0","1","0","","02","2","2020","7","40.472068","-79.973362","1140","11","0","0","0","0","0","1","0","0","","0","0","0","","","0","N","0","","40 28:19.444","","0","79 58:24.102","0","0","0","0","2445","0","0","0","N","0","0","0","2","02445","0","","1.0","","1","N","N","N","0","","0","0","0","","0","","","2","0","0","0","0","0","0","2","1","2","","","","N","","","","","","","","","",""
"2020014501","0715","2","0","0","0","0","0","0","0","0","4","0","","02","2","2020","6","40.4346","-79.766465","0706","11","0","0","0","0","0","0","0","0","","0","0","0","","","0","N","2","","40 26:04.560","3","0","79 45:59.274","0","0","0","0","2446","0","0","0","N","0","0","0","3","02446","0","","1.0","758.0","7","N","N","N","0","","0","0","0","","3","Y","","2","0","0","0","0","0","0","2","0","2","","","","N","","","","","","","","","",""
"2020018793","2206","2","0","0","0","0","0","0","0","0","4","0","","02","2","2020","1","40.514108","-80.004775","2205","11","0","1","0","0","0","0","0","0","","0","0","0","","","0","N","2","","40 30:50.788","","2","80 00:17.189","0","0","0","0","2116","0","0","0","N","0","0","0","4","02116","0","","1.0","","1","N","N","N","0","","0","0","0","","0","","","2","0","1","0","0","0","0","2","0","2","","03","","N","","","","","","","","","",""
"2020014871","0921","0","0","0","0","0","0","0","0","0","7","0","","02","2","2020","7","40.444648","-80.028847","0911","11","0","0","0","0","0","0","0","0","","0","0","0","","","0","Y","0","","40 26:40.732","7","0","80 01:43.848","0","0","0","0","2301","0","0","0","N","0","0","0","1","02301","0","","7.0","945.0","2","N","N","N","0","","0","0","0","","0","N","","1","0","0","0","0","0","0","2","1","1","","98","","N","","","","","","","","","",""
"2020016107","1553","1","0","0","0","0","0","0","0","0","6","0","","02","2","2020","3","40.435397","-79.895792","1549","11","0","0","0","0","0","2","0","0","","0","0","0","","","2","N","0","","40 26:07.430","5","0","79 53:44.850","3","0","0","0","2301","0","0","0","N","0","0","0","3","02301","1","","1.0","1630.0","1","N","N","N","0","","1","0","1","","0","Y","","2","2","0","0","0","0","0","2","0","2","","03","","N","","","","","","","","","",""
"2020055014","0912","2","0","0","0","0","0","0","0","0","1","0","","02","7","2020","5","40.376344","-80.056028","0909","11","0","0","0","0","0","0","0","0","","0","0","0","","","1","N","0","","40 22:34.840","5","0","80 03:21.700","3","0","0","0","2109","0","0","0","N","0","0","0","1","02109","0","","6.0","940.0","1","N","N","N","0","","1","0","0","","0","Y","","2","1","0","0","0","0","0","2","0","2","","","","N","","","","","","","","","",""
"2020016587","1850","0","0","0","1","0","0","0","0","0","8","0","","02","2","2020","4","40.461155","-79.94806","1856","11","0","0","0","0","0","0","0","0","","0","0","0","","","1","","2","","40 27:40.157","","0","79 56:53.016","8","0","0","0","2301","1","0","0","N","0","0","0","2","02301","0","","1.0","","6","N","N","Y","0","","0","0","1","","0","","","2","1","0","0","0","1","0","2","0","1","","07","","N","","","","","","","","","",""
"2020022822","1342","2","0","0","0","0","0","0","0","0","4","0","","02","2","2020","7","40.464713","-79.92336","1342","11","0","0","0","0","0","1","0","0","","0","0","0","","","2","N","2","","40 27:52.966","1","7","79 55:24.095","4","0","0","0","2301","0","0","0","N","0","0","0","6","02301","1","","1.0","1415.0","1","N","N","N","0","","0","0","0","","0","Y","","2","2","0","0","0","1","0","2","0","2","","","","N","","","","","","","","","",""
"2020014474","1020","2","0","0","0","0","0","0","0","0","4","0","","02","2","2020","6","40.436037","-79.999208","1013","11","0","0","0","0","0","0","1","1","","0","0","0","","","1","N","5","","40 26:09.733","","2","79 59:57.149","3","0","0","0","2301","0","0","0","N","0","0","0","3","02301","0","","1.0","","6","N","N","N","0","","1","0","0","","0","","","2","1","0","0","0","0","0","2","0","2","","","","N","","","","","","","","","",""
"2020015209","0111","1","0","0","0","0","0","0","0","0","1","0","","02","2","2020","5","40.42885","-79.930569","0102","11","0","0","0","0","0","0","0","0","","0","0","0","","","0","N","0","","40 25:43.859","","0","79 55:50.048","0","0","0","0","2301","0","0","0","N","0","0","0","2","68B03","0","","1.0","","9","N","N","N","0","","0","0","1","","0","","","2","0","0","0","0","0","0","2","0","2","","","","N","","","","","","","","","",""
"2020014688","1757","1","0","0","0","0","0","0","0","0","7","0","","02","2","2020","5","40.505366","-80.048874","1754","11","0","0","0","0","0","0","0","0","","0","0","0","","","0","N","0","","40 30:19.317","","0","80 02:55.945","0","0","0","0","2116","0","0","0","N","0","0","0","1","02116","0","","5.0","","9","N","N","N","0","","0","0","0","","0","","","1","0","0","0","0","0","0","2","0","1","","03","","N","","","","","","","","","",""
"2020018605","0037","2","0","0","0","0","0","0","0","0","4","0","","02","2","2020","1","40.415483","-79.877036","0036","11","0","0","0","0","0","0","0","0","","0","0","0","","","0","N","0","","40 24:55.740","","0","79 52:37.330","0","0","0","0","2463","0","0","0","N","0","0","0","1","02463","0","","6.0","","1","N","N","N","0","","0","0","0","","0","","","2","0","0","0","0","0","0","2","0","2","","03","","N","","","","","","","","","",""
"2020017407","1009","1","0","0","0","0","0","0","0","0","0","0","","02","2","2020","7","40.285053","-79.998548","1009","11","0","0","0","0","0","1","0","0","","0","0","0","","","1","N","0","","40 17:06.190","1","0","79 59:54.771","8","0","0","0","2219","0","0","0","N","0","0","0","1","02219","0","","5.0","1100.0","2","N","N","N","0","","0","0","0","","0","N","","1","1","0","0","0","1","0","2","0","1","","98","","N","","","","","","","","","",""
"2020054927","1756","0","0","0","0","0","0","0","0","0","1","0","","02","6","2020","6","40.440635","-80.156034","1756","11","0","0","0","0","0","0","0","0","","0","0","0","","","0","N","0","","40 26:26.285","","0","80 09:21.722","0","0","0","0","2115","0","0","0","N","0","0","0","2","68B03","0","","1.0","","1","N","N","N","2","","0","0","0","","0","","","2","0","0","0","0","0","0","2","0","2","","03","","N","","","","","","","","","",""
"2020017133","1852","1","0","0","0","0","0","0","0","0","7","0","","02","2","2020","4","40.431119","-79.795494","1848","11","0","0","0","0","0","0","0","0","","0","0","0","","","1","N","0","","40 25:52.030","","0","79 47:43.780","3","0","0","0","2446","0","0","0","N","0","0","0","2","02446","0","","3.0","","2","N","N","N","0","","1","0","0","","0","","","1","1","0","0","0","0","0","2","0","1","","","","N","","","","","","","","","",""
"2020084699","0844","1","0","0","0","0","0","0","0","0","1","1","","02","10","2020","2","40.568556","-80.0238","0844","11","0","0","0","0","0","1","0","0","","0","1","0","","","0","N","1","","40 34:06.802","1","0","80 01:25.680","0","0","0","0","2108","0","0","0","N","0","0","0","2","02108","0","","1.0","914.0","1","N","N","N","0","","0","0","0","","0","N","","2","0","0","0","0","0","0","2","0","2","","04","","N","","","","","","","","","",""
"2020015104","0229","1","0","0","0","0","0","0","0","0","7","0","","02","2","2020","1","40.439282","-80.021409","0221","11","0","0","0","0","0","0","0","0","","0","0","0","","","0","N","2","","40 26:21.415","","0","80 01:17.074","0","0","0","0","2301","0","0","0","N","0","0","0","1","02301","0","","5.0","","9","N","N","N","0","","0","0","0","","0","","","1","0","0","0","0","0","0","2","0","1","","02","","N","","","","","","","","","",""
"2020017611","0310","0","0","0","0","0","0","0","0","0","7","0","","02","2","2020","7","40.564848","-79.956933","0305","11","0","0","0","0","0","0","0","0","","0","0","0","","","0","N","2","","40 33:53.451","","0","79 57:24.957","0","0","0","0","2207","0","0","0","Y","0","0","0","1","02207","0","","5.0","","1","N","N","N","0","","0","0","1","","0","","","1","0","0","0","0","0","0","2","0","1","","03","","N","","","","","","","","","",""
"2020016676","1215","1","0","0","0","0","0","0","0","0","98","0","","02","2","2020","2","40.623352","-80.053723","1204","11","0","0","0","0","0","0","0","0","","0","0","0","","","0","N","0","","40 37:24.068","","0","80 03:13.402","0","0","0","0","2216","0","0","0","N","0","0","0","3","02505","0","","1.0","","9","N","N","N","0","","0","0","0","","2","","","1","0","0","0","0","0","0","1","0","1","","","","N","","","","","","","","","",""
"2020014800","2254","0","0","0","0","0","0","0","0","0","7","0","","02","2","2020","6","40.350113","-79.849489","2250","11","0","0","0","0","0","0","0","0","","0","0","0","","","0","","2","","40 21:00.405","","0","79 50:58.159","0","0","0","0","2304","0","0","0","N","0","0","0","1","02304","0","","5.0","","1","N","N","N","0","","0","0","1","","0","","","1","0","0","0","0","0","0","2","0","1","","98","","N","","","","","","","","","",""