"CRN","ARRIVAL_TM","AUTOMOBILE_COUNT","BELTED_DEATH_COUNT","BELTED_SUSP_SERIOUS_INJ_COUNT","BICYCLE_COUNT","BICYCLE_DEATH_COUNT","BICYCLE_SUSP_SERIOUS_INJ_COUNT","BUS_COUNT","CHLDPAS_DEATH_COUNT","CHLDPAS_SUSP_SERIOUS_INJ_COUNT","COLLISION_TYPE","COMM_VEH_COUNT","CONS_ZONE_SPD_LIM","COUNTY","CRASH_MONTH","CRASH_YEAR","DAY_OF_WEEK","DEC_LATITUDE","DEC_LONGITUDE","DISPATCH_TM","DISTRICT","DRIVER_COUNT_16YR","DRIVER_COUNT_17YR","DRIVER_COUNT_18YR","DRIVER_COUNT_19YR","DRIVER_COUNT_20YR","DRIVER_COUNT_50_64YR","DRIVER_COUNT_65_74YR","DRIVER_COUNT_75PLUS","EST_HRS_CLOSED","FATAL_COUNT","HEAVY_TRUCK_COUNT","HORSE_BUGGY_COUNT","HOUR_OF_DAY","ILLUMINATION","INJURY_COUNT","INTERSECTION_RELATED","INTERSECT_TYPE","LANE_CLOSED","LATITUDE","LN_CLOSE_DIR","LOCATION_TYPE","LONGITUDE","MAX_SEVERITY_LEVEL","MCYCLE_DEATH_COUNT","MCYCLE_SUSP_SERIOUS_INJ_COUNT","MOTORCYCLE_COUNT","MUNICIPALITY","NONMOTR_COUNT","NONMOTR_DEATH_COUNT","NONMOTR_SUSP_SERIOUS_INJ_COUNT","NTFY_HIWY_MAINT","PED_COUNT","PED_DEATH_COUNT","PED_SUSP_SERIOUS_INJ_COUNT","PERSON_COUNT","POLICE_AGCY","POSSIBLE_INJ_COUNT","RDWY_SURF_TYPE_CD","RELATION_TO_ROAD","ROADWAY_CLEARED","ROAD_CONDITION","SCH_BUS_IND","SCH_ZONE_IND","SECONDARY_CRASH","SMALL_TRUCK_COUNT","SPEC_JURIS_CD","SUSP_MINOR_INJ_COUNT","SUSP_SERIOUS_INJ_COUNT","SUV_COUNT","TCD_FUNC_CD","TCD_TYPE","TFC_DETOUR_IND","TIME_OF_DAY","TOTAL_UNITS","TOT_INJ_COUNT","UNBELTED_OCC_COUNT","UNB_DEATH_COUNT","UNB_SUSP_SERIOUS_INJ_COUNT","UNK_INJ_DEG_COUNT","UNK_INJ_PER_COUNT","URBAN_RURAL","VAN_COUNT","VEHICLE_COUNT","WEATHER1","WEATHER2","WORKERS_PRES","WORK_ZONE_IND","WORK_ZONE_LOC","WORK_ZONE_TYPE","WZ_CLOSE_DETOUR","WZ_FLAGGER","WZ_LAW_OFFCR_IND","WZ_LN_CLOSURE","WZ_MOVING","WZ_OTHER","WZ_SHLDER_MDN","WZ_WORKERS_INJ_KILLED"
"2020016686","0701","1","0","0","0","0","0","0","0","0","1","0","","02","2","2020","5","40.642171","-79.938471","0701","11","0","0","0","0","0","1","0","0","","0","0","0","","","2","N","1","","40 38:31.814","2","7","79 56:18.497","3","0","0","0","2217","0","0","0","N","0","0","0","3","02505","0","","1.0","730.0","9","N","N","N","1","","1","0","0","","2","N","","3","2","0","0","0","1","0","2","1","3","","","","N","","","","","","","","","",""
"2020057279","2003","3","0","0","0","0","0","0","0","0","4","0","","02","7","2020","2","40.470725","-80.025824","1958","11","0","0","0","0","0","0","0","0","","0","0","0","","","0","N","2","","40 28:14.609","2","0","80 01:32.966","0","0","0","0","2301","0","0","0","N","0","0","0","1","02301","0","","1.0","2036.0","1","N","N","Y","0","","0","0","0","","0","Y","","3","0","0","0","0","0","0","2","0","3","","03","","N","","","","","","","","","",""
"2020057777","1240","0","0","0","0","0","0","0","0","0","7","0","","02","7","2020","4","40.397917","-79.988361","1232","11","0","0","0","0","0","0","0","0","","0","0","0","","","0","N","0","","40 23:52.500","","7","79 59:18.100","0","0","0","0","2301","0","0","0","N","0","0","0","1","02301","0","","5.0","","1","N","N","N","0","","0","0","1","","0","","","1","0","0","0","0","0","0","2","0","1","","03","","N","","","","","","","","","",""
"2020057300","2210","2","0","0","0","0","0","0","0","0","6","0","","02","7","2020","2","40.478227","-80.038185","2159","11","0","0","0","0","0","0","0","0","","0","0","0","","","0","","2","","40 28:41.617","","0","80 02:17.465","0","0","0","0","2301","0","0","0","N","0","0","0","1","02301","0","","1.0","","1","N","N","N","0","","0","0","0","","0","","","2","0","0","0","0","0","0","2","0","2","","03","","N","","","","","","","","","",""
"2020015259","1455","3","0","0","0","0","0","0","0","0","4","0","","02","2","2020","1","40.418539","-80.045731","1454","11","0","0","0","0","0","0","1","1","","0","0","0","","","0","","1","","40 25:06.740","1","0","80 02:44.633","0","0","0","0","2435","0","0","0","N","0","0","0","4","02435","0","","1.0","1515.0","1","N","N","N","0","","0","0","0","","2","N","","3","0","0","0","0","0","0","2","0","3","","03","","N","","","","","","","","","",""
"2020056082","1106","0","0","0","0","0","0","0","0","0","4","0","","02","7","2020","7","40.377381","-79.986858","1105","11","0","0","0","0","0","1","0","0","","0","0","0","","","1","N","0","","40 22:38.571","2","7","79 59:12.688","3","0","0","1","2476","0","0","0","N","0","0","0","2","02476","0","","1.0","40.0","1","N","N","N","1","","1","0","0","","0","N","","2","1","0","0","0","0","0","2","0","2","","04","","N","","","","","","","","","",""
"2020017798","1912","2","0","0","0","0","0","0","0","0","1","0","","02","2","2020","1","40.407261","-79.889977","1905","11","0","0","0","0","0","0","0","0","","0","0","0","","","0","N","2","","40 24:26.141","","0","79 53:23.918","0","0","0","0","2448","0","0","0","N","0","0","0","6","02448","0","","1.0","","1","N","N","N","0","","0","0","0","","2","","","2","0","0","0","0","0","0","2","0","2","","03","","N","","","","","","","","","",""
"2020085056","1129","4","0","0","0","0","0","0","0","0","4","0","","02","10","2020","3","40.460232","-79.842633","1123","11","0","0","0","0","0","2","0","1","","0","0","0","","","0","N","1","","40 27:36.835","1","0","79 50:33.477","0","0","0","0","2113","0","0","0","N","0","0","0","4","02113","0","","1.0","1229.0","1","N","N","N","0","","0","0","0","","2","Y","","4","0","0","0","0","0","0","2","0","4","","03","","N","","","","","","","","","",""
"2020058012","1720","2","0","0","0","0","0","0","0","0","4","0","","02","7","2020","4","40.38445","-80.055525","1715","11","0","0","0","0","0","0","1","0","","0","0","0","","","0","","2","","40 23:04.020","","0","80 03:19.890","0","0","0","0","2109","0","0","0","N","0","0","0","2","02109","0","","1.0","","1","N","N","N","0","","0","0","0","","3","","","2","0","0","0","0","0","0","2","0","2","","03","","N","","","","","","","","","",""
"2020054370","0935","1","0","0","0","0","0","0","0","0","7","0","","02","7","2020","7","40.469232","-80.014566","0933","11","0","0","0","0","0","0","0","0","","0","0","0","","","0","","2","","40 28:09.235","","0","80 00:52.437","9","0","0","0","2301","0","0","0","N","0","0","0","1","02301","0","","9.0","","1","N","N","N","0","","0","0","0","","0","","","1","0","0","0","0","0","1","2","0","1","","","","N","","","","","","","","","",""
"2020015872","0746","2","0","0","0","0","0","0","0","0","1","0","","02","2","2020","3","40.561582","-79.959218","0736","11","0","0","0","0","0","0","0","0","","0","0","0","","","0","N","0","","40 33:41.695","","0","79 57:33.185","0","0","0","0","2207","0","0","0","N","0","0","0","2","02207","0","","1.0","","9","N","N","N","0","","0","0","0","","0","","","2","0","0","0","0","0","0","2","0","2","","04","","N","","","","","","","","","",""
"2020051607","0235","1","0","0","0","0","0","0","0","0","7","0","","02","2","2020","6","40.429364","-79.999101","0232","11","0","0","0","0","0","0","0","0","","0","0","0","","","0","N","1","","40 25:45.712","","0","79 59:56.762","0","0","0","0","2301","0","0","0","N","0","0","0","0","02301","0","","2.0","","1","N","N","N","0","","0","0","0","","2","","","1","0","0","0","0","0","0","2","0","1","","03","","N","","","","","","","","","",""
"2020053700","1530","1","0","0","0","0","0","0","0","0","4","1","","02","7","2020","4","40.363848","-79.842953","1530","11","0","0","0","0","0","1","0","0","","0","1","0","","","0","","1","","40 21:49.853","2","0","79 50:34.629","0","0","0","0","2303","0","0","0","N","0","0","0","2","02303","0","","1.0","1619.0","1","N","N","N","0","","0","0","0","","2","N","","2","0","0","0","0","0","0","2","0","2","","","","N","","","","","","","","","",""
"2020016945","1915","1","0","0","0","0","0","0","0","0","7","0","","02","2","2020","5","40.4085","-80.092275","1805","11","0","0","0","0","0","0","0","0","","0","0","0","","","0","N","0","","40 24:30.600","","0","80 05:32.190","0","0","0","0","2415","0","0","0","N","0","0","0","1","02415","0","","5.0","","1","N","N","N","0","","0","0","0","","0","","","1","0","0","0","0","0","0","2","0","1","","98","","N","","","","","","","","","",""
"2020015372","0414","1","0","0","0","0","0","0","0","0","7","0","","02","2","2020","1","40.452797","-80.03924","0408","11","0","0","0","0","0","0","0","0","","0","0","0","","","1","N","2","","40 27:10.070","3","4","80 02:21.263","3","0","0","0","2301","0","0","0","N","0","0","0","1","02301","0","","5.0","452.0","9","N","N","N","0","","1","0","0","","2","Y","","1","1","0","0","0","0","0","2","0","1","","","","N","","","","","","","","","",""
"2020016501","1718","2","0","0","0","0","0","0","0","0","4","0","","02","2","2020","4","40.421765","-79.995839","1716","11","0","0","0","0","0","2","0","0","","0","0","0","","","1","N","1","","40 25:18.355","1","0","79 59:45.021","3","0","0","0","2301","0","0","0","N","0","0","0","4","02301","0","","1.0","1740.0","9","N","N","N","1","","1","0","0","","3","Y","","3","1","0","0","0","0","0","2","0","3","","10","","N","","","","","","","","","",""
"2020055959","1010","1","0","0","0","0","0","0","0","0","1","0","","02","7","2020","5","40.500453","-80.066365","1010","11","0","0","0","0","0","0","0","0","","0","0","0","","","0","N","0","","40 30:01.632","","0","80 03:58.914","0","0","0","0","2402","0","0","0","N","0","0","0","2","02402","0","","1.0","","1","N","N","N","1","","0","0","0","","0","N","","2","0","0","0","0","0","0","2","0","2","","04","","N","","","","","","","","","",""
"2020016315","0705","2","0","0","0","0","0","0","0","0","4","0","","02","2","2020","4","40.422527","-79.885988","0700","11","0","0","0","0","0","0","0","1","","0","0","0","","","0","","3","","40 25:21.097","","0","79 53:09.556","0","0","0","0","2463","0","0","0","N","0","0","0","2","02463","0","","1.0","","1","N","N","N","0","","0","0","0","","2","","","2","0","0","0","0","0","0","2","0","2","","03","","N","","","","","","","","","",""
"2020017464","0822","1","0","0","0","0","0","0","0","0","1","0","","02","2","2020","4","40.45988","-79.999538","0749","11","0","0","0","0","0","0","0","0","","0","0","0","","","0","N","0","","40 27:35.567","","0","79 59:58.338","0","0","0","0","2301","0","0","0","N","0","0","0","2","68B03","0","","1.0","","1","N","N","N","0","","0","0","1","","0","","","2","0","0","0","0","0","0","2","0","2","","","","N","","","","","","","","","",""
"2020014847","1435","0","0","0","0","0","0","0","0","0","7","0","","02","2","2020","6","40.623806","-79.818675","1405","11","0","0","0","0","0","1","0","0","","0","0","0","","","0","N","0","","40 37:25.700","","0","79 49:07.230","0","0","0","0","2220","0","0","0","N","0","0","0","1","02501","0","","5.0","","7","N","N","N","1","","0","0","0","","0","","","1","0","0","0","0","0","0","1","0","1","","10","","N","","","","","","","","","",""
"2020020393","2004","2","0","0","0","0","0","0","0","0","1","0","","02","2","2020","4","40.434283","-79.996661","1954","11","0","0","0","0","0","0","0","0","","0","0","0","","","0","N","6","","40 26:03.420","3","2","79 59:47.979","0","0","0","0","2301","0","0","0","N","0","0","0","2","68B03","0","","1.0","2045.0","1","N","N","N","0","","0","0","0","","0","N","","2","0","0","0","0","0","0","2","0","2","","03","","N","","","","","","","","","",""
"2020055298","1625","1","0","0","0","0","0","0","0","0","2","0","","02","7","2020","3","40.368368","-80.102851","1621","11","0","0","0","0","0","0","0","0","","0","0","0","","","0","","2","","40 22:06.126","","0","80 06:10.264","0","0","0","0","2102","0","0","0","N","0","0","0","2","02102","0","","1.0","","1","N","N","N","0","","0","0","1","","0","","","2","0","0","0","0","0","0","2","0","2","","03","","N","","","","","","","","","",""
"2020014511","0855","0","0","0","0","0","0","0","0","0","2","0","","02","2","2020","6","40.417894","-79.923336","0855","11","0","0","0","0","0","0","0","0","","0","0","0","","","0","N","0","","40 25:04.420","3","0","79 55:24.010","0","0","0","0","2301","0","0","0","N","0","0","0","1","02301","0","","2.0","915.0","2","N","N","N","0","","0","0","1","","0","N","","1","0","0","0","0","0","0","2","0","1","","10","","N","","","","","","","","","",""
"2020053819","1835","0","0","0","0","0","0","0","0","0","1","0","","02","7","2020","4","40.362597","-79.983287","1830","11","0","0","0","0","0","0","0","0","","0","0","0","","","0","N","0","","40 21:45.350","1","0","79 58:59.832","0","0","0","0","2413","0","0","0","N","0","0","0","2","02413","0","","1.0","1902.0","1","N","N","N","1","","0","0","1","","2","N","","2","0","0","0","0","0","0","2","0","2","","","","N","","","","","","","","","",""
"2020018568","2011","4","0","0","0","0","0","0","0","0","1","0","","02","2","2020","3","40.431684","-79.997572","2007","11","0","0","0","0","0","1","1","0","","0","0","0","","","1","N","0","","40 25:54.064","2","3","79 59:51.260","3","0","0","0","2301","0","0","0","N","0","0","0","5","02301","0","","1.0","2040.0","1","N","N","N","0","","1","0","0","","2","N","","4","1","0","0","0","0","0","2","0","4","","03","","N","","","","","","","","","",""
"2020016216","1804","2","0","0","0","0","0","0","0","0","1","1","","02","2","2020","2","40.492987","-79.898816","1754","11","0","0","0","0","0","0","0","0","","0","1","0","","","1","N","0","","40 29:34.752","2","0","79 53:55.736","8","0","0","0","2401","0","0","0","N","0","0","0","7","68D02","0","","1.0","1930.0","9","N","N","N","1","","0","0","1","","0","Y","","5","1","0","0","0","1","1","2","0","5","","","","N","","","","","","","","","",""
"2020016607","2225","1","0","0","0","0","0","0","0","0","7","0","","02","2","2020","4","40.44255","-79.991816","2220","11","0","0","0","0","0","0","0","0","","0","0","0","","","0","","7","","40 26:33.179","","0","79 59:30.538","0","0","0","0","2301","0","0","0","N","0","0","0","1","02301","0","","2.0","","9","N","N","N","0","","0","0","0","","0","","","1","0","1","0","0","0","0","2","0","1","","","","N","","","","","","","","","",""
"2020017738","1717","1","0","0","0","0","0","0","0","0","8","0","","02","2","2020","1","40.447435","-79.942465","1715","11","0","0","0","0","0","0","0","0","","0","0","0","","","1","N","1","","40 26:50.767","3","0","79 56:32.873","8","0","0","0","2301","1","0","0","N","1","0","0","3","02301","0","","1.0","1735.0","1","N","N","N","0","","0","0","0","","2","N","","2","1","0","0","0","1","0","2","0","1","","","","N","","","","","","","","","",""
"2020015492","1042","1","0","0","0","0","0","0","0","0","7","0","","02","2","2020","2","40.488794","-79.872738","1041","11","0","0","0","0","0","0","1","0","","0","0","0","","","1","N","0","","40 29:19.659","1","0","79 52:21.857","4","0","0","0","2112","0","0","0","N","0","0","0","1","02112","1","","4.0","1115.0","99","N","N","N","0","","0","0","0","","0","N","","1","1","0","0","0","0","0","2","0","1","","","","N","","","","","","","","","",""
"2020018764","1414","2","0","0","0","0","0","0","0","0","1","0","","02","2","2020","3","40.437738","-80.003913","1403","11","0","0","0","0","0","1","1","0","","0","0","0","","","2","N","0","","40 26:15.856","","0","80 00:14.086","3","0","0","0","2301","0","0","0","N","0","0","0","2","68B03","1","","1.0","","9","N","N","N","0","","1","0","0","","0","","","2","2","0","0","0","0","0","2","0","2","","","","N","","","","","","","","","",""
"2020016589","2100","1","0","0","0","0","0","0","0","0","98","0","","02","2","2020","3","40.613874","-79.948439","2054","11","1","0","0","0","0","0","0","0","","0","0","0","","","0","N","0","","40 36:49.948","","0","79 56:54.380","0","0","0","0","2207","0","0","0","N","0","0","0","1","02207","0","","5.0","","1","N","N","N","0","","0","0","0","","0","","","1","0","0","0","0","0","0","2","0","1","","03","","N","","","","","","","","","",""
"2020021407","2120","1","0","0","0","0","0","0","0","0","1","0","","02","2","2020","7","40.411697","-80.076415","2107","11","0","0","0","0","0","0","0","0","","0","0","0","","","1","N","6","","40 24:42.108","3","2","80 04:35.095","4","0","0","0","2117","0","0","0","N","0","0","0","2","68B03","1","","1.0","2200.0","1","N","N","N","0","","0","0","1","","0","N","","2","1","0","0","0","0","0","2","0","2","","","","N","","","","","","","","","",""
"2020014768","1939","1","0","0","0","0","0","0","0","0","2","0","","02","2","2020","6","40.443709","-80.028558","1935","11","0","0","0","0","0","0","0","0","","0","0","0","","","1","N","0","","40 26:37.351","1","99","80 01:42.807","3","0","0","0","2301","0","0","0","N","0","0","0","5","02301","0","","1.0","2045.0","7","N","N","N","0","","1","0","1","","0","N","","2","1","0","0","0","0","0","2","0","2","","02","","N","","","","","","","","","",""
"2020014018","0712","1","0","0","0","0","0","0","0","0","0","0","","02","2","2020","5","40.239525","-79.904458","0656","11","0","0","0","0","0","1","0","0","","0","0","0","","","0","N","0","","40 14:22.290","5","0","79 54:16.050","0","0","0","0","2204","0","0","0","N","0","0","0","1","02204","0","","2.0","900.0","9","N","N","N","0","","0","0","0","","0","Y","","1","0","0","0","0","0","0","1","0","1","","","","N","","","","","","","","","",""
"2020017321","2150","2","0","0","0","0","0","0","0","0","4","0","","02","2","2020","6","40.499992","-80.052441","2148","11","0","0","0","0","0","0","0","0","","0","0","0","","","0","N","1","","40 29:59.971","","0","80 03:08.787","0","0","0","0","2404","0","0","0","N","0","0","0","2","02404","0","","1.0","","1","N","N","N","0","","0","0","0","","3","","","2","0","0","0","0","0","0","2","0","2","","03","","N","","","","","","","","","",""
"2020019023","0300","1","0","0","0","0","0","0","0","0","7","0","","02","2","2020","6","40.393166","-79.805113","0300","11","0","0","0","0","0","0","0","0","","0","0","0","","","0","","2","","40 23:35.397","3","3","79 48:18.405","0","0","0","0","2479","0","0","0","N","0","0","0","1","02501","0","","2.0","345.0","6","N","N","N","0","","0","0","0","","0","N","","1","0","0","0","0","0","0","2","0","1","","09","","N","","","","","","","","","",""
"2020031973","1906","0","0","0","0","0","0","0","0","0","2","0","","02","2","2020","1","40.435722","-79.771106","1901","11","0","0","0","0","0","2","0","0","","0","0","0","","","0","N","0","","40 26:08.600","4","7","79 46:15.980","0","0","0","0","2446","0","0","0","N","0","0","0","2","02446","0","","1.0","1942.0","9","N","N","N","0","","0","0","2","","2","Y","","2","0","0","0","0","0","0","2","0","2","","","","N","","","","","","","","","",""
"2020084479","1658","0","0","0","0","0","0","0","0","0","0","0","","02","9","2020","1","40.299062","-80.029812","1651","11","0","0","0","0","0","1","0","0","","0","0","0","","","1","","2","","40 17:56.623","","0","80 01:47.323","4","0","0","1","2407","0","0","0","N","0","0","0","1","02407","1","","1.0","","1","N","N","N","0","","0","0","0","","0","","","1","1","0","0","0","0","0","2","0","1","","03","","N","","","","","","","","","",""
"2020020254","1944","0","0","0","0","0","0","0","0","0","4","0","","02","2","2020","4","40.438454","-80.154123","1941","11","0","0","0","0","0","1","0","0","","0","0","0","","","2","N","1","","40 26:18.433","1","8","80 09:14.842","3","0","0","0","2115","0","0","0","Y","0","0","0","2","02501","0","","1.0","2212.0","1","N","N","N","0","","2","0","2","","2","Y","","2","2","1","0","0","0","0","2","0","2","","03","","N","","","","","","","","","",""
"2020055057","1655","1","0","0","0","0","0","0","0","0","7","0","","02","7","2020","1","40.38849","-79.894698","1650","11","0","0","0","0","0","1","0","0","","0","0","0","","","1","N","0","","40 23:18.564","","0","79 53:40.912","3","0","0","0","2473","0","0","0","Y","0","0","0","1","02473","0","","2.0","","1","N","N","N","0","","1","0","0","","0","","","1","1","0","0","0","0","0","2","0","1","","98","","N","","","","","","","","","",""
"2020014182","1853","2","0","0","0","0","0","0","0","0","4","0","","02","2","2020","4","40.468906","-80.097886","1849","11","0","0","0","0","0","0","1","0","","0","0","0","","","0","","1","","40 28:08.063","","0","80 05:52.388","0","0","0","0","2126","0","0","0","N","0","0","0","2","02126","0","","1.0","","1","N","N","N","0","","0","0","0","","2","","","2","0","0","0","0","0","0","2","0","2","","","","N","","","","","","","","","",""
"2020018266","1300","3","0","0","0","0","0","0","0","0","5","0","","02","2","2020","2","40.449136","-79.944419","1300","11","0","0","0","0","0","0","1","0","","0","0","0","","","0","N","0","","40 26:56.890","","0","79 56:39.910","0","0","0","0","2301","0","0","0","N","0","0","0","3","02301","0","","1.0","","1","N","N","N","0","","0","0","0","","0","","","3","0","0","0","0","0","0","2","0","3","","","","N","","","","","","","","","",""
"2020055288","1520","2","0","0","0","0","0","0","0","0","1","0","","02","7","2020","3","40.445929","-79.82798","1513","11","0","0","0","0","0","1","0","0","","0","0","0","","","1","N","2","","40 26:45.346","1","0","79 49:40.727","8","0","0","0","2113","0","0","0","N","0","0","0","2","02113","0","","1.0","1605.0","1","N","N","N","0","","0","0","0","","2","N","","2","1","0","0","0","1","0","2","0","2","","03","","N","","","","","","","","","",""
"2020020760","1807","0","0","0","0","0","0","0","0","0","7","0","55","02","2","2020","1","40.491117","-79.781699","1756","11","0","0","0","0","0","0","1","0","","0","0","0","","","0","N","0","","40 29:28.020","3","0","79 46:54.117","0","0","0","0","2466","0","0","0","N","0","0","0","2","68T02","0","","2.0","1845.0","1","N","N","N","0","","0","0","1","","0","N","","1","0","0","0","0","0","0","2","0","1","","","N","Y","8","1","","","N","","","Y","Y","N"
"2020014974","0848","0","0","0","0","0","0","0","0","0","7","0","","02","2","2020","6","40.267278","-79.946647","0841","11","0","0","0","0","0","0","0","0","","0","0","0","","","0","N","0","","40 16:02.200","6","0","79 56:47.930","0","0","0","0","2440","0","0","0","N","0","0","0","1","02440","0","","5.0","1057.0","7","N","N","N","1","","0","0","0","","0","N","","1","0","0","0","0","0","0","1","0","1","","","","N","","","","","","","","","",""
"2020017056","1225","1","0","0","0","0","0","0","0","0","7","0","","02","2","2020","5","40.385887","-79.894443","9999","11","0","0","0","0","0","0","0","0","","0","0","0","","","0","","2","","40 23:09.192","4","0","79 53:39.995","0","0","0","0","2473","0","0","0","N","0","0","0","1","02473","0","","5.0","1300.0","1","N","N","N","0","","0","0","0","","3","N","","1","0","0","0","0","0","0","2","0","1","","03","","N","","","","","","","","","",""
"2020054491","1540","1","0","0","1","0","1","0","0","0","8","0","","02","7","2020","7","40.455364","-80.053678","1536","11","0","1","0","0","0","0","0","0","","0","0","0","","","1","N","1","","40 27:19.310","","0","80 03:13.240","2","0","0","0","2301","1","0","1","N","0","0","0","3","02301","0","","1.0","","1","N","N","N","0","","0","1","0","","3","","","2","1","0","0","0","0","0","2","0","1","","","","N","","","","","","","","","",""
"2020054099","1250","0","0","0","0","0","0","0","0","0","1","1","","02","7","2020","6","40.432777","-79.996815","1247","11","0","0","0","0","0","1","0","0","","0","1","0","","","0","N","0","","40 25:57.997","2","3","79 59:48.533","0","0","0","0","2301","0","0","0","N","0","0","0","5","02301","0","","1.0","1350.0","1","N","N","Y","0","","0","0","0","","2","Y","","3","0","0","0","0","0","0","2","2","3","","","","N","","","","","","","","","",""
"2020016854","1620","1","0","0","0","0","0","0","0","0","7","0","","02","2","2020","5","40.433739","-80.010311","1616","11","0","0","0","0","0","0","0","0","","0","0","0","","","0","N","0","","40 26:01.460","","0","80 00:37.120","0","0","0","0","2301","0","0","0","N","0","0","0","1","02301","0","","2.0","","9","N","N","N","0","","0","0","0","","0","","","1","0","1","0","0","0","0","2","0","1","","04","","N","","","","","","","","","",""
"2020016186","0834","1","0","0","0","0","0","0","0","0","7","0","","02","2","2020","6","40.598467","-79.921207","0832","11","0","0","0","0","0","0","0","0","","0","0","0","","","2","N","0","","40 35:54.480","","0","79 55:16.346","8","0","0","0","2207","0","0","0","N","0","0","0","3","68T02","0","","4.0","","6","N","N","N","0","","0","0","1","","0","","","2","2","0","0","0","2","0","1","0","2","","10","","N","","","","","","","","","",""
"2020016026","2234","1","0","0","0","0","0","0","0","0","7","0","","02","2","2020","6","40.582708","-80.041963","2232","11","0","0","0","0","0","0","0","0","","0","0","0","","","1","N","0","","40 34:57.748","6","0","80 02:31.067","8","0","0","0","2108","0","0","0","N","0","0","0","1","02108","0","","2.0","2330.0","6","N","N","N","0","","0","0","0","","0","Y","","1","1","0","0","0","1","0","2","0","1","","","","N","","","","","","","","","",""
"2020018007","1535","1","0","0","0","0","0","0","0","0","4","0","","02","2","2020","2","40.426783","-79.977799","1530","11","0","0","0","0","0","0","0","0","","0","0","0","","","0","","1","","40 25:36.419","","0","79 58:40.078","0","0","0","0","2301","0","0","0","N","0","0","0","2","02301","0","","1.0","","1","N","N","N","0","","0","0","0","","3","","","2","0","0","0","0","0","0","2","1","2","","03","","N","","","","","","","","","",""
"2020056298","1321","2","0","0","0","0","0","0","0","0","1","0","","02","6","2020","5","40.439682","-80.188889","1306","11","0","0","0","0","0","2","0","0","","0","0","0","","","0","N","0","","40 26:22.856","","0","80 11:19.999","0","0","0","0","2214","0","0","0","N","0","0","0","2","68B03","0","","1.0","","1","N","N","N","0","","0","0","0","","0","","","2","0","0","0","0","0","0","2","0","2","","03","","N","","","","","","","","","",""
"2020018985","0955","0","0","0","0","0","0","0","0","0","1","0","","02","2","2020","6","40.360791","-80.111234","0946","11","0","0","0","0","0","0","1","0","","0","0","0","","","0","N","0","","40 21:38.846","","0","80 06:40.441","0","0","0","0","2414","0","0","0","N","0","0","0","2","02414","0","","1.0","","1","N","N","N","0","","0","0","2","","0","","","2","0","0","0","0","0","0","2","0","2","","","","N","","","","","","","","","",""
"2020016185","0759","1","0","0","0","0","0","0","0","0","7","0","","02","2","2020","6","40.410094","-79.724714","0738","11","0","0","0","0","0","0","0","0","","0","0","0","","","0","N","0","","40 24:36.337","","0","79 43:28.969","0","0","0","0","2446","0","0","0","N","0","0","0","1","68T09","0","","4.0","","9","N","N","N","0","","0","0","0","","0","","","1","0","0","0","0","0","0","2","0","1","","","","N","","","","","","","","","",""
"2020053749","1325","2","0","0","0","0","0","0","0","0","1","0","","02","7","2020","5","40.439984","-79.919574","1323","11","0","0","1","0","0","0","0","0","","0","0","0","","","1","","1","","40 26:23.942","1","0","79 55:10.466","3","0","0","0","2301","0","0","0","N","0","0","0","5","02301","0","","1.0","1345.0","1","N","N","N","0","","1","0","1","","0","N","","3","1","0","0","0","0","0","2","0","3","","","","N","","","","","","","","","",""
"2020015073","1742","1","0","0","0","0","0","0","0","0","7","0","","02","2","2020","7","40.592207","-79.888307","1738","11","0","0","0","0","0","1","0","0","","0","0","0","","","0","N","0","","40 35:31.944","4","0","79 53:17.904","0","0","0","0","2209","0","0","0","Y","0","0","0","1","02209","0","","4.0","1815.0","9","N","N","N","0","","0","0","0","","0","N","","1","0","0","0","0","0","0","1","0","1","","04","","N","","","","","","","","","",""
"2020014469","0849","1","0","0","0","0","0","0","0","0","7","0","","02","2","2020","6","40.390155","-79.952624","0845","11","0","0","0","0","0","0","0","0","","0","0","0","","","0","N","0","","40 23:24.559","3","0","79 57:09.447","0","0","0","0","2403","0","0","0","N","0","0","0","1","02403","0","","5.0","936.0","6","N","N","N","0","","0","0","0","","0","N","","1","0","0","0","0","0","0","2","0","1","","","","N","","","","","","","","","",""
"2020055803","1410","1","0","0","0","0","0","0","0","0","1","0","","02","7","2020","5","40.583734","-80.099295","1350","11","0","0","0","0","0","2","0","0","","0","0","0","","","0","N","0","","40 35:01.442","2","0","80 05:57.462","0","0","0","0","2481","0","0","0","N","0","0","0","2","68B03","0","","1.0","1440.0","9","N","N","Y","0","","0","0","1","","0","N","","2","0","0","0","0","0","0","2","0","2","","","","N","","","","","","","","","",""
"2020018285","1154","0","0","0","0","0","0","0","0","0","3","0","","02","2","2020","3","40.459331","-79.969139","1150","11","0","0","0","0","0","0","1","0","","0","0","0","","","0","N","0","","40 27:33.590","","0","79 58:08.900","0","0","0","0","2301","0","0","0","N","0","0","0","2","02301","0","","1.0","","1","N","N","N","2","","0","0","0","","0","","","2","0","0","0","0","0","0","2","0","2","","04","","N","","","","","","","","","",""