"CRN","ARRIVAL_TM","AUTOMOBILE_COUNT","BELTED_DEATH_COUNT","BELTED_SUSP_SERIOUS_INJ_COUNT","BICYCLE_COUNT","BICYCLE_DEATH_COUNT","BICYCLE_SUSP_SERIOUS_INJ_COUNT","BUS_COUNT","CHLDPAS_DEATH_COUNT","CHLDPAS_SUSP_SERIOUS_INJ_COUNT","COLLISION_TYPE","COMM_VEH_COUNT","CONS_ZONE_SPD_LIM","COUNTY","CRASH_MONTH","CRASH_YEAR","DAY_OF_WEEK","DEC_LATITUDE","DEC_LONGITUDE","DISPATCH_TM","DISTRICT","DRIVER_COUNT_16YR","DRIVER_COUNT_17YR","DRIVER_COUNT_18YR","DRIVER_COUNT_19YR","DRIVER_COUNT_20YR","DRIVER_COUNT_50_64YR","DRIVER_COUNT_65_74YR","DRIVER_COUNT_75PLUS","EST_HRS_CLOSED","FATAL_COUNT","HEAVY_TRUCK_COUNT","HORSE_BUGGY_COUNT","HOUR_OF_DAY","ILLUMINATION","INJURY_COUNT","INTERSECTION_RELATED","INTERSECT_TYPE","LANE_CLOSED","LATITUDE","LN_CLOSE_DIR","LOCATION_TYPE","LONGITUDE","MAX_SEVERITY_LEVEL","MCYCLE_DEATH_COUNT","MCYCLE_SUSP_SERIOUS_INJ_COUNT","MOTORCYCLE_COUNT","MUNICIPALITY","NONMOTR_COUNT","NONMOTR_DEATH_COUNT","NONMOTR_SUSP_SERIOUS_INJ_COUNT","NTFY_HIWY_MAINT","PED_COUNT","PED_DEATH_COUNT","PED_SUSP_SERIOUS_INJ_COUNT","PERSON_COUNT","POLICE_AGCY","POSSIBLE_INJ_COUNT","RDWY_SURF_TYPE_CD","RELATION_TO_ROAD","ROADWAY_CLEARED","ROAD_CONDITION","SCH_BUS_IND","SCH_ZONE_IND","SECONDARY_CRASH","SMALL_TRUCK_COUNT","SPEC_JURIS_CD","SUSP_MINOR_INJ_COUNT","SUSP_SERIOUS_INJ_COUNT","SUV_COUNT","TCD_FUNC_CD","TCD_TYPE","TFC_DETOUR_IND","TIME_OF_DAY","TOTAL_UNITS","TOT_INJ_COUNT","UNBELTED_OCC_COUNT","UNB_DEATH_COUNT","UNB_SUSP_SERIOUS_INJ_COUNT","UNK_INJ_DEG_COUNT","UNK_INJ_PER_COUNT","URBAN_RURAL","VAN_COUNT","VEHICLE_COUNT","WEATHER1","WEATHER2","WORKERS_PRES","WORK_ZONE_IND","WORK_ZONE_LOC","WORK_ZONE_TYPE","WZ_CLOSE_DETOUR","WZ_FLAGGER","WZ_LAW_OFFCR_IND","WZ_LN_CLOSURE","WZ_MOVING","WZ_OTHER","WZ_SHLDER_MDN","WZ_WORKERS_INJ_KILLED"
"2020017663","1436","1","0","0","0","0","0","0","0","0","0","0","","02","2","2020","7","40.548572","-79.838208","1429","11","0","0","0","0","0","0","0","0","","0","0","0","","","0","","6","","40 32:54.860","4","2","79 50:17.548","0","0","0","0","2208","0","0","0","N","0","0","0","2","02208","0","","2.0","1458.0","1","N","N","N","0","","0","0","0","","0","Y","","1","0","0","0","0","0","0","2","0","1","","03","","N","","","","","","","","","",""
"2020017810","0620","1","0","0","0","0","0","0","0","0","98","0","","02","2","2020","4","40.615548","-79.937094","0610","11","0","0","0","0","0","1","0","0","","0","0","0","","","0","N","0","","40 36:55.973","","0","79 56:13.538","0","0","0","0","2207","0","0","0","N","0","0","0","1","02207","0","","5.0","","2","N","N","N","0","","0","0","0","","0","","","1","0","0","0","0","0","0","2","0","1","","","","N","","","","","","","","","",""
"2020016771","1128","2","0","0","0","0","0","0","0","0","1","0","","02","2","2020","5","40.585646","-80.069069","1125","11","0","0","0","0","0","0","0","0","","0","0","0","","","1","","2","","40 35:08.325","2","0","80 04:08.648","3","0","0","0","2481","0","0","0","N","0","0","0","2","02481","0","","1.0","1212.0","9","N","N","N","0","","1","0","0","","3","N","","2","1","0","0","0","0","0","2","0","2","","","","N","","","","","","","","","",""
"2020018817","2347","1","0","0","0","0","0","0","0","0","7","0","","02","2","2020","1","40.511572","-80.249665","2347","11","0","0","0","0","0","0","0","0","","0","0","0","","","0","N","2","","40 30:41.658","4","0","80 14:58.795","0","0","0","0","2213","0","0","0","N","0","0","0","1","02213","0","","5.0","27.0","1","N","N","N","0","","0","0","0","","3","N","","1","0","0","0","0","0","0","2","0","1","","","","N","","","","","","","","","",""
"2020022040","1816","1","0","0","0","0","0","0","0","0","4","0","","02","2","2020","6","40.347455","-79.944813","1813","11","0","0","0","1","0","0","0","0","","0","0","0","","","0","","5","","40 20:50.838","","0","79 56:41.328","0","0","0","0","2473","0","0","0","N","0","0","0","4","02473","0","","1.0","","1","N","N","N","0","","0","0","1","","3","","","2","0","0","0","0","0","0","2","0","2","","03","","N","","","","","","","","","",""
"2020086498","1315","0","0","0","0","0","0","0","0","0","3","0","","02","10","2020","2","40.549069","-79.886583","1306","11","0","0","0","0","0","0","0","0","","0","0","0","","","0","N","0","","40 32:56.648","","7","79 53:11.700","0","0","0","0","2209","0","0","0","N","0","0","0","1","02209","0","","4.0","","1","N","N","N","0","","0","0","1","","0","","","2","0","1","0","0","0","0","2","1","2","","","","N","","","","","","","","","",""
"2020017487","2040","1","0","0","0","0","0","0","0","0","7","0","","02","2","2020","3","40.420956","-79.886956","2040","11","0","0","0","0","0","0","0","0","","0","0","0","","","0","N","0","","40 25:15.440","","0","79 53:13.040","9","0","0","0","2463","0","0","0","N","0","0","0","1","02503","0","","4.0","","1","N","N","N","0","","0","0","0","","0","","","1","0","0","0","0","0","1","2","0","1","","03","","N","","","","","","","","","",""
"2020086355","1014","0","0","0","0","0","0","0","0","0","7","0","","02","10","2020","5","40.500428","-80.209206","1011","11","0","0","0","0","0","0","0","1","","0","0","0","","","0","N","0","","40 30:01.540","2","0","80 12:33.140","0","0","0","0","2213","0","0","0","N","0","0","0","1","02213","0","","2.0","1047.0","1","N","N","N","0","","0","0","1","","0","N","","1","0","0","0","0","0","0","2","0","1","","","","N","","","","","","","","","",""
"2020016307","0724","0","0","0","0","0","0","0","0","0","0","0","","02","2","2020","4","40.454944","-79.968489","0720","11","0","0","0","0","0","1","0","0","","0","0","0","","","0","N","0","","40 27:17.798","1","0","79 58:06.561","0","0","0","0","2301","0","0","0","N","0","0","0","1","02301","0","","4.0","755.0","2","N","N","N","1","","0","0","0","","0","N","","1","0","0","0","0","0","0","2","0","1","","98","","N","","","","","","","","","",""
"2020017377","1456","2","0","0","0","0","0","0","0","0","1","0","","02","2","2020","6","40.432518","-79.86531","1448","11","0","0","0","0","0","0","1","0","","0","0","0","","","1","Y","0","","40 25:57.066","3","0","79 51:55.117","8","0","0","0","2431","0","0","0","N","0","0","0","2","02431","0","","1.0","1600.0","1","N","N","N","0","","0","0","0","","2","N","","2","1","0","0","0","1","0","2","0","2","","","","N","","","","","","","","","",""
"2020014855","1409","3","0","0","0","0","0","0","0","0","4","0","","02","2","2020","6","40.607592","-79.94721","1404","11","0","0","1","0","0","0","0","1","","0","0","0","","","1","N","0","","40 36:27.331","5","7","79 56:49.956","3","0","0","0","2207","0","0","0","N","0","0","0","4","02207","0","","1.0","1439.0","9","N","N","N","0","","1","0","0","","0","Y","","3","1","0","0","0","0","0","2","0","3","","","","N","","","","","","","","","",""
"2020013996","1137","0","0","0","0","0","0","0","0","0","7","0","","02","2","2020","4","40.347885","-79.891004","1130","11","0","0","0","0","0","1","0","0","","0","0","0","","","0","Y","0","","40 20:52.385","","3","79 53:27.614","0","0","0","0","2423","0","0","0","N","0","0","0","1","02304","0","","2.0","","9","N","N","N","1","","0","0","0","","0","","","1","0","0","0","0","0","0","2","0","1","","07","","N","","","","","","","","","",""
"2020018355","0647","1","0","0","0","0","0","0","0","0","7","0","","02","2","2020","2","40.550834","-80.086787","0630","11","0","0","0","0","0","0","0","0","","0","0","0","","","0","N","0","","40 33:03.003","2","3","80 05:12.434","0","0","0","0","2215","0","0","0","N","0","0","0","1","68B03","0","","4.0","30.0","1","N","N","N","0","","0","0","0","","0","N","","1","0","0","0","0","0","0","2","0","1","","","","N","","","","","","","","","",""
"2020015915","1247","2","0","0","0","0","0","0","0","0","4","0","","02","2","2020","3","40.406237","-79.978382","1244","11","1","0","0","0","0","1","0","0","","0","0","0","","","1","N","2","","40 24:22.453","6","0","79 58:42.175","3","0","0","0","2301","0","0","0","N","0","0","0","4","02301","0","","1.0","1340.0","1","N","N","N","0","","1","0","0","","3","N","","2","1","1","0","0","0","0","2","0","2","","03","","N","","","","","","","","","",""
"2020016824","0328","1","0","0","0","0","0","0","0","0","7","0","","02","2","2020","2","40.361277","-80.099945","0326","11","0","0","0","0","1","0","0","0","","0","0","0","","","0","N","0","","40 21:40.597","","0","80 05:59.802","0","0","0","0","2414","0","0","0","N","0","0","0","2","02414","0","","5.0","","9","N","N","N","0","","0","0","0","","0","","","1","0","0","0","0","0","0","2","0","1","","","","N","","","","","","","","","",""
"2020017716","1905","1","0","0","0","0","0","0","0","0","7","0","","02","2","2020","2","40.546542","-79.961553","1900","11","0","0","0","0","0","0","0","0","","0","0","0","","","0","N","0","","40 32:47.550","2","7","79 57:41.589","0","0","0","0","2118","0","0","0","N","0","0","0","1","02118","0","","4.0","1930.0","1","N","N","N","0","","0","0","0","","0","N","","1","0","0","0","0","0","0","2","0","1","","03","","N","","","","","","","","","",""
"2020015424","1220","1","0","0","0","0","0","1","0","0","1","1","","02","2","2020","1","40.402861","-79.916801","1204","11","0","0","0","0","0","1","0","0","","0","0","0","","","0","N","2","","40 24:10.301","4","0","79 55:00.483","0","0","0","0","2472","0","0","0","N","0","0","0","3","02503","0","","1.0","1245.0","1","N","N","N","0","","0","0","0","","2","Y","","2","0","0","0","0","0","0","2","0","2","","98","","N","","","","","","","","","",""
"2020014107","1225","1","0","0","0","0","0","0","0","0","7","0","","02","2","2020","5","40.4362","-79.994741","1219","11","0","0","0","0","0","0","0","0","","0","0","0","","","1","N","0","","40 26:10.321","","2","79 59:41.068","3","0","0","0","2301","0","0","0","N","0","0","0","1","02301","0","","2.0","","9","N","N","N","0","","1","0","0","","0","","","1","1","1","0","0","0","0","2","0","1","","04","","N","","","","","","","","","",""
"2020016598","1656","2","0","0","0","0","0","0","0","0","1","0","","02","2","2020","4","40.52084","-80.005064","1652","11","0","0","0","1","0","0","0","0","","0","0","0","","","0","N","0","","40 31:15.024","1","0","80 00:18.231","0","0","0","0","2116","0","0","0","N","0","0","0","2","02116","0","","1.0","1712.0","9","N","N","N","0","","0","0","0","","0","N","","2","0","0","0","0","0","0","2","0","2","","04","","N","","","","","","","","","",""
"2020016835","1436","2","0","0","0","0","0","0","0","0","4","0","","02","2","2020","5","40.412965","-80.010008","1427","11","0","0","0","0","0","0","1","0","","0","0","0","","","1","","1","","40 24:46.673","3","0","80 00:36.027","3","0","0","0","2301","0","0","0","N","0","0","0","2","02301","0","","1.0","1446.0","1","N","N","N","0","","1","0","0","","2","N","","2","1","0","0","0","0","0","2","0","2","","98","","N","","","","","","","","","",""
"2020055283","1512","0","0","0","0","0","0","0","0","0","1","0","","02","7","2020","3","40.540608","-79.814729","1508","11","0","0","0","0","0","1","0","0","","0","0","0","","","0","N","0","","40 32:26.190","","0","79 48:53.024","0","0","0","0","2208","0","0","0","N","0","0","0","2","02208","0","","1.0","","1","N","N","N","2","","0","0","0","","0","","","2","0","2","0","0","0","0","2","0","2","","03","","N","","","","","","","","","",""
"2020058041","1445","0","0","0","0","0","0","0","0","0","1","0","35","02","7","2020","4","40.460014","-80.047845","1430","11","0","0","0","0","0","0","0","0","","0","0","0","","","0","N","0","","40 27:36.049","","0","80 02:52.242","0","0","0","0","2301","0","0","0","N","0","0","0","2","02301","0","","1.0","","1","N","N","N","0","","0","0","2","","0","","","2","0","0","0","0","0","0","2","0","2","","03","N","Y","4","1","","","N","Y","","","","N"
"2020013938","1951","1","0","0","0","0","0","0","0","0","1","0","","02","2","2020","4","40.447691","-79.938848","1951","11","0","0","0","0","0","0","0","0","","0","0","0","","","0","","2","","40 26:51.689","6","0","79 56:19.852","9","0","0","0","2301","0","0","0","N","0","0","0","5","02301","0","","1.0","2100.0","9","N","N","N","0","","0","0","3","","2","N","","4","0","0","0","0","0","1","2","0","4","","07","","N","","","","","","","","","",""
"2020016264","0015","0","0","0","0","0","0","0","0","0","7","0","","02","2","2020","5","40.474709","-79.707393","0015","11","0","0","0","0","0","0","0","0","","0","0","0","","","0","N","0","","40 28:28.952","2","0","79 42:26.615","0","0","0","0","2466","0","0","0","N","0","0","0","1","02466","0","","5.0","115.0","9","N","N","N","0","","0","0","1","","0","N","","1","0","0","0","0","0","0","2","0","1","","","","N","","","","","","","","","",""
"2020020018","1025","3","0","0","0","0","0","0","0","0","7","0","","02","2","2020","5","40.478526","-79.752948","1023","11","0","0","0","0","0","0","0","1","","0","0","0","","","1","N","0","","40 28:42.693","1","0","79 45:10.613","8","0","0","0","2466","0","0","0","N","0","0","0","1","02466","0","","5.0","1143.0","1","N","N","N","0","","0","0","0","","0","Y","","3","1","0","0","0","1","0","2","0","3","","","","N","","","","","","","","","",""
"2020018570","2003","0","0","0","0","0","0","0","0","0","4","0","","02","2","2020","3","40.328971","-79.945093","2002","11","0","0","0","0","0","0","0","0","","0","0","0","","","0","Y","0","","40 19:44.297","1","7","79 56:42.333","0","0","0","0","2454","0","0","0","N","0","0","0","2","02454","0","","1.0","2030.0","1","N","N","N","0","","0","0","2","","0","N","","2","0","0","0","0","0","0","2","0","2","","98","","N","","","","","","","","","",""
"2020023726","2216","2","0","0","0","0","0","0","0","0","4","0","","02","2","2020","5","40.372942","-80.099273","2211","11","0","0","1","0","0","0","0","0","","0","0","0","","","0","N","1","","40 22:22.592","6","0","80 05:57.384","0","0","0","0","2102","0","0","0","N","0","0","0","2","02102","0","","1.0","2242.0","1","N","N","N","0","","0","0","0","","2","N","","2","0","0","0","0","0","0","2","0","2","","","","N","","","","","","","","","",""
"2020019081","1308","2","0","0","0","0","0","0","0","0","4","0","","02","2","2020","2","40.404846","-79.910658","1306","11","0","0","0","0","1","0","0","0","","0","0","0","","","0","N","1","","40 24:17.446","","0","79 54:38.367","0","0","0","0","2438","0","0","0","N","0","0","0","2","02438","0","","1.0","","1","N","N","N","0","","0","0","0","","3","","","2","0","0","0","0","0","0","2","0","2","","","","N","","","","","","","","","",""
"2020021529","1921","1","0","0","0","0","0","0","0","0","2","0","","02","2","2020","4","40.503425","-79.977389","1921","11","0","0","0","0","0","0","0","0","","0","0","0","","","0","N","0","","40 30:12.330","","0","79 58:38.600","0","0","0","0","2118","0","0","0","N","0","0","0","1","02118","0","","1.0","","1","N","N","N","1","","0","0","0","","0","","","2","0","0","0","0","0","0","2","0","2","","03","","N","","","","","","","","","",""
"2020017873","0048","1","0","0","0","0","0","0","0","0","7","0","","02","2","2020","2","40.456902","-79.938565","0043","11","0","0","0","0","0","0","0","0","","0","0","0","","","0","","1","","40 27:24.847","","0","79 56:18.833","0","0","0","0","2301","0","0","0","N","0","0","0","1","02301","0","","2.0","","1","N","N","N","0","","0","0","0","","2","","","1","0","0","0","0","0","0","2","0","1","","","","N","","","","","","","","","",""
"2020014455","0915","3","0","0","0","0","0","0","0","0","5","0","","02","2","2020","6","40.418742","-79.9227","0846","11","0","0","0","0","0","1","0","0","","0","0","0","","","0","N","0","","40 25:07.470","","0","79 55:21.720","0","0","0","0","2301","0","0","0","N","0","0","0","3","02301","0","","1.0","","7","N","N","N","0","","0","0","0","","0","","","3","0","0","0","0","0","0","2","0","3","","03","","N","","","","","","","","","",""
"2020056322","0139","0","0","0","0","0","0","0","0","0","7","0","","02","7","2020","5","40.472031","-80.220673","0134","11","0","0","0","0","0","0","0","0","","0","0","0","","","0","N","0","","40 28:19.311","","0","80 13:14.421","0","0","0","0","2203","0","0","0","N","0","0","0","1","68B03","0","","2.0","","1","N","N","N","0","","0","0","1","","0","","","1","0","0","0","0","0","0","2","0","1","","03","","N","","","","","","","","","",""
"2020020564","2324","0","0","0","0","0","0","0","0","0","7","0","","02","2","2020","6","40.378423","-80.148535","2318","11","0","0","0","0","0","0","0","0","","0","0","0","","","0","","2","","40 22:42.324","","0","80 08:54.727","9","0","0","0","2119","0","0","0","N","0","0","0","1","02119","0","","5.0","","2","N","N","N","0","","0","0","0","","0","N","","1","0","0","0","0","0","1","2","1","1","","","","N","","","","","","","","","",""
"2020020085","2308","1","0","0","0","0","0","0","0","0","7","0","","02","2","2020","4","40.382165","-79.928731","2308","11","0","0","0","0","0","0","0","0","","0","0","0","","","1","N","0","","40 22:55.795","","0","79 55:43.433","4","0","0","0","2301","0","0","0","N","0","0","0","1","02301","1","","5.0","","99","N","N","N","0","","0","0","0","","0","","","1","1","0","0","0","0","0","2","0","1","","","","N","","","","","","","","","",""
"2020018621","1328","0","0","0","0","0","0","0","0","0","1","0","","02","2","2020","3","40.460299","-79.952736","1321","11","0","0","0","0","0","0","0","1","","0","0","0","","","0","N","1","","40 27:37.077","","0","79 57:09.848","0","0","0","0","2301","0","0","0","N","0","0","0","1","02301","0","","1.0","","9","N","N","Y","0","","0","0","2","","3","","","2","0","0","0","0","0","0","2","0","2","","","","N","","","","","","","","","",""
"2020018633","0939","0","0","0","0","0","0","0","0","0","4","0","","02","2","2020","5","40.581484","-80.065488","0933","11","0","0","0","0","0","0","0","0","","0","0","0","","","0","","1","","40 34:53.342","","0","80 03:55.756","0","0","0","0","2108","0","0","0","N","0","0","0","4","02108","0","","1.0","","9","N","N","N","0","","0","0","1","","0","","","2","0","0","0","0","0","0","2","1","2","","","","N","","","","","","","","","",""
"2020014106","1200","1","0","0","0","0","0","0","0","0","5","0","","02","2","2020","5","40.470626","-79.960346","1150","11","0","0","0","0","0","0","0","0","","0","0","0","","","0","N","1","","40 28:14.255","","0","79 57:37.245","0","0","0","0","2301","0","0","0","N","0","0","0","1","02301","0","","1.0","","9","N","N","N","0","","0","0","0","","0","N","","2","0","0","0","0","0","0","2","0","2","","07","","N","","","","","","","","","",""
"2020016429","1744","1","0","0","0","0","0","0","0","0","1","0","","02","2","2020","3","40.346361","-79.881231","1743","11","0","0","0","0","0","0","0","0","","0","0","0","","","0","N","0","","40 20:46.900","","0","79 52:52.430","9","0","0","0","2304","0","0","0","N","0","0","0","2","02304","0","","1.0","","1","N","N","N","0","","0","0","1","","0","","","2","0","0","0","0","0","1","2","0","2","","03","","N","","","","","","","","","",""
"2020020101","0421","0","0","0","0","0","0","0","0","0","7","0","","02","2","2020","2","40.493756","-79.975643","0418","11","0","0","0","0","0","0","0","0","","0","0","0","","","0","Y","0","","40 29:37.521","5","0","79 58:32.313","0","0","0","0","2445","0","0","0","N","0","0","0","1","02445","0","","5.0","547.0","1","N","N","N","1","","0","0","0","","2","N","","1","0","0","0","0","0","0","2","0","1","","03","","N","","","","","","","","","",""
"2020014803","0538","0","0","0","0","0","0","0","0","0","4","1","","02","2","2020","6","40.477901","-79.809646","0515","11","0","0","0","0","0","2","0","0","","0","1","0","","","0","N","0","","40 28:40.442","5","0","79 48:34.727","0","0","0","0","2113","0","0","0","N","0","0","0","2","02503","0","","1.0","600.0","7","N","N","N","0","","0","0","0","","0","N","","2","0","0","0","0","0","0","2","1","2","","09","","N","","","","","","","","","",""
"2020017092","0751","1","0","0","0","0","0","0","0","0","1","0","","02","2","2020","5","40.428347","-79.946963","0722","11","0","0","0","0","0","0","0","0","","0","0","0","","","0","N","0","","40 25:42.049","","0","79 56:49.067","0","0","0","0","2301","0","0","0","N","0","0","0","2","68B03","0","","1.0","","9","N","N","N","0","","0","0","1","","0","","","2","0","0","0","0","0","0","2","0","2","","","","N","","","","","","","","","",""
"2020026197","0505","1","0","0","0","0","0","0","0","0","4","0","","02","2","2020","6","40.512181","-80.10472","0500","11","0","0","0","0","0","1","0","0","","0","0","0","","","0","N","2","","40 30:43.850","","0","80 06:16.993","0","0","0","0","2429","0","0","0","N","0","0","0","2","02215","0","","1.0","","7","N","N","N","1","","0","0","0","","3","N","","2","0","0","0","0","0","0","2","0","2","","10","","N","","","","","","","","","",""
"2020015450","0658","2","0","0","0","0","0","0","0","0","4","0","","02","2","2020","2","40.475102","-80.095863","0654","11","0","0","0","0","0","2","0","0","","0","0","0","","","0","","2","","40 28:30.367","7","0","80 05:45.106","0","0","0","0","2126","0","0","0","N","0","0","0","3","02126","0","","1.0","738.0","9","N","N","N","0","","0","0","0","","3","N","","2","0","1","0","0","0","0","2","0","2","","","","N","","","","","","","","","",""
"2020017828","1926","2","0","0","0","0","0","0","0","0","4","0","","02","2","2020","1","40.491558","-80.061268","1924","11","0","0","0","0","0","1","0","0","","0","0","0","","","0","","2","","40 29:29.609","2","7","80 03:40.563","0","0","0","0","2404","0","0","0","N","0","0","0","2","02404","0","","1.0","2000.0","1","N","N","N","0","","0","0","0","","2","N","","2","0","0","0","0","0","0","2","0","2","","03","","N","","","","","","","","","",""
"2020016334","1854","1","0","0","0","0","0","0","0","0","5","0","","02","2","2020","3","40.347592","-79.945797","1850","11","0","0","0","0","0","1","0","0","","0","0","0","","","0","N","0","","40 20:51.330","","0","79 56:44.870","0","0","0","0","2473","0","0","0","N","0","0","0","2","02473","0","","1.0","","1","N","N","N","0","","0","0","1","","0","","","2","0","0","0","0","0","0","2","0","2","","03","","N","","","","","","","","","",""
"2020014872","1639","2","0","0","0","0","0","0","0","0","4","0","","02","2","2020","6","40.375233","-79.975564","1637","11","0","0","0","0","0","0","0","0","","0","0","0","","","0","N","2","","40 22:30.838","","0","79 58:32.030","0","0","0","0","2413","0","0","0","N","0","0","0","3","02413","0","","1.0","","1","N","N","N","0","","0","0","0","","3","","","2","0","0","0","0","0","0","2","0","2","","","","N","","","","","","","","","",""
"2020018617","1417","2","0","0","0","0","0","0","0","0","4","0","","02","2","2020","3","40.441256","-79.963628","1409","11","0","0","0","1","0","0","0","0","","0","0","0","","","1","N","0","","40 26:28.520","6","7","79 57:49.060","3","0","0","0","2301","0","0","0","N","0","0","0","3","02301","0","","1.0","1445.0","1","N","N","N","0","","1","0","0","","0","Y","","2","1","1","0","0","0","0","2","0","2","","04","","N","","","","","","","","","",""
"2020055157","1530","0","0","0","0","0","0","0","0","0","7","0","","02","7","2020","6","40.356209","-80.016019","1517","11","0","0","0","0","0","0","0","0","","0","0","0","","","0","N","0","","40 21:22.354","","0","80 00:57.670","0","0","0","0","2407","0","0","0","N","0","0","0","1","02407","0","","2.0","","1","N","N","N","1","","0","0","0","","0","","","1","0","0","0","0","0","0","2","0","1","","","","N","","","","","","","","","",""
"2020015912","1304","3","0","0","0","0","0","0","0","0","2","0","","02","2","2020","3","40.48235","-79.820512","1300","11","0","0","0","0","0","2","0","0","","0","0","0","","","1","N","0","","40 28:56.460","6","0","79 49:13.843","8","0","0","0","2113","0","0","0","N","0","0","0","3","02113","0","","1.0","1340.0","9","N","N","N","0","","0","0","0","","0","N","","3","1","1","0","0","1","0","2","0","3","","","","N","","","","","","","","","",""
"2020015495","1117","1","0","0","0","0","0","0","0","0","7","0","","02","2","2020","2","40.392578","-79.986567","1105","11","0","0","0","0","0","0","0","0","","0","0","0","","","0","N","0","","40 23:33.280","","0","79 59:11.640","9","0","0","0","2301","0","0","0","N","0","0","0","1","02301","0","","5.0","","9","N","N","N","0","","0","0","0","","0","","","1","0","0","0","0","0","1","2","0","1","","07","","N","","","","","","","","","",""
"2020017423","1158","1","0","0","0","0","0","0","0","0","7","0","","02","2","2020","7","40.455203","-79.967526","1146","11","0","0","0","0","0","1","0","0","","0","0","0","","","0","N","0","","40 27:18.732","3","0","79 58:03.094","0","0","0","0","2301","0","0","0","N","0","0","0","1","02301","0","","3.0","1230.0","2","N","N","N","0","","0","0","0","","0","N","","1","0","0","0","0","0","0","2","0","1","","","","N","","","","","","","","","",""
"2020083803","1246","2","0","0","0","0","0","0","0","0","1","0","","02","10","2020","6","40.411015","-80.005934","1244","11","0","0","0","0","0","0","0","0","","0","0","0","","","0","N","1","","40 24:39.653","","0","80 00:21.363","0","0","0","0","2301","0","0","0","N","0","0","0","2","02301","0","","1.0","","1","N","N","N","0","","0","0","0","","2","","","2","0","1","0","0","0","0","2","0","2","","03","","N","","","","","","","","","",""
"2020016180","0645","2","0","0","0","0","0","0","0","0","4","0","","02","2","2020","6","40.433867","-79.747839","0618","11","0","0","0","0","0","0","0","0","","0","0","0","","","0","N","6","","40 26:01.920","","0","79 44:52.220","0","0","0","0","2446","0","0","0","N","0","0","0","2","68T09","0","","1.0","","9","N","N","N","0","","0","0","0","","4","","","2","0","0","0","0","0","0","2","0","2","","10","","N","","","","","","","","","",""
"2020018700","0907","1","0","0","0","0","0","0","0","0","4","0","","02","2","2020","3","40.328274","-80.038477","0907","11","0","0","0","0","0","1","0","0","","0","0","0","","","0","N","2","","40 19:41.787","","0","80 02:18.518","0","0","0","0","2407","0","0","0","Y","0","0","0","2","02407","0","","1.0","","1","N","N","N","1","","0","0","0","","0","","","2","0","0","0","0","0","0","2","0","2","","","","N","","","","","","","","","",""
"2020054718","1723","0","0","0","0","0","0","0","0","0","2","0","","02","7","2020","1","40.383559","-79.995717","1717","11","0","0","0","0","0","0","0","0","","0","0","0","","","1","N","2","","40 23:00.811","1","0","79 59:44.582","2","0","1","1","2301","0","0","0","N","0","0","0","7","02301","0","","1.0","1805.0","1","N","N","N","0","","0","1","1","","0","Y","","2","1","0","0","0","0","0","2","0","2","","04","","N","","","","","","","","","",""
"2020016037","2202","0","0","0","0","0","0","0","0","0","7","0","","02","2","2020","2","40.531525","-79.866344","2158","11","0","0","0","0","0","0","1","0","","0","0","0","","","1","N","0","","40 31:53.490","","0","79 51:58.840","8","0","0","0","2432","0","0","0","N","0","0","0","1","02432","0","","5.0","","9","N","N","N","1","","0","0","0","","0","","","1","1","0","0","0","1","0","2","0","1","","","","N","","","","","","","","","",""
"2020056390","2124","2","0","0","0","0","0","0","0","0","2","0","","02","7","2020","1","40.593913","-79.996935","2122","11","0","0","2","0","0","0","0","0","","0","0","0","","","0","N","1","","40 35:38.087","","0","79 59:48.966","0","0","0","0","2108","0","0","0","N","0","0","0","3","02501","0","","1.0","","1","N","N","N","0","","0","0","0","","2","N","","2","0","0","0","0","0","0","2","0","2","","03","","N","","","","","","","","","",""
"2020015171","1126","1","0","0","0","0","0","0","0","0","1","0","","02","2","2020","1","40.356395","-80.119094","1126","11","0","0","0","0","0","0","0","0","","0","0","0","","","0","N","2","","40 21:23.023","","2","80 07:08.739","0","0","0","0","2119","0","0","0","N","0","0","0","3","02119","0","","1.0","","1","N","N","N","0","","0","0","1","","0","","","2","0","0","0","0","0","0","2","0","2","","04","","N","","","","","","","","","",""
"2020056988","1859","1","0","0","0","0","0","0","0","0","5","0","","02","7","2020","7","40.314725","-79.917036","1851","11","0","0","0","0","0","2","0","0","","0","0","0","","","2","Y","0","","40 18:53.011","5","0","79 55:01.330","3","0","0","0","2440","0","0","0","N","0","0","0","7","02440","0","","1.0","1938.0","1","N","N","N","1","","2","0","2","","0","N","","4","2","3","0","0","0","0","2","0","4","","03","","N","","","","","","","","","",""
"2020060378","1529","1","0","0","0","0","0","0","0","0","7","0","","02","7","2020","5","40.354433","-80.159167","1525","11","0","0","1","0","0","0","0","0","","0","0","0","","","0","N","0","","40 21:15.960","","7","80 09:33.000","0","0","0","0","2119","0","0","0","N","0","0","0","1","02119","0","","2.0","","9","","","Y","0","","0","0","1","","0","","","2","0","0","0","0","0","0","2","0","2","","","","N","","","","","","","","","",""