"CRN","ARRIVAL_TM","AUTOMOBILE_COUNT","BELTED_DEATH_COUNT","BELTED_SUSP_SERIOUS_INJ_COUNT","BICYCLE_COUNT","BICYCLE_DEATH_COUNT","BICYCLE_SUSP_SERIOUS_INJ_COUNT","BUS_COUNT","CHLDPAS_DEATH_COUNT","CHLDPAS_SUSP_SERIOUS_INJ_COUNT","COLLISION_TYPE","COMM_VEH_COUNT","CONS_ZONE_SPD_LIM","COUNTY","CRASH_MONTH","CRASH_YEAR","DAY_OF_WEEK","DEC_LATITUDE","DEC_LONGITUDE","DISPATCH_TM","DISTRICT","DRIVER_COUNT_16YR","DRIVER_COUNT_17YR","DRIVER_COUNT_18YR","DRIVER_COUNT_19YR","DRIVER_COUNT_20YR","DRIVER_COUNT_50_64YR","DRIVER_COUNT_65_74YR","DRIVER_COUNT_75PLUS","EST_HRS_CLOSED","FATAL_COUNT","HEAVY_TRUCK_COUNT","HORSE_BUGGY_COUNT","HOUR_OF_DAY","ILLUMINATION","INJURY_COUNT","INTERSECTION_RELATED","INTERSECT_TYPE","LANE_CLOSED","LATITUDE","LN_CLOSE_DIR","LOCATION_TYPE","LONGITUDE","MAX_SEVERITY_LEVEL","MCYCLE_DEATH_COUNT","MCYCLE_SUSP_SERIOUS_INJ_COUNT","MOTORCYCLE_COUNT","MUNICIPALITY","NONMOTR_COUNT","NONMOTR_DEATH_COUNT","NONMOTR_SUSP_SERIOUS_INJ_COUNT","NTFY_HIWY_MAINT","PED_COUNT","PED_DEATH_COUNT","PED_SUSP_SERIOUS_INJ_COUNT","PERSON_COUNT","POLICE_AGCY","POSSIBLE_INJ_COUNT","RDWY_SURF_TYPE_CD","RELATION_TO_ROAD","ROADWAY_CLEARED","ROAD_CONDITION","SCH_BUS_IND","SCH_ZONE_IND","SECONDARY_CRASH","SMALL_TRUCK_COUNT","SPEC_JURIS_CD","SUSP_MINOR_INJ_COUNT","SUSP_SERIOUS_INJ_COUNT","SUV_COUNT","TCD_FUNC_CD","TCD_TYPE","TFC_DETOUR_IND","TIME_OF_DAY","TOTAL_UNITS","TOT_INJ_COUNT","UNBELTED_OCC_COUNT","UNB_DEATH_COUNT","UNB_SUSP_SERIOUS_INJ_COUNT","UNK_INJ_DEG_COUNT","UNK_INJ_PER_COUNT","URBAN_RURAL","VAN_COUNT","VEHICLE_COUNT","WEATHER1","WEATHER2","WORKERS_PRES","WORK_ZONE_IND","WORK_ZONE_LOC","WORK_ZONE_TYPE","WZ_CLOSE_DETOUR","WZ_FLAGGER","WZ_LAW_OFFCR_IND","WZ_LN_CLOSURE","WZ_MOVING","WZ_OTHER","WZ_SHLDER_MDN","WZ_WORKERS_INJ_KILLED"
"2020058152","1738","2","0","0","0","0","0","0","0","0","5","0","55","02","7","2020","5","40.655476","-80.074835","1718","11","0","0","0","0","0","0","0","0","","0","0","0","","","1","N","0","","40 39:19.713","3","0","80 04:29.405","3","0","0","0","2212","0","0","0","N","0","0","0","2","68T02","0","","1.0","1815.0","1","N","N","N","0","","1","0","0","","0","N","","2","1","0","0","0","0","0","2","0","2","","","N","Y","4","1","","","N","","","","Y","N"
"2020081773","1727","0","0","0","0","0","0","0","0","0","4","0","","02","10","2020","7","40.466833","-79.798864","1725","11","0","0","0","0","0","1","0","0","","0","0","0","","","1","N","2","","40 28:00.598","","0","79 47:55.910","3","0","0","0","2113","0","0","0","N","0","0","0","2","02113","0","","1.0","","1","N","N","N","0","","1","0","1","","0","","","2","1","0","0","0","0","1","2","1","2","","03","","N","","","","","","","","","",""
"2020082735","1612","0","0","0","0","0","0","0","0","0","1","0","","02","9","2020","3","40.530982","-80.190015","1608","11","0","0","0","0","0","1","0","0","","0","0","0","","","2","","2","","40 31:51.534","","0","80 11:24.055","3","0","0","0","2213","0","0","0","N","0","0","0","2","02213","1","","1.0","","1","N","N","N","1","","1","0","1","","2","","","2","2","0","0","0","0","0","2","0","2","","","","N","","","","","","","","","",""
"2020077770","1016","0","0","0","0","0","0","0","0","0","1","0","","02","9","2020","3","40.449249","-80.025317","1015","11","0","0","0","0","0","0","1","0","","0","0","0","","","0","","1","","40 26:57.295","","0","80 01:31.142","0","0","0","0","2301","0","0","0","N","0","0","0","2","02301","0","","1.0","","1","N","N","N","0","","0","0","2","","0","","","2","0","0","0","0","0","0","2","0","2","","","","N","","","","","","","","","",""
"2020082474","2113","0","0","0","0","0","0","0","0","0","1","0","","02","10","2020","2","40.481529","-79.876118","2103","11","1","0","0","0","0","0","1","0","","0","0","0","","","1","","2","","40 28:53.504","3","0","79 52:34.025","8","0","0","0","2113","0","0","0","N","0","0","0","2","02113","0","","1.0","2130.0","1","N","N","N","0","","0","0","2","","2","N","","2","1","0","0","0","1","0","2","0","2","","01","","N","","","","","","","","","",""
"2020056060","1345","1","0","0","0","0","0","0","0","0","1","0","","02","7","2020","5","40.428545","-79.976718","1329","11","0","0","0","0","0","1","0","0","","0","0","0","","","1","N","0","","40 25:42.762","","0","79 58:36.186","8","0","0","0","2301","0","0","0","N","0","0","0","2","02301","0","","1.0","","1","N","N","N","1","","0","0","0","","0","","","2","1","0","0","0","1","0","2","0","2","","03","","N","","","","","","","","","",""
"2020080703","1535","1","0","0","0","0","0","0","0","0","4","0","","02","9","2020","4","40.461613","-79.905811","1525","11","0","0","0","0","0","1","0","0","","0","0","0","","","5","N","0","","40 27:41.806","","6","79 54:20.918","3","0","0","0","2301","0","0","0","N","0","0","0","5","02301","0","","1.0","","1","N","N","N","0","","5","0","1","","0","","","2","5","0","0","0","0","0","2","0","2","","","","N","","","","","","","","","",""
"2020080220","1302","1","0","0","0","0","0","0","0","0","4","0","","02","9","2020","3","40.466153","-79.915476","1254","11","0","0","0","0","1","0","0","0","","0","0","0","","","0","N","1","","40 27:58.150","","0","79 54:55.713","0","0","0","0","2301","0","0","0","N","0","0","0","3","02301","0","","1.0","","1","N","N","N","1","","0","0","0","","3","","","2","0","0","0","0","0","0","2","0","2","","04","","N","","","","","","","","","",""
"2020058298","2140","0","0","0","0","0","0","0","0","0","1","0","","02","5","2020","7","40.445716","-79.759329","2133","11","0","0","0","0","0","1","0","0","","0","0","0","","","1","N","0","","40 26:44.576","2","7","79 45:33.585","8","0","0","1","2446","0","0","0","N","0","0","0","2","02446","0","","1.0","2210.0","1","N","N","N","0","","0","0","0","","0","N","","2","1","0","0","0","1","1","2","0","2","","03","","N","","","","","","","","","",""
"2020078637","1220","2","0","0","0","0","0","0","0","0","2","0","","02","9","2020","5","40.463694","-79.952928","1200","11","0","0","0","0","0","0","0","0","","0","0","0","","","0","N","1","","40 27:49.298","","0","79 57:10.540","0","0","0","0","2301","0","0","0","N","0","0","0","2","02301","0","","1.0","","1","Y","N","N","0","","0","0","0","","2","","","2","0","0","0","0","0","0","2","0","2","","04","","N","","","","","","","","","",""
"2020081491","1827","0","0","0","0","0","0","0","0","0","99","0","","02","10","2020","6","40.416616","-80.003444","1825","11","0","0","0","0","0","0","0","0","","0","0","0","","","1","N","0","","40 24:59.816","","0","80 00:12.397","3","0","0","0","2301","0","0","0","N","0","0","0","1","02301","0","","9.0","","1","N","N","N","0","","1","0","0","","0","","","1","1","0","0","0","0","0","2","0","1","","03","","N","","","","","","","","","",""
"2020081318","1351","1","0","0","0","0","0","0","0","0","4","0","","02","10","2020","5","40.376886","-79.909324","1340","11","0","0","0","0","0","0","1","0","","0","0","0","","","2","N","1","","40 22:36.789","4","0","79 54:33.568","3","0","0","0","2301","0","0","0","N","0","0","0","2","02301","0","","1.0","1405.0","1","N","N","N","1","","2","0","0","","0","N","","2","2","0","0","0","0","0","2","0","2","","04","","N","","","","","","","","","",""
"2020081457","1630","0","0","0","0","0","0","0","0","0","4","0","","02","10","2020","6","40.489479","-79.819853","1624","11","0","0","0","0","1","0","0","0","","0","0","0","","","0","N","5","","40 29:22.124","","0","79 49:11.470","0","0","0","0","2113","0","0","0","N","0","0","0","3","02113","0","","1.0","","1","N","N","N","0","","0","0","2","","3","","","2","0","0","0","0","0","0","2","0","2","","03","","N","","","","","","","","","",""
"2020079658","2311","1","0","0","0","0","0","0","0","0","5","0","","02","9","2020","6","40.466177","-80.03424","2308","11","0","0","0","0","0","0","0","0","","0","0","0","","","0","N","0","","40 27:58.236","1","0","80 02:03.265","0","0","0","0","2301","0","0","0","N","0","0","0","1","02301","0","","2.0","2332.0","1","N","N","N","0","","0","0","0","","0","Y","","1","0","0","0","0","0","0","2","0","1","","","","N","","","","","","","","","",""
"2020080925","1235","0","0","0","0","0","0","0","0","0","4","0","","02","9","2020","4","40.434182","-79.751626","1232","11","0","0","0","0","0","0","1","0","","0","0","0","","","0","N","0","","40 26:03.055","","6","79 45:05.852","0","0","0","0","2446","0","0","0","N","0","0","0","3","02446","0","","1.0","","1","N","N","N","1","","0","0","1","","0","","","2","0","0","0","0","0","0","2","0","2","","","","N","","","","","","","","","",""
"2020054537","1919","1","0","0","0","0","0","0","0","0","4","0","","02","7","2020","6","40.3439","-79.884096","1917","11","0","0","0","0","0","0","1","0","","0","0","0","","","4","N","2","","40 20:38.040","7","3","79 53:02.747","4","0","0","0","2433","0","0","0","N","0","0","0","4","02433","4","","7.0","2000.0","9","N","N","N","0","","0","0","1","","0","Y","","2","4","2","0","0","0","0","2","0","2","","","","N","","","","","","","","","",""
"2020082248","1309","5","0","0","0","0","0","0","0","0","5","0","","02","10","2020","2","40.475668","-80.012115","1245","11","0","0","0","0","1","1","0","0","","0","0","0","","","1","N","3","","40 28:32.404","","99","80 00:43.614","4","0","0","0","2301","0","0","0","N","0","0","0","3","02301","1","","1.0","","1","Y","N","N","0","","0","0","0","","0","","","5","1","0","0","0","0","0","2","0","5","","","","N","","","","","","","","","",""
"2020055695","1725","2","0","0","0","0","0","0","0","0","1","0","","02","7","2020","3","40.429834","-79.957135","1709","11","0","0","0","0","0","0","0","0","","0","0","0","","","0","N","0","","40 25:47.403","","0","79 57:25.686","0","0","0","0","2301","0","0","0","N","0","0","0","3","68B03","0","","1.0","","1","N","N","N","0","","0","0","0","","0","","","2","0","0","0","0","0","0","2","0","2","","03","","N","","","","","","","","","",""
"2020082882","1948","2","0","0","0","0","0","0","0","0","1","0","","02","9","2020","7","40.334362","-80.024084","1941","11","0","0","0","0","0","1","0","0","","0","0","0","","","0","N","0","","40 20:03.704","","0","80 01:26.701","0","0","0","0","2407","0","0","0","N","0","0","0","4","02407","0","","1.0","","1","N","N","N","0","","0","0","0","","0","","","2","0","0","0","0","0","0","2","0","2","","03","","N","","","","","","","","","",""
"2020020300","1830","1","0","0","0","0","0","0","0","0","1","0","","02","2","2020","3","40.464973","-80.074345","1825","11","0","0","0","0","0","1","0","0","","0","0","0","","","0","N","2","","40 27:53.903","","0","80 04:27.643","0","0","0","0","2444","0","0","0","N","0","0","0","2","02444","0","","1.0","","9","N","N","N","1","","0","0","0","","0","","","2","0","0","0","0","0","0","2","0","2","","03","","N","","","","","","","","","",""
"2020056625","1947","3","0","0","0","0","0","0","0","0","5","0","","02","7","2020","6","40.466022","-79.938958","1935","11","0","0","0","0","0","0","0","0","","0","0","0","","","0","N","0","","40 27:57.680","6","0","79 56:20.250","0","0","0","0","2301","0","0","0","N","0","0","0","1","02301","0","","1.0","2000.0","1","N","N","N","0","","0","0","0","","0","Y","","3","0","0","0","0","0","0","2","0","3","","","","N","","","","","","","","","",""
"2020054663","2140","1","0","0","0","0","0","0","0","0","7","0","","02","7","2020","6","40.440624","-79.831031","2121","11","0","0","0","0","0","0","0","0","","0","0","0","","","0","N","0","","40 26:26.248","3","0","79 49:51.711","0","0","0","0","2419","0","0","0","Y","0","0","0","1","68B03","0","","2.0","1015.0","9","N","N","N","0","","0","0","0","","0","N","","1","0","0","0","0","0","0","2","0","1","","","","N","","","","","","","","","",""
"2020057299","2355","0","0","0","0","0","0","0","0","0","7","0","","02","7","2020","6","40.523297","-79.879789","2349","11","0","0","0","0","0","0","0","0","","0","0","0","","","1","N","0","","40 31:23.870","1","0","79 52:47.240","4","0","0","0","2432","0","0","0","N","0","0","0","1","02432","1","","4.0","1600.0","1","N","N","N","0","","0","0","1","","0","Y","","1","1","0","0","0","0","0","2","0","1","","","","N","","","","","","","","","",""
"2020054301","0252","0","0","0","0","0","0","0","0","0","8","0","","02","7","2020","7","40.450278","-79.9735","0249","11","0","0","0","0","0","0","0","0","","0","0","0","","","1","N","0","","40 27:01.000","4","0","79 58:24.600","2","0","0","0","2301","1","0","1","N","1","0","1","2","02301","0","","1.0","309.0","1","N","N","N","0","","0","1","0","","0","N","","2","1","0","0","0","0","1","2","0","1","","","","N","","","","","","","","","",""
"2020054351","1319","2","0","0","0","0","0","0","0","0","4","0","","02","7","2020","4","40.286467","-79.814969","1318","11","0","0","0","0","0","1","0","0","","0","0","0","","","0","N","2","","40 17:11.282","2","0","79 48:53.889","0","0","0","0","2105","0","0","0","N","0","0","0","4","02105","0","","1.0","1358.0","1","N","N","N","0","","0","0","0","","3","N","","2","0","0","0","0","0","0","2","0","2","","03","","N","","","","","","","","","",""
"2020058302","2020","1","0","0","0","0","0","0","0","0","7","0","","02","7","2020","5","40.435769","-79.994572","2005","11","0","0","0","0","0","0","0","0","","0","0","0","","","0","N","1","","40 26:08.770","","0","79 59:40.458","0","0","0","0","2301","0","0","0","N","0","0","0","1","02301","0","","2.0","","9","N","N","N","0","","0","0","0","","0","N","","1","0","0","0","0","0","0","2","0","1","","07","","N","","","","","","","","","",""
"2020056499","2355","2","0","0","0","0","0","0","0","0","5","0","","02","7","2020","6","40.446204","-79.895546","2350","11","0","0","1","0","0","0","0","0","","0","0","0","","","0","","2","","40 26:46.334","1","0","79 53:43.964","0","0","0","0","2301","0","0","0","N","0","0","0","1","02301","0","","4.0","28.0","1","N","N","N","0","","0","0","0","","0","N","","2","0","0","0","0","0","0","2","0","2","","03","","N","","","","","","","","","",""
"2020056288","1040","3","0","0","0","0","0","0","0","0","4","0","","02","7","2020","6","40.443154","-80.039731","1026","11","0","0","0","0","0","0","0","0","","0","0","0","","","0","N","2","","40 26:35.354","","0","80 02:23.031","9","0","0","0","2301","0","0","0","N","0","0","0","1","02301","0","","1.0","","1","N","N","N","0","","0","0","0","","0","N","","3","0","0","0","0","0","1","2","0","3","","03","","N","","","","","","","","","",""
"2020055714","1518","2","0","0","0","0","0","0","0","0","4","0","","02","7","2020","4","40.470019","-80.029076","1509","11","0","0","0","0","0","0","0","0","","0","0","0","","","1","N","2","","40 28:12.068","","0","80 01:44.673","3","0","0","0","2301","0","0","0","N","0","0","0","2","02301","0","","1.0","","1","N","N","N","0","","1","0","1","","0","","","3","1","0","0","0","0","0","2","0","3","","03","","N","","","","","","","","","",""
"2020083076","2133","1","0","0","0","0","0","0","0","0","7","0","","02","9","2020","2","40.442118","-79.856229","2122","11","0","0","0","0","0","1","0","0","","0","0","0","","","0","N","0","","40 26:31.626","","2","79 51:22.424","0","0","0","0","2419","0","0","0","Y","0","0","0","1","68B03","0","","4.0","","1","N","N","N","0","","0","0","0","","0","","","1","0","0","0","0","0","0","2","0","1","","","","N","","","","","","","","","",""
"2020082306","1931","2","0","0","0","0","0","0","0","0","4","0","","02","9","2020","7","40.325868","-80.049323","1925","11","0","0","0","0","0","0","0","0","","0","0","0","","","0","","1","","40 19:33.124","","0","80 02:57.561","0","0","0","0","2407","0","0","0","N","0","0","0","3","02407","0","","1.0","","1","N","N","N","0","","0","0","0","","2","","","2","0","0","0","0","0","0","2","0","2","","03","","N","","","","","","","","","",""
"2020081940","0743","1","0","0","0","0","0","0","0","0","1","0","","02","9","2020","7","40.437853","-79.739847","0739","11","0","0","0","0","0","0","0","0","","0","0","0","","","2","N","1","","40 26:16.272","6","0","79 44:23.450","4","0","0","0","2446","0","0","0","N","0","0","0","3","02446","2","","1.0","825.0","1","N","N","N","1","","0","0","0","","2","Y","","2","2","0","0","0","0","0","2","0","2","","","","N","","","","","","","","","",""
"2020054174","1742","0","0","0","0","0","0","0","0","0","7","0","","02","7","2020","6","40.451246","-80.027994","1738","11","0","0","0","0","0","0","0","0","","0","0","0","","","1","N","0","","40 27:04.486","","0","80 01:40.780","3","0","0","1","2301","0","0","0","N","0","0","0","1","02301","0","","4.0","","1","","","N","0","","1","0","0","","0","","","1","1","0","0","0","0","0","2","0","1","","04","","N","","","","","","","","","",""
"2020056525","1502","2","0","0","0","0","0","0","0","0","1","0","","02","7","2020","5","40.356399","-79.843417","1501","11","0","0","0","1","0","0","0","0","","0","0","0","","","0","N","0","","40 21:23.038","","0","79 50:36.300","0","0","0","0","2304","0","0","0","N","0","0","0","4","02304","0","","1.0","","1","N","N","N","0","","0","0","0","","0","","","2","0","0","0","0","0","0","2","0","2","","","","N","","","","","","","","","",""
"2020055277","1336","1","0","0","0","0","0","0","0","0","5","0","","02","7","2020","3","40.44793","-80.026077","1334","11","0","0","0","0","0","0","1","0","","0","0","0","","","0","N","0","","40 26:52.549","2","3","80 01:33.877","0","0","0","0","2301","0","0","0","N","0","0","0","7","02301","0","","1.0","1404.0","1","N","N","N","0","","0","0","2","","0","N","","3","0","0","0","0","0","0","2","0","3","","03","","N","","","","","","","","","",""
"2020082083","2020","0","0","0","0","0","0","0","0","0","98","0","","02","9","2020","1","40.281256","-79.930834","2012","11","0","0","0","0","0","0","0","0","","0","0","0","","","0","N","0","","40 16:52.520","","0","79 55:51.003","0","0","0","0","2440","0","0","0","N","0","0","0","1","68T09","0","","1.0","","1","N","N","N","0","","0","0","1","","0","","","1","0","0","0","0","0","0","2","0","1","","03","","N","","","","","","","","","",""
"2020056461","1915","1","0","0","0","0","0","0","0","0","4","0","","02","7","2020","6","40.465467","-79.94645","1900","11","0","0","0","0","0","0","0","0","","0","0","0","","","0","N","1","","40 27:55.682","2","0","79 56:47.220","0","0","0","0","2301","0","0","0","N","0","0","0","2","02301","0","","1.0","1945.0","1","N","N","N","0","","0","0","1","","2","Y","","2","0","0","0","0","0","0","2","0","2","","03","","N","","","","","","","","","",""
"2020055723","1527","1","0","0","0","0","0","0","0","0","7","0","","02","7","2020","4","40.468342","-79.820122","1527","11","1","0","0","0","0","0","0","0","","0","0","0","","","0","Y","0","","40 28:06.030","","0","79 49:12.440","9","0","0","0","2113","0","0","0","N","0","0","0","2","02113","0","","5.0","","1","N","N","N","0","","0","0","0","","0","","","1","0","0","0","0","0","1","2","0","1","","","","N","","","","","","","","","",""
"2020079407","2335","0","0","0","0","0","0","0","0","0","7","0","","02","9","2020","5","40.374247","-79.920325","2315","11","0","0","0","0","0","0","0","0","","0","0","0","","","1","N","0","","40 22:27.288","","0","79 55:13.171","8","0","0","0","2301","0","0","0","N","0","0","0","1","02301","0","","5.0","","3","N","N","N","0","","0","0","1","","0","","","1","1","0","0","0","1","0","2","0","1","","","","N","","","","","","","","","",""
"2020081430","1325","1","0","0","0","0","0","0","0","0","0","0","","02","10","2020","6","40.465303","-79.945222","1320","11","0","0","0","0","0","0","0","0","","0","0","0","","","0","N","1","","40 27:55.089","","0","79 56:42.798","0","0","0","0","2301","0","0","0","N","0","0","0","2","02301","0","","1.0","","1","N","N","N","0","","0","0","0","","2","","","1","0","0","0","0","0","0","2","0","1","","03","","N","","","","","","","","","",""
"2020056356","1650","0","0","0","0","0","0","0","0","0","7","0","","02","7","2020","6","40.462411","-79.99888","1635","11","0","0","0","0","0","0","0","0","","0","0","0","","","0","N","2","","40 27:44.678","","0","79 59:55.969","0","0","0","0","2301","0","0","0","N","0","0","0","1","02301","0","","5.0","","1","N","N","N","0","","0","0","1","","3","","","2","0","0","0","0","0","0","2","0","1","","03","","N","","","","","","","","","",""
"2020056530","1409","1","0","0","0","0","0","0","0","0","1","0","","02","7","2020","5","40.433923","-79.754081","1405","11","0","0","0","0","0","1","0","0","","0","0","0","","","1","Y","0","","40 26:02.122","3","0","79 45:14.690","3","0","0","0","2446","0","0","0","N","0","0","0","3","02446","0","","1.0","1455.0","1","N","N","N","0","","1","0","1","","0","N","","2","1","0","0","0","0","0","2","0","2","","03","","N","","","","","","","","","",""
"2020057647","2312","2","0","0","0","0","0","0","0","0","4","0","","02","7","2020","3","40.529919","-79.771405","2312","11","0","0","0","0","0","0","0","0","","0","0","0","","","0","","2","","40 31:47.708","","0","79 46:17.057","0","0","0","0","2466","0","0","0","N","0","0","0","3","02466","0","","1.0","","1","N","N","N","0","","0","0","0","","3","","","2","0","0","0","0","0","0","1","0","2","","03","","N","","","","","","","","","",""
"2020015119","1225","2","0","0","0","0","0","0","0","0","4","0","","02","2","2020","7","40.452608","-79.924388","1220","11","0","0","0","0","0","1","0","0","","0","0","0","","","1","","1","","40 27:09.387","1","0","79 55:27.797","3","0","0","0","2301","0","0","0","N","0","0","0","3","02301","0","","1.0","1310.0","1","N","N","N","0","","1","0","0","","3","N","","2","1","0","0","0","0","0","2","0","2","","03","","N","","","","","","","","","",""
"2020083706","0450","0","0","0","0","0","0","0","0","0","7","0","","02","10","2020","4","40.340121","-79.887919","0448","11","0","0","0","0","0","0","0","0","","0","1","0","","","0","N","0","","40 20:24.437","3","0","79 53:16.508","0","0","0","0","2433","0","0","0","N","0","0","0","0","02433","0","","5.0","700.0","1","N","N","N","0","","0","0","0","","0","N","","1","0","0","0","0","0","0","2","0","1","","03","","N","","","","","","","","","",""
"2020056059","2030","1","0","0","0","0","0","0","0","0","99","0","","02","7","2020","2","40.485326","-80.009494","2011","11","0","0","0","0","0","0","0","0","","0","0","0","","","0","","1","","40 29:07.174","","2","80 00:34.178","9","0","0","0","2301","0","0","0","N","0","0","0","1","02301","0","","2.0","","1","N","N","N","0","","0","0","0","","0","","","1","0","0","0","0","0","1","2","0","1","","03","","N","","","","","","","","","",""
"2020056254","0740","0","0","0","0","0","0","0","0","0","4","0","","02","7","2020","6","40.463917","-79.824833","0734","11","0","0","0","0","0","1","1","0","","0","0","0","","","1","N","1","","40 27:50.100","1","7","79 49:29.400","8","0","0","0","2113","0","0","0","N","0","0","0","2","02113","0","","1.0","810.0","1","N","N","N","0","","0","0","1","","0","N","","2","1","0","0","0","1","0","2","0","2","","","","N","","","","","","","","","",""
"2020082564","1645","1","0","0","0","0","0","0","0","0","7","0","","02","9","2020","7","40.31804","-79.903366","1639","11","0","0","0","0","0","0","0","0","","0","0","0","","","1","N","0","","40 19:04.944","6","0","79 54:12.118","3","0","0","0","2440","0","0","0","N","0","0","0","1","02440","0","","4.0","1742.0","1","N","N","N","0","","1","0","0","","0","Y","","1","1","1","0","0","0","0","2","0","1","","03","","N","","","","","","","","","",""
"2020015091","0614","1","0","0","0","0","0","0","0","0","6","0","","02","2","2020","6","40.361336","-79.831817","0612","11","0","0","0","0","0","0","0","0","","0","0","0","","","0","N","0","","40 21:40.810","","0","79 49:54.540","0","0","0","0","2304","0","0","0","N","0","0","0","4","02304","0","","1.0","","6","N","N","N","1","","0","0","0","","0","","","2","0","0","0","0","0","0","2","0","2","","","","N","","","","","","","","","",""
"2020061965","1155","1","0","0","0","0","0","0","0","0","4","0","","02","7","2020","4","40.427389","-79.75284","1153","11","0","0","0","0","0","0","1","1","","0","0","0","","","1","N","0","","40 25:38.600","1","7","79 45:10.223","3","0","0","0","2446","0","0","0","N","0","0","0","2","02446","0","","1.0","1230.0","1","N","N","N","0","","1","0","1","","0","N","","2","1","0","0","0","0","0","2","0","2","","","","N","","","","","","","","","",""
"2020055164","2359","1","0","0","0","0","0","0","0","0","7","0","","02","7","2020","2","40.510926","-79.793074","2358","11","0","0","0","0","0","0","0","0","","0","0","0","","","0","N","0","","40 30:39.335","","0","79 47:35.068","9","0","0","0","2466","0","0","0","Y","0","0","0","1","02466","0","","5.0","","1","N","N","N","0","","0","0","0","","0","N","","1","0","0","0","0","0","1","2","0","1","","03","","N","","","","","","","","","",""
"2020083987","1747","1","0","0","0","0","0","0","0","0","4","0","","02","10","2020","5","40.658711","-80.095116","1742","11","0","0","0","0","0","0","0","0","","0","0","0","","","0","N","0","","40 39:31.358","","6","80 05:42.417","0","0","0","0","2212","0","0","0","N","0","0","0","2","02505","0","","1.0","","1","N","N","N","0","","0","0","1","","0","","","2","0","0","0","0","0","0","2","0","2","","","","N","","","","","","","","","",""
"2020071880","1127","1","0","0","0","0","0","0","0","0","1","1","","02","9","2020","5","40.458331","-79.906145","1116","11","0","0","0","0","0","1","0","0","","0","1","0","","","1","","1","","40 27:29.991","","0","79 54:22.121","3","0","0","0","2301","0","0","0","N","0","0","0","5","02301","0","","1.0","","9","N","N","N","0","","1","0","0","","0","","","3","1","0","0","0","0","0","2","1","3","","07","","N","","","","","","","","","",""
"2020082150","2345","0","0","0","0","0","0","0","0","0","2","0","","02","10","2020","6","40.426903","-79.938187","2341","11","0","0","0","0","0","0","0","0","","0","0","0","","","1","N","0","","40 25:36.852","","0","79 56:17.474","3","0","0","0","2301","0","0","0","N","0","0","0","2","02301","0","","1.0","","1","N","N","N","0","","1","0","2","","0","","","2","1","0","0","0","0","0","2","0","2","","03","","N","","","","","","","","","",""
"2020056294","1243","1","0","0","0","0","0","0","0","0","4","0","","02","7","2020","6","40.459589","-79.809981","1241","11","0","0","0","0","0","0","0","1","","0","0","0","","","0","N","2","","40 27:34.519","","0","79 48:35.932","0","0","0","0","2113","0","0","0","N","0","0","0","5","02113","0","","1.0","","1","N","N","N","0","","0","0","1","","3","","","2","0","0","0","0","0","0","2","0","2","","03","","N","","","","","","","","","",""
"2020083185","1555","0","0","0","0","0","0","0","0","0","2","0","","02","10","2020","4","40.34045","-79.964128","1554","11","0","0","0","0","0","1","1","0","","0","0","0","","","2","N","0","","40 20:25.620","5","0","79 57:50.860","3","0","0","0","2454","0","0","0","N","0","0","0","3","02454","1","","1.0","1618.0","1","N","N","N","0","","1","0","2","","0","N","","2","2","0","0","0","0","1","2","0","2","","","","N","","","","","","","","","",""
"2020061686","2035","1","0","0","0","0","0","0","0","0","4","0","","02","7","2020","7","40.383768","-79.822825","2032","11","0","0","0","0","0","1","0","0","","0","0","0","","","0","N","1","","40 23:01.566","3","0","79 49:22.170","0","0","0","0","2111","0","0","0","N","0","0","0","3","02111","0","","1.0","2058.0","1","N","N","N","0","","0","0","0","","2","Y","","2","0","0","0","0","0","0","2","1","2","","03","","N","","","","","","","","","",""
"2020081937","1242","2","0","0","0","0","0","0","0","0","1","0","","02","10","2020","7","40.446336","-79.775869","1233","11","0","0","0","0","0","0","0","0","","0","0","0","","","0","N","0","","40 26:46.810","2","0","79 46:33.129","0","0","0","0","2446","0","0","0","N","0","0","0","2","02446","0","","1.0","1330.0","1","N","N","N","0","","0","0","0","","0","Y","","2","0","0","0","0","0","0","2","0","2","","03","","N","","","","","","","","","",""
"2020082726","1440","1","0","0","0","0","0","0","0","0","7","0","","02","10","2020","3","40.358309","-79.834821","1439","11","0","0","0","0","0","0","0","0","","0","0","0","","","0","N","0","","40 21:29.914","6","0","79 50:05.354","0","0","0","0","2304","0","0","0","N","0","0","0","1","02304","0","","5.0","1515.0","1","N","N","N","0","","0","0","0","","0","Y","","1","0","0","0","0","0","0","2","0","1","","03","","N","","","","","","","","","",""
"2020056129","1735","1","0","0","0","0","0","0","0","0","7","0","","02","7","2020","5","40.488894","-80.338749","1732","11","0","0","0","0","0","0","0","0","","0","0","0","","","0","N","0","","40 29:20.018","","0","80 20:19.497","0","0","0","0","2203","0","0","0","N","0","0","0","1","02203","0","","5.0","","1","N","N","N","0","","0","0","0","","0","","","1","0","0","0","0","0","0","1","0","1","","03","","N","","","","","","","","","",""