"CRN","ARRIVAL_TM","AUTOMOBILE_COUNT","BELTED_DEATH_COUNT","BELTED_SUSP_SERIOUS_INJ_COUNT","BICYCLE_COUNT","BICYCLE_DEATH_COUNT","BICYCLE_SUSP_SERIOUS_INJ_COUNT","BUS_COUNT","CHLDPAS_DEATH_COUNT","CHLDPAS_SUSP_SERIOUS_INJ_COUNT","COLLISION_TYPE","COMM_VEH_COUNT","CONS_ZONE_SPD_LIM","COUNTY","CRASH_MONTH","CRASH_YEAR","DAY_OF_WEEK","DEC_LATITUDE","DEC_LONGITUDE","DISPATCH_TM","DISTRICT","DRIVER_COUNT_16YR","DRIVER_COUNT_17YR","DRIVER_COUNT_18YR","DRIVER_COUNT_19YR","DRIVER_COUNT_20YR","DRIVER_COUNT_50_64YR","DRIVER_COUNT_65_74YR","DRIVER_COUNT_75PLUS","EST_HRS_CLOSED","FATAL_COUNT","HEAVY_TRUCK_COUNT","HORSE_BUGGY_COUNT","HOUR_OF_DAY","ILLUMINATION","INJURY_COUNT","INTERSECTION_RELATED","INTERSECT_TYPE","LANE_CLOSED","LATITUDE","LN_CLOSE_DIR","LOCATION_TYPE","LONGITUDE","MAX_SEVERITY_LEVEL","MCYCLE_DEATH_COUNT","MCYCLE_SUSP_SERIOUS_INJ_COUNT","MOTORCYCLE_COUNT","MUNICIPALITY","NONMOTR_COUNT","NONMOTR_DEATH_COUNT","NONMOTR_SUSP_SERIOUS_INJ_COUNT","NTFY_HIWY_MAINT","PED_COUNT","PED_DEATH_COUNT","PED_SUSP_SERIOUS_INJ_COUNT","PERSON_COUNT","POLICE_AGCY","POSSIBLE_INJ_COUNT","RDWY_SURF_TYPE_CD","RELATION_TO_ROAD","ROADWAY_CLEARED","ROAD_CONDITION","SCH_BUS_IND","SCH_ZONE_IND","SECONDARY_CRASH","SMALL_TRUCK_COUNT","SPEC_JURIS_CD","SUSP_MINOR_INJ_COUNT","SUSP_SERIOUS_INJ_COUNT","SUV_COUNT","TCD_FUNC_CD","TCD_TYPE","TFC_DETOUR_IND","TIME_OF_DAY","TOTAL_UNITS","TOT_INJ_COUNT","UNBELTED_OCC_COUNT","UNB_DEATH_COUNT","UNB_SUSP_SERIOUS_INJ_COUNT","UNK_INJ_DEG_COUNT","UNK_INJ_PER_COUNT","URBAN_RURAL","VAN_COUNT","VEHICLE_COUNT","WEATHER1","WEATHER2","WORKERS_PRES","WORK_ZONE_IND","WORK_ZONE_LOC","WORK_ZONE_TYPE","WZ_CLOSE_DETOUR","WZ_FLAGGER","WZ_LAW_OFFCR_IND","WZ_LN_CLOSURE","WZ_MOVING","WZ_OTHER","WZ_SHLDER_MDN","WZ_WORKERS_INJ_KILLED"
"2020054814","","1","0","0","0","0","0","0","0","0","1","0","","02","7","2020","6","40.473423","-79.972396","","11","0","0","0","0","0","0","0","0","","0","0","0","","","0","","6","","40 28:24.321","2","2","79 58:20.624","0","0","0","0","2445","0","0","0","N","0","0","0","2","02445","0","","1.0","2043.0","1","N","N","N","0","","0","0","1","","4","N","","2","0","0","0","0","0","0","2","0","2","","03","","N","","","","","","","","","",""
"2020052809","","2","0","0","0","0","0","0","0","0","1","0","","02","7","2020","6","40.327769","-80.066171","","11","0","0","0","1","0","0","0","0","","0","0","0","","","0","N","2","","40 19:39.969","","0","80 03:58.215","0","0","0","0","2123","0","0","0","N","0","0","0","2","02123","0","","1.0","","1","","","N","0","","0","0","0","","0","","","2","0","0","0","0","0","0","2","0","2","","","","N","","","","","","","","","",""
"2020077177","","1","0","0","0","0","0","0","0","0","7","0","","02","9","2020","5","40.57169","-80.117393","","11","0","0","0","0","0","0","0","0","","0","0","0","","","0","N","0","","40 34:18.083","","0","80 07:02.615","0","0","0","0","2460","0","0","0","N","0","0","0","1","68B03","0","","4.0","","1","N","N","N","0","","0","0","0","","0","","","1","0","0","0","0","0","0","2","0","1","","03","","N","","","","","","","","","",""
"2020073491","","0","0","0","0","0","0","0","0","0","1","0","","02","9","2020","3","40.466008","-80.066497","","11","0","0","0","0","0","0","2","0","","0","0","0","","","1","N","1","","40 27:57.628","","0","80 03:59.389","8","0","0","0","2444","0","0","0","N","0","0","0","3","02444","0","","1.0","","1","N","N","N","0","","0","0","2","","2","","","2","1","0","0","0","1","0","2","0","2","","03","","N","","","","","","","","","",""
"2020052426","","3","0","0","0","0","0","0","0","0","1","0","","02","7","2020","1","40.449706","-80.025099","","11","0","0","0","0","0","0","0","0","","0","0","0","","","0","","1","","40 26:58.940","","3","80 01:30.356","0","0","0","0","2301","0","0","0","N","0","0","0","6","02301","0","","1.0","","1","N","N","N","0","","0","0","0","","2","","","3","0","0","0","0","0","0","2","0","3","","03","","N","","","","","","","","","",""
"2020052584","","2","0","0","0","0","0","0","0","0","1","0","","02","7","2020","7","40.325417","-80.02586","","11","0","0","0","0","0","1","0","0","","0","0","0","","","0","Y","0","","40 19:31.501","1","0","80 01:33.096","0","0","0","0","2407","0","0","0","N","0","0","0","2","02407","0","","1.0","1400.0","1","N","N","N","0","","0","0","0","","0","N","","2","0","0","0","0","0","0","2","0","2","","","","N","","","","","","","","","",""
"2020076783","","1","0","0","0","0","0","0","0","0","4","0","","02","9","2020","6","40.586863","-80.041644","","11","0","0","0","0","0","1","0","0","","0","0","0","","","0","N","1","","40 35:12.706","1","0","80 02:29.918","0","0","0","0","2108","0","0","0","N","0","0","0","3","02108","0","","1.0","2136.0","1","N","N","N","0","","0","0","1","","2","N","","2","0","1","0","0","0","0","2","0","2","","03","","N","","","","","","","","","",""
"2020076856","","2","0","0","0","0","0","0","0","0","4","0","","02","9","2020","6","40.415781","-79.969776","","11","0","0","0","0","0","0","0","0","","0","0","0","","","0","N","2","","40 24:56.810","","0","79 58:11.194","0","0","0","0","2301","0","0","0","N","0","0","0","1","02301","0","","1.0","","1","N","N","N","0","","0","0","0","","0","N","","2","0","0","0","0","0","0","2","0","2","","","","N","","","","","","","","","",""
"2020077309","","2","0","0","0","0","0","0","0","0","4","0","","02","9","2020","6","40.434117","-79.752267","","11","0","0","0","0","0","1","0","0","","0","0","0","","","1","N","2","","40 26:02.822","4","0","79 45:08.162","4","0","0","0","2446","0","0","0","N","0","0","0","2","02446","1","","1.0","1836.0","1","N","N","N","0","","0","0","0","","3","N","","2","1","0","0","0","0","0","2","0","2","","03","","N","","","","","","","","","",""
"2020075089","","1","0","0","0","0","0","0","0","0","1","0","","02","9","2020","4","40.663987","-79.934296","","11","0","0","0","0","0","1","0","0","","0","0","0","","","1","","2","","40 39:50.354","","0","79 56:03.467","8","0","0","0","2217","0","0","0","N","0","0","0","4","02505","0","","1.0","","1","N","N","N","0","","0","0","2","","2","N","","3","1","0","0","0","1","0","2","0","3","","03","","N","","","","","","","","","",""
"2020053075","","1","0","0","0","0","0","0","0","0","4","0","","02","7","2020","1","40.451716","-79.884735","","11","0","0","0","0","0","1","0","0","","0","0","0","","","0","","2","","40 27:06.179","","0","79 53:05.046","0","0","0","0","2301","0","0","0","N","0","0","0","2","02301","0","","1.0","","1","N","N","N","0","","0","0","1","","3","N","","2","0","0","0","0","0","0","2","0","2","","03","","N","","","","","","","","","",""
"2020078793","","1","0","0","0","0","0","0","0","0","1","0","","02","9","2020","5","40.42836","-79.927665","","11","0","0","0","0","0","0","0","0","","0","0","0","","","0","N","0","","40 25:42.096","","0","79 55:39.595","0","0","0","0","2301","0","0","0","N","0","0","0","2","68B03","0","","1.0","","1","N","N","N","0","","0","0","1","","0","","","2","0","0","0","0","0","0","2","0","2","","","","N","","","","","","","","","",""
"2020078844","","2","0","0","0","0","0","0","0","0","4","0","","02","9","2020","5","40.463915","-79.80107","","11","0","0","1","0","0","1","0","0","","0","0","0","","","0","N","2","","40 27:50.094","","0","79 48:03.852","0","0","0","0","2113","0","0","0","N","0","0","0","2","02113","0","","1.0","","1","N","N","N","0","","0","0","0","","3","","","2","0","0","0","0","0","0","2","0","2","","","","N","","","","","","","","","",""
"2020067562","","1","0","0","0","0","0","0","0","0","4","0","","02","8","2020","5","40.510237","-80.094597","","11","0","0","0","0","0","0","0","0","","0","0","0","","","1","","1","","40 30:36.852","5","0","80 05:40.550","3","0","0","0","2429","0","0","0","N","0","0","0","2","02215","0","","1.0","1909.0","1","N","N","N","0","","1","0","1","","2","N","","2","1","0","0","0","0","0","2","0","2","","","","N","","","","","","","","","",""
"2020076970","","2","0","0","0","0","0","0","0","0","1","0","","02","9","2020","7","40.409815","-80.084971","","11","0","0","0","0","0","0","0","1","","0","0","0","","","1","N","0","","40 24:35.335","3","0","80 05:05.894","3","0","0","0","2415","0","0","0","N","0","0","0","1","02415","0","","6.0","1558.0","1","N","N","N","1","","1","0","0","","0","N","","3","1","0","0","0","0","0","2","0","3","","03","","N","","","","","","","","","",""
"2020077039","","0","0","0","0","0","0","0","0","0","1","0","","02","9","2020","7","40.641619","-80.101362","","11","0","1","0","0","0","0","1","0","","0","0","0","","","0","N","0","","40 38:29.828","1","0","80 06:04.904","0","0","0","0","2212","0","0","0","N","0","0","0","3","02505","0","","1.0","1945.0","1","N","N","Y","0","","0","0","2","","0","N","","2","0","0","0","0","0","0","2","0","2","","","","N","","","","","","","","","",""
"2020077178","","0","0","0","0","0","0","0","0","0","4","1","","02","9","2020","6","40.525919","-80.130715","","11","0","0","0","0","0","1","0","0","","0","1","0","","","0","N","0","","40 31:33.309","1","0","80 07:50.574","0","0","0","0","2125","0","0","0","N","0","0","0","2","68B03","0","","1.0","845.0","1","N","N","N","1","","0","0","0","","0","N","","2","0","0","0","0","0","0","2","0","2","","03","","N","","","","","","","","","",""
"2020055656","","0","0","0","0","0","0","0","0","0","7","0","","02","7","2020","1","40.639318","-79.995209","","11","0","0","0","0","0","0","0","0","","0","0","0","","","5","N","0","","40 38:21.546","4","0","79 59:42.754","2","0","0","0","2216","0","0","0","N","0","0","0","5","68T02","0","","2.0","2030.0","1","N","N","N","0","","0","1","1","","0","N","","1","5","1","0","0","4","0","1","0","1","","","","N","","","","","","","","","",""
"2020075920","","0","0","0","0","0","0","0","0","0","7","0","","02","9","2020","1","40.270545","-79.931297","","11","0","0","0","0","0","0","0","0","","0","0","0","","","1","N","0","","40 16:13.963","4","0","79 55:52.669","2","0","1","1","2440","0","0","0","Y","0","0","0","1","02440","0","","2.0","16.0","1","N","N","N","0","","0","1","0","","0","N","","1","1","0","0","0","0","0","2","0","1","","","","N","","","","","","","","","",""
"2020054792","","2","0","0","0","0","0","0","0","0","5","0","","02","7","2020","7","40.414583","-80.086583","","11","0","0","0","0","0","0","0","0","","0","0","0","","","0","Y","0","","40 24:52.500","4","0","80 05:11.700","0","0","0","0","2415","0","0","0","N","0","0","0","1","02415","0","","1.0","1846.0","1","N","N","N","1","","0","0","0","","3","Y","","3","0","0","0","0","0","0","2","0","3","","03","","N","","","","","","","","","",""
"2020072593","","1","0","0","0","0","0","0","0","0","5","0","","02","9","2020","7","40.266094","-79.880298","","11","0","0","0","0","0","1","0","0","","0","0","0","","","1","N","0","","40 15:57.938","1","0","79 52:49.073","3","0","0","1","2105","0","0","0","N","0","0","0","3","02105","0","","1.0","1435.0","1","N","N","N","0","","1","0","0","","0","N","","2","1","0","0","0","0","0","1","0","2","","03","","N","","","","","","","","","",""
"2020077026","","2","0","0","0","0","0","0","0","0","4","0","","02","9","2020","6","40.380014","-80.072239","","11","0","0","0","0","0","0","0","1","","0","0","0","","","0","","2","","40 22:48.050","","0","80 04:20.060","0","0","0","0","2117","0","0","0","N","0","0","0","2","02117","0","","1.0","","1","N","N","N","0","","0","0","0","","3","","","2","0","0","0","0","0","0","2","0","2","","03","","N","","","","","","","","","",""
"2020026501","","0","0","0","0","0","0","0","0","0","4","0","","02","3","2020","1","40.269224","-79.901269","","11","0","0","0","0","0","0","0","0","","0","0","0","","","0","","2","","40 16:09.206","","0","79 54:04.568","0","0","0","0","2471","0","0","0","N","0","0","0","2","02428","0","","1.0","","1","N","N","N","2","","0","0","0","","0","","","2","0","0","0","0","0","0","2","0","2","","03","","N","","","","","","","","","",""
"2020077511","","1","0","0","0","0","0","0","0","0","4","0","","02","9","2020","1","40.604969","-80.104639","","11","0","0","0","0","0","0","0","0","","0","0","0","","","0","N","2","","40 36:17.889","","7","80 06:16.700","0","0","0","0","2481","0","0","0","N","0","0","0","0","02481","0","","4.0","","1","N","N","N","0","","0","0","1","","0","","","2","0","0","0","0","0","0","2","0","2","","","","N","","","","","","","","","",""
"2020051515","","2","0","0","0","0","0","0","0","0","4","0","","02","7","2020","4","40.378039","-79.82799","","11","0","0","0","0","0","0","0","0","","0","0","0","","","2","N","3","","40 22:40.942","2","0","79 49:40.763","4","0","0","0","2111","0","0","0","N","0","0","0","6","02111","1","","1.0","1815.0","1","N","N","N","0","","0","0","0","","0","Y","","2","2","0","0","0","1","0","2","0","2","","","","N","","","","","","","","","",""
"2020052320","","1","0","0","0","0","0","0","0","0","2","0","","02","7","2020","7","40.441017","-79.980614","","11","0","0","0","0","0","1","0","0","","0","0","0","","","1","N","0","","40 26:27.660","2","0","79 58:50.210","8","0","0","0","2301","0","0","0","N","0","0","0","3","02301","0","","1.0","2230.0","1","N","N","Y","0","","0","0","2","","0","Y","","3","1","1","0","0","1","0","2","0","3","","03","","N","","","","","","","","","",""
"2020076502","","1","0","0","0","0","0","0","0","0","4","0","","02","9","2020","5","40.444922","-79.993849","","11","0","0","0","0","0","1","0","0","","0","0","0","","","0","","1","","40 26:41.718","3","0","79 59:37.856","0","0","0","0","2301","0","0","0","N","0","0","0","3","02301","0","","1.0","1115.0","1","N","N","N","0","","0","0","1","","2","N","","2","0","0","0","0","0","0","2","0","2","","","","N","","","","","","","","","",""
"2020056358","","0","0","0","0","0","0","0","0","0","4","0","","02","7","2020","4","40.513361","-80.210406","","11","0","0","0","0","0","1","1","0","","0","0","0","","","1","N","0","","40 30:48.100","6","7","80 12:37.460","3","0","0","0","2213","0","0","0","N","0","0","0","2","02213","0","","1.0","1320.0","1","N","N","N","0","","1","0","1","","0","Y","","2","1","0","0","0","0","0","2","1","2","","03","","N","","","","","","","","","",""
"2020076868","","2","0","0","0","0","0","0","0","0","1","0","","02","9","2020","7","40.460155","-80.008568","","11","0","0","0","0","0","0","1","0","","0","0","0","","","0","N","0","","40 27:36.559","","0","80 00:30.846","0","0","0","0","2301","0","0","0","N","0","0","0","1","02301","0","","1.0","","1","N","N","N","0","","0","0","0","","0","","","2","0","0","0","0","0","0","2","0","2","","03","","N","","","","","","","","","",""
"2020046442","","0","0","0","0","0","0","0","0","0","7","0","","02","6","2020","1","40.392729","-79.934562","","11","0","0","0","0","0","0","0","0","","0","0","0","","","0","N","0","","40 23:33.825","2","2","79 56:04.423","0","0","0","0","2301","0","0","0","Y","0","0","0","1","02301","0","","2.0","2354.0","9","N","N","N","0","","0","0","1","","0","N","","1","0","0","0","0","0","0","2","0","1","","","","N","","","","","","","","","",""
"2020076885","","2","0","0","0","0","0","0","0","0","4","0","","02","8","2020","6","40.219979","-79.846082","","11","0","0","0","0","0","0","1","0","","0","0","0","","","0","","1","","40 13:11.924","","0","79 50:45.896","0","0","0","0","2204","0","0","0","N","0","0","0","2","02204","0","","3.0","","1","N","N","N","0","","0","0","0","","0","N","","2","0","0","0","0","0","0","2","0","2","","03","","N","","","","","","","","","",""
"2020079005","","1","0","0","0","0","0","0","0","0","1","0","","02","9","2020","7","40.425574","-79.906633","","11","1","0","0","0","0","0","0","0","","0","0","0","","","0","N","0","","40 25:32.066","4","0","79 54:23.880","0","0","0","0","2301","0","0","0","N","0","0","0","4","68B03","0","","1.0","1240.0","1","N","N","N","0","","0","0","3","","0","N","","4","0","0","0","0","0","0","2","0","4","","03","","N","","","","","","","","","",""
"2020051615","","0","0","0","0","0","0","0","0","0","4","0","","02","7","2020","4","40.383496","-80.052649","","11","0","0","0","0","0","0","0","1","","0","0","0","","","0","","2","","40 23:00.587","","7","80 03:09.536","0","0","0","0","2109","0","0","0","N","0","0","0","2","02109","0","","1.0","","1","N","N","N","1","","0","0","1","","3","","","2","0","0","0","0","0","0","2","0","2","","03","","N","","","","","","","","","",""
"2020077855","","1","0","0","0","0","0","0","0","0","1","0","","02","9","2020","1","40.425607","-79.906011","","11","0","0","1","0","1","0","0","0","","0","0","0","","","0","N","0","","40 25:32.185","","0","79 54:21.638","0","0","0","0","2301","0","0","0","N","0","0","0","4","68B03","0","","1.0","","1","N","N","N","0","","0","0","1","","0","","","2","0","0","0","0","0","0","2","0","2","","","","N","","","","","","","","","",""
"2020072530","","0","0","0","0","0","0","0","0","0","7","0","","02","9","2020","7","40.392483","-80.131815","","11","0","0","0","1","0","0","0","0","","0","0","0","","","0","N","0","","40 23:32.938","1","0","80 07:54.535","0","0","0","0","2102","0","0","0","N","0","0","0","1","02102","0","","5.0","1609.0","1","N","N","N","0","","0","0","1","","0","N","","1","0","0","0","0","0","0","2","0","1","","03","","N","","","","","","","","","",""
"2020077314","","2","0","0","0","0","0","0","0","0","4","0","","02","9","2020","1","40.440333","-80.023055","","11","0","0","0","0","0","0","0","0","","0","0","0","","","0","N","2","","40 26:25.198","","0","80 01:22.999","0","0","0","0","2301","0","0","0","N","0","0","0","2","02301","0","","1.0","","1","N","N","N","0","","0","0","0","","3","","","2","0","0","0","0","0","0","2","0","2","","03","","N","","","","","","","","","",""
"2020052203","","0","0","0","0","0","0","0","0","0","1","0","","02","7","2020","7","40.457318","-79.909073","","11","0","0","0","0","0","0","0","0","","0","0","0","","","0","N","1","","40 27:26.345","","1","79 54:32.662","0","0","0","0","2301","0","0","0","N","0","0","0","4","02301","0","","1.0","","1","","","N","0","","0","0","1","","2","","","2","0","0","0","0","0","0","2","1","2","","","","N","","","","","","","","","",""
"2020037992","","0","0","0","0","0","0","0","0","0","0","0","","02","5","2020","2","40.443675","-80.027823","","11","0","0","0","0","0","0","0","0","","0","0","0","","","1","","1","","40 26:37.230","3","0","80 01:40.164","2","0","1","1","2301","0","0","0","N","0","0","0","1","02301","0","","1.0","1607.0","1","N","N","N","0","","0","1","0","","0","N","","1","1","0","0","0","0","0","2","0","1","","03","","N","","","","","","","","","",""
"2020072688","","1","0","0","0","0","0","0","0","0","2","0","","02","9","2020","1","40.552109","-80.023334","","11","0","1","0","0","0","1","0","0","","0","0","0","","","0","N","1","","40 33:07.592","1","0","80 01:24.002","0","0","0","0","2116","0","0","0","N","0","0","0","4","02116","0","","1.0","1653.0","1","N","N","N","0","","0","0","1","","2","N","","2","0","0","0","0","0","0","2","0","2","","03","","N","","","","","","","","","",""
"2020052485","","1","0","0","0","0","0","0","0","0","2","0","","02","7","2020","1","40.338769","-79.83148","","11","0","0","0","0","0","0","0","0","","0","0","0","","","1","N","0","","40 20:19.570","","0","79 49:53.327","4","0","0","0","2304","0","0","0","N","0","0","0","2","02304","1","","1.0","","1","N","N","N","1","","0","0","0","","0","","","2","1","0","0","0","0","0","2","0","2","","","","N","","","","","","","","","",""
"2020077336","","1","0","0","0","0","0","0","0","0","8","0","","02","9","2020","6","40.355289","-79.904151","","11","0","0","0","0","0","0","0","0","","0","0","0","","","1","N","2","","40 21:19.040","","0","79 54:14.943","3","0","0","0","2473","1","0","0","N","1","0","0","2","02473","0","","2.0","","1","N","N","N","0","","1","0","0","","0","","","2","1","0","0","0","0","0","2","0","1","","03","","N","","","","","","","","","",""
"2020075453","","1","0","0","0","0","0","1","0","0","4","1","","02","9","2020","7","40.446148","-80.067746","","11","0","0","0","0","0","1","0","0","","0","0","0","","","2","N","2","","40 26:46.132","","0","80 04:03.885","3","0","0","0","2439","0","0","0","N","0","0","0","4","02503","1","","1.0","","1","Y","N","N","0","","1","0","0","","3","","","2","2","0","0","0","0","0","2","0","2","","","","N","","","","","","","","","",""
"2020082796","","0","0","0","0","0","0","0","0","0","1","0","","02","10","2020","3","40.456507","-79.823091","","11","0","0","0","0","0","0","0","0","","0","0","0","","","1","N","0","","40 27:23.425","5","0","79 49:23.129","3","0","0","0","2113","0","0","0","N","0","0","0","2","02113","0","","1.0","1848.0","1","N","N","N","0","","1","0","2","","0","Y","","2","1","1","0","0","0","0","2","0","2","","03","","N","","","","","","","","","",""
"2020056545","","1","0","0","0","0","0","0","0","0","8","0","40","02","7","2020","6","40.376547","-79.799396","","11","0","0","0","0","0","0","0","0","","0","0","0","","","1","N","0","","40 22:35.570","6","0","79 47:57.825","2","0","0","0","2111","1","0","1","N","1","0","1","3","02111","0","","1.0","1300.0","1","N","N","N","0","","0","1","0","","0","Y","","2","1","0","0","0","0","0","2","0","1","","03","Y","Y","4","1","","","N","Y","","","","N"
"2020050498","","2","0","0","0","0","0","0","0","0","5","0","","02","6","2020","1","40.377254","-79.850424","","11","0","0","0","0","0","0","0","0","","0","0","0","","","3","N","0","","40 22:38.113","2","0","79 51:01.526","2","0","1","1","2303","0","0","0","N","0","0","0","3","02303","0","","1.0","815.0","1","N","N","N","0","","2","1","0","","0","Y","","3","3","0","0","0","0","0","2","0","3","","98","","N","","","","","","","","","",""
"2020074254","","2","0","0","0","0","0","0","0","0","1","0","","02","9","2020","5","40.473423","-79.972396","","11","0","0","0","0","0","0","0","0","","0","0","0","","","0","N","6","","40 28:24.321","","8","79 58:20.624","0","0","0","0","2445","0","0","0","N","0","0","0","2","02445","0","","7.0","","1","N","N","N","0","","0","0","0","","4","","","2","0","0","0","0","0","0","2","0","2","","","","N","","","","","","","","","",""
"2020075897","","2","0","0","0","0","0","0","0","0","1","0","","02","9","2020","3","40.457642","-79.99796","","11","0","0","0","0","0","1","0","0","","0","0","0","","","1","N","2","","40 27:27.510","","0","79 59:52.655","8","0","0","0","2301","0","0","0","N","0","0","0","3","02301","0","","1.0","","1","N","N","N","0","","0","0","0","","0","","","2","1","0","0","0","1","0","2","0","2","","","","N","","","","","","","","","",""
"2020077281","","1","0","0","0","0","0","0","0","0","7","0","","02","9","2020","4","40.49923","-79.864012","","11","0","0","0","0","0","0","0","0","","0","0","0","","","0","N","0","","40 29:57.228","","0","79 51:50.443","0","0","0","0","2112","0","0","0","N","0","0","0","2","68D02","0","","1.0","","1","N","N","N","1","","0","0","0","","0","","","2","0","0","0","0","0","0","2","0","2","","","","N","","","","","","","","","",""
"2020077998","","2","0","0","0","0","0","0","0","0","4","0","","02","9","2020","6","40.457299","-79.909087","","11","0","0","0","0","0","1","0","0","","0","0","0","","","0","N","1","","40 27:26.276","","0","79 54:32.712","0","0","0","0","2301","0","0","0","N","0","0","0","4","02301","0","","1.0","","1","N","N","N","0","","0","0","0","","2","","","2","0","0","0","0","0","0","2","0","2","","03","","N","","","","","","","","","",""
"2020052652","","1","0","0","0","0","0","0","0","0","98","0","","02","7","2020","1","40.464265","-79.999897","","11","0","0","1","0","0","0","0","0","","0","0","0","","","0","N","0","","40 27:51.354","","0","79 59:59.630","0","0","0","0","2301","0","0","0","N","0","0","0","1","68B03","0","","2.0","","1","N","N","N","0","","0","0","0","","0","","","1","0","0","0","0","0","0","2","0","1","","","","N","","","","","","","","","",""
"2020078629","","3","0","0","0","0","0","0","0","0","6","0","","02","8","2020","2","40.327828","-80.032768","","11","0","0","0","0","0","3","0","1","","0","0","0","","","4","N","0","","40 19:40.179","6","0","80 01:57.966","3","0","0","0","2407","0","0","0","N","0","0","0","5","02407","0","","1.0","1915.0","1","N","N","Y","0","","3","0","1","","0","Y","","4","4","2","0","0","1","0","2","0","4","","","","N","","","","","","","","","",""
"2020077093","","1","0","0","0","0","0","0","0","0","4","0","","02","9","2020","7","40.472751","-79.961551","","11","0","0","0","0","0","0","0","0","","0","0","0","","","0","","1","","40 28:21.903","","0","79 57:41.583","0","0","0","0","2301","0","0","0","N","0","0","0","1","02301","0","","1.0","","1","N","N","N","1","","0","0","0","","0","","","2","0","0","0","0","0","0","2","0","2","","03","","N","","","","","","","","","",""
"2020047529","","1","0","0","0","0","0","0","0","0","7","0","","02","6","2020","6","40.473829","-80.061722","","11","0","0","0","0","0","0","0","0","","0","0","0","","","1","N","0","","40 28:25.784","6","3","80 03:42.198","3","0","0","0","2444","0","0","0","N","0","0","0","3","02444","0","","2.0","718.0","1","N","N","N","0","","1","0","0","","0","N","","1","1","3","0","0","0","0","2","0","1","","","","N","","","","","","","","","",""
"2020081600","","1","0","0","0","0","0","0","0","0","1","0","","02","10","2020","6","40.455364","-79.891837","","11","0","0","0","0","0","0","0","0","","0","0","0","","","1","N","0","","40 27:19.310","","0","79 53:30.612","8","0","0","0","2301","0","0","0","N","0","0","0","1","02301","0","","1.0","","1","N","N","N","0","","0","0","2","","0","","","3","1","0","0","0","1","0","2","0","3","","03","","N","","","","","","","","","",""
"2020052030","","1","0","0","0","0","0","0","0","0","1","0","","02","7","2020","6","40.667564","-80.096603","","11","0","0","0","0","0","1","0","1","","0","0","0","","","0","","2","","40 40:03.232","","0","80 05:47.772","0","0","0","0","2212","0","0","0","N","0","0","0","2","02505","0","","1.0","","1","N","N","N","0","","0","0","1","","2","","","2","0","0","0","0","0","0","2","0","2","","","","N","","","","","","","","","",""
"2020076876","","2","0","0","0","0","0","0","0","0","1","0","","02","9","2020","5","40.275095","-79.881005","","11","0","0","0","0","0","0","0","0","","0","0","0","","","1","N","0","","40 16:30.341","","0","79 52:51.617","3","0","0","0","2428","0","0","0","N","0","0","0","2","02428","0","","1.0","","1","N","N","N","0","","1","0","0","","0","","","2","1","0","0","0","0","0","2","0","2","","03","","N","","","","","","","","","",""
"2020076234","","2","0","0","0","0","0","0","0","0","1","0","","02","9","2020","4","40.450199","-80.140093","","11","0","0","0","0","0","0","0","0","","0","0","0","","","0","","2","","40 27:00.716","3","0","80 08:24.333","0","0","0","0","2115","0","0","0","N","0","0","0","3","02115","0","","1.0","1445.0","1","Y","N","N","0","","0","0","0","","2","N","","3","0","0","0","0","0","0","2","0","3","","03","","N","","","","","","","","","",""
"2020052395","","0","0","0","0","0","0","0","0","0","7","0","","02","7","2020","1","40.444406","-80.057258","","11","0","0","0","0","0","0","0","0","","0","0","0","","","1","N","0","","40 26:39.860","6","0","80 03:26.130","8","0","0","0","2301","0","0","0","N","0","0","0","1","02301","0","","5.0","1353.0","1","N","N","N","1","","0","0","0","","0","Y","","1","1","0","0","0","1","0","2","0","1","","","","N","","","","","","","","","",""
"2020069983","","0","0","0","0","0","0","0","0","0","7","0","","02","8","2020","5","40.537882","-80.159155","","11","0","0","0","0","0","0","0","1","","0","0","0","","","1","N","0","","40 32:16.375","6","0","80 09:32.959","4","0","0","0","2125","0","0","0","N","0","0","0","1","02215","1","","1.0","0.0","9","N","N","N","0","","0","0","1","","0","Y","","1","1","0","0","0","0","0","2","0","1","","","","N","","","","","","","","","",""
"2020076346","","2","0","0","0","0","0","0","0","0","4","0","","02","9","2020","5","40.354888","-79.834888","","11","0","0","0","0","0","1","1","0","","0","0","0","","","0","N","2","","40 21:17.598","","0","79 50:05.597","0","0","0","0","2304","0","0","0","N","0","0","0","3","02304","0","","1.0","","1","N","N","N","0","","0","0","1","","0","","","3","0","0","0","0","0","0","2","0","3","","03","","N","","","","","","","","","",""
"2020056171","","1","0","0","0","0","0","0","0","0","1","0","","02","7","2020","2","40.438696","-79.74557","","11","0","0","0","0","0","2","0","0","","0","0","0","","","1","Y","0","","40 26:19.304","","0","79 44:44.053","3","0","0","0","2446","0","0","0","N","0","0","0","3","02446","0","","1.0","","1","N","N","Y","0","","1","0","2","","2","","","3","1","0","0","0","0","0","2","0","3","","03","","N","","","","","","","","","",""
"2020075388","","1","0","0","0","0","0","0","0","0","1","0","","02","9","2020","4","40.506739","-80.006878","","11","0","0","0","0","0","1","0","0","","0","0","0","","","1","N","1","","40 30:24.261","","0","80 00:24.762","3","0","0","0","2116","0","0","0","N","0","0","0","2","02116","0","","1.0","","1","N","N","N","1","","1","0","0","","2","","","2","1","0","0","0","0","0","2","0","2","","03","","N","","","","","","","","","",""