"CRN","ARRIVAL_TM","AUTOMOBILE_COUNT","BELTED_DEATH_COUNT","BELTED_SUSP_SERIOUS_INJ_COUNT","BICYCLE_COUNT","BICYCLE_DEATH_COUNT","BICYCLE_SUSP_SERIOUS_INJ_COUNT","BUS_COUNT","CHLDPAS_DEATH_COUNT","CHLDPAS_SUSP_SERIOUS_INJ_COUNT","COLLISION_TYPE","COMM_VEH_COUNT","CONS_ZONE_SPD_LIM","COUNTY","CRASH_MONTH","CRASH_YEAR","DAY_OF_WEEK","DEC_LATITUDE","DEC_LONGITUDE","DISPATCH_TM","DISTRICT","DRIVER_COUNT_16YR","DRIVER_COUNT_17YR","DRIVER_COUNT_18YR","DRIVER_COUNT_19YR","DRIVER_COUNT_20YR","DRIVER_COUNT_50_64YR","DRIVER_COUNT_65_74YR","DRIVER_COUNT_75PLUS","EST_HRS_CLOSED","FATAL_COUNT","HEAVY_TRUCK_COUNT","HORSE_BUGGY_COUNT","HOUR_OF_DAY","ILLUMINATION","INJURY_COUNT","INTERSECTION_RELATED","INTERSECT_TYPE","LANE_CLOSED","LATITUDE","LN_CLOSE_DIR","LOCATION_TYPE","LONGITUDE","MAX_SEVERITY_LEVEL","MCYCLE_DEATH_COUNT","MCYCLE_SUSP_SERIOUS_INJ_COUNT","MOTORCYCLE_COUNT","MUNICIPALITY","NONMOTR_COUNT","NONMOTR_DEATH_COUNT","NONMOTR_SUSP_SERIOUS_INJ_COUNT","NTFY_HIWY_MAINT","PED_COUNT","PED_DEATH_COUNT","PED_SUSP_SERIOUS_INJ_COUNT","PERSON_COUNT","POLICE_AGCY","POSSIBLE_INJ_COUNT","RDWY_SURF_TYPE_CD","RELATION_TO_ROAD","ROADWAY_CLEARED","ROAD_CONDITION","SCH_BUS_IND","SCH_ZONE_IND","SECONDARY_CRASH","SMALL_TRUCK_COUNT","SPEC_JURIS_CD","SUSP_MINOR_INJ_COUNT","SUSP_SERIOUS_INJ_COUNT","SUV_COUNT","TCD_FUNC_CD","TCD_TYPE","TFC_DETOUR_IND","TIME_OF_DAY","TOTAL_UNITS","TOT_INJ_COUNT","UNBELTED_OCC_COUNT","UNB_DEATH_COUNT","UNB_SUSP_SERIOUS_INJ_COUNT","UNK_INJ_DEG_COUNT","UNK_INJ_PER_COUNT","URBAN_RURAL","VAN_COUNT","VEHICLE_COUNT","WEATHER1","WEATHER2","WORKERS_PRES","WORK_ZONE_IND","WORK_ZONE_LOC","WORK_ZONE_TYPE","WZ_CLOSE_DETOUR","WZ_FLAGGER","WZ_LAW_OFFCR_IND","WZ_LN_CLOSURE","WZ_MOVING","WZ_OTHER","WZ_SHLDER_MDN","WZ_WORKERS_INJ_KILLED"
"2020078259","","0","0","0","0","0","0","0","0","0","7","0","","02","9","2020","1","40.439212","-79.759679","","11","0","0","0","0","0","0","0","0","","0","0","0","","","0","N","0","","40 26:21.162","","2","79 45:34.844","9","0","0","0","2446","0","0","0","Y","0","0","0","1","68B03","0","","2.0","","1","N","N","N","0","","0","0","1","","0","","","1","0","0","0","0","0","1","2","0","1","","","","N","","","","","","","","","",""
"2020058390","","1","0","0","0","0","0","0","0","0","4","0","","02","7","2020","2","40.516049","-80.00449","","11","0","0","0","0","1","0","0","0","","0","0","0","","","0","","2","","40 30:57.777","3","2","80 00:16.164","0","0","0","0","2116","0","0","0","N","0","0","0","2","02116","0","","1.0","1332.0","1","N","N","N","0","","0","0","0","","2","N","","2","0","0","0","0","0","0","2","1","2","","03","","N","","","","","","","","","",""
"2020078323","","1","0","0","0","0","0","0","0","0","4","0","","02","9","2020","4","40.352393","-80.073809","","11","0","0","0","0","0","1","0","0","","0","0","0","","","1","","1","","40 21:08.614","2","0","80 04:25.714","8","0","0","0","2123","0","0","0","N","0","0","0","2","02123","0","","1.0","1215.0","1","N","N","N","0","","0","0","1","","3","N","","2","1","0","0","0","1","0","2","0","2","","03","","N","","","","","","","","","",""
"2020055059","","0","0","0","0","0","0","0","0","0","1","0","","02","7","2020","7","40.567102","-80.212318","","11","0","0","0","0","0","1","0","0","","0","0","0","","","0","","6","","40 34:01.566","1","2","80 12:44.344","9","0","0","0","2441","0","0","0","N","0","0","0","2","02441","0","","1.0","854.0","1","N","N","N","1","","0","0","0","","2","N","","2","0","0","0","0","0","1","2","1","2","","03","","N","","","","","","","","","",""
"2020078248","","0","0","0","0","0","0","0","0","0","0","1","","02","9","2020","5","40.570425","-80.116919","","11","0","0","0","0","0","0","0","0","","0","1","0","","","0","N","0","","40 34:13.529","2","0","80 07:00.910","0","0","0","0","2460","0","0","0","Y","0","0","0","2","68B03","0","","4.0","2109.0","1","N","N","N","0","","0","0","0","","0","N","","1","0","0","0","0","0","0","2","0","1","","03","","N","","","","","","","","","",""
"2020062112","","1","0","0","0","0","0","0","0","0","1","0","","02","8","2020","7","40.512066","-80.1318","","11","0","0","0","1","0","0","0","0","","0","0","0","","","0","N","0","","40 30:43.439","3","0","80 07:54.479","0","0","0","0","2110","0","0","0","N","0","0","0","2","02215","0","","1.0","950.0","9","N","N","N","0","","0","0","0","","0","N","","2","0","0","0","0","0","0","2","1","2","","","","N","","","","","","","","","",""
"2020075595","","2","0","0","0","0","0","0","0","0","4","0","","02","9","2020","3","40.39669","-80.084957","","11","0","0","0","0","0","1","0","0","","0","0","0","","","0","N","0","","40 23:48.084","4","6","80 05:05.845","9","0","0","0","2102","0","0","0","N","0","0","0","2","02102","0","","1.0","1310.0","1","N","N","N","0","","0","0","0","","0","N","","2","0","0","0","0","0","1","2","0","2","","03","","N","","","","","","","","","",""
"2020076944","","0","0","0","0","0","0","0","0","0","8","0","","02","9","2020","7","40.433699","-80.010415","","11","0","0","0","0","0","0","0","0","","0","0","0","","","1","Y","0","","40 26:01.315","","0","80 00:37.493","8","0","0","0","2301","1","0","0","N","1","0","0","2","02301","0","","1.0","","1","N","N","N","1","","0","0","0","","0","","","2","1","0","0","0","1","0","2","0","1","","03","","N","","","","","","","","","",""
"2020046508","","1","0","0","0","0","0","0","0","0","1","0","","02","6","2020","2","40.464271","-79.980141","","11","0","0","0","0","0","1","0","0","","0","0","0","","","1","Y","0","","40 27:51.374","","0","79 58:48.507","8","0","0","1","2301","0","0","0","N","0","0","0","2","02301","0","","1.0","","1","","","N","0","","0","0","0","","0","","","3","1","0","0","0","1","0","2","0","2","","03","","N","","","","","","","","","",""
"2020072627","","0","0","0","0","0","0","0","0","0","7","0","","02","9","2020","3","40.370887","-79.981439","","11","0","0","0","0","0","0","0","0","","0","0","0","","","0","N","0","","40 22:15.193","","0","79 58:53.182","0","0","0","0","2413","0","0","0","N","0","0","0","1","02413","0","","2.0","","1","N","N","N","0","","0","0","0","","0","","","1","0","0","0","0","0","0","2","1","1","","","","N","","","","","","","","","",""
"2020078939","","1","0","0","0","0","0","0","0","0","1","0","","02","9","2020","5","40.328456","-79.94496","","11","0","0","0","0","0","0","1","0","","0","0","0","","","0","N","0","","40 19:42.440","2","0","79 56:41.856","0","0","0","0","2454","0","0","0","N","0","0","0","5","02454","0","","1.0","1447.0","1","N","N","N","0","","0","0","1","","0","N","","2","0","1","0","0","0","0","2","0","2","","03","","N","","","","","","","","","",""
"2020077085","","1","0","0","0","0","0","0","0","0","4","0","","02","9","2020","1","40.43899","-79.762602","","11","0","0","0","0","0","0","0","0","","0","0","0","","","0","N","1","","40 26:20.363","4","0","79 45:45.367","0","0","0","0","2446","0","0","0","N","0","0","0","2","02446","0","","1.0","805.0","1","N","N","N","0","","0","0","1","","2","N","","2","0","0","0","0","0","0","2","0","2","","","","N","","","","","","","","","",""
"2020078100","","1","0","0","0","0","0","0","0","0","7","0","","02","9","2020","4","40.399153","-79.98901","","11","0","0","0","0","0","0","0","0","","0","0","0","","","0","N","0","","40 23:56.949","1","0","79 59:20.436","0","0","0","0","2301","0","0","0","N","0","0","0","1","02301","0","","5.0","215.0","1","N","N","N","0","","0","0","0","","0","N","","1","0","0","0","0","0","0","2","0","1","","03","","N","","","","","","","","","",""
"2020072376","","2","0","0","0","0","0","0","0","0","4","0","","02","9","2020","6","40.663987","-79.934296","","11","0","0","0","0","0","0","1","0","","0","0","0","","","1","N","1","","40 39:50.354","2","0","79 56:03.467","3","0","0","0","2217","0","0","0","N","0","0","0","2","02505","0","","1.0","1425.0","1","N","N","N","0","","1","0","0","","2","N","","2","1","0","0","0","0","0","2","0","2","","","","N","","","","","","","","","",""
"2020077088","","0","0","0","0","0","0","0","0","0","1","0","","02","9","2020","3","40.345501","-80.114331","","11","1","0","0","0","0","0","0","0","","0","0","0","","","1","N","0","","40 20:43.802","","0","80 06:51.591","4","0","0","0","2119","0","0","0","N","0","0","0","5","02119","1","","1.0","","1","N","N","N","0","","0","0","2","","0","","","2","1","0","0","0","0","0","2","0","2","","","","N","","","","","","","","","",""
"2020050820","","0","0","0","0","0","0","0","0","0","7","0","","02","6","2020","2","40.360138","-79.845991","","11","0","0","0","0","0","1","0","0","","0","0","0","","","1","N","0","","40 21:36.495","1","2","79 50:45.566","3","0","0","1","2303","0","0","0","N","0","0","0","1","02303","0","","1.0","1310.0","1","N","N","N","0","","1","0","0","","0","Y","","1","1","0","0","0","0","0","2","0","1","","","","N","","","","","","","","","",""
"2020077379","","1","0","0","0","0","0","0","0","0","98","0","","02","9","2020","2","40.430912","-80.191112","","11","0","0","1","0","0","0","0","0","","0","0","0","","","0","N","0","","40 25:51.283","","0","80 11:28.003","0","0","0","0","2214","0","0","0","N","0","0","0","1","02214","0","","1.0","","1","N","N","N","0","","0","0","0","","0","","","1","0","0","0","0","0","0","1","0","1","","03","","N","","","","","","","","","",""
"2020078941","","1","0","0","0","0","0","0","0","0","7","0","","02","9","2020","5","40.501733","-79.945396","","11","0","0","0","0","0","0","0","1","","1","0","0","","","0","N","2","","40 30:06.239","2","0","79 56:43.424","1","0","0","0","2430","0","0","0","N","0","0","0","1","02430","0","2","4.0","1740.0","1","N","N","N","0","0","0","0","0","","1","Y","","1","0","1","1","0","0","0","2","0","1","","","","N","","","","","","","","","",""
"2020051659","","1","0","0","0","0","0","0","0","0","7","0","","02","7","2020","4","40.448159","-79.848901","","11","0","0","0","1","0","0","0","0","","0","0","0","","","0","N","0","","40 26:53.374","5","0","79 50:56.042","0","0","0","0","2419","0","0","0","N","0","0","0","2","02419","0","","5.0","1550.0","1","N","N","N","0","","0","0","1","","0","Y","","2","0","0","0","0","0","0","2","0","2","","","","N","","","","","","","","","",""
"2020077763","","0","0","0","0","0","0","0","0","0","98","0","","02","9","2020","1","40.608344","-80.056997","","11","0","0","0","0","0","0","0","0","","0","0","0","","","1","Y","0","","40 36:30.039","","0","80 03:25.190","4","0","0","1","2108","0","0","0","N","0","0","0","1","02108","1","","1.0","","1","N","N","N","0","","0","0","0","","0","","","1","1","0","0","0","0","0","2","0","1","","","","N","","","","","","","","","",""
"2020052136","","2","0","0","0","0","0","0","0","0","4","0","","02","7","2020","6","40.454029","-79.912399","","11","0","0","0","0","0","0","0","0","","0","0","0","","","1","","1","","40 27:14.504","1","0","79 54:44.638","4","0","0","0","2301","0","0","0","N","0","0","0","2","02301","1","","1.0","2000.0","1","N","N","N","0","","0","0","0","","2","N","","2","1","0","0","0","0","0","2","0","2","","03","","N","","","","","","","","","",""
"2020052117","","1","0","0","0","0","0","0","0","0","1","0","","02","7","2020","6","40.444232","-80.028216","","11","0","0","0","0","0","1","0","0","","0","0","0","","","0","","2","","40 26:39.234","1","0","80 01:41.577","0","0","0","0","2301","0","0","0","N","0","0","0","3","02301","0","","1.0","2000.0","1","N","N","Y","1","","0","0","1","","2","N","","3","0","2","0","0","0","0","2","0","3","","03","","N","","","","","","","","","",""
"2020077457","","1","0","0","0","0","0","0","0","0","1","0","","02","9","2020","7","40.425769","-79.903199","","11","0","0","0","0","0","0","0","0","","0","0","0","","","1","N","0","","40 25:32.767","4","0","79 54:11.516","8","0","0","0","2301","0","0","0","N","0","0","0","4","68B03","0","","1.0","1750.0","1","N","N","N","1","","0","0","0","","0","N","","2","1","0","0","0","1","0","2","0","2","","03","","N","","","","","","","","","",""
"2020077110","","1","0","0","0","0","0","0","0","0","4","0","","02","9","2020","5","40.35151","-79.865072","","11","0","0","0","0","0","0","0","0","","0","0","0","","","0","","1","","40 21:05.436","","0","79 51:54.259","0","0","0","0","2304","0","0","0","N","0","0","0","2","02304","0","","1.0","","1","N","N","N","1","","0","0","0","","2","N","","2","0","0","0","0","0","0","2","0","2","","03","","N","","","","","","","","","",""
"2020052393","","1","0","0","0","0","0","0","0","0","1","0","","02","7","2020","1","40.429479","-79.999021","","11","0","0","1","0","0","0","0","0","","0","0","0","","","0","N","0","","40 25:46.126","1","3","79 59:56.476","0","0","0","0","2301","0","0","0","N","0","0","0","4","02301","0","","1.0","1418.0","1","N","N","N","0","","0","0","1","","0","N","","2","0","0","0","0","0","0","2","0","2","","","","N","","","","","","","","","",""
"2020061601","","0","0","0","0","0","0","0","0","0","3","0","","02","7","2020","4","40.409847","-80.082186","","11","0","0","0","0","0","0","0","0","","0","0","0","","","0","N","0","","40 24:35.448","","7","80 04:55.870","0","0","0","0","2415","0","0","0","N","0","0","0","4","02415","0","","9.0","","1","N","N","N","0","","0","0","2","","0","","","2","0","0","0","0","0","0","2","0","2","","","","N","","","","","","","","","",""
"2020052479","","1","0","0","0","0","0","0","0","0","4","0","","02","7","2020","1","40.512311","-79.957977","","11","0","1","0","0","0","1","0","0","","0","0","0","","","0","N","2","","40 30:44.318","","0","79 57:28.718","0","0","0","0","2118","0","0","0","N","0","0","0","4","02118","0","","1.0","","1","N","N","N","0","","0","0","0","","3","N","","2","0","0","0","0","0","0","2","1","2","","","","N","","","","","","","","","",""
"2020052231","","0","0","0","0","0","0","0","0","0","0","0","","02","7","2020","4","40.46797","-80.236456","","11","0","0","0","0","0","0","0","0","","0","0","0","","","1","N","0","","40 28:04.691","","0","80 14:11.242","3","0","0","1","2203","0","0","0","N","0","0","0","1","68B03","0","","4.0","","3","N","N","N","0","","1","0","0","","0","","","1","1","0","0","0","0","0","2","0","1","","","","N","","","","","","","","","",""
"2020052541","","0","0","0","0","0","0","0","0","0","6","0","","02","7","2020","1","40.401528","-79.985194","","11","0","0","0","0","0","0","0","0","","0","0","0","","","0","N","0","","40 24:05.500","","0","79 59:06.700","0","0","0","0","2301","0","0","0","N","0","0","0","1","02301","0","","6.0","","1","N","N","N","0","","0","0","2","","0","","","2","0","1","0","0","0","0","2","0","2","","","","N","","","","","","","","","",""
"2020076514","","0","0","0","0","0","0","1","0","0","8","1","","02","9","2020","5","40.441399","-79.963433","","11","0","0","0","0","0","1","0","0","","1","0","0","","","0","N","2","","40 26:29.035","7","0","79 57:48.358","1","0","0","0","2301","1","1","0","N","1","1","0","2","02301","0","2","1.0","1808.0","1","N","N","N","0","0","0","0","0","","3","Y","","2","0","0","0","0","0","0","2","0","1","","","","N","","","","","","","","","",""
"2020051689","","1","0","0","0","0","0","0","0","0","1","0","90","02","7","2020","5","40.414716","-80.01068","","11","0","0","0","0","0","1","0","0","","0","0","0","","","0","N","0","","40 24:52.976","6","1","80 00:38.449","0","0","0","0","2301","0","0","0","N","0","0","0","2","02301","0","","1.0","1251.0","1","N","N","N","0","","0","0","1","","2","N","","2","0","0","0","0","0","0","2","0","2","","","N","Y","1","2","","","N","","","","","N"
"2020073671","","1","0","0","0","0","0","0","0","0","7","0","","02","8","2020","3","40.666408","-79.71595","","11","0","0","0","0","0","0","0","0","","1","0","0","","","0","N","0","","40 39:59.067","1","0","79 42:57.419","1","0","0","0","2106","0","0","0","Y","0","0","0","1","68D02","0","1","4.0","2139.0","1","N","N","N","0","0","0","0","0","","0","Y","","1","0","1","1","0","0","0","2","0","1","","","","N","","","","","","","","","",""
"2020074414","","2","0","0","0","0","0","0","0","0","1","0","","02","9","2020","6","40.488547","-79.923146","","11","0","0","0","0","0","1","0","0","","0","0","0","","","0","N","0","","40 29:18.770","","0","79 55:23.327","0","0","0","0","2301","0","0","0","N","0","0","0","2","02301","0","","1.0","","1","N","N","N","0","","0","0","0","","0","","","2","0","0","0","0","0","0","2","0","2","","03","","N","","","","","","","","","",""
"2020051833","","0","0","0","0","0","0","0","0","0","1","0","","02","7","2020","4","40.4447","-80.00946","","11","0","0","0","0","0","0","0","0","","0","0","0","","","2","N","0","","40 26:40.921","2","3","80 00:34.055","3","0","0","0","2301","0","0","0","N","0","0","0","5","68B03","0","","1.0","1701.0","1","N","N","N","1","","2","0","3","","0","N","","4","2","0","0","0","0","0","2","0","4","","","","N","","","","","","","","","",""
"2020042992","","1","0","0","0","0","0","0","0","0","7","0","","02","6","2020","3","40.411573","-80.07933","","11","0","0","0","0","0","0","0","0","","0","0","0","","","0","N","0","","40 24:41.663","3","2","80 04:45.587","0","0","0","0","2117","0","0","0","N","0","0","0","2","02117","0","","5.0","1806.0","1","N","N","N","0","","0","0","0","","0","N","","1","0","0","0","0","0","0","2","0","1","","03","","N","","","","","","","","","",""
"2020078924","","1","0","0","0","0","0","0","0","0","4","0","","02","9","2020","5","40.43693","-79.970326","","11","0","0","0","0","0","0","2","0","","0","0","0","","","1","N","0","","40 26:12.947","4","6","79 58:13.175","3","0","0","0","2301","0","0","0","N","0","0","0","4","02301","0","","1.0","1410.0","1","N","N","N","0","","1","0","1","","0","N","","2","1","0","0","0","0","0","2","0","2","","03","","N","","","","","","","","","",""
"2020078213","","0","0","0","0","0","0","0","0","0","0","0","","02","9","2020","3","40.553639","-79.958322","","11","0","0","0","0","0","0","1","0","","0","0","0","","","1","N","0","","40 33:13.099","5","0","79 57:29.958","8","0","0","1","2118","0","0","0","N","0","0","0","1","02118","0","","1.0","1410.0","1","N","N","N","0","","0","0","0","","0","N","","1","1","0","0","0","1","0","2","0","1","","03","","N","","","","","","","","","",""
"2020074017","","1","0","0","0","0","0","0","0","0","1","1","","02","9","2020","6","40.474953","-80.099353","","11","0","0","0","0","0","1","0","1","","0","1","0","","","1","N","0","","40 28:29.830","6","0","80 05:57.670","8","0","0","0","2126","0","0","0","N","0","0","0","2","02126","0","","1.0","1421.0","1","N","N","N","0","","0","0","0","","0","Y","","2","1","0","0","0","1","0","2","0","2","","03","","N","","","","","","","","","",""
"2020077064","","2","0","0","0","0","0","0","0","0","4","0","","02","9","2020","1","40.467548","-79.904766","","11","0","0","0","0","0","0","0","0","","0","0","0","","","0","","1","","40 28:03.172","7","0","79 54:17.157","0","0","0","0","2301","0","0","0","N","0","0","0","2","02301","0","","1.0","252.0","1","N","N","N","0","","0","0","0","","3","Y","","2","0","0","0","0","0","0","2","0","2","","03","","N","","","","","","","","","",""
"2020052329","","1","0","0","0","0","0","0","0","0","98","0","","02","7","2020","7","40.392344","-79.798869","","11","0","0","0","0","0","0","0","0","","0","0","0","","","0","N","0","","40 23:32.440","3","0","79 47:55.930","0","0","0","0","2470","0","0","0","N","0","0","0","3","02424","0","","4.0","1855.0","1","N","N","N","0","","0","0","0","","0","N","","1","0","0","0","0","0","0","2","0","1","","03","","N","","","","","","","","","",""
"2020078804","","1","0","0","0","0","0","0","0","0","0","0","","02","9","2020","4","40.619289","-79.748729","","11","0","0","0","0","1","0","0","0","","0","0","0","","","0","N","0","","40 37:09.442","","0","79 44:55.425","0","0","0","0","2202","0","0","0","N","0","0","0","2","68D02","0","","4.0","","1","N","N","N","0","","0","0","0","","0","","","1","0","0","0","0","0","0","2","0","1","","","","N","","","","","","","","","",""
"2020055242","","0","0","0","0","0","0","0","0","0","1","0","","02","7","2020","6","40.351377","-80.050765","","11","0","0","0","0","0","0","1","0","","0","0","0","","","0","N","0","","40 21:04.956","","0","80 03:02.755","0","0","0","0","2407","0","0","0","N","0","0","0","2","02407","0","","1.0","","1","N","N","N","0","","0","0","2","","0","","","2","0","0","0","0","0","0","2","0","2","","03","","N","","","","","","","","","",""
"2020075983","","1","0","0","0","0","0","0","0","0","1","0","","02","9","2020","4","40.454309","-79.883391","","11","0","0","0","0","0","1","0","0","","0","0","0","","","1","N","0","","40 27:15.512","","0","79 53:00.209","4","0","0","0","2301","0","0","0","N","0","0","0","2","02301","1","","1.0","","1","N","N","N","0","","0","0","1","","0","","","2","1","0","0","0","0","0","2","0","2","","03","","N","","","","","","","","","",""
"2020055700","","2","0","0","0","0","0","0","0","0","2","0","","02","7","2020","7","40.449847","-80.107369","","11","0","0","0","0","0","0","0","0","","0","0","0","","","1","Y","0","","40 26:59.450","5","7","80 06:26.530","4","0","0","0","2126","0","0","0","N","0","0","0","3","02126","2","","1.0","1201.0","1","N","N","N","0","","0","0","0","","0","N","","2","2","1","0","0","0","0","2","0","2","","03","","N","","","","","","","","","",""
"2020053486","","2","0","0","0","0","0","0","0","0","4","0","","02","7","2020","7","40.405678","-79.823707","","11","0","0","0","0","0","0","1","0","","0","0","0","","","1","","1","","40 24:20.441","","0","79 49:25.345","3","0","0","0","2467","0","0","0","N","0","0","0","2","02467","0","","1.0","","1","","","N","0","","1","0","0","","2","","","2","1","0","0","0","0","0","2","0","2","","","","N","","","","","","","","","",""
"2020077205","","1","0","0","0","0","0","0","0","0","4","0","","02","9","2020","7","40.407018","-79.910893","","11","0","0","0","0","0","0","0","0","","0","0","0","","","0","N","1","","40 24:25.266","5","0","79 54:39.216","0","0","0","0","2438","0","0","0","N","0","0","0","3","02438","0","","1.0","314.0","1","N","N","N","0","","0","0","0","","2","Y","","2","0","0","0","0","0","0","2","0","2","","","","N","","","","","","","","","",""
"2020052109","","0","0","0","0","0","0","0","0","0","4","0","","02","7","2020","6","40.466188","-79.912216","","11","0","0","0","0","0","0","0","0","","0","0","0","","","0","","1","","40 27:58.276","2","0","79 54:43.977","9","0","0","0","2301","0","0","0","N","0","0","0","2","02301","0","","1.0","1930.0","1","","","N","0","","0","0","1","","3","Y","","2","0","0","0","0","0","1","2","0","2","","","","N","","","","","","","","","",""
"2020078811","","1","0","0","0","0","0","0","0","0","7","0","","02","9","2020","7","40.611","-79.76042","","11","0","0","0","0","0","1","0","0","","0","0","0","","","0","N","0","","40 36:39.600","1","0","79 45:37.513","0","0","0","0","2464","0","0","0","Y","0","0","0","1","68D02","0","","5.0","1000.0","1","N","N","N","0","","0","0","0","","0","N","","1","0","1","0","0","0","0","2","0","1","","","","N","","","","","","","","","",""
"2020075232","","0","0","0","0","0","0","0","0","0","4","0","","02","7","2020","2","40.426417","-79.889811","","11","0","0","0","0","0","2","0","0","","0","0","0","","","0","Y","0","","40 25:35.100","2","7","79 53:23.320","0","0","0","0","2426","0","0","0","N","0","0","0","2","02426","0","","1.0","1047.0","1","N","N","N","1","","0","0","1","","2","N","","2","0","0","0","0","0","0","2","0","2","","03","","N","","","","","","","","","",""
"2020052194","","0","0","0","0","0","0","0","0","0","7","0","","02","7","2020","7","40.360577","-79.84535","","11","0","0","0","0","0","0","0","0","","0","0","0","","","1","N","0","","40 21:38.078","1","3","79 50:43.261","3","0","0","1","2303","0","0","0","N","0","0","0","1","02303","0","","7.0","705.0","98","N","N","N","0","","1","0","0","","0","N","","1","1","0","0","0","0","0","2","0","1","","","","N","","","","","","","","","",""
"2020076817","","1","0","0","0","0","0","0","0","0","7","0","","02","9","2020","7","40.393016","-80.01732","","11","0","0","0","0","0","0","0","0","","0","0","0","","","0","N","5","","40 23:34.857","","0","80 01:02.352","0","0","0","0","2301","0","0","0","N","0","0","0","1","02301","0","","2.0","","1","N","N","N","0","","0","0","0","","0","","","1","0","0","0","0","0","0","2","0","1","","03","","N","","","","","","","","","",""
"2020076244","","1","0","0","0","0","0","0","0","0","7","0","","02","9","2020","4","40.564961","-79.956902","","11","0","0","0","0","0","0","0","0","","0","0","0","","","1","","2","","40 33:53.858","1","0","79 57:24.847","4","0","0","0","2207","0","0","0","N","0","0","0","1","02207","1","","4.0","1915.0","1","N","N","N","0","","0","0","0","","0","N","","1","1","0","0","0","0","0","2","0","1","","03","","N","","","","","","","","","",""
"2020077529","","1","0","0","0","0","0","0","0","0","1","0","","02","9","2020","7","40.543398","-80.215267","","11","0","1","0","0","0","0","0","0","","0","0","0","","","0","N","0","","40 32:36.234","3","0","80 12:54.960","9","0","0","0","2213","0","0","0","N","0","0","0","2","02213","0","","1.0","850.0","1","N","N","N","0","","0","0","1","","0","N","","2","0","0","0","0","0","1","2","0","2","","","","N","","","","","","","","","",""
"2020052189","","1","0","0","0","0","0","0","0","0","6","0","","02","7","2020","7","40.427414","-79.973137","","11","0","0","0","0","0","1","0","0","","0","0","0","","","1","","1","","40 25:38.691","","0","79 58:23.292","3","0","0","0","2301","0","0","0","N","0","0","0","3","02301","0","","1.0","","1","N","N","N","0","","1","0","2","","0","","","3","1","0","0","0","0","0","2","0","3","","03","","N","","","","","","","","","",""
"2020077717","","2","0","0","0","0","0","0","0","0","5","0","","02","9","2020","2","40.382749","-80.043915","","11","0","0","0","0","0","0","0","1","","0","0","0","","","0","N","0","","40 22:57.896","","0","80 02:38.093","0","0","0","0","2109","0","0","0","N","0","0","0","4","02109","0","","6.0","","1","N","N","N","0","","0","0","0","","0","","","2","0","1","0","0","0","0","2","0","2","","03","","N","","","","","","","","","",""
"2020065429","","1","0","0","0","0","0","0","0","0","7","0","","02","7","2020","5","40.541537","-79.799663","","11","0","0","0","0","0","0","0","0","","0","0","0","","","1","N","0","","40 32:29.533","7","0","79 47:58.786","3","0","0","0","2121","0","0","0","N","0","0","0","1","02514","0","","2.0","430.0","1","N","N","N","0","","1","0","0","","0","Y","","1","1","1","0","0","0","0","2","0","1","","02","","N","","","","","","","","","",""
"2020056113","","2","0","0","0","0","0","0","0","0","1","0","","02","6","2020","4","40.381492","-79.855954","","11","0","0","0","0","0","0","0","0","","0","0","0","","","0","N","0","","40 22:53.372","2","7","79 51:21.433","0","0","0","0","2303","0","0","0","N","0","0","0","3","02303","0","","1.0","919.0","1","N","N","N","0","","0","0","1","","0","Y","","3","0","0","0","0","0","0","2","0","3","","03","","N","","","","","","","","","",""
"2020074791","","0","0","0","0","0","0","0","0","0","4","0","","02","9","2020","6","40.391809","-79.885148","","11","0","0","0","0","0","0","0","0","","0","0","0","","","0","N","3","","40 23:30.512","","0","79 53:06.532","0","0","0","0","2473","0","0","0","N","0","0","0","2","02473","0","","1.0","","1","N","N","N","0","","0","0","2","","3","","","2","0","0","0","0","0","0","2","0","2","","03","","N","","","","","","","","","",""
"2020075416","","1","0","0","0","0","0","0","0","0","7","0","","02","9","2020","5","40.449979","-79.874106","","11","0","0","0","0","0","0","0","0","","0","0","0","","","1","N","2","","40 26:59.924","5","0","79 52:26.781","3","0","0","0","2301","0","0","0","N","0","0","0","1","02301","0","","5.0","430.0","1","N","N","N","0","","1","0","0","","0","Y","","1","1","0","0","0","0","0","2","0","1","","03","","N","","","","","","","","","",""
"2020077859","","0","0","0","0","0","0","0","0","0","98","0","","02","9","2020","2","40.510049","-80.048683","","11","0","0","0","0","0","1","0","0","","0","0","0","","","0","N","0","","40 30:36.177","","0","80 02:55.260","0","0","0","0","2116","0","0","0","N","0","0","0","1","68B03","0","","1.0","","1","N","N","N","0","","0","0","1","","0","","","1","0","0","0","0","0","0","2","0","1","","03","","N","","","","","","","","","",""
"2020076971","","1","0","0","0","0","0","0","0","0","2","0","","02","9","2020","7","40.491677","-79.78505","","11","0","0","0","0","0","0","0","0","","0","0","0","","","1","N","0","","40 29:30.038","3","0","79 47:06.180","3","0","0","1","2466","0","0","0","N","0","0","0","2","02466","0","","1.0","30.0","1","N","N","N","0","","1","0","0","","0","N","","2","1","0","0","0","0","0","2","0","2","","","","N","","","","","","","","","",""