"CRN","ARRIVAL_TM","AUTOMOBILE_COUNT","BELTED_DEATH_COUNT","BELTED_SUSP_SERIOUS_INJ_COUNT","BICYCLE_COUNT","BICYCLE_DEATH_COUNT","BICYCLE_SUSP_SERIOUS_INJ_COUNT","BUS_COUNT","CHLDPAS_DEATH_COUNT","CHLDPAS_SUSP_SERIOUS_INJ_COUNT","COLLISION_TYPE","COMM_VEH_COUNT","CONS_ZONE_SPD_LIM","COUNTY","CRASH_MONTH","CRASH_YEAR","DAY_OF_WEEK","DEC_LATITUDE","DEC_LONGITUDE","DISPATCH_TM","DISTRICT","DRIVER_COUNT_16YR","DRIVER_COUNT_17YR","DRIVER_COUNT_18YR","DRIVER_COUNT_19YR","DRIVER_COUNT_20YR","DRIVER_COUNT_50_64YR","DRIVER_COUNT_65_74YR","DRIVER_COUNT_75PLUS","EST_HRS_CLOSED","FATAL_COUNT","HEAVY_TRUCK_COUNT","HORSE_BUGGY_COUNT","HOUR_OF_DAY","ILLUMINATION","INJURY_COUNT","INTERSECTION_RELATED","INTERSECT_TYPE","LANE_CLOSED","LATITUDE","LN_CLOSE_DIR","LOCATION_TYPE","LONGITUDE","MAX_SEVERITY_LEVEL","MCYCLE_DEATH_COUNT","MCYCLE_SUSP_SERIOUS_INJ_COUNT","MOTORCYCLE_COUNT","MUNICIPALITY","NONMOTR_COUNT","NONMOTR_DEATH_COUNT","NONMOTR_SUSP_SERIOUS_INJ_COUNT","NTFY_HIWY_MAINT","PED_COUNT","PED_DEATH_COUNT","PED_SUSP_SERIOUS_INJ_COUNT","PERSON_COUNT","POLICE_AGCY","POSSIBLE_INJ_COUNT","RDWY_SURF_TYPE_CD","RELATION_TO_ROAD","ROADWAY_CLEARED","ROAD_CONDITION","SCH_BUS_IND","SCH_ZONE_IND","SECONDARY_CRASH","SMALL_TRUCK_COUNT","SPEC_JURIS_CD","SUSP_MINOR_INJ_COUNT","SUSP_SERIOUS_INJ_COUNT","SUV_COUNT","TCD_FUNC_CD","TCD_TYPE","TFC_DETOUR_IND","TIME_OF_DAY","TOTAL_UNITS","TOT_INJ_COUNT","UNBELTED_OCC_COUNT","UNB_DEATH_COUNT","UNB_SUSP_SERIOUS_INJ_COUNT","UNK_INJ_DEG_COUNT","UNK_INJ_PER_COUNT","URBAN_RURAL","VAN_COUNT","VEHICLE_COUNT","WEATHER1","WEATHER2","WORKERS_PRES","WORK_ZONE_IND","WORK_ZONE_LOC","WORK_ZONE_TYPE","WZ_CLOSE_DETOUR","WZ_FLAGGER","WZ_LAW_OFFCR_IND","WZ_LN_CLOSURE","WZ_MOVING","WZ_OTHER","WZ_SHLDER_MDN","WZ_WORKERS_INJ_KILLED"
"2020072384","","0","0","0","0","0","0","0","0","0","4","0","","02","9","2020","7","40.477068","-79.956889","","11","0","0","0","0","0","0","0","0","","0","0","0","","","0","N","2","","40 28:37.446","3","0","79 57:24.802","0","0","0","0","2301","0","0","0","N","0","0","0","2","02301","0","","1.0","914.0","1","N","N","N","0","","0","0","2","","0","Y","","2","0","0","0","0","0","0","2","0","2","","03","","N","","","","","","","","","",""
"2020045412","","1","0","0","0","0","0","0","0","0","1","0","","02","6","2020","4","40.321145","-79.836547","","11","0","0","0","0","0","0","1","0","","0","0","0","","","0","N","0","","40 19:16.123","","7","79 50:11.569","0","0","0","0","2304","0","0","0","N","0","0","0","2","02304","0","","1.0","","1","N","N","N","0","","0","0","1","","0","","","2","0","0","0","0","0","0","2","0","2","","03","","N","","","","","","","","","",""
"2020044057","","1","0","0","0","0","0","0","0","0","7","0","","02","6","2020","7","40.448844","-79.962011","","11","0","0","0","0","0","0","0","0","","0","0","0","","","0","N","0","","40 26:55.840","4","0","79 57:43.240","0","0","0","0","2301","0","0","0","N","0","0","0","1","02301","0","","2.0","1455.0","1","N","N","N","0","","0","0","0","","0","N","","1","0","0","0","0","0","0","2","0","1","","","","N","","","","","","","","","",""
"2020058636","","2","0","0","0","0","0","0","0","0","2","0","","02","7","2020","6","40.480057","-79.978581","","11","0","0","0","0","0","1","0","0","","0","0","0","","","1","","3","","40 28:48.206","","0","79 58:42.892","3","0","0","0","2445","0","0","0","N","0","0","0","2","02445","0","","1.0","","1","N","N","N","0","","1","0","0","","0","","","2","1","0","0","0","0","0","2","0","2","","","","N","","","","","","","","","",""
"2020047608","","1","0","0","0","0","0","0","0","0","1","0","","02","6","2020","4","40.558776","-79.959178","","11","0","0","0","0","0","1","0","0","","0","0","0","","","0","N","0","","40 33:31.592","2","7","79 57:33.040","0","0","0","0","2207","0","0","0","N","0","0","0","2","02207","0","","1.0","1613.0","1","N","N","N","1","","0","0","0","","0","N","","2","0","0","0","0","0","0","2","0","2","","","","N","","","","","","","","","",""
"2020047285","","1","0","0","0","0","0","0","0","0","4","0","","02","6","2020","4","40.459847","-79.971269","","11","0","0","0","0","0","0","0","0","","0","0","0","","","2","N","1","","40 27:35.449","","0","79 58:16.568","3","0","0","0","2301","0","0","0","N","0","0","0","3","02301","0","","1.0","","1","N","N","N","0","","2","0","0","","2","","","2","2","0","0","0","0","0","2","1","2","","03","","N","","","","","","","","","",""
"2020087321","","1","0","0","0","0","0","0","0","0","7","0","","02","10","2020","2","40.408244","-80.00472","","11","0","0","0","0","1","0","0","0","","0","0","0","","","0","N","0","","40 24:29.680","","0","80 00:16.991","0","0","0","0","2301","0","0","0","N","0","0","0","2","02301","0","","2.0","","9","N","N","N","0","","0","0","0","","0","N","","1","0","0","0","0","0","0","2","0","1","","","","N","","","","","","","","","",""
"2020045486","","0","0","0","0","0","0","0","0","0","7","0","","02","6","2020","5","40.443197","-80.043567","","11","0","0","0","0","0","0","0","0","","0","0","0","","","0","N","0","","40 26:35.510","3","0","80 02:36.840","0","0","0","0","2301","0","0","0","N","0","0","0","1","02301","0","","4.0","49.0","1","N","N","N","0","","0","0","1","","0","N","","1","0","0","0","0","0","0","2","0","1","","","","N","","","","","","","","","",""
"2020069537","","0","0","0","0","0","0","0","0","0","7","0","","02","7","2020","4","40.647321","-79.806974","","11","0","0","0","0","0","0","0","0","","0","0","0","","","1","N","0","","40 38:50.356","3","0","79 48:25.106","3","0","0","1","2202","0","0","0","N","0","0","0","1","68D02","0","","4.0","645.0","1","N","N","N","0","","1","0","0","","0","Y","","1","1","0","0","0","0","0","1","0","1","","","","N","","","","","","","","","",""
"2020046490","","0","0","0","0","0","0","0","0","0","7","0","","02","6","2020","5","40.564303","-79.957902","","11","0","0","0","0","0","1","0","0","","0","0","0","","","3","N","0","","40 33:51.492","2","0","79 57:28.448","8","0","0","0","2207","0","0","0","Y","0","0","0","3","02207","0","","2.0","1524.0","1","N","N","N","0","","0","0","1","","0","Y","","1","3","0","0","0","3","0","2","0","1","","","","N","","","","","","","","","",""
"2020070395","","1","0","0","0","0","0","0","0","0","4","0","","02","8","2020","6","40.628343","-79.941849","","11","0","0","1","0","0","1","0","0","","0","0","0","","","1","N","2","","40 37:42.035","1","0","79 56:30.655","3","0","0","0","2217","0","0","0","N","0","0","0","7","02505","0","","1.0","1315.0","9","N","N","N","1","","1","0","1","","3","Y","","3","1","0","0","0","0","0","2","0","3","","","","N","","","","","","","","","",""
"2020073213","","1","0","0","0","0","0","0","0","0","1","0","","02","9","2020","5","40.425928","-79.91168","","11","0","0","0","0","1","0","0","0","","0","0","0","","","0","N","0","","40 25:33.342","","0","79 54:42.047","0","0","0","0","2301","0","0","0","N","0","0","0","3","68B03","0","","1.0","","1","N","N","N","1","","0","0","0","","0","","","2","0","0","0","0","0","0","2","0","2","","","","N","","","","","","","","","",""
"2020047352","","0","0","0","0","0","0","0","0","0","1","0","","02","6","2020","2","40.439898","-80.009773","","11","0","0","0","0","0","0","0","0","","0","0","0","","","2","N","0","","40 26:23.632","2","3","80 00:35.184","3","0","0","0","2301","0","0","0","N","0","0","0","3","68B03","1","","1.0","1334.0","1","N","N","N","2","","1","0","0","","0","N","","2","2","1","0","0","0","0","2","0","2","","","","N","","","","","","","","","",""
"2020073235","","1","0","0","0","0","0","0","0","0","7","0","","02","9","2020","2","40.582764","-80.189332","","11","0","0","0","0","0","0","1","0","","0","0","0","","","0","N","0","","40 34:57.949","","7","80 11:21.595","0","0","0","0","2480","0","0","0","N","0","0","0","1","02480","0","","5.0","","9","N","N","N","0","","0","0","0","","0","","","1","0","0","0","0","0","0","1","0","1","","05","","N","","","","","","","","","",""
"2020072905","","2","0","0","0","0","0","0","0","0","5","0","","02","9","2020","6","40.433884","-79.992525","","11","1","0","0","0","0","0","0","0","","0","0","0","","","0","N","0","","40 26:01.984","","0","79 59:33.089","0","0","0","0","2301","0","0","0","N","0","0","0","2","68B03","0","","1.0","","1","N","N","N","0","","0","0","0","","0","","","2","0","0","0","0","0","0","2","0","2","","03","","N","","","","","","","","","",""
"2020061359","","2","0","0","0","0","0","0","0","0","1","0","","02","8","2020","1","40.3465","-79.951583","","11","0","0","0","0","0","1","1","0","","0","0","0","","","0","Y","0","","40 20:47.400","","0","79 57:05.700","0","0","0","0","2473","0","0","0","N","0","0","0","3","02473","0","","1.0","","9","N","N","N","0","","0","0","0","","0","","","2","0","0","0","0","0","0","2","0","2","","98","","N","","","","","","","","","",""
"2020046037","","0","0","0","0","0","0","0","0","0","4","0","","02","6","2020","6","40.379681","-80.033789","","11","0","1","0","0","0","1","0","0","","0","0","0","","","0","","1","","40 22:46.851","","0","80 02:01.640","0","0","0","0","2109","0","0","0","N","0","0","0","2","02109","0","","1.0","","1","N","N","N","0","","0","0","2","","3","","","2","0","0","0","0","0","0","2","0","2","","","","N","","","","","","","","","",""
"2020044147","","0","0","0","0","0","0","0","0","0","7","0","","02","6","2020","1","40.464013","-79.882829","","11","0","0","0","1","0","0","0","0","","0","0","0","","","1","N","0","","40 27:50.445","","0","79 52:58.183","4","0","0","1","2113","0","0","0","N","0","0","0","1","02113","1","","1.0","","1","N","N","N","0","","0","0","0","","0","","","1","1","0","0","0","0","0","2","0","1","","","","N","","","","","","","","","",""
"2020090263","","2","0","0","0","0","0","0","0","0","2","0","","02","10","2020","3","40.425581","-79.926788","","11","0","0","0","0","0","0","0","0","","0","0","0","","","0","","1","","40 25:32.091","","0","79 55:36.436","0","0","0","0","2301","0","0","0","N","0","0","0","2","02301","0","","1.0","","1","N","N","N","0","","0","0","0","","3","","","2","0","0","0","0","0","0","2","0","2","","03","","N","","","","","","","","","",""
"2020067423","","1","0","0","0","0","0","0","0","0","2","0","","02","8","2020","6","40.454029","-79.912399","","11","0","0","0","0","0","0","0","0","","0","0","0","","","1","","1","","40 27:14.504","1","0","79 54:44.638","3","0","0","0","2301","0","0","0","N","0","0","0","3","02301","0","","1.0","1152.0","1","N","N","N","1","","1","0","0","","2","N","","2","1","0","0","0","0","1","2","0","2","","","","N","","","","","","","","","",""
"2020088067","","3","0","1","0","0","0","0","0","0","1","0","","02","10","2020","2","40.618766","-79.908034","","11","0","0","0","0","0","1","0","0","","0","0","0","","","2","N","2","","40 37:07.556","4","0","79 54:28.923","2","0","0","0","2220","0","0","0","N","0","0","0","3","02220","1","","1.0","1311.0","9","N","N","Y","0","","0","1","0","","3","Y","","3","2","0","0","0","0","0","1","0","3","","07","","N","","","","","","","","","",""
"2020045260","","1","0","0","0","0","0","0","0","0","4","0","","02","6","2020","4","40.349298","-80.033894","","11","0","0","0","0","0","1","0","0","","0","0","0","","","0","N","9","","40 20:57.472","6","0","80 02:02.018","0","0","0","0","2407","0","0","0","N","0","0","0","2","02503","0","","1.0","1545.0","1","N","N","N","0","","0","0","0","","5","N","","2","0","0","0","0","0","0","2","0","1","","","","N","","","","","","","","","",""
"2020074102","","1","0","0","0","0","0","0","0","0","98","0","","02","8","2020","1","40.504224","-80.23094","","11","0","0","0","0","0","0","0","0","","0","0","0","","","1","N","0","","40 30:15.206","","0","80 13:51.384","4","0","0","0","2213","0","0","0","N","0","0","0","1","02213","1","","1.0","","1","N","N","N","0","","0","0","0","","0","","","1","1","1","0","0","0","0","2","0","1","","","","N","","","","","","","","","",""
"2020072558","","0","0","0","0","0","0","0","0","0","7","0","","02","9","2020","7","40.454756","-79.83206","","11","0","0","0","0","0","0","0","0","","0","0","0","","","0","N","0","","40 27:17.122","","0","79 49:55.415","0","0","0","0","2113","0","0","0","Y","0","0","0","1","02113","0","","5.0","","1","N","N","N","1","","0","0","0","","0","","","1","0","0","0","0","0","0","2","0","1","","03","","N","","","","","","","","","",""
"2020073580","","1","0","1","0","0","0","0","0","0","6","0","","02","9","2020","4","40.452898","-80.039353","","11","0","0","0","0","0","0","1","0","","0","0","0","","","2","N","0","","40 27:10.433","6","0","80 02:21.671","2","0","0","0","2301","0","0","0","N","0","0","0","2","02301","0","","1.0","1740.0","1","N","N","N","0","","1","1","1","","0","Y","","2","2","0","0","0","0","0","2","0","2","","03","","N","","","","","","","","","",""
"2020060909","","0","0","0","0","0","0","0","0","0","2","0","","02","7","2020","6","40.538296","-79.832508","","11","0","0","0","0","0","1","0","0","","0","0","0","","","0","N","0","","40 32:17.866","","7","79 49:57.030","0","0","0","0","2208","0","0","0","N","0","0","0","3","02208","0","","1.0","","1","N","N","N","0","","0","0","2","","0","","","2","0","0","0","0","0","0","2","0","2","","03","","N","","","","","","","","","",""
"2020047398","","0","0","0","0","0","0","0","0","0","5","0","","02","6","2020","4","40.359368","-79.981842","","11","0","0","0","0","0","0","0","0","","0","0","0","","","0","N","0","","40 21:33.726","1","0","79 58:54.630","0","0","0","0","2476","0","0","0","N","0","0","0","3","02476","0","","1.0","1720.0","1","N","N","N","1","","0","0","1","","0","N","","2","0","0","0","0","0","0","2","0","2","","","","N","","","","","","","","","",""
"2020072764","","0","0","0","0","0","0","0","0","0","98","0","","02","9","2020","1","40.361867","-80.064376","","11","0","0","0","0","0","0","0","0","","0","0","0","","","0","N","0","","40 21:42.721","","0","80 03:51.753","0","0","0","0","2109","0","0","0","N","0","0","0","1","02109","0","","1.0","","1","N","N","N","0","","0","0","1","","0","","","1","0","0","0","0","0","0","2","0","1","","","","N","","","","","","","","","",""
"2020074103","","1","0","0","0","0","0","0","0","0","4","0","","02","9","2020","3","40.538708","-80.221075","","11","0","0","0","0","0","0","1","0","","0","0","0","","","0","N","0","","40 32:19.348","1","0","80 13:15.871","0","0","0","0","2213","0","0","0","N","0","0","0","3","02213","0","","1.0","100.0","1","N","N","N","0","","0","0","1","","0","N","","2","0","0","0","0","0","0","2","0","2","","03","","N","","","","","","","","","",""
"2020044466","","0","0","0","0","0","0","0","0","0","7","0","","02","6","2020","2","40.455806","-79.992129","","11","0","0","0","0","1","0","0","0","","0","0","0","","","2","N","0","","40 27:20.900","","0","79 59:31.665","2","0","1","1","2301","0","0","0","N","0","0","0","2","02301","0","","1.0","","1","N","N","N","0","","0","1","0","","0","","","1","2","0","0","0","1","0","2","0","1","","03","","N","","","","","","","","","",""
"2020045453","","3","0","0","0","0","0","0","0","0","1","0","","02","6","2020","3","40.483936","-79.939623","","11","0","0","0","0","0","0","0","0","","0","0","0","","","0","N","1","","40 29:02.169","","0","79 56:22.642","0","0","0","0","2301","0","0","0","N","0","0","0","1","02301","0","","4.0","","1","N","N","N","0","","0","0","2","","3","","","5","0","0","0","0","0","0","2","0","5","","03","","N","","","","","","","","","",""
"2020045413","","0","0","0","0","0","0","0","0","0","4","0","","02","6","2020","4","40.383772","-79.9928","","11","0","0","0","0","0","1","0","0","","0","0","0","","","0","N","0","","40 23:01.580","","0","79 59:34.080","0","0","0","0","2301","0","0","0","N","0","0","0","1","02301","0","","2.0","","1","N","N","N","0","","0","0","2","","0","","","2","0","0","0","0","0","0","2","0","2","","03","","N","","","","","","","","","",""
"2020072143","","1","0","0","0","0","0","0","0","0","2","0","","02","9","2020","5","40.4417","-79.754255","","11","0","0","0","0","0","1","1","0","","0","0","0","","","1","N","0","","40 26:30.119","3","4","79 45:15.318","3","0","0","0","2446","0","0","0","N","0","0","0","2","02446","0","","1.0","1300.0","9","N","N","N","0","","1","0","1","","0","Y","","2","1","0","0","0","0","0","2","0","2","","","","N","","","","","","","","","",""
"2020044283","","2","0","0","0","0","0","0","0","0","4","0","","02","6","2020","1","40.465303","-79.914543","","11","0","0","0","0","0","1","0","0","","0","0","0","","","0","N","1","","40 27:55.090","","0","79 54:52.354","0","0","0","0","2301","0","0","0","N","0","0","0","2","02301","0","","1.0","","1","N","N","N","0","","0","0","0","","3","","","2","0","0","0","0","0","0","2","0","2","","","","N","","","","","","","","","",""
"2020045410","","3","0","0","0","0","0","0","0","0","1","0","","02","6","2020","4","40.353868","-79.836879","","11","0","0","1","0","0","0","0","0","","0","0","0","","","0","N","0","","40 21:13.926","4","0","79 50:12.766","9","0","0","0","2304","0","0","0","N","0","0","0","4","02304","0","","1.0","1700.0","1","N","N","N","0","","0","0","0","","0","N","","3","0","0","0","0","0","1","2","0","3","","03","","N","","","","","","","","","",""
"2020071944","","0","0","0","0","0","0","0","0","0","4","0","","02","9","2020","4","40.444025","-79.926033","","11","0","0","0","0","1","0","0","1","","0","0","0","","","0","","1","","40 26:38.490","","0","79 55:33.717","0","0","0","0","2301","0","0","0","N","0","0","0","2","02301","0","","1.0","","1","N","N","N","0","","0","0","2","","2","","","2","0","0","0","0","0","0","2","0","2","","","","N","","","","","","","","","",""
"2020045557","","0","0","0","0","0","0","0","0","0","0","0","","02","6","2020","2","40.410884","-80.073905","","11","0","0","0","0","0","1","0","0","","0","0","0","","","0","N","0","","40 24:39.184","4","3","80 04:26.058","0","0","0","0","2117","0","0","0","N","0","0","0","1","68B03","0","","2.0","1000.0","1","N","N","N","0","","0","0","1","","0","N","","1","0","0","0","0","0","0","2","0","1","","","","N","","","","","","","","","",""
"2020046498","","0","0","0","0","0","0","0","0","0","0","0","","02","6","2020","2","40.485736","-80.024453","","11","0","0","0","0","0","0","0","0","","0","0","0","","","1","N","0","","40 29:08.650","","0","80 01:28.030","8","0","0","0","2301","0","0","0","Y","0","0","0","1","02301","0","","4.0","","1","N","N","N","0","","0","0","1","","0","","","1","1","0","0","0","1","0","2","0","1","","03","","N","","","","","","","","","",""
"2020064125","","1","0","0","0","0","0","0","0","0","7","0","","02","8","2020","3","40.515558","-80.268019","","11","0","0","0","0","0","0","0","0","","0","0","0","","","0","","1","","40 30:56.009","","0","80 16:04.867","0","0","0","0","2203","0","0","0","N","0","0","0","1","02203","0","","5.0","","1","N","N","N","0","","0","0","0","","2","","","1","0","0","0","0","0","0","2","0","1","","03","","N","","","","","","","","","",""
"2020054668","","1","0","0","0","0","0","0","0","0","2","0","","02","6","2020","2","40.515503","-80.141103","","11","0","0","0","0","0","0","0","0","","0","0","0","","","1","Y","0","","40 30:55.810","2","0","80 08:27.970","2","0","1","1","2110","0","0","0","N","0","0","0","1","02215","0","","6.0","2157.0","1","N","N","N","0","","0","1","0","","0","Y","","2","1","0","0","0","0","0","2","0","2","","03","","N","","","","","","","","","",""
"2020046454","","1","0","0","0","0","0","0","0","0","7","0","","02","6","2020","7","40.419208","-80.226928","","11","0","0","0","0","0","0","0","0","","0","0","0","","","0","N","0","","40 25:09.150","7","0","80 13:36.940","9","0","0","0","2214","0","0","0","N","0","0","0","1","02214","0","","5.0","130.0","1","N","N","N","0","","0","0","0","","0","Y","","1","0","0","0","0","0","1","2","0","1","","03","","N","","","","","","","","","",""
"2020068565","","2","0","0","0","0","0","0","0","0","2","0","","02","8","2020","3","40.38051","-79.831638","","11","0","0","0","0","0","0","0","0","","0","0","0","","","1","N","2","","40 22:49.835","7","0","79 49:53.896","3","0","0","0","2111","0","0","0","N","0","0","0","4","02111","0","","1.0","150.0","1","N","N","N","0","","1","0","0","","3","Y","","2","1","0","0","0","0","0","2","0","2","","03","","N","","","","","","","","","",""
"2020071549","","0","0","0","0","0","0","0","0","0","7","0","","02","9","2020","3","40.408433","-80.017819","","11","0","0","0","0","0","1","0","0","","0","0","0","","","0","","1","","40 24:30.358","","0","80 01:04.149","0","0","0","0","2301","0","0","0","N","0","0","0","1","02301","0","","2.0","","9","N","N","N","0","","0","0","1","","2","","","1","0","0","0","0","0","0","2","0","1","","03","","N","","","","","","","","","",""
"2020045437","","0","0","0","0","0","0","0","0","0","2","0","","02","6","2020","4","40.398963","-80.00009","","11","0","0","0","0","0","0","0","0","","0","0","0","","","2","N","0","","40 23:56.268","2","0","80 00:00.324","3","0","0","0","2301","0","0","0","N","0","0","0","4","02301","0","","1.0","20.0","9","N","N","N","0","","2","0","2","","0","N","","2","2","0","0","0","0","0","2","0","2","","","","N","","","","","","","","","",""
"2020072737","","1","0","0","0","0","0","0","0","0","7","0","","02","8","2020","1","40.460668","-79.916717","","11","0","0","0","0","0","0","0","0","","0","0","0","","","0","","2","","40 27:38.404","","0","79 55:00.181","0","0","0","0","2301","0","0","0","N","0","0","0","0","02301","0","","5.0","","1","N","N","N","0","","0","0","0","","0","","","1","0","0","0","0","0","0","2","0","1","","03","","N","","","","","","","","","",""
"2020088579","","1","0","0","0","0","0","0","0","0","4","0","","02","10","2020","3","40.523488","-80.134715","","11","0","0","0","0","0","0","1","0","","0","1","0","","","0","N","0","","40 31:24.557","6","0","80 08:04.973","0","0","0","0","2434","0","0","0","N","0","0","0","2","68B03","0","","1.0","400.0","9","N","N","N","0","","0","0","0","","0","Y","","2","0","0","0","0","0","0","1","0","2","","07","","N","","","","","","","","","",""
"2020044600","","1","0","0","0","0","0","0","0","0","1","0","","02","6","2020","2","40.414068","-80.009673","","11","0","0","0","0","0","0","0","0","","0","0","0","","","1","N","0","","40 24:50.646","2","0","80 00:34.822","3","0","0","0","2301","0","0","0","N","0","0","0","3","02301","0","","1.0","1800.0","1","N","N","N","1","","1","0","0","","2","N","","2","1","0","0","0","0","0","2","0","2","","","","N","","","","","","","","","",""
"2020050840","","2","0","0","0","0","0","0","0","0","1","0","","02","6","2020","6","40.42637","-80.030863","","11","0","0","0","0","0","0","0","0","","0","0","0","","","0","N","0","","40 25:34.933","","0","80 01:51.105","0","0","0","0","2301","0","0","0","N","0","0","0","3","68B03","0","","1.0","","1","N","N","N","1","","0","0","0","","0","","","3","0","0","0","0","0","0","2","0","3","","03","","N","","","","","","","","","",""
"2020061010","","1","0","0","0","0","0","0","0","0","7","0","","02","7","2020","6","40.330042","-79.987353","","11","0","0","0","0","0","0","0","0","","0","0","0","","","0","","2","","40 19:48.151","1","0","79 59:14.470","0","0","0","0","2219","0","0","0","N","0","0","0","2","02403","0","","1.0","54.0","1","N","N","N","0","","0","0","0","","2","N","","1","0","0","0","0","0","0","2","0","1","","","","N","","","","","","","","","",""
"2020047397","","1","0","0","0","0","0","0","0","0","5","0","","02","6","2020","4","40.411419","-80.082431","","11","0","0","0","0","0","0","0","0","","0","0","0","","","0","N","0","","40 24:41.110","4","7","80 04:56.750","0","0","0","0","2415","0","0","0","N","0","0","0","3","02415","0","","1.0","1655.0","1","N","N","Y","0","","0","0","1","","0","Y","","2","0","1","0","0","0","0","2","0","2","","03","","N","","","","","","","","","",""
"2020058704","","1","0","0","0","0","0","0","0","0","3","0","","02","7","2020","7","40.429777","-79.923492","","11","0","0","0","0","0","0","0","0","","0","0","0","","","0","N","1","","40 25:47.197","","0","79 55:24.571","0","0","0","0","2301","0","0","0","N","0","0","0","2","02301","0","","1.0","","1","N","N","N","0","","0","0","0","","2","","","1","0","0","0","0","0","0","2","0","1","","03","","N","","","","","","","","","",""
"2020045251","","0","0","0","0","0","0","0","0","0","4","0","","02","6","2020","4","40.45041","-79.948748","","11","0","0","0","0","0","0","0","0","","0","0","0","","","0","N","1","","40 27:01.476","4","0","79 56:55.492","0","0","0","0","2301","0","0","0","N","0","0","0","3","02301","0","","1.0","1332.0","1","N","N","N","1","","0","0","1","","7","Y","","2","0","0","0","0","0","0","2","0","2","","03","","Y","","","","","","","","","",""
"2020059277","","1","0","0","0","0","0","0","0","0","4","0","","02","7","2020","2","40.440846","-79.973973","","11","0","0","0","1","0","1","0","0","","0","0","0","","","1","N","1","","40 26:27.045","","0","79 58:26.302","4","0","0","0","2301","0","0","0","N","0","0","0","3","02301","1","","1.0","","1","N","N","N","0","","0","0","1","","3","N","","2","1","0","0","0","0","0","2","0","2","","03","","N","","","","","","","","","",""
"2020072522","","2","0","0","0","0","0","0","0","0","4","0","","02","9","2020","7","40.448702","-79.97033","","11","0","0","0","0","0","0","0","0","","0","0","0","","","0","N","1","","40 26:55.327","","0","79 58:13.188","0","0","0","0","2301","0","0","0","N","0","0","0","2","02301","0","","1.0","","1","N","N","N","0","","0","0","0","","3","","","2","0","0","0","0","0","0","2","0","2","","03","","N","","","","","","","","","",""
"2020072612","","2","0","0","0","0","0","0","0","0","4","0","","02","9","2020","7","40.428617","-79.978154","","11","0","0","0","0","0","0","0","0","","0","0","0","","","0","N","0","","40 25:43.022","","0","79 58:41.355","0","0","0","0","2301","0","0","0","N","0","0","0","3","02301","0","","1.0","","1","N","N","N","0","","0","0","0","","0","","","2","0","0","0","0","0","0","2","0","2","","","","N","","","","","","","","","",""
"2020049053","","0","0","0","0","0","0","0","0","0","1","0","","02","6","2020","7","40.495608","-79.940327","","11","0","0","0","0","0","1","0","0","","0","0","0","","","1","N","0","","40 29:44.188","2","3","79 56:25.178","3","0","0","1","2461","0","0","0","N","0","0","0","2","68D02","0","","1.0","2135.0","1","N","N","N","0","","1","0","0","","0","N","","2","1","0","0","0","0","1","2","0","2","","","","N","","","","","","","","","",""
"2020045793","","0","0","0","0","0","0","0","0","0","8","1","","02","6","2020","6","40.438042","-79.995261","","11","0","0","0","0","0","0","0","0","","0","1","0","","","2","N","0","","40 26:16.950","6","0","79 59:42.940","8","0","0","0","2301","1","0","0","N","1","0","0","2","02301","0","","5.0","1101.0","1","N","N","N","0","","0","0","0","","0","Y","","2","2","0","0","0","2","0","2","0","1","","03","","N","","","","","","","","","",""
"2020044725","","2","0","0","0","0","0","0","0","0","6","0","","02","6","2020","3","40.42723","-79.988526","","11","0","0","0","0","0","0","0","0","","0","0","0","","","0","N","2","","40 25:38.028","","0","79 59:18.693","0","0","0","0","2301","0","0","0","N","0","0","0","1","02301","0","","1.0","","1","N","N","N","0","","0","0","0","","3","","","2","0","0","0","0","0","0","2","0","2","","03","","N","","","","","","","","","",""
"2020044135","","2","0","0","0","0","0","0","0","0","1","0","","02","6","2020","7","40.460762","-79.969942","","11","0","0","0","0","0","0","0","0","","0","0","0","","","0","N","1","","40 27:38.743","","0","79 58:11.792","0","0","0","0","2301","0","0","0","N","0","0","0","2","02301","0","","1.0","","1","N","N","N","0","","0","0","0","","1","","","2","0","0","0","0","0","0","2","0","2","","","","N","","","","","","","","","",""
"2020067744","","1","0","0","0","0","0","0","0","0","1","1","","02","8","2020","7","40.45329","-79.911285","","11","0","0","0","0","0","0","0","0","","0","1","0","","","0","N","0","","40 27:11.845","1","0","79 54:40.625","0","0","0","0","2301","0","0","0","N","0","0","0","2","02301","0","","1.0","1117.0","1","N","N","N","0","","0","0","0","","0","Y","","2","0","0","0","0","0","0","2","0","2","","03","","Y","","","","","","","","","",""
"2020044487","","2","0","0","0","0","0","0","0","0","1","1","","02","6","2020","2","40.43287","-79.99675","","11","0","0","1","0","0","0","0","0","","0","1","0","","","0","N","0","","40 25:58.331","2","3","79 59:48.301","0","0","0","0","2301","0","0","0","N","0","0","0","5","02301","0","","1.0","1645.0","1","N","N","N","0","","0","0","0","","0","Y","","3","0","0","0","0","0","0","2","0","3","","03","","N","","","","","","","","","",""