"CRN","ARRIVAL_TM","AUTOMOBILE_COUNT","BELTED_DEATH_COUNT","BELTED_SUSP_SERIOUS_INJ_COUNT","BICYCLE_COUNT","BICYCLE_DEATH_COUNT","BICYCLE_SUSP_SERIOUS_INJ_COUNT","BUS_COUNT","CHLDPAS_DEATH_COUNT","CHLDPAS_SUSP_SERIOUS_INJ_COUNT","COLLISION_TYPE","COMM_VEH_COUNT","CONS_ZONE_SPD_LIM","COUNTY","CRASH_MONTH","CRASH_YEAR","DAY_OF_WEEK","DEC_LATITUDE","DEC_LONGITUDE","DISPATCH_TM","DISTRICT","DRIVER_COUNT_16YR","DRIVER_COUNT_17YR","DRIVER_COUNT_18YR","DRIVER_COUNT_19YR","DRIVER_COUNT_20YR","DRIVER_COUNT_50_64YR","DRIVER_COUNT_65_74YR","DRIVER_COUNT_75PLUS","EST_HRS_CLOSED","FATAL_COUNT","HEAVY_TRUCK_COUNT","HORSE_BUGGY_COUNT","HOUR_OF_DAY","ILLUMINATION","INJURY_COUNT","INTERSECTION_RELATED","INTERSECT_TYPE","LANE_CLOSED","LATITUDE","LN_CLOSE_DIR","LOCATION_TYPE","LONGITUDE","MAX_SEVERITY_LEVEL","MCYCLE_DEATH_COUNT","MCYCLE_SUSP_SERIOUS_INJ_COUNT","MOTORCYCLE_COUNT","MUNICIPALITY","NONMOTR_COUNT","NONMOTR_DEATH_COUNT","NONMOTR_SUSP_SERIOUS_INJ_COUNT","NTFY_HIWY_MAINT","PED_COUNT","PED_DEATH_COUNT","PED_SUSP_SERIOUS_INJ_COUNT","PERSON_COUNT","POLICE_AGCY","POSSIBLE_INJ_COUNT","RDWY_SURF_TYPE_CD","RELATION_TO_ROAD","ROADWAY_CLEARED","ROAD_CONDITION","SCH_BUS_IND","SCH_ZONE_IND","SECONDARY_CRASH","SMALL_TRUCK_COUNT","SPEC_JURIS_CD","SUSP_MINOR_INJ_COUNT","SUSP_SERIOUS_INJ_COUNT","SUV_COUNT","TCD_FUNC_CD","TCD_TYPE","TFC_DETOUR_IND","TIME_OF_DAY","TOTAL_UNITS","TOT_INJ_COUNT","UNBELTED_OCC_COUNT","UNB_DEATH_COUNT","UNB_SUSP_SERIOUS_INJ_COUNT","UNK_INJ_DEG_COUNT","UNK_INJ_PER_COUNT","URBAN_RURAL","VAN_COUNT","VEHICLE_COUNT","WEATHER1","WEATHER2","WORKERS_PRES","WORK_ZONE_IND","WORK_ZONE_LOC","WORK_ZONE_TYPE","WZ_CLOSE_DETOUR","WZ_FLAGGER","WZ_LAW_OFFCR_IND","WZ_LN_CLOSURE","WZ_MOVING","WZ_OTHER","WZ_SHLDER_MDN","WZ_WORKERS_INJ_KILLED"
"2020072153","","0","0","0","0","0","0","0","0","0","4","0","","02","9","2020","5","40.56045","-80.006899","","11","0","0","0","0","0","1","0","0","","0","0","0","","","0","N","0","","40 33:37.621","1","0","80 00:24.835","0","0","0","0","2108","0","0","0","N","0","0","0","3","02108","0","","1.0","1510.0","9","N","N","N","1","","0","0","1","","0","N","","2","0","0","0","0","0","0","2","0","2","","04","","N","","","","","","","","","",""
"2020044365","","1","0","0","0","0","0","0","0","0","6","0","","02","6","2020","2","40.368193","-79.983463","","11","0","0","0","0","0","2","0","0","","0","0","0","","","0","N","2","","40 22:05.493","","0","79 59:00.467","0","0","0","0","2413","0","0","0","N","0","0","0","2","02413","0","","1.0","","1","","","N","0","","0","0","0","","2","","","2","0","0","0","0","0","0","2","0","2","","03","","N","","","","","","","","","",""
"2020062048","","1","0","0","0","0","0","0","0","0","7","0","","02","8","2020","1","40.568641","-79.856054","","11","0","0","0","0","0","0","0","0","","0","0","0","","","0","N","0","","40 34:07.107","","0","79 51:21.793","0","0","0","0","2209","0","0","0","N","0","0","0","1","68T02","0","","3.0","","1","N","N","N","0","","0","0","0","","0","","","1","0","0","0","0","0","0","2","0","1","","","","N","","","","","","","","","",""
"2020074132","","1","0","0","0","0","0","0","0","0","6","0","","02","9","2020","5","40.473258","-79.930744","","11","0","0","0","0","0","1","0","0","","0","0","0","","","0","","2","","40 28:23.729","","0","79 55:50.679","0","0","0","0","2301","0","0","0","N","0","0","0","2","02301","0","","1.0","","1","N","N","N","0","","0","0","1","","0","N","","2","0","0","0","0","0","0","2","0","2","","03","","N","","","","","","","","","",""
"2020044606","","1","0","0","0","0","0","0","0","0","4","0","","02","6","2020","2","40.454003","-79.953306","","11","0","0","0","0","0","0","0","0","","0","0","0","","","2","N","2","","40 27:14.409","1","0","79 57:11.900","3","0","0","0","2301","0","0","0","N","0","0","0","3","02301","0","","1.0","1540.0","1","N","N","N","0","","2","0","0","","2","Y","","2","2","0","0","0","0","0","2","1","2","","03","","N","","","","","","","","","",""
"2020047786","","1","0","0","0","0","0","0","0","0","1","0","","02","6","2020","4","40.424836","-80.114465","","11","0","0","0","0","1","0","0","0","","0","0","0","","","0","N","0","","40 25:29.411","","0","80 06:52.074","0","0","0","0","2102","0","0","0","N","0","0","0","2","68B03","0","","1.0","","9","N","N","N","0","","0","0","1","","0","","","2","0","0","0","0","0","0","2","0","2","","","","N","","","","","","","","","",""
"2020058538","","2","0","0","0","0","0","0","0","0","4","0","","02","7","2020","6","40.438202","-79.830514","","11","0","0","0","0","0","0","0","0","","0","0","0","","","0","N","1","","40 26:17.528","","0","79 49:49.850","0","0","0","0","2419","0","0","0","N","0","0","0","2","02419","0","","1.0","","9","N","N","N","0","","0","0","0","","2","","","2","0","0","0","0","0","0","2","0","2","","03","","N","","","","","","","","","",""
"2020083470","","0","0","0","0","0","0","0","0","0","4","0","","02","10","2020","5","40.557846","-80.204791","","11","0","0","0","0","0","1","0","0","","0","1","0","","","0","","2","","40 33:28.246","","6","80 12:17.246","0","0","0","0","2441","0","0","0","N","0","0","0","2","02441","0","","1.0","","1","N","N","N","0","","0","0","1","","2","N","","2","0","0","0","0","0","0","2","0","2","","03","","N","","","","","","","","","",""
"2020046592","","2","0","0","0","0","0","0","0","0","4","0","","02","6","2020","2","40.444232","-80.028216","","11","0","0","0","0","0","0","1","0","","0","0","0","","","1","N","1","","40 26:39.234","1","3","80 01:41.577","8","0","0","0","2301","0","0","0","N","0","0","0","3","02301","0","","1.0","1605.0","1","N","N","N","0","","0","0","0","","2","N","","2","1","0","0","0","1","0","2","0","2","","03","","N","","","","","","","","","",""
"2020087945","","2","0","0","0","0","0","0","0","0","2","0","","02","10","2020","3","40.556062","-79.99981","","11","0","0","0","0","0","1","0","0","","0","0","0","","","1","N","0","","40 33:21.823","1","0","79 59:59.315","3","0","0","0","2108","0","0","0","N","0","0","0","2","02108","0","","1.0","1616.0","9","N","N","N","0","","1","0","0","","0","N","","2","1","1","0","0","0","0","2","0","2","","04","","N","","","","","","","","","",""
"2020047751","","0","0","0","0","0","0","0","0","0","7","0","","02","6","2020","1","40.382696","-79.857106","","11","0","0","0","0","0","0","0","0","","0","0","0","","","0","N","0","","40 22:57.706","","7","79 51:25.582","0","0","0","0","2303","0","0","0","N","0","0","0","1","02303","0","","5.0","","1","N","N","N","0","","0","0","1","","0","","","1","0","0","0","0","0","0","2","0","1","","","","N","","","","","","","","","",""
"2020044610","","1","0","0","0","0","0","0","0","0","1","0","","02","6","2020","2","40.307305","-79.99642","","11","0","0","0","0","0","1","0","0","","0","0","0","","","2","Y","0","","40 18:26.298","","0","79 59:47.112","4","0","0","0","2219","0","0","0","N","0","0","0","4","02501","2","","1.0","","1","N","N","N","0","","0","0","1","","0","","","2","2","0","0","0","0","0","2","0","2","","03","","N","","","","","","","","","",""
"2020072738","","2","0","0","0","0","0","0","0","0","2","0","","02","9","2020","1","40.443461","-80.004639","","11","0","0","0","0","0","0","0","0","","0","0","0","","","1","N","1","","40 26:36.458","","0","80 00:16.702","4","0","0","0","2301","0","0","0","N","0","0","0","2","02301","1","","1.0","","1","N","N","N","0","","0","0","0","","2","","","2","1","1","0","0","0","0","2","0","2","","03","","N","","","","","","","","","",""
"2020068801","","0","0","0","0","0","0","0","0","0","4","0","","02","8","2020","3","40.453297","-79.924801","","11","0","0","0","0","0","1","0","0","","0","0","0","","","1","","1","","40 27:11.869","","0","79 55:29.283","8","0","0","0","2301","0","0","0","N","0","0","0","2","02301","0","","1.0","","9","N","N","N","0","","0","0","2","","3","","","2","1","0","0","0","1","0","2","0","2","","","","N","","","","","","","","","",""
"2020055631","","1","0","0","0","0","0","0","0","0","7","0","","02","6","2020","4","40.490614","-79.876263","","11","0","0","0","0","0","0","0","0","","0","0","0","","","1","N","0","","40 29:26.210","","0","79 52:34.547","8","0","0","0","2112","0","0","0","N","0","0","0","1","68D02","0","","4.0","","1","N","N","N","0","","0","0","0","","0","","","1","1","0","0","0","1","0","2","0","1","","03","","N","","","","","","","","","",""
"2020044967","","1","0","0","0","0","0","0","0","0","4","0","","02","6","2020","2","40.355171","-79.83524","","11","0","0","0","0","0","1","0","0","","0","0","0","","","1","N","2","","40 21:18.617","3","0","79 50:06.865","3","0","0","1","2304","0","0","0","N","0","0","0","2","02304","0","","1.0","2140.0","1","N","N","N","0","","1","0","0","","2","N","","2","1","0","0","0","0","0","2","0","2","","98","","N","","","","","","","","","",""
"2020050260","","0","0","0","0","0","0","0","0","0","1","0","","02","6","2020","3","40.27574","-79.892525","","11","0","0","0","0","0","0","0","0","","0","0","0","","","1","N","6","","40 16:32.663","","2","79 53:33.091","3","0","0","0","2440","0","0","0","N","0","0","0","3","02440","0","","1.0","","1","N","N","N","1","","1","0","1","","3","","","2","1","0","0","0","0","1","2","0","2","","","","N","","","","","","","","","",""
"2020046033","","2","0","0","0","0","0","0","0","0","4","0","","02","6","2020","7","40.446798","-79.95058","","11","0","0","0","0","0","0","0","0","","0","0","0","","","0","N","1","","40 26:48.472","","0","79 57:02.087","0","0","0","0","2301","0","0","0","N","0","0","0","4","02301","0","","1.0","","1","N","N","Y","0","","0","0","0","","2","","","2","0","0","0","0","0","0","2","0","2","","03","","N","","","","","","","","","",""
"2020090296","","2","0","0","0","0","0","0","0","0","2","0","","02","10","2020","3","40.387769","-80.010406","","11","0","0","0","0","0","0","0","1","","0","0","0","","","1","N","0","","40 23:15.967","","0","80 00:37.462","3","0","0","0","2301","0","0","0","N","0","0","0","3","02301","0","","6.0","","9","N","","N","0","","1","0","0","","0","","","2","1","0","0","0","0","0","2","0","2","","07","","N","","","","","","","","","",""
"2020073313","","2","0","0","0","0","0","0","0","0","1","0","","02","9","2020","3","40.461146","-79.824","","11","0","0","0","0","0","0","0","0","","0","0","0","","","0","N","2","","40 27:40.125","","0","79 49:26.400","0","0","0","0","2113","0","0","0","N","0","0","0","4","02113","0","","1.0","","1","N","N","N","0","","0","0","0","","0","","","2","0","0","0","0","0","0","2","0","2","","","","N","","","","","","","","","",""
"2020070690","","1","0","0","0","0","0","0","0","0","4","0","","02","8","2020","2","40.509365","-79.960494","","11","0","0","0","0","0","0","0","0","","0","0","0","","","0","N","0","","40 30:33.713","","0","79 57:37.777","0","0","0","0","2118","0","0","0","N","0","0","0","1","02118","0","","5.0","","1","N","N","N","0","","0","0","0","","0","","","1","0","0","0","0","0","0","2","0","1","","","","N","","","","","","","","","",""
"2020072564","","0","0","0","0","0","0","0","0","0","5","0","","02","9","2020","6","40.495269","-80.066023","","11","0","0","0","0","0","0","0","0","","0","0","0","","","0","N","0","","40 29:42.967","5","6","80 03:57.682","0","0","0","0","2402","0","0","0","N","0","0","0","4","02402","0","","1.0","1251.0","1","N","N","N","0","","0","0","2","","0","N","","2","0","0","0","0","0","0","2","0","2","","","","N","","","","","","","","","",""
"2020048854","","1","0","0","0","0","0","0","0","0","7","0","","02","6","2020","2","40.443097","-79.839207","","11","0","0","0","0","0","0","0","0","","0","0","0","","","0","N","0","","40 26:35.148","","0","79 50:21.145","0","0","0","0","2419","0","0","0","Y","0","0","0","2","68B03","0","","4.0","","9","N","N","N","0","","0","0","0","","0","","","1","0","0","0","0","0","0","2","0","1","","","","N","","","","","","","","","",""
"2020087834","","1","0","0","0","0","0","0","0","0","4","0","","02","8","2020","1","40.423931","-80.106074","","11","0","0","0","0","0","0","0","0","","0","0","0","","","2","N","0","","40 25:26.150","","0","80 06:21.866","3","0","0","0","2115","0","0","0","N","0","0","0","4","68B03","0","","1.0","","1","N","N","N","0","","2","0","1","","0","","","3","2","0","0","0","0","0","2","1","3","","03","","N","","","","","","","","","",""
"2020047103","","0","0","0","0","0","0","0","0","0","5","0","","02","6","2020","3","40.400166","-79.989161","","11","0","0","0","0","0","0","0","0","","0","0","0","","","0","N","2","","40 24:00.597","5","0","79 59:20.979","0","0","0","0","2301","0","0","0","N","0","0","0","2","02301","0","","1.0","1900.0","1","N","N","N","1","","0","0","1","","0","N","","2","0","0","0","0","0","0","2","0","2","","","","N","","","","","","","","","",""
"2020046036","","2","0","0","0","0","0","0","0","0","4","0","","02","6","2020","6","40.387817","-80.052181","","11","0","0","0","0","0","1","1","0","","0","0","0","","","1","","1","","40 23:16.140","1","0","80 03:07.850","8","0","0","0","2109","0","0","0","N","0","0","0","2","02109","0","","1.0","1520.0","1","N","N","N","0","","0","0","0","","3","N","","2","1","0","0","0","1","0","2","0","2","","03","","N","","","","","","","","","",""
"2020045699","","2","0","0","0","0","0","0","0","0","1","0","","02","6","2020","3","40.362079","-79.866904","","11","0","0","0","1","0","0","0","1","","0","0","0","","","2","N","5","","40 21:43.486","1","0","79 52:00.853","3","0","0","0","2473","0","0","0","N","0","0","0","4","02473","0","","1.0","2030.0","1","N","N","N","0","","2","0","0","","3","Y","","2","2","0","0","0","0","0","2","0","2","","03","","N","","","","","","","","","",""
"2020071838","","2","0","0","0","0","0","0","0","0","1","0","","02","9","2020","5","40.475921","-79.957638","","11","0","0","0","0","0","0","0","0","","0","0","0","","","1","N","3","","40 28:33.317","","0","79 57:27.497","3","0","0","0","2301","0","0","0","N","0","0","0","2","02301","0","","1.0","","9","N","N","N","0","","1","0","0","","2","N","","2","1","0","0","0","0","0","2","0","2","","03","","N","","","","","","","","","",""
"2020088205","","2","0","0","0","0","0","0","0","0","5","0","","02","10","2020","2","40.401194","-79.880607","","11","0","0","0","0","0","0","0","0","","0","0","0","","","1","N","0","","40 24:04.297","2","0","79 52:50.186","3","0","0","0","2433","0","0","0","N","0","0","0","2","02433","0","","2.0","1829.0","9","N","N","N","0","","1","0","0","","0","N","","2","1","1","0","0","0","0","2","0","2","","04","","N","","","","","","","","","",""
"2020088739","","1","0","0","0","0","0","0","0","0","98","0","","02","10","2020","5","40.582483","-80.029826","","11","0","0","0","0","0","1","0","0","","0","0","0","","","0","N","0","","40 34:56.938","2","0","80 01:47.373","0","0","0","0","2108","0","0","0","N","0","0","0","1","02108","0","","1.0","2024.0","1","N","N","N","0","","0","0","0","","0","N","","1","0","0","0","0","0","0","2","0","1","","03","","N","","","","","","","","","",""
"2020046346","","2","0","0","0","0","0","0","0","0","1","0","","02","6","2020","1","40.474725","-80.031908","","11","0","0","0","0","0","0","0","0","","0","0","0","","","0","N","0","","40 28:29.010","","0","80 01:54.870","0","0","0","0","2301","0","0","0","N","0","0","0","1","02301","0","","1.0","","1","N","N","N","0","","0","0","0","","0","","","2","0","0","0","0","0","0","2","0","2","","03","","N","","","","","","","","","",""
"2020090381","","2","0","0","0","0","0","0","0","0","1","0","","02","10","2020","3","40.597285","-80.047602","","11","0","0","0","0","0","0","0","0","","0","0","0","","","0","N","2","","40 35:50.227","2","0","80 02:51.367","0","0","0","0","2108","0","0","0","N","0","0","0","3","02108","0","","1.0","2015.0","1","N","N","N","0","","0","0","0","","0","N","","2","0","0","0","0","0","0","2","0","2","","03","","N","","","","","","","","","",""
"2020046538","","2","0","0","0","0","0","0","0","0","5","0","","02","6","2020","2","40.448254","-80.004238","","11","0","0","0","0","0","0","0","0","","0","0","0","","","1","","1","","40 26:53.714","","0","80 00:15.257","8","0","0","0","2301","0","0","0","N","0","0","0","2","02301","0","","1.0","","1","N","N","N","0","","0","0","0","","8","","","2","1","0","0","0","1","0","2","0","2","","03","","N","","","","","","","","","",""
"2020073653","1326","1","0","0","0","0","0","0","0","0","1","0","","02","8","2020","1","40.585959","-79.876311","1312","11","0","0","0","0","0","1","2","0","","0","0","0","","","1","N","0","","40 35:09.452","4","0","79 52:34.718","2","0","0","0","2209","0","0","0","N","0","0","0","6","68T02","0","","1.0","1440.0","1","N","N","N","1","","0","1","1","","0","N","","4","1","1","0","1","0","0","2","1","4","","","","N","","","","","","","","","",""
"2020055249","1446","0","0","0","0","0","0","0","0","0","4","0","","02","6","2020","4","40.416964","-80.011208","1421","11","0","1","0","0","0","0","0","0","","0","0","0","","","0","Y","0","","40 25:01.070","4","7","80 00:40.350","0","0","0","0","2301","0","0","0","N","0","0","0","2","02301","0","","1.0","1525.0","1","N","N","N","0","","0","0","2","","0","N","","2","0","0","0","0","0","0","2","0","2","","","","N","","","","","","","","","",""
"2020047719","1915","2","0","0","0","0","0","0","0","0","4","0","","02","6","2020","4","40.402549","-79.907572","1912","11","0","0","0","0","0","0","0","0","","0","0","0","","","2","N","1","","40 24:09.176","5","0","79 54:27.259","8","0","0","0","2438","0","0","0","N","0","0","0","3","02438","0","","1.0","1947.0","1","N","N","N","0","","0","0","0","","0","Y","","2","2","0","0","0","2","0","2","0","2","","","","N","","","","","","","","","",""
"2020070231","2226","1","0","0","0","0","0","0","0","0","7","0","","02","8","2020","6","40.392826","-80.01321","2217","11","0","0","0","0","0","1","0","0","","0","0","0","","","1","N","0","","40 23:34.173","5","0","80 00:47.555","4","0","0","0","2301","0","0","0","N","0","0","0","1","02301","1","","2.0","100.0","9","N","N","N","0","","0","0","0","","0","Y","","1","1","0","0","0","0","0","2","0","1","","04","","N","","","","","","","","","",""
"2020047361","1003","1","0","0","0","0","0","0","0","0","7","0","","02","6","2020","4","40.322721","-79.888389","1000","11","0","0","0","0","0","1","0","0","","0","0","0","","","0","","1","","40 19:21.795","","0","79 53:18.200","0","0","0","0","2433","0","0","0","N","0","0","0","1","02433","0","","2.0","","1","N","N","N","0","","0","0","0","","3","","","1","0","0","0","0","0","0","2","0","1","","","","N","","","","","","","","","",""
"2020059130","0749","0","0","0","0","0","0","0","0","0","1","0","","02","7","2020","6","40.343684","-79.884438","0749","11","0","0","0","0","0","0","0","0","","0","0","0","","","0","N","0","","40 20:37.261","","0","79 53:03.977","0","0","0","0","2433","0","0","0","N","0","0","0","1","02433","0","","6.0","","1","N","N","N","1","","0","0","1","","0","","","2","0","0","0","0","0","0","2","0","2","","03","","N","","","","","","","","","",""
"2020071567","1652","1","0","0","0","0","0","0","0","0","0","0","","02","9","2020","4","40.450424","-80.04499","1645","11","0","0","0","0","0","0","0","0","","0","0","0","","","1","N","0","","40 27:01.528","4","0","80 02:41.965","3","0","0","0","2301","0","0","0","N","0","0","0","2","02301","0","","1.0","1715.0","9","N","N","N","0","","1","0","0","","0","N","","1","1","1","0","0","0","0","2","0","1","","07","","N","","","","","","","","","",""
"2020047058","1727","2","0","0","0","0","0","0","0","0","5","0","","02","6","2020","2","40.439065","-80.062396","1723","11","0","0","0","0","0","1","0","0","","0","0","0","","","1","","1","","40 26:20.633","","0","80 03:44.625","3","0","0","0","2421","0","0","0","N","0","0","0","3","02421","0","","1.0","","1","N","N","N","0","","1","0","0","","0","","","2","1","1","0","0","0","0","2","0","2","","03","","N","","","","","","","","","",""
"2020046010","1801","1","0","0","0","0","0","0","0","0","6","0","","02","6","2020","6","40.420642","-79.964028","1801","11","0","0","0","0","0","0","0","0","","0","0","0","","","0","N","0","","40 25:14.310","","0","79 57:50.500","9","0","0","0","2301","0","0","0","N","0","0","0","2","02301","0","","1.0","","1","N","N","N","1","","0","0","2","","0","N","","4","0","0","0","0","0","1","2","0","4","","","","N","","","","","","","","","",""
"2020045277","1642","1","0","0","0","0","0","0","0","0","4","0","","02","6","2020","4","40.375303","-79.983291","1637","11","0","0","0","0","0","0","0","0","","0","0","0","","","0","N","2","","40 22:31.090","","0","79 58:59.847","0","0","0","0","2413","0","0","0","N","0","0","0","3","02413","0","","1.0","","1","N","N","N","0","","0","0","1","","2","","","2","0","0","0","0","0","0","2","0","2","","03","","N","","","","","","","","","",""
"2020062592","0151","3","0","0","0","0","0","0","0","0","1","0","","02","7","2020","6","40.464867","-80.069888","0149","11","0","0","0","1","0","0","0","0","","0","0","0","","","0","Y","0","","40 27:53.521","","0","80 04:11.596","0","0","0","0","2444","0","0","0","N","0","0","0","3","02444","0","","2.0","","1","N","N","N","0","","0","0","0","","0","","","3","0","1","0","0","0","0","2","0","3","","03","","N","","","","","","","","","",""
"2020044184","1345","2","0","0","0","0","0","0","0","0","5","0","","02","6","2020","7","40.392079","-79.869807","1339","11","0","0","0","0","0","0","0","0","","0","0","0","","","1","N","0","","40 23:31.485","1","0","79 52:11.306","3","0","0","0","2473","0","0","0","N","0","0","0","3","02473","0","","1.0","1405.0","1","N","N","N","0","","1","0","0","","0","N","","2","1","0","0","0","0","0","2","0","2","","03","","N","","","","","","","","","",""
"2020059009","1522","1","0","0","0","0","0","0","0","0","2","0","","02","7","2020","1","40.411939","-80.002542","1519","11","0","0","0","0","0","1","0","0","","0","0","0","","","5","N","0","","40 24:42.980","3","0","80 00:09.150","3","0","0","0","2301","0","0","0","N","0","0","0","5","02301","0","","1.0","1535.0","1","N","N","N","0","","5","0","1","","0","Y","","2","5","1","0","0","0","0","2","0","2","","03","","N","","","","","","","","","",""
"2020044461","0120","1","0","0","0","0","0","0","0","0","7","0","","02","6","2020","1","40.621054","-80.096021","0103","11","0","0","0","0","0","0","0","0","","0","0","0","","","1","Y","0","","40 37:15.796","","0","80 05:45.675","8","0","0","0","2212","0","0","0","N","0","0","0","2","68B03","0","","4.0","","1","N","N","N","0","","0","0","0","","0","","","1","1","0","0","0","1","0","2","0","1","","03","","N","","","","","","","","","",""
"2020073825","0044","1","0","0","0","0","0","0","0","0","7","0","","02","9","2020","1","40.439637","-79.860758","0015","11","0","0","0","0","0","0","0","0","","0","0","0","","","0","N","0","","40 26:22.693","3","0","79 51:38.729","0","0","0","0","2419","0","0","0","N","0","0","0","1","68B03","0","","4.0","30.0","1","N","N","N","0","","0","0","0","","0","N","","1","0","0","0","0","0","0","2","0","1","","","","N","","","","","","","","","",""
"2020046761","0737","1","0","0","0","0","0","0","0","0","98","0","","02","6","2020","2","40.56081","-79.801028","0707","11","0","0","0","0","0","0","1","0","","0","0","0","","","1","N","0","","40 33:38.915","2","0","79 48:03.702","3","0","0","0","2121","0","0","0","N","0","0","0","2","68D02","0","","1.0","805.0","1","N","N","N","1","","1","0","0","","0","N","","2","1","0","0","0","0","0","2","0","2","","03","","N","","","","","","","","","",""
"2020072534","0417","0","0","0","0","0","0","0","0","0","2","1","","02","9","2020","4","40.319382","-79.898513","0410","11","0","0","0","0","0","1","0","0","","0","1","0","","","3","N","0","","40 19:09.776","7","1","79 53:54.648","4","0","0","0","2440","0","0","0","N","0","0","0","3","02440","2","","1.0","546.0","9","N","N","N","0","","0","0","1","","0","N","","2","3","1","0","0","1","0","2","0","2","","","","N","","","","","","","","","",""
"2020035613","0240","0","0","0","0","0","0","0","0","0","7","0","","02","4","2020","5","40.290032","-79.912739","0236","11","0","1","0","0","0","0","0","0","","0","0","0","","","0","N","0","","40 17:24.115","1","0","79 54:45.861","0","0","0","0","2440","0","0","0","Y","0","0","0","1","02440","0","","5.0","447.0","9","N","N","N","0","","0","0","1","","0","N","","1","0","0","0","0","0","0","2","0","1","","","","N","","","","","","","","","",""
"2020067561","1609","2","0","0","0","0","0","0","0","0","4","0","","02","8","2020","6","40.419653","-80.046269","1608","11","0","0","0","0","0","1","0","0","","0","0","0","","","1","Y","0","","40 25:10.749","2","0","80 02:46.569","2","0","0","0","2435","0","0","0","N","0","0","0","5","02435","0","","1.0","1655.0","1","N","N","N","0","","0","1","0","","0","Y","","2","1","0","0","0","0","0","2","0","2","","03","","N","","","","","","","","","",""
"2020035422","2000","3","0","0","0","0","0","0","0","0","1","0","","02","4","2020","3","40.441928","-79.957439","1959","11","0","0","0","0","0","0","0","0","","0","0","0","","","0","N","0","","40 26:30.940","2","0","79 57:26.780","9","0","0","0","2301","0","0","0","N","0","0","0","1","02301","0","","2.0","2014.0","1","N","N","N","0","","0","0","0","","2","Y","","3","0","0","0","0","0","1","2","0","3","","03","","N","","","","","","","","","",""
"2020074364","2357","1","0","0","0","0","0","0","0","0","7","0","","02","8","2020","6","40.442519","-79.787466","2319","11","0","0","0","0","0","0","0","0","","0","0","0","","","0","N","0","","40 26:33.069","","0","79 47:14.877","0","0","0","0","2446","0","0","0","N","0","0","0","1","68B03","0","","2.0","","9","N","N","N","0","","0","0","0","","0","","","1","0","0","0","0","0","0","2","0","1","","07","","N","","","","","","","","","",""
"2020073824","0028","0","0","0","0","0","0","0","0","0","7","0","","02","9","2020","1","40.414752","-79.883292","0011","11","0","0","0","0","0","0","0","0","","0","0","0","","","0","N","2","","40 24:53.107","7","0","79 52:59.851","0","0","0","0","2456","0","0","0","N","0","0","0","1","68B03","0","","4.0","52.0","1","N","N","N","0","","0","0","1","","3","N","","1","0","0","0","0","0","0","2","0","1","","03","","N","","","","","","","","","",""
"2020060012","0952","1","0","0","0","0","0","0","0","0","7","0","","02","7","2020","4","40.381103","-79.911792","0949","11","0","0","0","0","0","1","0","0","","0","0","0","","","1","N","0","","40 22:51.970","2","0","79 54:42.450","3","0","0","0","2448","0","0","0","N","0","0","0","1","02448","0","","2.0","1015.0","1","N","N","N","0","","1","0","0","","0","N","","1","1","0","0","0","0","0","2","0","1","","03","","N","","","","","","","","","",""
"2020059790","1737","0","0","0","0","0","0","0","0","0","7","0","","02","7","2020","3","40.317686","-80.001233","1736","11","1","0","0","0","0","0","0","0","","0","0","0","","","0","N","0","","40 19:03.670","","0","80 00:04.440","0","0","0","0","2219","0","0","0","N","0","0","0","2","02501","0","","4.0","","1","N","N","N","0","","0","0","1","","0","N","","1","0","0","0","0","0","0","2","0","1","","03","","N","","","","","","","","","",""
"2020073872","1950","1","0","0","0","0","0","0","0","0","98","0","","02","9","2020","4","40.46448","-79.820099","1943","11","0","0","0","1","0","0","0","0","","0","0","0","","","0","N","0","","40 27:52.128","","0","79 49:12.358","0","0","0","0","2113","0","0","0","N","0","0","0","1","02113","0","","1.0","","1","N","N","N","0","","0","0","0","","0","","","1","0","0","0","0","0","0","2","0","1","","","","N","","","","","","","","","",""
"2020044021","1057","2","0","0","0","0","0","0","0","0","4","0","","02","6","2020","7","40.333149","-79.946284","1057","11","0","0","0","0","0","0","0","1","","0","0","0","","","3","N","0","","40 19:59.335","5","7","79 56:46.624","3","0","0","0","2454","0","0","0","N","0","0","0","6","02454","0","","1.0","1155.0","1","N","N","N","0","","3","0","0","","0","N","","2","3","1","0","0","0","0","2","0","2","","","","N","","","","","","","","","",""
"2020046456","0040","2","0","0","0","0","0","0","0","0","1","0","","02","6","2020","2","40.462953","-79.956461","0037","11","0","0","0","0","0","0","0","0","","0","0","0","","","1","N","0","","40 27:46.630","","0","79 57:23.260","8","0","0","0","2301","0","0","0","N","0","0","0","2","02301","0","","2.0","","1","N","N","N","0","","0","0","0","","0","","","2","1","0","0","0","1","0","2","0","2","","","","N","","","","","","","","","",""
"2020047242","0530","3","0","0","0","0","0","0","0","0","1","0","","02","6","2020","6","40.465492","-79.979101","0529","11","0","0","0","0","0","1","0","0","","0","0","0","","","1","N","0","","40 27:55.772","","0","79 58:44.764","8","0","0","0","2301","0","0","0","N","0","0","0","4","02301","0","","1.0","","1","N","N","Y","0","","0","0","0","","0","N","","3","1","0","0","0","1","0","2","0","3","","03","","N","","","","","","","","","",""