"CRN","ARRIVAL_TM","AUTOMOBILE_COUNT","BELTED_DEATH_COUNT","BELTED_SUSP_SERIOUS_INJ_COUNT","BICYCLE_COUNT","BICYCLE_DEATH_COUNT","BICYCLE_SUSP_SERIOUS_INJ_COUNT","BUS_COUNT","CHLDPAS_DEATH_COUNT","CHLDPAS_SUSP_SERIOUS_INJ_COUNT","COLLISION_TYPE","COMM_VEH_COUNT","CONS_ZONE_SPD_LIM","COUNTY","CRASH_MONTH","CRASH_YEAR","DAY_OF_WEEK","DEC_LATITUDE","DEC_LONGITUDE","DISPATCH_TM","DISTRICT","DRIVER_COUNT_16YR","DRIVER_COUNT_17YR","DRIVER_COUNT_18YR","DRIVER_COUNT_19YR","DRIVER_COUNT_20YR","DRIVER_COUNT_50_64YR","DRIVER_COUNT_65_74YR","DRIVER_COUNT_75PLUS","EST_HRS_CLOSED","FATAL_COUNT","HEAVY_TRUCK_COUNT","HORSE_BUGGY_COUNT","HOUR_OF_DAY","ILLUMINATION","INJURY_COUNT","INTERSECTION_RELATED","INTERSECT_TYPE","LANE_CLOSED","LATITUDE","LN_CLOSE_DIR","LOCATION_TYPE","LONGITUDE","MAX_SEVERITY_LEVEL","MCYCLE_DEATH_COUNT","MCYCLE_SUSP_SERIOUS_INJ_COUNT","MOTORCYCLE_COUNT","MUNICIPALITY","NONMOTR_COUNT","NONMOTR_DEATH_COUNT","NONMOTR_SUSP_SERIOUS_INJ_COUNT","NTFY_HIWY_MAINT","PED_COUNT","PED_DEATH_COUNT","PED_SUSP_SERIOUS_INJ_COUNT","PERSON_COUNT","POLICE_AGCY","POSSIBLE_INJ_COUNT","RDWY_SURF_TYPE_CD","RELATION_TO_ROAD","ROADWAY_CLEARED","ROAD_CONDITION","SCH_BUS_IND","SCH_ZONE_IND","SECONDARY_CRASH","SMALL_TRUCK_COUNT","SPEC_JURIS_CD","SUSP_MINOR_INJ_COUNT","SUSP_SERIOUS_INJ_COUNT","SUV_COUNT","TCD_FUNC_CD","TCD_TYPE","TFC_DETOUR_IND","TIME_OF_DAY","TOTAL_UNITS","TOT_INJ_COUNT","UNBELTED_OCC_COUNT","UNB_DEATH_COUNT","UNB_SUSP_SERIOUS_INJ_COUNT","UNK_INJ_DEG_COUNT","UNK_INJ_PER_COUNT","URBAN_RURAL","VAN_COUNT","VEHICLE_COUNT","WEATHER1","WEATHER2","WORKERS_PRES","WORK_ZONE_IND","WORK_ZONE_LOC","WORK_ZONE_TYPE","WZ_CLOSE_DETOUR","WZ_FLAGGER","WZ_LAW_OFFCR_IND","WZ_LN_CLOSURE","WZ_MOVING","WZ_OTHER","WZ_SHLDER_MDN","WZ_WORKERS_INJ_KILLED"
"2020072896","1819","0","0","0","0","0","0","0","0","0","4","0","","02","9","2020","4","40.416018","-80.059146","1810","11","0","0","0","0","0","1","0","0","","0","1","0","","","0","N","0","","40 24:57.666","3","0","80 03:32.925","0","0","0","0","2435","0","0","0","N","0","0","0","2","68B03","0","","1.0","1845.0","1","N","N","N","0","","0","0","1","","0","N","","2","0","0","0","0","0","0","2","0","2","","","","N","","","","","","","","","",""
"2020087374","1750","0","0","0","0","0","0","0","0","0","8","0","","02","10","2020","2","40.465326","-79.827201","1748","11","0","0","0","0","0","0","0","0","","0","0","0","","","1","N","0","","40 27:55.175","","0","79 49:37.923","8","0","0","0","2113","1","0","0","N","1","0","0","2","02113","0","","1.0","","9","N","N","N","0","","0","0","0","","0","","","2","1","0","0","0","1","0","2","1","1","","07","","N","","","","","","","","","",""
"2020045721","0117","2","0","0","0","0","0","0","0","0","2","0","","02","6","2020","6","40.428028","-80.075044","0115","11","0","0","0","1","0","0","0","0","","0","0","0","","","0","N","0","","40 25:40.900","","0","80 04:30.160","0","0","0","0","2421","0","0","0","N","0","0","0","5","02421","0","","1.0","","1","N","N","N","0","","0","0","0","","0","","","2","0","1","0","0","0","0","2","0","2","","03","","N","","","","","","","","","",""
"2020045234","1715","1","0","0","0","0","0","0","0","0","1","0","","02","6","2020","3","40.477449","-79.741631","1714","11","0","0","0","0","0","1","0","0","","0","0","0","","","1","N","0","","40 28:38.818","","7","79 44:29.870","3","0","0","0","2466","0","0","0","N","0","0","0","2","02466","0","","1.0","","1","N","N","N","0","","1","0","1","","0","","","2","1","0","0","0","0","0","2","0","2","","03","","N","","","","","","","","","",""
"2020074265","0952","0","0","0","0","0","0","0","0","0","0","0","","02","9","2020","5","40.355711","-80.038787","0951","11","0","0","0","0","0","0","0","0","","0","0","0","","","0","","2","","40 21:20.559","","0","80 02:19.633","0","0","0","0","2109","0","0","0","N","0","0","0","1","02109","0","","1.0","","9","N","N","N","1","","0","0","0","","0","","","1","0","0","0","0","0","0","2","0","1","","","","N","","","","","","","","","",""
"2020047321","0711","0","0","0","0","0","0","0","0","0","7","0","","02","6","2020","4","40.538353","-79.832207","0704","11","0","0","0","0","0","0","0","0","","0","0","0","","","0","N","0","","40 32:18.070","","0","79 49:55.945","0","0","0","0","2208","0","0","0","N","0","0","0","1","02208","0","","4.0","","1","N","N","N","0","","0","0","1","","0","","","1","0","0","0","0","0","0","2","0","1","","","","N","","","","","","","","","",""
"2020044378","0200","0","0","0","0","0","0","0","0","0","0","0","","02","6","2020","2","40.519047","-80.013603","0158","11","0","0","0","0","0","0","0","0","","0","0","0","","","1","N","2","","40 31:08.569","","0","80 00:48.971","2","0","1","1","2116","0","0","0","N","0","0","0","1","02116","0","","2.0","","1","N","N","N","0","","0","1","0","","0","","","1","1","0","0","0","0","0","2","0","1","","03","","N","","","","","","","","","",""
"2020073753","1725","1","0","0","0","0","0","0","0","0","7","0","","02","9","2020","4","40.589938","-79.888098","1720","11","0","0","0","0","0","0","0","0","","0","0","0","","","0","N","0","","40 35:23.776","","0","79 53:17.154","0","0","0","0","2209","0","0","0","Y","0","0","0","1","68T02","0","","5.0","","9","N","N","N","0","","0","0","0","","0","","","1","0","0","0","0","0","0","1","0","1","","","","N","","","","","","","","","",""
"2020047596","1650","2","0","0","0","0","0","0","0","0","1","0","","02","6","2020","3","40.572005","-80.015868","1646","11","0","0","0","0","0","1","0","0","","0","0","0","","","0","N","0","","40 34:19.218","3","7","80 00:57.126","0","0","0","0","2108","0","0","0","N","0","0","0","2","02108","0","","1.0","1720.0","1","N","N","N","0","","0","0","0","","0","N","","2","0","0","0","0","0","0","2","0","2","","","","N","","","","","","","","","",""
"2020072084","2059","2","0","0","0","0","0","0","0","0","4","0","","02","9","2020","5","40.349743","-79.885734","2055","11","0","0","0","0","0","0","0","0","","0","0","0","","","1","N","2","","40 20:59.076","6","0","79 53:08.644","8","0","0","0","2423","0","0","0","N","0","0","0","2","02304","0","","1.0","2134.0","1","N","N","N","0","","0","0","0","","3","Y","","2","1","0","0","0","1","0","2","0","2","","03","","N","","","","","","","","","",""
"2020046129","1419","2","0","0","0","0","0","0","0","0","1","0","","02","6","2020","7","40.321137","-79.836538","1417","11","0","1","0","0","0","0","0","0","","0","0","0","","","0","N","0","","40 19:16.092","","7","79 50:11.537","0","0","0","0","2304","0","0","0","N","0","0","0","3","02304","0","","1.0","","1","N","N","N","0","","0","0","0","","0","","","2","0","0","0","0","0","0","2","0","2","","03","","N","","","","","","","","","",""
"2020072925","2205","2","0","0","0","0","0","0","0","0","4","0","","02","6","2020","1","40.399253","-79.820917","2202","11","0","0","0","0","0","0","0","0","","0","0","0","","","1","N","0","","40 23:57.310","5","0","79 49:15.300","3","0","0","0","2111","0","0","0","N","0","0","0","1","02111","0","","2.0","2250.0","1","N","N","N","0","","1","0","0","","0","Y","","2","1","0","0","0","0","0","2","0","2","","03","","N","","","","","","","","","",""
"2020088766","0538","1","0","0","0","0","0","0","0","0","7","0","","02","10","2020","5","40.438482","-79.961196","0530","11","0","0","0","0","0","0","0","0","","0","0","0","","","0","N","2","","40 26:18.535","","0","79 57:40.305","0","0","0","0","2301","0","0","0","N","0","0","0","1","02301","0","","5.0","","1","N","N","Y","0","","0","0","0","","1","","","1","0","0","0","0","0","0","2","0","1","","","","N","","","","","","","","","",""
"2020058900","0720","1","0","0","0","0","0","0","0","0","7","0","","02","7","2020","1","40.462278","-80.018611","0717","11","0","0","0","0","0","0","0","0","","0","0","0","","","0","N","0","","40 27:44.200","","0","80 01:07.000","9","0","0","0","2301","0","0","0","N","0","0","0","1","02301","0","","2.0","","1","N","N","N","0","","0","0","0","","0","","","1","0","0","0","0","0","1","2","0","1","","03","","N","","","","","","","","","",""
"2020044338","1802","0","0","0","0","0","0","0","0","0","8","0","","02","6","2020","1","40.341822","-79.848452","1801","11","0","0","0","0","0","0","0","0","","0","0","0","","","1","N","0","","40 20:30.559","","0","79 50:54.427","3","0","0","0","2304","1","0","0","N","1","0","0","2","02304","0","","1.0","","1","N","N","N","0","","1","0","1","","0","","","2","1","0","0","0","0","0","2","0","1","","03","","N","","","","","","","","","",""
"2020047348","1956","1","0","0","0","0","0","0","0","0","7","0","","02","6","2020","7","40.427396","-79.95221","1949","11","0","0","0","0","0","0","0","0","","0","0","0","","","0","N","0","","40 25:38.627","4","0","79 57:07.955","0","0","0","0","2301","0","0","0","N","0","0","0","2","68B03","0","","2.0","2020.0","1","N","N","N","0","","0","0","0","","0","N","","1","0","0","0","0","0","0","2","0","1","","","","N","","","","","","","","","",""
"2020074411","1414","1","0","0","0","0","0","0","0","0","4","0","","02","9","2020","5","40.420787","-80.040591","1404","11","0","0","0","0","0","0","0","1","","0","0","0","","","2","N","0","","40 25:14.834","","0","80 02:26.129","8","0","0","0","2435","0","0","0","N","0","0","0","3","68B03","0","","1.0","","1","N","N","N","0","","0","0","1","","0","","","2","2","0","0","0","2","0","2","0","2","","03","","N","","","","","","","","","",""
"2020053660","1246","1","0","0","0","0","0","0","0","0","7","0","","02","6","2020","5","40.395759","-79.826983","1242","11","0","0","0","0","0","0","0","0","","0","0","0","","","1","N","0","","40 23:44.731","","0","79 49:37.137","3","0","0","0","2111","0","0","0","N","0","0","0","1","02111","0","","5.0","","1","N","N","N","0","","1","0","0","","2","","","1","1","0","0","0","0","0","2","0","1","","","","N","","","","","","","","","",""
"2020072656","1348","1","0","0","0","0","0","0","0","0","2","0","","02","9","2020","7","40.351271","-79.862141","1344","11","0","0","0","0","0","0","0","0","","0","0","0","","","0","","2","","40 21:04.575","","0","79 51:43.707","0","0","0","0","2304","0","0","0","N","0","0","0","2","02304","0","","1.0","","1","N","N","N","0","","0","0","1","","3","","","2","0","0","0","0","0","0","2","0","2","","","","N","","","","","","","","","",""
"2020044185","1347","1","0","0","0","0","0","0","0","0","2","0","","02","6","2020","7","40.447206","-79.707722","1343","11","0","0","0","0","0","0","1","1","","0","0","0","","","3","N","0","","40 26:49.941","5","0","79 42:27.798","3","0","0","0","2466","0","0","0","N","0","0","0","3","02466","0","","1.0","1433.0","1","N","N","N","0","","2","0","1","","0","N","","2","3","0","0","0","1","0","2","0","2","","","","N","","","","","","","","","",""
"2020069512","0704","3","0","0","0","0","0","0","0","0","5","0","","02","8","2020","4","40.489416","-80.047225","0656","11","0","0","0","0","0","0","0","0","","0","0","0","","","0","N","0","","40 29:21.899","4","0","80 02:50.011","0","0","0","0","2404","0","0","0","N","0","0","0","1","02404","0","","1.0","730.0","1","N","N","N","0","","0","0","0","","0","N","","3","0","0","0","0","0","0","2","0","3","","","","N","","","","","","","","","",""
"2020045246","1537","0","0","0","0","0","0","0","0","0","2","0","","02","6","2020","4","40.444173","-80.147166","1532","11","0","0","0","0","0","0","0","1","","0","0","0","","","0","N","2","","40 26:39.024","","0","80 08:49.799","0","0","0","0","2115","0","0","0","N","0","0","0","1","02115","0","","2.0","","1","N","N","N","0","","0","0","1","","2","","","1","0","0","0","0","0","0","2","0","1","","03","","N","","","","","","","","","",""
"2020046254","0257","1","0","0","0","0","0","0","0","0","5","0","","02","6","2020","1","40.397533","-79.988228","0250","11","0","0","0","0","0","0","0","0","","0","0","0","","","0","N","2","","40 23:51.120","","0","79 59:17.620","0","0","0","0","2301","0","0","0","N","0","0","0","1","02301","0","","1.0","","1","N","N","N","0","","0","0","1","","0","","","3","0","0","0","0","0","0","2","0","2","","03","","N","","","","","","","","","",""
"2020049685","1137","0","0","0","0","0","0","0","0","0","1","0","50","02","6","2020","4","40.455763","-79.998269","1118","11","0","0","0","0","0","1","1","0","","0","0","0","","","1","N","0","","40 27:20.747","2","2","79 59:53.768","3","0","0","0","2301","0","0","0","N","0","0","0","2","68B03","0","","1.0","1230.0","1","N","N","N","1","","1","0","1","","8","N","","2","1","0","0","0","0","0","2","0","2","","03","Y","Y","4","2","N","N","N","Y","N","N","N","N"
"2020070753","1622","2","0","0","0","0","0","0","0","0","4","0","","02","8","2020","7","40.417002","-80.045032","1619","11","0","0","1","0","0","0","0","0","","0","0","0","","","0","N","0","","40 25:01.206","1","7","80 02:42.114","0","0","0","0","2435","0","0","0","N","0","0","0","2","02435","0","","1.0","1718.0","1","N","N","N","0","","0","0","0","","0","Y","","2","0","0","0","0","0","0","2","0","2","","","","N","","","","","","","","","",""
"2020052694","2151","1","0","0","0","0","0","0","0","0","7","0","30","02","7","2020","4","40.373593","-79.794318","2148","11","0","0","0","0","0","0","0","0","","0","0","0","","","0","N","0","","40 22:24.935","4","0","79 47:39.545","0","0","0","0","2111","0","0","0","N","0","0","0","2","02111","0","","1.0","2210.0","1","N","N","N","0","","0","0","0","","8","N","","1","0","2","0","0","0","0","2","0","1","","03","Y","Y","5","1","","Y","N","","Y","","Y","N"
"2020047428","1725","2","0","0","0","0","0","0","0","0","7","0","","02","6","2020","4","40.479447","-80.030867","1720","11","0","0","1","0","0","0","0","0","","0","0","0","","","1","N","0","","40 28:46.010","","0","80 01:51.120","3","0","0","0","2301","0","0","0","N","0","0","0","1","02301","0","","5.0","","1","","","N","0","","1","0","0","","0","","","2","1","1","0","0","0","0","2","0","2","","","","N","","","","","","","","","",""
"2020071830","1226","1","0","0","0","0","0","0","0","0","7","0","","02","8","2020","6","40.652679","-80.113537","1221","11","1","0","0","0","0","0","0","0","","0","0","0","","","1","N","0","","40 39:09.643","","0","80 06:48.733","3","0","0","0","2212","0","0","0","N","0","0","0","2","02505","0","","5.0","","9","N","N","N","0","","1","0","0","","0","","","1","1","0","0","0","0","0","2","0","1","","","","N","","","","","","","","","",""
"2020073909","0200","0","0","1","0","0","0","0","0","0","7","1","","02","9","2020","3","40.440834","-80.006757","0137","11","0","0","0","0","0","0","0","0","","0","0","0","","","2","N","1","","40 26:27.002","7","0","80 00:24.325","2","0","0","0","2301","0","0","0","Y","0","0","0","2","02301","0","","2.0","430.0","1","N","N","N","1","","1","1","0","","2","Y","","1","2","1","0","0","0","0","2","0","1","","","","N","","","","","","","","","",""
"2020070455","2217","2","0","0","0","0","0","0","0","0","4","0","","02","8","2020","7","40.465998","-80.137666","2214","11","1","0","0","0","0","0","0","0","","0","0","0","","","1","","1","","40 27:57.592","","0","80 08:15.597","4","0","0","0","2115","0","0","0","N","0","0","0","4","02115","1","","1.0","","1","N","N","N","0","","0","0","0","","2","","","2","1","0","0","0","0","0","2","0","2","","03","","N","","","","","","","","","",""
"2020088143","1802","0","0","0","0","0","0","0","0","0","1","0","","02","10","2020","6","40.417412","-80.056222","1750","11","0","0","0","0","0","0","0","0","","0","0","0","","","0","N","0","","40 25:02.683","","0","80 03:22.399","0","0","0","0","2435","0","0","0","N","0","0","0","2","68B03","0","","1.0","","1","N","N","N","2","","0","0","0","","0","","","2","0","0","0","0","0","0","2","0","2","","03","","N","","","","","","","","","",""
"2020071179","1240","1","0","0","0","0","0","0","0","0","4","0","","02","9","2020","3","40.435981","-79.964714","1235","11","0","0","0","0","0","1","0","0","","0","0","0","","","3","N","0","","40 26:09.530","","0","79 57:52.970","3","0","0","0","2301","0","0","0","N","0","0","0","3","02301","0","","1.0","","1","N","N","Y","0","","3","0","1","","0","","","2","3","0","0","0","0","0","2","0","2","","","","N","","","","","","","","","",""
"2020073461","0923","1","0","0","0","0","0","0","0","0","2","0","","02","9","2020","4","40.371872","-79.977219","0919","11","0","0","0","0","0","1","0","1","","0","0","0","","","0","","2","","40 22:18.739","3","0","79 58:37.988","0","0","0","0","2413","0","0","0","N","0","0","0","2","02413","0","","1.0","938.0","1","N","N","Y","0","","0","0","1","","0","N","","2","0","0","0","0","0","0","2","0","2","","","","N","","","","","","","","","",""
"2020047237","2134","2","0","0","0","0","0","0","0","0","4","0","","02","6","2020","5","40.287067","-79.8845","2132","11","0","0","0","0","0","0","0","0","","0","0","0","","","2","N","0","","40 17:13.440","","0","79 53:04.200","3","0","0","0","2302","0","0","0","N","0","0","0","2","02302","0","","4.0","","1","N","N","N","0","","1","0","0","","0","N","","2","2","2","0","0","1","0","2","0","2","","03","","N","","","","","","","","","",""
"2020046311","1325","1","0","0","0","0","0","0","0","0","7","0","","02","5","2020","2","40.573021","-80.218672","1320","11","0","0","0","0","0","0","0","0","","0","0","0","","","0","N","0","","40 34:22.874","","0","80 13:07.219","0","0","0","0","2441","0","0","0","N","0","0","0","1","02441","0","","3.0","","1","N","N","N","0","","0","0","0","","0","","","1","0","0","0","0","0","0","2","0","1","","03","","N","","","","","","","","","",""
"2020088874","1725","1","0","0","0","0","0","0","0","0","1","0","","02","10","2020","3","40.339106","-80.126021","1725","11","0","0","0","0","0","0","0","0","","0","0","0","","","0","","1","","40 20:20.783","","0","80 07:33.677","0","0","0","0","2119","0","0","0","N","0","0","0","2","02119","0","","1.0","","9","N","N","N","0","","0","0","1","","0","N","","2","0","0","0","0","0","0","2","0","2","","","","N","","","","","","","","","",""
"2020044731","2256","1","0","0","0","0","0","0","0","0","8","0","","02","6","2020","2","40.310336","-79.937385","2250","11","0","0","0","0","0","1","0","0","","0","0","0","","","1","N","0","","40 18:37.208","1","0","79 56:14.585","3","0","0","0","2440","1","0","0","N","1","0","0","2","02440","0","","1.0","2334.0","1","N","N","N","0","","1","0","0","","0","N","","2","1","0","0","0","0","0","2","0","1","","","","N","","","","","","","","","",""
"2020048155","1730","0","0","2","0","0","0","0","0","0","7","0","","02","6","2020","3","40.432312","-80.023809","1728","11","0","0","0","0","0","0","0","0","","0","0","0","","","2","N","0","","40 25:56.323","4","4","80 01:25.712","2","0","0","0","2301","0","0","0","N","0","0","0","2","68B03","0","","4.0","1830.0","1","N","N","N","0","","0","2","2","","0","Y","","2","2","0","0","0","0","0","2","0","2","","","","N","","","","","","","","","",""
"2020060867","1647","0","0","0","1","0","0","0","0","0","8","0","","02","7","2020","6","40.431035","-80.001655","1644","11","0","0","0","0","0","1","0","0","","0","0","0","","","1","N","2","","40 25:51.727","","7","80 00:05.958","3","0","0","0","2301","1","0","0","N","0","0","0","2","02301","0","","1.0","","1","N","N","N","0","","1","0","1","","9","","","2","1","0","0","0","0","0","2","0","1","","","","N","","","","","","","","","",""
"2020045854","1319","3","0","0","0","0","0","0","0","0","1","0","","02","6","2020","4","40.381071","-80.060243","1316","11","0","0","0","0","0","1","0","1","","0","0","0","","","1","N","2","","40 22:51.855","4","0","80 03:36.874","3","0","0","0","2109","0","0","0","N","0","0","0","4","02109","0","","1.0","1355.0","1","N","N","N","0","","1","0","0","","2","N","","3","1","0","0","0","0","0","2","0","3","","03","","N","","","","","","","","","",""
"2020072914","1404","0","0","0","0","0","0","0","0","0","0","0","","02","9","2020","7","40.541887","-80.121994","1404","11","0","0","0","0","0","1","0","0","","0","0","0","","","1","N","0","","40 32:30.792","","0","80 07:19.177","8","0","0","1","2215","0","0","0","N","0","0","0","1","68B03","0","","1.0","","1","N","N","N","0","","0","0","0","","0","","","1","1","0","0","0","1","0","1","0","1","","","","N","","","","","","","","","",""
"2020045194","1124","1","0","0","0","0","0","0","0","0","4","0","","02","6","2020","4","40.418539","-80.045731","1122","11","0","0","0","0","0","0","0","1","","0","0","0","","","1","","1","","40 25:06.740","","0","80 02:44.633","3","0","0","0","2435","0","0","0","N","0","0","0","2","02435","0","","1.0","","1","N","N","N","0","","1","0","1","","2","N","","2","1","0","0","0","0","0","2","0","2","","","","N","","","","","","","","","",""
"2020043972","0237","0","0","0","0","0","0","0","0","0","7","0","","02","6","2020","7","40.395113","-79.997302","0229","11","0","0","0","0","0","0","0","0","","0","0","0","","","1","N","0","","40 23:42.408","4","0","79 59:50.288","3","0","0","1","2301","0","0","0","N","0","0","0","1","02301","0","","2.0","250.0","1","N","N","N","0","","1","0","0","","0","N","","1","1","0","0","0","0","0","2","0","1","","","","N","","","","","","","","","",""
"2020066269","2201","1","0","0","0","0","0","0","0","0","0","0","","02","7","2020","7","40.430608","-79.873354","2151","11","0","0","0","0","0","0","1","0","","0","0","0","","","0","N","0","","40 25:50.189","3","0","79 52:24.074","0","0","0","0","2426","0","0","0","N","0","0","0","1","68B03","0","","1.0","2230.0","1","N","N","N","0","","0","0","0","","0","N","","1","0","0","0","0","0","0","2","0","1","","03","","N","","","","","","","","","",""
"2020072294","2008","1","0","0","0","0","0","0","0","0","7","0","","02","9","2020","4","40.453613","-80.057406","1842","11","0","0","0","0","0","0","0","0","","0","0","0","","","1","N","3","","40 27:13.006","","0","80 03:26.661","4","0","0","0","2301","0","0","0","N","0","0","0","1","02301","1","","4.0","","9","N","N","N","0","","0","0","0","","0","","","1","1","1","0","0","0","0","2","0","1","","07","","N","","","","","","","","","",""
"2020073473","0848","1","0","0","0","0","0","0","0","0","1","0","","02","9","2020","4","40.529919","-79.771405","0843","11","0","0","0","0","0","1","0","0","","0","0","0","","","1","","2","","40 31:47.708","4","0","79 46:17.057","4","0","0","0","2466","0","0","0","N","0","0","0","2","02466","1","","1.0","915.0","1","N","N","N","1","","0","0","0","","0","N","","2","1","1","0","0","0","0","1","0","2","","03","","N","","","","","","","","","",""
"2020047844","0334","0","0","0","0","0","0","0","0","0","1","0","","02","6","2020","5","40.336856","-79.833161","0334","11","0","0","0","0","0","0","0","0","","0","0","0","","","1","N","0","","40 20:12.680","","0","79 49:59.380","8","0","0","0","2304","1","0","0","N","1","0","0","2","02304","0","","1.0","","1","N","N","Y","0","","0","0","1","","0","","","3","1","0","0","0","1","0","2","0","2","","03","","N","","","","","","","","","",""
"2020046911","1246","1","0","0","0","0","0","0","0","0","1","0","","02","6","2020","2","40.583793","-79.992074","1243","11","0","0","0","0","0","0","0","0","","0","0","0","","","0","","3","","40 35:01.654","1","0","79 59:31.465","0","0","0","0","2108","0","0","0","N","0","0","0","2","02501","0","","1.0","1412.0","1","N","N","N","0","","0","0","1","","3","Y","","2","0","0","0","0","0","0","1","0","2","","","","N","","","","","","","","","",""
"2020047539","2335","1","0","0","0","0","0","0","0","0","4","0","","02","6","2020","4","40.437552","-79.982671","2320","11","0","0","0","0","0","0","0","0","","0","0","0","","","1","","2","","40 26:15.186","","0","79 58:57.615","8","0","0","0","2301","0","0","0","N","0","0","0","2","02301","0","","1.0","","1","N","N","N","0","","0","0","1","","3","","","2","1","0","0","0","1","0","2","0","2","","03","","N","","","","","","","","","",""
"2020050906","2350","1","0","0","0","0","0","0","0","0","4","0","","02","6","2020","3","40.491373","-80.06097","2348","11","0","0","0","0","1","0","0","0","","0","0","0","","","0","N","0","","40 29:28.944","","7","80 03:39.493","0","0","0","0","2404","0","0","0","N","0","0","0","2","02404","0","","1.0","","1","N","N","N","0","","0","0","1","","2","","","2","0","0","0","0","0","0","2","0","2","","","","N","","","","","","","","","",""
"2020044883","1440","2","0","0","0","0","0","0","0","0","7","0","","02","6","2020","2","40.458627","-79.844047","1438","11","0","0","0","0","0","0","0","0","","0","0","0","","","0","N","1","","40 27:31.057","1","0","79 50:38.569","0","0","0","0","2113","0","0","0","N","0","0","0","1","02113","0","","5.0","1530.0","1","N","N","Y","0","","0","0","0","","0","Y","","2","0","1","0","0","0","0","2","0","2","","","","N","","","","","","","","","",""
"2020047251","0446","2","0","0","0","0","0","0","0","0","4","0","","02","6","2020","1","40.448628","-80.002278","0440","11","0","0","0","0","0","0","0","0","","0","0","0","","","0","N","1","","40 26:55.061","1","0","80 00:08.202","0","0","0","0","2301","0","0","0","N","0","0","0","3","02301","0","","1.0","515.0","1","N","N","N","0","","0","0","0","","2","N","","2","0","0","0","0","0","0","2","0","2","","03","","N","","","","","","","","","",""
"2020045434","2325","0","0","0","0","0","0","0","0","0","1","0","","02","6","2020","4","40.529919","-79.771405","2324","11","0","0","0","0","0","0","0","0","","0","0","0","","","0","N","2","","40 31:47.708","","0","79 46:17.057","0","0","0","0","2466","0","0","0","N","0","0","0","1","02466","0","","4.0","","9","N","N","N","1","","0","0","1","","7","N","","2","0","0","0","0","0","0","1","0","2","","08","","N","","","","","","","","","",""
"2020073992","1025","2","0","0","0","0","0","0","0","0","4","0","","02","9","2020","5","40.383559","-79.995717","1007","11","0","0","1","0","0","0","0","1","","0","0","0","","","0","N","2","","40 23:00.811","","0","79 59:44.582","0","0","0","0","2301","0","0","0","N","0","0","0","2","02301","0","","1.0","","1","N","N","N","0","","0","0","0","","0","","","2","0","0","0","0","0","0","2","0","2","","03","","N","","","","","","","","","",""
"2020072340","2359","0","0","0","0","0","0","0","0","0","98","0","","02","9","2020","6","40.495754","-79.775028","2358","11","0","0","0","0","0","0","0","0","","1","0","0","","","0","N","0","","40 29:44.713","5","0","79 46:30.100","1","1","0","1","2466","0","0","0","N","0","0","0","1","02466","0","2","4.0","210.0","1","N","N","N","0","0","0","0","0","","0","N","","1","0","0","0","0","0","0","2","0","1","","","","N","","","","","","","","","",""
"2020067009","1937","1","0","0","0","0","0","0","0","0","8","0","","02","8","2020","4","40.457985","-80.055014","1933","11","0","0","0","0","0","0","0","0","","0","0","0","","","1","N","2","","40 27:28.745","","0","80 03:18.050","8","0","0","0","2301","1","0","0","N","1","0","0","2","02301","0","","1.0","","1","N","N","N","0","","0","0","0","","3","","","2","1","1","0","0","1","0","2","0","1","","03","","N","","","","","","","","","",""
"2020068162","0335","4","0","0","0","0","0","0","0","0","5","0","","02","8","2020","1","40.445742","-79.977216","0335","11","0","0","0","0","0","0","0","0","","0","0","0","","","1","Y","0","","40 26:44.672","6","0","79 58:37.976","3","0","0","0","2301","0","0","0","N","0","0","0","6","02301","0","","1.0","415.0","1","N","N","Y","0","","1","0","0","","0","Y","","4","1","0","0","0","0","3","2","0","4","","03","","N","","","","","","","","","",""
"2020046509","2003","1","0","0","0","0","0","0","0","0","5","0","","02","6","2020","4","40.632806","-80.059008","2001","11","0","0","0","0","1","0","0","0","","0","0","0","","","1","Y","0","","40 37:58.103","","0","80 03:32.430","4","0","0","0","2216","0","0","0","N","0","0","0","6","02505","1","","1.0","","1","N","N","N","0","","0","0","1","","0","","","2","1","1","0","0","0","0","2","0","2","","","","N","","","","","","","","","",""
"2020072999","0318","3","0","0","0","0","0","0","0","0","7","0","","02","9","2020","1","40.48764","-79.707845","0315","11","0","0","0","0","0","0","0","0","","0","0","0","","","0","N","0","","40 29:15.504","","0","79 42:28.241","0","0","0","0","2466","0","0","0","N","0","0","0","1","02466","0","","5.0","","1","N","N","N","0","","0","0","1","","0","N","","4","0","0","0","0","0","0","2","0","4","","03","","N","","","","","","","","","",""
"2020072912","1914","2","0","0","0","0","0","0","0","0","1","0","","02","9","2020","6","40.425617","-79.909577","1914","11","0","0","0","0","0","0","0","0","","0","0","0","","","0","N","0","","40 25:32.220","","0","79 54:34.476","0","0","0","0","2301","0","0","0","N","0","0","0","2","68B03","0","","1.0","","1","N","N","N","0","","0","0","0","","0","","","2","0","0","0","0","0","0","2","0","2","","03","","N","","","","","","","","","",""
"2020045816","1124","0","0","0","0","0","0","0","0","0","7","0","","02","6","2020","4","40.43037","-80.026433","1113","11","0","0","0","0","0","0","0","0","","0","0","0","","","1","N","0","","40 25:49.333","","2","80 01:35.158","8","0","0","0","2301","0","0","0","N","0","0","0","2","68B03","0","","2.0","","1","N","N","N","0","","0","0","1","","0","","","1","1","0","0","0","1","0","2","0","1","","","","N","","","","","","","","","",""