"CRN","ARRIVAL_TM","AUTOMOBILE_COUNT","BELTED_DEATH_COUNT","BELTED_SUSP_SERIOUS_INJ_COUNT","BICYCLE_COUNT","BICYCLE_DEATH_COUNT","BICYCLE_SUSP_SERIOUS_INJ_COUNT","BUS_COUNT","CHLDPAS_DEATH_COUNT","CHLDPAS_SUSP_SERIOUS_INJ_COUNT","COLLISION_TYPE","COMM_VEH_COUNT","CONS_ZONE_SPD_LIM","COUNTY","CRASH_MONTH","CRASH_YEAR","DAY_OF_WEEK","DEC_LATITUDE","DEC_LONGITUDE","DISPATCH_TM","DISTRICT","DRIVER_COUNT_16YR","DRIVER_COUNT_17YR","DRIVER_COUNT_18YR","DRIVER_COUNT_19YR","DRIVER_COUNT_20YR","DRIVER_COUNT_50_64YR","DRIVER_COUNT_65_74YR","DRIVER_COUNT_75PLUS","EST_HRS_CLOSED","FATAL_COUNT","HEAVY_TRUCK_COUNT","HORSE_BUGGY_COUNT","HOUR_OF_DAY","ILLUMINATION","INJURY_COUNT","INTERSECTION_RELATED","INTERSECT_TYPE","LANE_CLOSED","LATITUDE","LN_CLOSE_DIR","LOCATION_TYPE","LONGITUDE","MAX_SEVERITY_LEVEL","MCYCLE_DEATH_COUNT","MCYCLE_SUSP_SERIOUS_INJ_COUNT","MOTORCYCLE_COUNT","MUNICIPALITY","NONMOTR_COUNT","NONMOTR_DEATH_COUNT","NONMOTR_SUSP_SERIOUS_INJ_COUNT","NTFY_HIWY_MAINT","PED_COUNT","PED_DEATH_COUNT","PED_SUSP_SERIOUS_INJ_COUNT","PERSON_COUNT","POLICE_AGCY","POSSIBLE_INJ_COUNT","RDWY_SURF_TYPE_CD","RELATION_TO_ROAD","ROADWAY_CLEARED","ROAD_CONDITION","SCH_BUS_IND","SCH_ZONE_IND","SECONDARY_CRASH","SMALL_TRUCK_COUNT","SPEC_JURIS_CD","SUSP_MINOR_INJ_COUNT","SUSP_SERIOUS_INJ_COUNT","SUV_COUNT","TCD_FUNC_CD","TCD_TYPE","TFC_DETOUR_IND","TIME_OF_DAY","TOTAL_UNITS","TOT_INJ_COUNT","UNBELTED_OCC_COUNT","UNB_DEATH_COUNT","UNB_SUSP_SERIOUS_INJ_COUNT","UNK_INJ_DEG_COUNT","UNK_INJ_PER_COUNT","URBAN_RURAL","VAN_COUNT","VEHICLE_COUNT","WEATHER1","WEATHER2","WORKERS_PRES","WORK_ZONE_IND","WORK_ZONE_LOC","WORK_ZONE_TYPE","WZ_CLOSE_DETOUR","WZ_FLAGGER","WZ_LAW_OFFCR_IND","WZ_LN_CLOSURE","WZ_MOVING","WZ_OTHER","WZ_SHLDER_MDN","WZ_WORKERS_INJ_KILLED"
"2020046610","1503","2","0","0","0","0","0","0","0","0","4","0","","02","6","2020","7","40.366361","-80.013994","1500","11","0","0","0","0","0","0","0","1","","0","0","0","","","0","N","0","","40 21:58.900","","7","80 00:50.380","0","0","0","0","2476","0","0","0","N","0","0","0","3","02416","0","","1.0","","1","N","N","N","0","","0","0","0","","0","","","2","0","0","0","0","0","0","2","0","2","","03","","N","","","","","","","","","",""
"2020081340","1530","2","0","0","0","0","0","0","0","0","4","0","","02","10","2020","5","40.487952","-80.056454","1525","11","0","0","0","0","0","0","0","0","","0","0","0","","","1","","2","","40 29:16.626","","0","80 03:23.235","3","0","0","0","2404","0","0","0","N","0","0","0","2","02404","0","","1.0","","1","N","N","N","0","","1","0","0","","3","","","2","1","0","0","0","0","0","2","0","2","","","","N","","","","","","","","","",""
"2020061369","1557","1","0","0","0","0","0","0","0","0","1","0","55","02","7","2020","5","40.496698","-79.91754","1539","11","0","0","0","0","1","1","0","0","","0","0","0","","","1","N","0","","40 29:48.111","4","0","79 55:03.144","8","0","0","0","2112","0","0","0","N","0","0","0","7","68D02","0","","1.0","1645.0","9","N","N","N","1","","0","0","1","","0","N","","3","1","0","0","0","1","0","2","0","3","","04","Y","Y","4","2","N","N","N","Y","N","N","N","N"
"2020044798","0745","1","0","0","0","0","0","0","0","0","8","0","","02","6","2020","1","40.421939","-80.046186","0740","11","0","0","0","0","0","0","0","0","","0","0","0","","","1","N","7","","40 25:18.982","","2","80 02:46.269","3","0","0","0","2435","1","0","0","N","1","0","0","2","02435","0","","7.0","","1","N","N","N","0","","1","0","0","","0","","","2","1","0","0","0","0","0","2","0","1","","03","","N","","","","","","","","","",""
"2020044720","2310","5","0","0","0","0","0","0","0","0","5","0","","02","6","2020","1","40.416258","-79.879483","2310","11","0","0","0","0","0","0","0","0","","0","0","0","","","0","N","0","","40 24:58.530","6","0","79 52:46.139","0","0","0","0","2463","0","0","0","N","0","0","0","1","02463","0","","2.0","2350.0","1","N","N","N","0","","0","0","1","","0","N","","6","0","0","0","0","0","0","2","0","6","","03","","N","","","","","","","","","",""
"2020072888","1112","0","0","0","0","0","0","0","0","0","7","0","","02","8","2020","2","40.439519","-80.010169","1056","11","0","0","0","0","0","0","0","0","","0","0","0","","","0","N","0","","40 26:22.267","4","3","80 00:36.607","0","0","0","0","2301","0","0","0","N","0","0","0","1","68B03","0","","2.0","1140.0","1","N","N","N","1","","0","0","0","","0","N","","1","0","0","0","0","0","0","2","0","1","","03","","N","","","","","","","","","",""
"2020043808","0849","0","0","0","0","0","0","0","0","0","1","0","","02","6","2020","6","40.545673","-80.193936","0846","11","0","0","0","0","0","0","0","0","","0","0","0","","","0","","1","","40 32:44.423","1","0","80 11:38.170","0","0","0","0","2427","0","0","0","N","0","0","0","2","02427","0","","1.0","859.0","1","N","N","N","0","","0","0","2","","2","N","","2","0","0","0","0","0","0","2","0","2","","","","N","","","","","","","","","",""
"2020060992","2238","1","0","0","0","0","0","0","0","0","6","0","","02","7","2020","6","40.343833","-79.963024","2235","11","0","0","0","0","0","0","0","0","","0","0","0","","","0","N","0","","40 20:37.797","3","0","79 57:46.885","0","0","0","0","2454","0","0","0","N","0","0","0","2","02454","0","","1.0","2310.0","1","N","N","N","0","","0","0","1","","0","Y","","2","0","0","0","0","0","0","2","0","2","","03","","N","","","","","","","","","",""
"2020046076","0906","1","0","0","0","0","0","0","0","0","2","0","","02","6","2020","7","40.330006","-79.989292","0859","11","0","0","0","0","0","1","0","0","","0","0","0","","","2","N","0","","40 19:48.022","6","7","79 59:21.451","3","0","0","0","2219","0","0","0","N","0","0","0","2","02219","0","","1.0","939.0","1","N","N","N","0","","2","0","1","","0","Y","","2","2","0","0","0","0","0","2","0","2","","03","","N","","","","","","","","","",""
"2020071080","0720","0","0","0","0","0","0","0","0","0","1","1","","02","8","2020","2","40.533901","-79.844874","0716","11","0","0","0","0","0","1","0","0","","0","1","0","","","1","N","2","","40 32:02.042","2","0","79 50:41.548","8","0","0","0","2208","0","0","0","N","0","0","0","2","02208","0","","1.0","800.0","1","N","N","N","0","","0","0","1","","2","Y","","2","1","0","0","0","1","0","2","0","2","","","","N","","","","","","","","","",""
"2020087682","1133","0","0","0","0","0","0","0","0","0","1","0","","02","10","2020","4","40.494296","-79.903988","1125","11","0","0","0","0","0","0","0","1","","0","0","0","","","1","N","0","","40 29:39.464","2","0","79 54:14.358","3","0","0","0","2401","0","0","0","N","0","0","0","3","68D02","0","","1.0","1218.0","1","N","N","N","0","","1","0","2","","0","N","","2","1","0","0","0","0","0","2","0","2","","","","N","","","","","","","","","",""
"2020046430","2205","3","0","0","0","0","0","0","0","0","1","1","","02","6","2020","1","40.464265","-79.980265","2158","11","0","0","0","0","0","0","0","0","","0","1","0","","","2","N","0","","40 27:51.354","2","0","79 58:48.955","3","0","0","0","2301","0","0","0","N","0","0","0","5","02301","0","","1.0","2132.0","1","N","N","N","0","","2","0","0","","0","N","","4","2","0","0","0","0","0","2","0","4","","03","","N","","","","","","","","","",""
"2020047370","1810","1","0","0","0","0","0","0","0","0","1","0","","02","6","2020","3","40.530189","-79.953886","1805","11","0","0","0","0","0","0","0","0","","0","0","0","","","1","Y","0","","40 31:48.680","2","0","79 57:13.990","8","0","0","0","2118","0","0","0","N","0","0","0","2","02118","0","","1.0","1830.0","1","N","N","N","0","","0","0","1","","0","N","","2","1","0","0","0","1","0","2","0","2","","03","","N","","","","","","","","","",""
"2020038631","1032","1","0","0","0","0","0","0","0","0","4","0","","02","5","2020","1","40.393558","-79.819072","1028","11","0","0","0","0","0","0","1","0","","0","0","0","","","0","N","0","","40 23:36.810","2","0","79 49:08.660","0","0","0","0","2111","0","0","0","N","0","0","0","2","02111","0","","1.0","1101.0","1","N","N","N","0","","0","0","0","","0","N","","2","0","0","0","0","0","0","2","1","2","","03","","N","","","","","","","","","",""
"2020067394","0850","1","0","0","0","0","0","0","0","0","4","0","","02","8","2020","5","40.353361","-79.837334","0848","11","0","0","0","0","0","1","0","0","","0","0","0","","","1","N","2","","40 21:12.098","","0","79 50:14.402","3","0","0","0","2304","0","0","0","N","0","0","0","2","02304","0","","1.0","","1","N","N","N","1","","1","0","0","","2","","","2","1","0","0","0","0","0","2","0","2","","03","","N","","","","","","","","","",""
"2020067660","0350","0","0","0","0","0","0","0","0","0","7","0","","02","8","2020","7","40.478908","-80.043019","0343","11","0","0","0","0","0","0","0","0","","0","0","0","","","0","","1","","40 28:44.067","","0","80 02:34.868","0","0","0","0","2301","0","0","0","N","0","0","0","1","02301","0","","5.0","","1","N","N","N","0","","0","0","1","","2","","","1","0","0","0","0","0","0","2","0","1","","03","","N","","","","","","","","","",""
"2020062441","1335","1","0","0","0","0","0","0","0","0","5","1","","02","8","2020","4","40.481965","-80.04165","1331","11","0","0","0","0","0","2","0","0","","0","1","0","","","0","","5","","40 28:55.074","","0","80 02:29.940","0","0","0","0","2301","0","0","0","N","0","0","0","2","02301","0","","1.0","","1","N","N","N","0","","0","0","0","","2","N","","2","0","0","0","0","0","0","2","0","2","","03","","N","","","","","","","","","",""
"2020046764","1856","2","0","0","0","0","0","0","0","0","4","0","","02","6","2020","2","40.45368","-79.888826","1852","11","0","0","0","0","0","0","0","0","","0","0","0","","","0","","1","","40 27:13.249","","0","79 53:19.773","9","0","0","0","2301","0","0","0","N","0","0","0","3","02301","0","","1.0","","1","N","N","N","0","","0","0","0","","3","","","2","0","0","0","0","0","1","2","0","2","","03","","N","","","","","","","","","",""
"2020036011","1435","0","0","0","0","0","0","0","0","0","4","0","","02","5","2020","6","40.447435","-79.942465","1429","11","0","0","0","0","0","0","0","0","","0","0","0","","","2","N","1","","40 26:50.767","4","0","79 56:32.873","3","0","0","0","2301","0","0","0","N","0","0","0","3","02301","1","","1.0","1305.0","1","N","N","N","2","","1","0","0","","2","Y","","2","2","0","0","0","0","0","2","0","2","","03","","N","","","","","","","","","",""
"2020037166","1449","3","0","0","0","0","0","0","0","0","5","0","","02","5","2020","5","40.498933","-80.062759","1442","11","0","0","0","0","0","1","0","0","","0","0","0","","","2","N","0","","40 29:56.157","","0","80 03:45.932","4","0","0","0","2402","0","0","0","N","0","0","0","5","02402","2","","1.0","","1","N","N","Y","0","","0","0","0","","0","N","","3","2","0","0","0","0","0","2","0","3","","03","","N","","","","","","","","","",""
"2020049569","0001","1","0","0","0","0","0","0","0","0","7","0","","02","6","2020","4","40.437663","-79.97255","2318","11","0","0","0","0","0","0","0","0","","0","0","0","","","1","N","5","","40 26:15.588","","0","79 58:21.180","2","0","0","0","2301","0","0","0","N","0","0","0","3","02301","0","","2.0","","1","N","N","N","0","","0","1","0","","2","","","1","1","1","0","1","0","0","2","0","1","","","","N","","","","","","","","","",""
"2020069366","2257","1","0","0","0","0","0","0","0","0","0","0","","02","8","2020","7","40.612072","-80.095206","2238","11","0","1","0","0","0","0","0","0","","0","0","0","","","1","N","0","","40 36:43.460","","0","80 05:42.741","3","0","0","0","2481","0","0","0","N","0","0","0","1","68B03","0","","1.0","","9","N","N","N","0","","1","0","0","","0","","","1","1","0","0","0","0","0","2","0","1","","","","N","","","","","","","","","",""
"2020038667","1346","2","0","0","0","0","0","0","0","0","2","0","","02","5","2020","6","40.491558","-80.061268","1345","11","0","0","0","0","0","1","0","0","","0","0","0","","","2","N","2","","40 29:29.609","3","0","80 03:40.563","4","0","0","0","2404","0","0","0","N","0","0","0","3","02404","2","","1.0","1420.0","9","N","","N","0","","0","0","0","","2","N","","2","2","0","0","0","0","0","2","0","2","","07","","N","","","","","","","","","",""
"2020036048","2234","1","0","0","0","0","0","0","0","0","7","0","","02","4","2020","4","40.429051","-79.940562","2216","11","0","0","0","0","0","0","0","0","","0","0","0","","","0","N","0","","40 25:44.582","3","0","79 56:26.023","0","0","0","0","2301","0","0","0","N","0","0","0","1","68B03","0","","2.0","2300.0","9","N","N","N","0","","0","0","0","","0","N","","1","0","0","0","0","0","0","2","0","1","","","","N","","","","","","","","","",""
"2020038166","0534","1","0","0","0","0","0","0","0","0","1","0","","02","5","2020","2","40.491297","-79.951179","0530","11","0","0","0","0","0","0","0","0","","0","0","0","","","0","N","6","","40 29:28.668","","2","79 57:04.245","0","0","0","0","2430","0","0","0","N","0","0","0","2","02430","0","","1.0","","9","N","N","N","1","","0","0","0","","0","","","2","0","0","0","0","0","0","2","0","2","","","","N","","","","","","","","","",""
"2020036923","2127","0","0","0","0","0","0","0","0","0","7","0","","02","4","2020","5","40.409089","-79.895517","2126","11","0","0","0","0","0","0","0","0","","0","0","0","","","0","N","0","","40 24:32.720","","0","79 53:43.860","0","0","0","0","2448","0","0","0","N","0","0","0","1","02448","0","","5.0","","1","N","N","N","1","","0","0","0","","0","N","","1","0","0","0","0","0","0","2","0","1","","","","N","","","","","","","","","",""
"2020038206","0016","1","0","0","0","0","0","0","0","0","7","0","","02","4","2020","1","40.431459","-80.02542","0007","11","0","0","0","0","0","0","0","0","","0","0","0","","","1","N","0","","40 25:53.253","","0","80 01:31.511","3","0","0","0","2301","0","0","0","N","0","0","0","1","68B03","0","","4.0","","1","N","N","N","0","","1","0","0","","0","","","1","1","0","0","0","0","0","2","0","1","","03","","N","","","","","","","","","",""
"2020067399","1038","1","0","0","0","0","0","0","0","0","7","0","","02","8","2020","5","40.333945","-79.848523","1036","11","0","0","0","0","0","0","0","0","","0","0","0","","","1","N","1","","40 20:02.201","5","0","79 50:54.683","8","0","0","0","2304","0","0","0","N","0","0","0","1","02304","0","","5.0","1100.0","1","N","N","N","0","","0","0","0","","2","Y","","1","1","0","0","0","1","0","2","0","1","","03","","N","","","","","","","","","",""
"2020035708","1535","1","0","0","0","0","0","0","0","0","7","0","","02","4","2020","5","40.424097","-79.986364","1525","11","0","0","0","0","0","0","1","0","","0","0","0","","","0","Y","0","","40 25:26.750","1","0","79 59:10.910","0","0","0","0","2301","0","0","0","N","0","0","0","1","02301","0","","2.0","1545.0","9","N","N","N","0","","0","0","0","","0","N","","1","0","0","0","0","0","0","2","0","1","","07","","N","","","","","","","","","",""
"2020067829","1558","1","0","0","0","0","0","0","0","0","7","0","","02","8","2020","7","40.406237","-79.978382","1551","11","0","0","0","0","0","0","0","0","","0","0","0","","","0","N","3","","40 24:22.453","","0","79 58:42.175","9","0","0","0","2301","0","0","0","N","0","0","0","1","02301","0","","2.0","","1","","","N","0","","0","0","0","","3","","","1","0","0","0","0","0","1","2","0","1","","03","","N","","","","","","","","","",""
"2020035611","0057","1","0","0","0","0","0","0","0","0","7","0","","02","4","2020","5","40.627264","-80.046661","0052","11","0","0","0","0","1","0","0","0","","0","0","0","","","0","N","0","","40 37:38.151","6","0","80 02:47.981","0","0","0","0","2216","0","0","0","N","0","0","0","1","02505","0","","4.0","146.0","9","N","N","N","0","","0","0","0","","0","Y","","1","0","0","0","0","0","0","1","0","1","","","","N","","","","","","","","","",""
"2020036906","1436","1","0","0","0","0","0","0","0","0","1","0","","02","5","2020","4","40.355171","-79.83524","1436","11","0","0","0","0","0","2","0","0","","0","0","0","","","0","","2","","40 21:18.617","4","0","79 50:06.865","0","0","0","0","2304","0","0","0","N","0","0","0","3","02304","0","","1.0","1450.0","9","","","N","0","","0","0","1","","2","N","","3","0","0","0","0","0","0","2","1","3","","07","","N","","","","","","","","","",""
"2020037033","2250","1","0","0","0","0","0","0","0","0","7","0","","02","5","2020","4","40.363386","-79.843108","2250","11","0","0","0","0","0","0","0","0","","0","0","0","","","0","N","0","","40 21:48.191","1","0","79 50:35.187","0","0","0","0","2303","0","0","0","N","0","0","0","1","02303","0","","2.0","2344.0","1","N","N","N","0","","0","0","0","","0","N","","1","0","0","0","0","0","0","2","0","1","","","","N","","","","","","","","","",""
"2020041362","1655","1","0","0","0","0","0","0","0","0","4","0","","02","4","2020","3","40.500176","-80.012829","1649","11","0","0","0","0","0","0","0","0","","0","0","0","","","0","N","1","","40 30:00.633","","0","80 00:46.184","0","0","0","0","2116","0","0","0","N","0","0","0","3","02116","0","","1.0","","1","N","N","N","1","","0","0","0","","0","","","2","0","0","0","0","0","0","2","0","2","","03","","N","","","","","","","","","",""
"2020049889","0146","1","0","0","0","0","0","0","0","0","7","0","","02","5","2020","1","40.395867","-79.997795","0140","11","0","0","0","1","0","0","0","0","","0","0","0","","","1","Y","0","","40 23:45.120","","0","79 59:52.062","3","0","0","0","2301","0","0","0","N","0","0","0","1","02301","0","","5.0","","1","N","N","N","0","","1","0","0","","2","N","","1","1","0","0","0","0","0","2","0","1","","","","N","","","","","","","","","",""
"2020034509","0501","1","0","0","0","0","0","0","0","0","7","0","","02","4","2020","6","40.444648","-80.028847","0451","11","0","0","0","0","0","0","0","0","","0","0","0","","","0","N","0","","40 26:40.732","","0","80 01:43.848","0","0","0","0","2301","0","0","0","N","0","0","0","2","02301","0","","2.0","","9","N","N","N","0","","0","0","0","","0","","","1","0","0","0","0","0","0","2","0","1","","","","N","","","","","","","","","",""
"2020035817","0345","0","0","0","0","0","0","0","0","0","7","0","","02","5","2020","6","40.469008","-80.014222","0343","11","0","0","0","0","0","0","0","0","","0","0","0","","","0","N","0","","40 28:08.430","","0","80 00:51.200","0","0","0","0","2301","0","0","0","N","0","0","0","1","02301","0","","5.0","","1","N","N","N","0","","0","0","1","","0","","","1","0","0","0","0","0","0","2","0","1","","","","N","","","","","","","","","",""
"2020065443","1551","0","0","0","0","0","0","0","0","0","8","0","25","02","8","2020","6","40.555913","-79.813596","1549","11","0","0","0","0","0","0","0","0","","0","0","0","","","1","","7","","40 33:21.286","6","0","79 48:48.945","8","0","0","0","2208","1","0","0","N","1","0","0","2","02208","0","","1.0","1701.0","1","N","N","N","0","","0","0","1","","3","N","","2","1","0","0","0","1","0","2","0","1","","03","N","Y","4","1","","","N","Y","","","","N"
"2020046540","0234","0","0","0","0","0","0","0","0","0","0","0","","02","6","2020","6","40.323568","-79.787484","0233","11","0","0","0","0","0","0","0","0","","0","0","0","","","0","N","0","","40 19:24.845","","0","79 47:14.941","0","0","0","0","2477","0","0","0","N","0","0","0","1","02477","0","","5.0","","1","N","N","N","0","","0","0","1","","0","","","1","0","0","0","0","0","0","2","0","1","","03","","N","","","","","","","","","",""
"2020037044","0133","0","0","0","0","0","0","0","0","0","2","0","","02","5","2020","5","40.423997","-79.927314","0127","11","0","0","0","0","0","1","0","0","","0","0","0","","","0","N","0","","40 25:26.390","","0","79 55:38.330","0","0","0","0","2301","0","0","0","N","0","0","0","1","02301","0","","6.0","","1","N","N","N","1","","0","0","0","","0","","","2","0","0","0","0","0","0","2","1","2","","03","","N","","","","","","","","","",""
"2020036886","0529","0","0","0","0","0","0","0","0","0","7","0","","02","5","2020","1","40.393695","-79.836863","0507","11","1","0","0","0","0","0","0","0","","0","0","0","","","1","N","2","","40 23:37.302","","0","79 50:12.708","3","0","0","0","2425","0","0","0","N","0","0","0","2","68B03","0","","4.0","","1","N","N","N","0","","1","0","1","","3","","","1","1","2","0","0","0","0","2","0","1","","","","N","","","","","","","","","",""
"2020068979","1340","0","0","0","0","0","0","0","0","0","7","0","","02","8","2020","5","40.446424","-79.764523","1335","11","0","0","0","0","0","1","0","0","","0","0","0","","","0","N","0","","40 26:47.128","","0","79 45:52.283","0","0","0","0","2446","0","0","0","N","0","0","0","1","02446","0","","2.0","","1","N","N","N","0","","0","0","1","","0","","","1","0","0","0","0","0","0","2","0","1","","03","","N","","","","","","","","","",""
"2020037870","0555","2","0","0","0","0","0","0","0","0","4","0","","02","5","2020","2","40.461703","-79.892844","0552","11","0","0","0","0","0","0","0","0","","0","0","0","","","1","Y","0","","40 27:42.130","3","0","79 53:34.240","3","0","0","0","2301","0","0","0","Y","0","0","0","1","02301","0","","6.0","642.0","1","N","N","N","0","","1","0","0","","0","N","","2","1","1","0","0","0","0","2","0","2","","03","","N","","","","","","","","","",""
"2020037495","1349","2","0","0","0","0","0","0","0","0","4","0","","02","5","2020","6","40.451337","-79.94099","1345","11","0","0","0","0","0","0","2","0","","0","0","0","","","0","N","1","","40 27:04.813","","0","79 56:27.563","0","0","0","0","2301","0","0","0","N","0","0","0","2","02301","0","","1.0","","9","N","N","N","0","","0","0","0","","2","N","","2","0","0","0","0","0","0","2","0","2","","","","N","","","","","","","","","",""
"2020037588","2015","0","0","0","0","0","0","0","0","0","7","0","","02","5","2020","6","40.441158","-80.040103","2011","11","0","0","0","0","0","0","0","0","","0","0","0","","","2","N","0","","40 26:28.170","6","0","80 02:24.370","3","0","0","0","2301","0","0","0","N","0","0","0","2","02301","1","","5.0","2050.0","9","N","N","N","0","","1","0","1","","0","Y","","1","2","0","0","0","0","0","2","0","1","","","","N","","","","","","","","","",""
"2020069692","0534","1","0","0","0","0","0","0","0","0","4","0","","02","8","2020","2","40.410283","-79.875481","0514","11","0","0","0","0","0","0","0","0","","0","0","0","","","0","N","0","","40 24:37.020","","0","79 52:31.730","9","0","0","0","2456","0","0","0","N","0","0","0","2","68B03","0","","5.0","","1","N","N","N","0","","0","0","0","","0","","","2","0","0","0","0","0","1","2","0","2","","03","","N","","","","","","","","","",""
"2020067678","1707","0","0","0","0","0","0","0","0","0","1","0","","02","8","2020","3","40.365738","-80.016312","1704","11","0","0","0","0","0","0","1","0","","0","0","0","","","1","","2","","40 21:56.656","1","0","80 00:58.724","8","0","0","0","2416","0","0","0","N","0","0","0","6","02416","0","","1.0","1730.0","1","N","N","N","0","","0","0","2","","0","N","","2","1","0","0","0","1","0","2","0","2","","03","","N","","","","","","","","","",""
"2020035041","1706","1","0","0","0","0","0","0","0","0","7","0","","02","4","2020","5","40.494779","-79.909076","1637","11","0","0","0","0","0","1","0","0","","0","0","0","","","0","N","0","","40 29:41.204","2","2","79 54:32.673","0","0","0","0","2401","0","0","0","N","0","0","0","1","68D02","0","","3.0","1735.0","9","N","N","N","0","","0","0","0","","0","N","","1","0","0","0","0","0","0","2","0","1","","","","N","","","","","","","","","",""
"2020036379","1228","2","0","0","0","0","0","0","0","0","4","0","","02","5","2020","2","40.29684","-79.919496","1223","11","0","0","0","0","0","1","0","1","","0","0","0","","","1","","2","","40 17:48.623","","0","79 55:10.187","3","0","0","0","2440","0","0","0","N","0","0","0","2","02440","0","","1.0","","1","N","N","N","0","","1","0","0","","2","","","2","1","0","0","0","0","0","2","0","2","","","","N","","","","","","","","","",""
"2020035787","0411","1","0","0","0","0","0","0","0","0","7","0","","02","4","2020","5","40.420509","-80.039276","0357","11","0","0","0","0","0","0","0","0","","0","0","0","","","0","N","0","","40 25:13.831","","0","80 02:21.394","0","0","0","0","2301","0","0","0","N","0","0","0","1","68B03","0","","4.0","","9","N","N","N","0","","0","0","0","","0","","","1","0","0","0","0","0","0","2","0","1","","","","N","","","","","","","","","",""
"2020069043","1250","1","0","0","0","0","0","0","0","0","4","0","","02","8","2020","3","40.383515","-79.873199","1246","11","0","0","0","0","0","1","0","0","","0","0","0","","","0","","2","","40 23:00.653","3","0","79 52:23.516","0","0","0","0","2473","0","0","0","N","0","0","0","1","02473","0","","1.0","1330.0","1","N","N","N","0","","0","0","1","","3","Y","","2","0","0","0","0","0","0","2","0","2","","","","N","","","","","","","","","",""
"2020034760","1504","1","0","0","0","0","0","0","0","0","7","0","","02","4","2020","7","40.349889","-79.872408","1504","11","0","0","0","0","0","0","0","0","","0","0","0","","","0","N","0","","40 20:59.600","1","0","79 52:20.670","0","0","0","0","2304","0","0","0","N","0","0","0","2","02304","0","","4.0","1539.0","1","N","N","N","0","","0","0","0","","0","N","","1","0","0","0","0","0","0","2","0","1","","","","N","","","","","","","","","",""
"2020067307","2109","0","0","0","0","0","0","1","0","0","4","1","","02","8","2020","5","40.371781","-79.843746","2100","11","0","0","0","0","0","0","0","0","","0","0","0","","","1","","2","","40 22:18.411","7","0","79 50:37.486","3","0","0","1","2303","0","0","0","N","0","0","0","3","02503","0","","1.0","2132.0","1","N","N","N","0","","1","0","0","","2","Y","","2","1","0","0","0","0","0","2","0","2","","03","","N","","","","","","","","","",""
"2020036575","1423","3","0","0","0","0","0","0","0","0","5","0","","02","5","2020","2","40.422164","-79.884056","1421","11","0","0","0","0","0","0","0","0","","0","0","0","","","0","N","0","","40 25:19.790","","0","79 53:02.600","0","0","0","0","2463","0","0","0","N","0","0","0","3","02463","0","","1.0","","1","N","N","Y","0","","0","0","0","","0","","","3","0","0","0","0","0","0","2","0","3","","03","","N","","","","","","","","","",""
"2020035924","1550","0","0","0","0","0","0","0","0","0","7","0","","02","5","2020","6","40.479431","-79.822508","1542","11","0","0","0","0","0","0","0","0","","0","0","0","","","0","N","2","","40 28:45.953","","0","79 49:21.029","0","0","0","0","2113","0","0","0","N","0","0","0","1","02113","0","","2.0","","1","N","N","Y","0","","0","0","1","","0","","","1","0","0","0","0","0","0","2","0","1","","03","","N","","","","","","","","","",""
"2020035053","1025","1","0","0","0","0","0","0","0","0","7","0","","02","4","2020","1","40.656064","-80.078457","1004","11","0","0","0","0","1","0","0","0","","0","0","0","","","0","N","0","","40 39:21.829","","0","80 04:42.445","0","0","0","0","2212","0","0","0","N","0","0","0","2","68T02","0","","2.0","","9","N","N","N","0","","0","0","0","","0","","","1","0","0","0","0","0","0","2","0","1","","","","N","","","","","","","","","",""
"2020070012","1347","1","0","0","0","0","0","0","0","0","0","0","","02","8","2020","1","40.443156","-79.783345","1323","11","0","0","0","0","0","1","0","0","","0","0","0","","","0","N","0","","40 26:35.363","","0","79 47:00.042","0","0","0","0","2446","0","0","0","N","0","0","0","2","68B03","0","","1.0","","1","N","N","N","0","","0","0","1","","0","","","2","0","0","0","0","0","0","2","0","2","","","","N","","","","","","","","","",""
"2020034736","1510","2","0","0","0","0","0","0","0","0","4","0","","02","4","2020","7","40.469401","-79.925975","1500","11","0","0","0","0","0","0","0","0","","0","0","0","","","0","","1","","40 28:09.843","","0","79 55:33.510","0","0","0","0","2301","0","0","0","N","0","0","0","3","02301","0","","1.0","","1","N","N","N","0","","0","0","0","","3","N","","2","0","0","0","0","0","0","2","0","2","","03","","N","","","","","","","","","",""
"2020034329","1352","0","0","0","0","0","0","0","0","0","1","0","","02","4","2020","4","40.486628","-79.913235","1352","11","0","0","0","0","0","0","0","0","","0","0","0","","","1","Y","0","","40 29:11.862","","3","79 54:47.646","3","0","0","0","2301","0","0","0","N","0","0","0","2","02301","0","","1.0","","1","N","N","N","0","","1","0","2","","0","","","2","1","0","0","0","0","0","2","0","2","","","","N","","","","","","","","","",""
"2020073985","1052","0","0","0","0","0","0","0","0","0","5","0","","02","9","2020","4","40.422705","-80.002806","1026","11","0","0","0","0","0","0","0","0","","0","0","0","","","0","N","0","","40 25:21.737","","0","80 00:10.100","9","0","0","0","2301","0","0","0","N","0","0","0","1","02301","0","","1.0","","1","N","N","N","0","","0","0","1","","0","","","2","0","0","0","0","0","1","2","0","2","","","","N","","","","","","","","","",""
"2020069425","0553","0","0","0","0","0","0","0","0","0","4","0","","02","8","2020","4","40.393166","-79.805113","0550","11","0","0","0","0","0","1","0","0","","0","0","0","","","0","","2","","40 23:35.397","7","8","79 48:18.405","0","0","0","0","2479","0","0","0","N","0","0","0","2","02501","0","","1.0","628.0","1","N","N","N","1","","0","0","1","","2","N","","2","0","0","0","0","0","0","2","0","2","","04","","N","","","","","","","","","",""