"CRN","ARRIVAL_TM","AUTOMOBILE_COUNT","BELTED_DEATH_COUNT","BELTED_SUSP_SERIOUS_INJ_COUNT","BICYCLE_COUNT","BICYCLE_DEATH_COUNT","BICYCLE_SUSP_SERIOUS_INJ_COUNT","BUS_COUNT","CHLDPAS_DEATH_COUNT","CHLDPAS_SUSP_SERIOUS_INJ_COUNT","COLLISION_TYPE","COMM_VEH_COUNT","CONS_ZONE_SPD_LIM","COUNTY","CRASH_MONTH","CRASH_YEAR","DAY_OF_WEEK","DEC_LATITUDE","DEC_LONGITUDE","DISPATCH_TM","DISTRICT","DRIVER_COUNT_16YR","DRIVER_COUNT_17YR","DRIVER_COUNT_18YR","DRIVER_COUNT_19YR","DRIVER_COUNT_20YR","DRIVER_COUNT_50_64YR","DRIVER_COUNT_65_74YR","DRIVER_COUNT_75PLUS","EST_HRS_CLOSED","FATAL_COUNT","HEAVY_TRUCK_COUNT","HORSE_BUGGY_COUNT","HOUR_OF_DAY","ILLUMINATION","INJURY_COUNT","INTERSECTION_RELATED","INTERSECT_TYPE","LANE_CLOSED","LATITUDE","LN_CLOSE_DIR","LOCATION_TYPE","LONGITUDE","MAX_SEVERITY_LEVEL","MCYCLE_DEATH_COUNT","MCYCLE_SUSP_SERIOUS_INJ_COUNT","MOTORCYCLE_COUNT","MUNICIPALITY","NONMOTR_COUNT","NONMOTR_DEATH_COUNT","NONMOTR_SUSP_SERIOUS_INJ_COUNT","NTFY_HIWY_MAINT","PED_COUNT","PED_DEATH_COUNT","PED_SUSP_SERIOUS_INJ_COUNT","PERSON_COUNT","POLICE_AGCY","POSSIBLE_INJ_COUNT","RDWY_SURF_TYPE_CD","RELATION_TO_ROAD","ROADWAY_CLEARED","ROAD_CONDITION","SCH_BUS_IND","SCH_ZONE_IND","SECONDARY_CRASH","SMALL_TRUCK_COUNT","SPEC_JURIS_CD","SUSP_MINOR_INJ_COUNT","SUSP_SERIOUS_INJ_COUNT","SUV_COUNT","TCD_FUNC_CD","TCD_TYPE","TFC_DETOUR_IND","TIME_OF_DAY","TOTAL_UNITS","TOT_INJ_COUNT","UNBELTED_OCC_COUNT","UNB_DEATH_COUNT","UNB_SUSP_SERIOUS_INJ_COUNT","UNK_INJ_DEG_COUNT","UNK_INJ_PER_COUNT","URBAN_RURAL","VAN_COUNT","VEHICLE_COUNT","WEATHER1","WEATHER2","WORKERS_PRES","WORK_ZONE_IND","WORK_ZONE_LOC","WORK_ZONE_TYPE","WZ_CLOSE_DETOUR","WZ_FLAGGER","WZ_LAW_OFFCR_IND","WZ_LN_CLOSURE","WZ_MOVING","WZ_OTHER","WZ_SHLDER_MDN","WZ_WORKERS_INJ_KILLED"
"2020038853","1510","2","0","0","0","0","0","0","0","0","7","0","","02","5","2020","3","40.511853","-80.050188","1452","11","0","0","0","0","0","0","1","0","","0","0","0","","","0","N","0","","40 30:42.672","","0","80 03:00.676","0","0","0","0","2116","0","0","0","N","0","0","0","3","68B03","0","","2.0","","1","N","N","N","0","","0","0","0","","0","","","2","0","0","0","0","0","0","2","0","2","","03","","N","","","","","","","","","",""
"2020036009","1246","1","0","0","0","0","0","0","0","0","1","0","","02","4","2020","5","40.4221","-79.858431","1242","11","0","0","0","0","0","0","0","0","","0","0","0","","","0","N","0","","40 25:19.560","5","0","79 51:30.350","0","0","0","0","2431","0","0","0","N","0","0","0","1","02431","0","","2.0","1330.0","1","N","N","N","1","","0","0","1","","0","Y","","3","0","0","0","0","0","0","2","0","3","","03","","N","","","","","","","","","",""
"2020067738","1615","2","0","0","0","0","0","0","0","0","1","0","","02","8","2020","5","40.440498","-80.092793","1610","11","0","0","0","1","0","1","0","0","","0","0","0","","","0","N","0","","40 26:25.794","","0","80 05:34.054","0","0","0","0","2115","0","0","0","N","0","0","0","2","02115","0","","1.0","","1","N","N","N","0","","0","0","0","","0","","","2","0","0","0","0","0","0","2","0","2","","03","","N","","","","","","","","","",""
"2020069597","1014","0","0","0","0","0","0","0","0","0","0","1","","02","8","2020","2","40.403071","-80.247224","1007","11","0","0","0","0","0","0","0","0","","0","1","0","","","0","N","0","","40 24:11.054","5","0","80 14:50.007","0","0","0","0","2214","0","0","0","N","0","0","0","2","02214","0","","4.0","1435.0","1","N","N","N","0","","0","0","0","","0","Y","","1","0","0","0","0","0","0","1","0","1","","","","N","","","","","","","","","",""
"2020037824","1910","0","0","0","0","0","0","0","0","0","0","0","","02","5","2020","2","40.542007","-80.121988","1857","11","0","0","0","0","0","0","0","0","","0","0","0","","","1","N","0","","40 32:31.224","","0","80 07:19.156","2","0","1","1","2460","0","0","0","N","0","0","0","1","68B03","0","","1.0","","1","N","N","N","0","","0","1","0","","0","","","1","1","0","0","0","0","0","1","0","1","","03","","N","","","","","","","","","",""
"2020069724","1940","0","0","0","0","0","0","0","0","0","0","0","","02","8","2020","5","40.372594","-80.226092","1926","11","0","0","0","0","0","0","0","0","","0","0","0","","","0","","2","","40 22:21.337","4","0","80 13:33.931","0","0","0","0","2214","0","0","0","N","0","0","0","1","02214","0","","5.0","2029.0","9","N","N","N","1","","0","0","0","","0","Y","","1","0","0","0","0","0","0","2","0","1","","","","N","","","","","","","","","",""
"2020038439","0650","0","0","0","0","0","0","0","0","0","7","0","","02","5","2020","1","40.369699","-80.189506","0646","11","0","0","0","0","0","0","0","0","","0","0","0","","","2","N","0","","40 22:10.917","5","0","80 11:22.221","8","0","0","0","2119","0","0","0","N","0","0","0","2","02119","0","","5.0","830.0","1","N","N","N","0","","0","0","1","","0","N","","1","2","1","0","0","2","0","1","0","1","","03","","N","","","","","","","","","",""
"2020037382","1846","1","0","0","0","0","0","0","0","0","4","0","","02","4","2020","3","40.368309","-79.816774","1842","11","0","0","0","0","0","1","0","0","","0","0","0","","","0","N","2","","40 22:05.912","5","0","79 49:00.387","0","0","0","0","2111","0","0","0","N","0","0","0","3","02111","0","","1.0","1946.0","1","N","N","N","0","","0","0","1","","3","Y","","2","0","0","0","0","0","0","2","0","2","","03","","N","","","","","","","","","",""
"2020036381","1505","2","0","0","0","0","0","0","0","0","4","0","","02","5","2020","2","40.365554","-79.908874","1452","11","0","0","0","0","0","1","0","0","","0","0","0","","","1","N","1","","40 21:55.996","","0","79 54:31.948","8","0","0","0","2301","0","0","0","N","0","0","0","2","02301","0","","1.0","","1","N","N","N","0","","0","0","0","","0","N","","2","1","0","0","0","1","0","2","0","2","","","","N","","","","","","","","","",""
"2020035178","1650","1","0","0","0","0","0","0","0","0","7","0","","02","4","2020","1","40.421252","-80.095313","1619","11","0","0","0","0","0","0","0","0","","0","0","0","","","0","N","0","","40 25:16.506","","0","80 05:43.128","0","0","0","0","2115","0","0","0","Y","0","0","0","1","68B03","0","","4.0","","9","N","N","N","0","","0","0","0","","0","","","1","0","1","0","0","0","0","2","0","1","","","","N","","","","","","","","","",""
"2020034521","1454","0","0","0","0","0","0","0","0","0","1","0","","02","4","2020","5","40.494534","-79.926547","1453","11","0","0","0","0","0","1","1","0","","0","0","0","","","1","N","2","","40 29:40.321","","0","79 55:35.569","3","0","0","0","2461","0","0","0","N","0","0","0","2","02461","0","","1.0","","1","N","N","N","1","","1","0","1","","0","","","2","1","0","0","0","0","0","2","0","2","","03","","N","","","","","","","","","",""
"2020051058","2240","1","0","0","0","0","0","0","0","0","7","0","","02","5","2020","1","40.603821","-80.093795","2218","11","0","0","0","0","0","0","0","0","","0","0","0","","","0","N","0","","40 36:13.754","1","0","80 05:37.662","0","0","0","0","2481","0","0","0","Y","0","0","0","1","68B03","0","","4.0","2300.0","1","N","N","N","0","","0","0","0","","0","N","","1","0","0","0","0","0","0","2","0","1","","05","","N","","","","","","","","","",""
"2020065311","1145","1","0","0","0","0","0","0","0","0","6","0","","02","7","2020","7","40.539028","-80.024016","1141","11","0","0","0","0","0","1","0","1","","0","0","0","","","0","N","0","","40 32:20.500","","6","80 01:26.458","0","0","0","0","2116","0","0","0","N","0","0","0","2","02116","0","","1.0","","1","N","N","N","1","","0","0","0","","0","","","2","0","0","0","0","0","0","2","0","2","","03","","N","","","","","","","","","",""
"2020070020","2031","1","0","0","0","0","0","0","0","0","4","0","","02","8","2020","2","40.421319","-80.095199","2021","11","0","0","0","0","1","1","0","0","","0","0","0","","","0","N","0","","40 25:16.750","3","0","80 05:42.717","0","0","0","0","2115","0","0","0","N","0","0","0","2","68B03","0","","1.0","2115.0","1","N","N","N","0","","0","0","0","","0","N","","2","0","0","0","0","0","0","2","1","2","","03","","N","","","","","","","","","",""
"2020035999","0742","2","0","0","0","0","0","0","0","0","4","0","","02","5","2020","6","40.388954","-80.042288","0740","11","0","0","0","0","1","1","0","0","","0","0","0","","","0","N","2","","40 23:20.233","1","0","80 02:32.236","0","0","0","0","2109","0","0","0","N","0","0","0","2","02109","0","","1.0","800.0","1","N","N","N","0","","0","0","0","","2","N","","2","0","0","0","0","0","0","2","0","2","","03","","N","","","","","","","","","",""
"2020068277","1645","1","0","0","0","0","0","0","0","0","4","0","","02","8","2020","1","40.423111","-79.970209","1639","11","0","0","0","0","0","0","0","0","","0","0","0","","","1","","2","","40 25:23.199","","0","79 58:12.754","3","0","0","0","2301","0","0","0","N","0","0","0","4","02301","0","","1.0","","1","N","N","N","0","","1","0","1","","9","N","","2","1","0","0","0","0","0","2","0","2","","03","","N","","","","","","","","","",""
"2020045089","1955","1","0","0","0","0","0","0","0","0","4","0","","02","6","2020","3","40.445703","-79.976511","1947","11","0","0","0","1","0","0","0","0","","0","0","0","","","0","N","0","","40 26:44.530","2","7","79 58:35.440","0","0","0","0","2301","0","0","0","N","0","0","0","3","02301","0","","1.0","2018.0","1","N","N","N","0","","0","0","1","","0","N","","2","0","0","0","0","0","0","2","0","2","","","","N","","","","","","","","","",""
"2020036904","1430","1","0","0","0","0","0","0","0","0","7","0","","02","5","2020","4","40.494617","-79.909229","1430","11","0","0","0","0","0","0","0","0","","0","0","0","","","0","N","6","","40 29:40.622","2","8","79 54:33.225","0","0","0","0","2401","0","0","0","N","0","0","0","2","02301","0","","3.0","1445.0","9","N","N","N","0","","0","0","0","","0","N","","1","0","0","0","0","0","0","2","0","1","","07","","N","","","","","","","","","",""
"2020045687","2044","1","0","0","0","0","0","0","0","0","7","0","","02","6","2020","5","40.458512","-79.902301","2037","11","0","0","0","0","0","0","0","0","","0","0","0","","","0","N","0","","40 27:30.643","","0","79 54:08.283","0","0","0","0","2301","0","0","0","Y","0","0","0","2","02301","0","","5.0","","1","N","N","N","0","","0","0","0","","0","","","1","0","0","0","0","0","0","2","0","1","","03","","N","","","","","","","","","",""
"2020037827","0851","1","0","0","0","0","0","0","0","0","7","0","","02","5","2020","4","40.427695","-79.890433","0843","11","0","0","0","0","0","0","0","0","","0","0","0","","","1","N","0","","40 25:39.703","","0","79 53:25.557","4","0","0","0","2463","0","0","0","Y","0","0","0","1","68B03","1","","2.0","","9","N","N","N","0","","0","0","0","","0","","","1","1","0","0","0","0","0","2","0","1","","","","N","","","","","","","","","",""
"2020037269","0418","0","0","0","0","0","0","0","0","0","7","0","","02","5","2020","1","40.425284","-79.945229","0413","11","0","0","0","0","0","0","0","0","","0","0","0","","","0","N","0","","40 25:31.024","2","0","79 56:42.825","9","0","0","0","2301","0","0","0","N","0","0","0","1","02301","0","","4.0","443.0","1","N","N","N","0","","0","0","1","","0","N","","1","0","0","0","0","0","1","2","0","1","","","","N","","","","","","","","","",""
"2020035523","1531","2","0","0","0","0","0","0","0","0","4","0","","02","4","2020","4","40.459214","-79.927463","1522","11","0","0","0","0","0","0","0","1","","0","0","0","","","0","N","2","","40 27:33.170","2","7","79 55:38.866","0","0","0","0","2301","0","0","0","N","0","0","0","2","02301","0","","1.0","1600.0","1","N","N","N","0","","0","0","0","","2","N","","2","0","0","0","0","0","0","2","0","2","","","","N","","","","","","","","","",""
"2020068436","1706","0","0","0","0","0","0","0","0","0","0","0","","02","8","2020","2","40.45266","-79.844559","1701","11","0","0","0","0","0","0","0","0","","0","0","0","","","0","N","0","","40 27:09.576","2","0","79 50:40.414","0","0","0","0","2113","0","0","0","N","0","0","0","1","02113","0","","1.0","1756.0","1","N","N","N","0","","0","0","1","","0","N","","1","0","0","0","0","0","0","2","0","1","","","","N","","","","","","","","","",""
"2020035328","1650","0","0","0","0","0","0","0","0","0","0","0","","02","4","2020","2","40.428412","-79.974634","1648","11","0","0","0","0","0","0","0","0","","0","0","0","","","0","","1","","40 25:42.283","","0","79 58:28.684","0","0","0","1","2301","0","0","0","N","0","0","0","1","02301","0","","1.0","","1","N","N","N","0","","0","0","0","","2","N","","1","0","0","0","0","0","0","2","0","1","","03","","N","","","","","","","","","",""
"2020038085","1156","1","0","0","0","0","0","0","0","0","4","0","","02","4","2020","4","40.372942","-80.099273","1150","11","0","0","0","0","0","1","0","0","","0","0","0","","","1","N","2","","40 22:22.592","4","2","80 05:57.384","8","0","0","0","2102","0","0","0","N","0","0","0","2","02102","0","","1.0","1250.0","1","N","N","N","1","","0","0","0","","2","N","","2","1","0","0","0","1","0","2","0","2","","03","","N","","","","","","","","","",""
"2020035346","1530","1","0","0","0","0","0","0","0","0","7","0","","02","4","2020","3","40.444414","-79.843633","1530","11","0","0","0","0","0","0","0","1","","0","0","0","","","0","N","0","","40 26:39.890","6","0","79 50:37.080","0","0","0","0","2419","0","0","0","N","0","0","0","1","02419","0","","5.0","1610.0","1","N","N","N","0","","0","0","0","","0","Y","","1","0","0","0","0","0","0","2","0","1","","","","N","","","","","","","","","",""
"2020034672","1931","0","0","0","0","0","0","0","0","0","7","0","","02","4","2020","5","40.490021","-79.952226","1926","11","0","0","1","0","0","0","0","0","","0","0","0","","","0","N","7","","40 29:24.074","1","6","79 57:08.014","0","0","0","0","2430","0","0","0","N","0","0","0","1","02430","0","","4.0","1948.0","1","N","N","N","0","","0","0","1","","0","Y","","1","0","0","0","0","0","0","2","0","1","","03","","N","","","","","","","","","",""
"2020040621","2130","1","0","0","0","0","0","0","0","0","7","0","","02","5","2020","3","40.429352","-79.887183","2100","11","0","0","0","0","0","0","0","0","","0","0","0","","","1","N","0","","40 25:45.667","","0","79 53:13.859","8","0","0","0","2426","0","0","0","Y","0","0","0","1","68B03","0","","4.0","","1","N","N","N","0","","0","0","0","","0","","","1","1","1","0","0","1","0","2","0","1","","03","","N","","","","","","","","","",""
"2020035790","1940","0","0","0","0","0","0","0","0","0","7","0","","02","4","2020","4","40.359147","-79.873604","1937","11","0","0","0","0","0","1","0","0","","0","0","0","","","0","","2","","40 21:32.929","","0","79 52:24.975","0","0","0","0","2473","0","0","0","N","0","0","0","1","02473","0","","4.0","","9","N","N","N","1","","0","0","0","","3","","","1","0","0","0","0","0","0","2","0","1","","07","","N","","","","","","","","","",""
"2020039569","1602","0","0","0","0","0","0","0","0","0","4","0","","02","5","2020","3","40.512188","-79.949455","1600","11","0","0","0","0","0","2","0","0","","0","0","0","","","1","Y","0","","40 30:43.878","2","0","79 56:58.038","4","0","0","0","2118","0","0","0","N","0","0","0","2","02118","1","","1.0","1625.0","1","N","N","N","1","","0","0","1","","2","N","","2","1","0","0","0","0","0","2","0","2","","03","","N","","","","","","","","","",""
"2020068367","1855","1","0","0","0","0","0","0","0","0","4","0","","02","8","2020","4","40.458851","-80.172126","1853","11","0","0","0","0","0","0","1","0","","0","0","0","","","0","","1","","40 27:31.865","2","0","80 10:19.655","9","0","0","0","2213","0","0","0","N","0","0","0","4","02213","0","","1.0","1940.0","1","N","N","N","1","","0","0","0","","2","N","","2","0","0","0","0","0","1","2","0","2","","","","N","","","","","","","","","",""
"2020070021","1615","1","0","0","0","0","0","0","0","0","5","0","","02","8","2020","3","40.445946","-80.009728","1525","11","0","0","0","1","0","0","0","0","","0","0","0","","","0","N","0","","40 26:45.407","1","0","80 00:35.019","0","0","0","0","2301","0","0","0","N","0","0","0","2","68B03","0","","1.0","1437.0","1","N","N","N","0","","0","0","1","","0","N","","2","0","0","0","0","0","0","2","0","2","","03","","N","","","","","","","","","",""
"2020044833","2207","2","0","0","0","0","0","0","0","0","1","0","","02","4","2020","1","40.429634","-79.885766","2152","11","0","0","0","0","0","0","0","0","","0","0","0","","","0","N","0","","40 25:46.682","4","0","79 53:08.759","0","0","0","0","2426","0","0","0","N","0","0","0","4","68B03","0","","1.0","2220.0","1","N","N","Y","0","","0","0","1","","0","N","","3","0","0","0","0","0","0","2","0","3","","03","","N","","","","","","","","","",""
"2020041586","1737","1","0","0","0","0","0","0","0","0","7","0","","02","5","2020","1","40.492943","-79.899015","1712","11","0","0","0","0","0","0","0","0","","0","0","0","","","0","N","0","","40 29:34.596","1","0","79 53:56.455","0","0","0","0","2401","0","0","0","N","0","0","0","1","68D02","0","","3.0","1955.0","1","N","N","N","0","","0","0","0","","0","Y","","1","0","0","0","0","0","0","2","0","1","","03","","N","","","","","","","","","",""
"2020068214","0710","1","0","0","0","0","0","0","0","0","7","0","","02","8","2020","6","40.399896","-79.878668","0704","11","0","0","0","0","0","0","0","0","","0","0","0","","","0","N","0","","40 23:59.625","2","0","79 52:43.205","0","0","0","0","2473","0","0","0","N","0","0","0","1","02473","0","","5.0","730.0","1","N","N","Y","0","","0","0","0","","0","N","","1","0","0","0","0","0","0","2","0","1","","03","","N","","","","","","","","","",""
"2020044832","2207","0","0","0","0","0","0","0","0","0","7","0","","02","4","2020","1","40.429304","-79.887395","2152","11","0","0","0","0","0","0","0","0","","0","0","0","","","0","Y","0","","40 25:45.495","4","0","79 53:14.623","0","0","0","0","2426","0","0","0","Y","0","0","0","1","68B03","0","","2.0","2230.0","1","N","N","N","0","","0","0","1","","0","N","","1","0","0","0","0","0","0","2","0","1","","03","","N","","","","","","","","","",""
"2020039551","1157","2","0","0","0","0","0","0","0","0","7","0","","02","5","2020","2","40.43474","-79.998123","1155","11","0","0","0","0","0","0","1","0","","0","0","0","","","6","N","0","","40 26:05.064","3","0","79 59:53.244","3","0","0","0","2301","0","0","0","Y","0","0","0","6","68B03","0","","5.0","1215.0","1","N","N","N","0","","3","0","0","","0","N","","2","6","0","0","0","3","0","2","0","2","","03","","N","","","","","","","","","",""
"2020069075","1614","2","0","0","0","0","0","0","0","0","1","0","","02","8","2020","1","40.429678","-79.885545","1557","11","1","0","0","0","0","0","0","0","","0","0","0","","","0","N","0","","40 25:46.839","4","0","79 53:07.963","9","0","0","0","2426","0","0","0","N","0","0","0","4","68B03","0","","1.0","1650.0","1","N","N","N","0","","0","0","1","","0","N","","4","0","0","0","0","0","1","2","0","4","","03","","N","","","","","","","","","",""
"2020035319","1029","0","0","0","0","0","0","0","0","0","7","0","","02","4","2020","1","40.587795","-79.777111","1014","11","0","0","0","0","0","0","0","0","","0","0","0","","","0","N","0","","40 35:16.063","","3","79 46:37.599","0","0","0","0","2104","0","0","0","N","0","0","0","3","68D02","0","","2.0","","9","N","N","N","0","","0","0","1","","0","","","1","0","1","0","0","0","0","2","0","1","","","","N","","","","","","","","","",""
"2020036515","2302","1","0","0","0","0","0","0","0","0","4","0","","02","5","2020","1","40.461662","-79.922107","2229","11","0","0","0","0","0","1","0","0","","0","0","0","","","0","N","1","","40 27:41.983","2","0","79 55:19.585","0","0","0","0","2301","0","0","0","N","0","0","0","2","02301","0","","1.0","2330.0","1","N","N","N","0","","0","0","1","","2","N","","2","0","0","0","0","0","0","2","0","2","","","","N","","","","","","","","","",""
"2020036580","1208","2","0","0","0","0","0","0","0","0","4","0","","02","5","2020","3","40.331261","-79.945583","1206","11","0","0","0","0","0","2","0","0","","0","0","0","","","0","N","0","","40 19:52.539","1","7","79 56:44.098","0","0","0","0","2454","0","0","0","N","0","0","0","3","02454","0","","1.0","1247.0","1","N","N","N","0","","0","0","0","","2","Y","","2","0","1","0","0","0","0","2","0","2","","","","N","","","","","","","","","",""
"2020072523","0545","1","0","0","0","0","0","0","0","0","7","0","","02","8","2020","7","40.398164","-80.127097","0540","11","0","0","0","0","0","0","0","0","","0","0","0","","","0","N","0","","40 23:53.389","3","0","80 07:37.549","0","0","0","0","2102","0","0","0","Y","0","0","0","1","02102","0","","2.0","620.0","9","N","N","N","0","","0","0","0","","0","N","","1","0","0","0","0","0","0","2","0","1","","","","N","","","","","","","","","",""
"2020038195","1016","0","0","0","0","0","0","0","0","0","7","0","","02","4","2020","6","40.531932","-80.272464","1003","11","0","0","0","0","0","0","0","0","","0","0","0","","","1","N","0","","40 31:54.955","","0","80 16:20.872","4","0","0","0","2203","0","0","0","N","0","0","0","1","68B03","1","","2.0","","1","N","N","N","0","","0","0","1","","0","","","1","1","0","0","0","0","0","2","0","1","","","","N","","","","","","","","","",""
"2020036766","1132","0","0","0","0","0","0","0","0","0","7","0","","02","5","2020","2","40.502222","-80.136273","1132","11","0","0","0","0","0","1","0","0","","0","0","0","","","0","N","0","","40 30:07.999","","0","80 08:10.582","0","0","0","0","2115","0","0","0","N","0","0","0","1","68B03","0","","2.0","","1","N","N","N","0","","0","0","1","","0","","","1","0","0","0","0","0","0","2","0","1","","03","","N","","","","","","","","","",""
"2020068911","1646","0","0","0","0","0","0","0","0","0","1","0","","02","8","2020","2","40.425843","-79.901734","1638","11","0","1","0","0","0","0","0","0","","0","0","0","","","0","N","0","","40 25:33.033","","0","79 54:06.242","0","0","0","0","2301","0","0","0","N","0","0","0","3","68B03","0","","1.0","","1","N","N","N","0","","0","0","2","","0","","","2","0","0","0","0","0","0","2","0","2","","03","","N","","","","","","","","","",""
"2020034984","0720","1","0","0","0","0","0","0","0","0","7","0","","02","4","2020","2","40.455278","-80.051011","0715","11","0","0","0","0","0","0","0","0","","0","0","0","","","1","N","0","","40 27:19.000","","0","80 03:03.640","3","0","0","0","2301","0","0","0","N","0","0","0","1","02301","0","","5.0","","9","N","N","N","0","","1","0","0","","0","","","1","1","1","0","0","0","0","2","0","1","","03","","N","","","","","","","","","",""
"2020035058","1325","1","0","0","0","0","0","0","0","0","0","0","","02","4","2020","2","40.458092","-79.962936","1315","11","0","0","0","0","0","0","0","0","","0","0","0","","","0","N","0","","40 27:29.130","","0","79 57:46.570","0","0","0","0","2301","0","0","0","N","0","0","0","1","02301","0","","1.0","","1","N","N","N","0","","0","0","0","","0","","","1","0","1","0","0","0","0","2","0","1","","","","N","","","","","","","","","",""
"2020037377","1520","0","0","0","0","0","0","0","0","0","1","0","","02","5","2020","6","40.458661","-79.919206","1503","11","0","0","0","0","0","0","0","0","","0","0","0","","","0","N","0","","40 27:31.178","","0","79 55:09.141","0","0","0","0","2301","0","0","0","N","0","0","0","2","02301","0","","1.0","","9","","","N","0","","0","0","2","","0","","","2","0","0","0","0","0","0","2","0","2","","04","","N","","","","","","","","","",""
"2020070026","1732","0","0","0","0","0","0","0","0","0","1","0","","02","8","2020","4","40.519425","-80.137094","1718","11","0","0","0","0","0","0","0","0","","0","0","0","","","0","N","0","","40 31:09.929","","0","80 08:13.537","0","0","0","0","2434","0","0","0","N","0","0","0","4","68B03","0","","1.0","","1","N","N","N","0","","0","0","2","","0","","","3","0","0","0","0","0","0","1","0","2","","03","","N","","","","","","","","","",""
"2020035791","1849","1","0","0","0","0","0","0","0","0","7","0","","02","4","2020","5","40.42871","-80.00481","1849","11","0","0","0","0","0","0","0","0","","0","0","0","","","0","N","0","","40 25:43.356","2","0","80 00:17.316","0","0","0","0","2301","0","0","0","N","0","0","0","1","02301","0","","5.0","1910.0","1","N","N","N","0","","0","0","0","","0","N","","1","0","1","0","0","0","0","2","0","1","","03","","N","","","","","","","","","",""
"2020067766","1812","0","0","0","0","0","0","0","0","0","7","0","","02","8","2020","7","40.591963","-80.096941","1744","11","0","0","0","0","0","0","0","0","","0","0","0","","","0","N","0","","40 35:31.066","","0","80 05:48.988","0","0","0","0","2481","0","0","0","Y","0","0","0","1","68B03","0","","4.0","","9","N","N","N","0","","0","0","1","","0","","","1","0","0","0","0","0","0","2","0","1","","07","","N","","","","","","","","","",""
"2020034517","0835","1","0","0","0","0","0","0","0","0","7","0","","02","4","2020","6","40.436197","-79.99474","0825","11","0","0","0","0","0","0","0","0","","0","0","0","","","0","N","0","","40 26:10.310","","2","79 59:41.063","0","0","0","0","2301","0","0","0","N","0","0","0","1","02301","0","","2.0","","8","N","N","N","0","","0","0","0","","0","","","1","0","0","0","0","0","0","2","0","1","","07","","N","","","","","","","","","",""
"2020073099","1206","0","0","0","0","0","0","0","0","0","4","1","","02","9","2020","6","40.529997","-79.787068","1205","11","0","0","0","0","0","0","1","0","","0","1","0","","","0","N","0","","40 31:47.990","4","7","79 47:13.444","0","0","0","0","2466","0","0","0","N","0","0","0","2","02466","0","","1.0","1314.0","1","N","N","N","0","","0","0","1","","0","N","","2","0","0","0","0","0","0","1","0","2","","","","N","","","","","","","","","",""
"2020037084","1242","1","0","0","0","0","0","0","0","0","7","0","","02","5","2020","1","40.369338","-79.910621","1234","11","0","0","0","0","0","0","0","0","","0","0","0","","","0","N","2","","40 22:09.618","5","0","79 54:38.235","9","0","0","0","2301","0","0","0","N","0","0","0","1","02301","0","","4.0","1700.0","1","N","N","N","0","","0","0","0","","0","Y","","1","0","0","0","0","0","1","2","0","1","","03","","N","","","","","","","","","",""
"2020036090","1758","2","0","0","0","0","0","0","0","0","4","0","","02","5","2020","7","40.448628","-80.002278","1753","11","0","0","0","0","0","1","0","0","","0","0","0","","","0","N","1","","40 26:55.061","","0","80 00:08.202","0","0","0","0","2301","0","0","0","N","0","0","0","2","02301","0","","1.0","","1","N","N","N","0","","0","0","0","","2","","","2","0","0","0","0","0","0","2","0","2","","03","","N","","","","","","","","","",""
"2020035260","1929","0","0","0","0","0","0","0","0","0","0","0","","02","4","2020","6","40.569051","-79.961961","1924","11","0","0","0","0","0","0","0","0","","0","0","0","","","1","N","0","","40 34:08.585","7","0","79 57:43.060","2","0","1","1","2207","0","0","0","N","0","0","0","1","02207","0","","1.0","2127.0","1","N","N","N","0","","0","1","0","","3","Y","","1","1","0","0","0","0","0","2","0","1","","","","N","","","","","","","","","",""
"2020034829","1153","1","0","0","0","0","0","0","0","0","98","0","","02","4","2020","1","40.360711","-79.845276","1149","11","0","0","0","0","0","0","0","0","","0","0","0","","","0","N","0","","40 21:38.561","3","3","79 50:42.993","0","0","0","0","2303","0","0","0","N","0","0","0","1","02303","0","","2.0","1221.0","9","N","N","N","0","","0","0","0","","0","N","","1","0","0","0","0","0","0","2","0","1","","","","N","","","","","","","","","",""
"2020041003","1203","2","0","0","0","0","0","0","0","0","1","0","","02","4","2020","6","40.502058","-80.101761","1201","11","0","0","0","0","0","0","0","0","","0","0","0","","","0","Y","0","","40 30:07.410","4","0","80 06:06.340","0","0","0","0","2110","0","0","0","N","0","0","0","2","02215","0","","1.0","1228.0","1","N","N","N","0","","0","0","0","","2","N","","2","0","0","0","0","0","0","2","0","2","","","","N","","","","","","","","","",""
"2020048934","1611","2","0","0","0","0","0","0","0","0","4","0","","02","6","2020","4","40.392016","-79.885092","1602","11","0","0","0","0","0","0","0","0","","0","0","0","","","0","N","3","","40 23:31.257","","0","79 53:06.331","9","0","0","0","2473","0","0","0","N","0","0","0","2","02473","0","","1.0","","1","N","N","N","0","","0","0","0","","0","","","2","0","0","0","0","0","1","2","0","2","","03","","N","","","","","","","","","",""
"2020036134","1132","0","0","0","0","0","0","0","0","0","4","0","","02","5","2020","7","40.391299","-80.044397","1132","11","0","0","0","0","0","0","1","0","","0","0","0","","","0","","1","","40 23:28.676","","0","80 02:39.829","0","0","0","0","2109","0","0","0","N","0","0","0","5","02109","0","","1.0","","1","N","N","N","0","","0","0","2","","2","","","2","0","0","0","0","0","0","2","0","2","","03","","N","","","","","","","","","",""