"CRN","ARRIVAL_TM","AUTOMOBILE_COUNT","BELTED_DEATH_COUNT","BELTED_SUSP_SERIOUS_INJ_COUNT","BICYCLE_COUNT","BICYCLE_DEATH_COUNT","BICYCLE_SUSP_SERIOUS_INJ_COUNT","BUS_COUNT","CHLDPAS_DEATH_COUNT","CHLDPAS_SUSP_SERIOUS_INJ_COUNT","COLLISION_TYPE","COMM_VEH_COUNT","CONS_ZONE_SPD_LIM","COUNTY","CRASH_MONTH","CRASH_YEAR","DAY_OF_WEEK","DEC_LATITUDE","DEC_LONGITUDE","DISPATCH_TM","DISTRICT","DRIVER_COUNT_16YR","DRIVER_COUNT_17YR","DRIVER_COUNT_18YR","DRIVER_COUNT_19YR","DRIVER_COUNT_20YR","DRIVER_COUNT_50_64YR","DRIVER_COUNT_65_74YR","DRIVER_COUNT_75PLUS","EST_HRS_CLOSED","FATAL_COUNT","HEAVY_TRUCK_COUNT","HORSE_BUGGY_COUNT","HOUR_OF_DAY","ILLUMINATION","INJURY_COUNT","INTERSECTION_RELATED","INTERSECT_TYPE","LANE_CLOSED","LATITUDE","LN_CLOSE_DIR","LOCATION_TYPE","LONGITUDE","MAX_SEVERITY_LEVEL","MCYCLE_DEATH_COUNT","MCYCLE_SUSP_SERIOUS_INJ_COUNT","MOTORCYCLE_COUNT","MUNICIPALITY","NONMOTR_COUNT","NONMOTR_DEATH_COUNT","NONMOTR_SUSP_SERIOUS_INJ_COUNT","NTFY_HIWY_MAINT","PED_COUNT","PED_DEATH_COUNT","PED_SUSP_SERIOUS_INJ_COUNT","PERSON_COUNT","POLICE_AGCY","POSSIBLE_INJ_COUNT","RDWY_SURF_TYPE_CD","RELATION_TO_ROAD","ROADWAY_CLEARED","ROAD_CONDITION","SCH_BUS_IND","SCH_ZONE_IND","SECONDARY_CRASH","SMALL_TRUCK_COUNT","SPEC_JURIS_CD","SUSP_MINOR_INJ_COUNT","SUSP_SERIOUS_INJ_COUNT","SUV_COUNT","TCD_FUNC_CD","TCD_TYPE","TFC_DETOUR_IND","TIME_OF_DAY","TOTAL_UNITS","TOT_INJ_COUNT","UNBELTED_OCC_COUNT","UNB_DEATH_COUNT","UNB_SUSP_SERIOUS_INJ_COUNT","UNK_INJ_DEG_COUNT","UNK_INJ_PER_COUNT","URBAN_RURAL","VAN_COUNT","VEHICLE_COUNT","WEATHER1","WEATHER2","WORKERS_PRES","WORK_ZONE_IND","WORK_ZONE_LOC","WORK_ZONE_TYPE","WZ_CLOSE_DETOUR","WZ_FLAGGER","WZ_LAW_OFFCR_IND","WZ_LN_CLOSURE","WZ_MOVING","WZ_OTHER","WZ_SHLDER_MDN","WZ_WORKERS_INJ_KILLED"
"2020047699","2242","1","0","0","0","0","0","0","0","0","1","0","","02","6","2020","4","40.487381","-79.921456","2238","11","0","0","0","0","0","0","0","0","","0","0","0","","","0","N","0","","40 29:14.571","","0","79 55:17.240","0","0","0","0","2301","0","0","0","N","0","0","0","1","02301","0","","1.0","","1","N","N","N","1","","0","0","0","","0","Y","","2","0","0","0","0","0","0","2","0","2","","03","","N","","","","","","","","","",""
"2020004850","2024","0","0","0","0","0","0","0","0","0","1","0","","02","1","2020","2","40.434283","-79.996661","2007","11","0","0","0","0","0","0","0","0","","0","0","0","","","2","N","6","","40 26:03.420","3","2","79 59:47.979","4","0","0","0","2301","0","0","0","N","0","0","0","5","68B03","2","","1.0","2045.0","1","N","N","N","0","","0","0","2","","4","N","","2","2","0","0","0","0","0","2","0","2","","","","N","","","","","","","","","",""
"2020047045","1735","1","0","0","0","0","0","0","0","0","4","0","","02","6","2020","2","40.491004","-79.867349","1733","11","0","0","0","0","0","0","0","1","","0","0","0","","","0","N","0","","40 29:27.614","2","7","79 52:02.457","0","0","0","0","2408","0","0","0","N","0","0","0","3","02408","0","","1.0","1809.0","1","N","N","N","0","","0","0","1","","0","N","","2","0","0","0","0","0","0","2","0","2","","03","","N","","","","","","","","","",""
"2020001418","1456","0","0","0","0","0","0","0","0","0","4","0","","02","1","2020","1","40.633735","-80.056939","1442","11","0","0","0","0","0","2","0","0","","0","0","0","","","0","","1","","40 38:01.445","","0","80 03:24.980","0","0","0","0","2216","0","0","0","N","0","0","0","2","02505","0","","1.0","","1","N","N","N","0","","0","0","2","","3","N","","2","0","0","0","0","0","0","2","0","2","","03","","N","","","","","","","","","",""
"2020048362","1730","1","0","0","0","0","0","0","0","0","7","0","","02","6","2020","5","40.549889","-80.086507","1705","11","0","0","0","0","0","0","0","0","","0","0","0","","","0","N","0","","40 32:59.600","","3","80 05:11.426","0","0","0","0","2215","0","0","0","Y","0","0","0","2","68B03","0","","2.0","","8","N","N","N","0","","0","0","0","","0","","","1","0","0","0","0","0","0","2","0","1","","","","N","","","","","","","","","",""
"2020052677","1651","0","0","0","0","0","0","0","0","0","7","0","","02","7","2020","2","40.510578","-79.821208","1650","11","0","0","0","1","0","0","0","0","","0","0","0","","","0","N","0","","40 30:38.082","","0","79 49:16.350","0","0","0","0","2113","0","0","0","N","0","0","0","5","02113","0","","4.0","","1","N","N","N","0","","0","0","1","","0","","","1","0","0","0","0","0","0","2","0","1","","03","","N","","","","","","","","","",""
"2020067771","1600","1","0","0","0","0","0","0","0","0","1","0","","02","8","2020","2","40.412971","-80.065736","1540","11","0","0","0","0","0","0","0","0","","0","0","0","","","0","N","0","","40 24:46.694","4","0","80 03:56.649","0","0","0","0","2117","0","0","0","N","0","0","0","5","68B03","0","","1.0","1700.0","1","N","N","N","0","","0","0","1","","0","N","","2","0","0","0","0","0","0","2","0","2","","","","N","","","","","","","","","",""
"2020000474","0150","1","0","0","0","0","0","0","0","0","7","0","","02","1","2020","4","40.383456","-80.038965","0146","11","0","0","0","0","0","0","0","0","","0","0","0","","","0","N","0","","40 23:00.441","6","0","80 02:20.275","0","0","0","0","2109","0","0","0","N","0","0","0","3","02109","0","","4.0","220.0","7","N","N","N","0","","0","0","0","","0","Y","","1","0","0","0","0","0","0","2","0","1","","","","N","","","","","","","","","",""
"2020003262","1414","1","0","0","0","0","0","0","0","0","1","0","","02","1","2020","5","40.363848","-79.842953","1356","11","0","0","0","0","0","0","0","0","","0","0","0","","","0","N","1","","40 21:49.853","","0","79 50:34.629","0","0","0","0","2303","0","0","0","N","0","0","0","2","68B02","0","","1.0","","1","N","N","N","1","","0","0","0","","2","","","2","0","0","0","0","0","0","2","0","2","","03","","N","","","","","","","","","",""
"2020000321","1410","2","0","0","0","0","0","0","0","0","1","0","","02","1","2020","4","40.443958","-80.002771","1402","11","0","0","0","0","0","1","0","0","","0","0","0","","","3","N","1","","40 26:38.249","","0","80 00:09.977","4","0","0","0","2301","0","0","0","N","0","0","0","5","02301","3","","1.0","","1","N","N","N","0","","0","0","0","","2","","","2","3","0","0","0","0","0","2","0","2","","","","N","","","","","","","","","",""
"2020044416","0937","0","0","0","0","0","0","0","0","0","0","0","","02","6","2020","2","40.394901","-79.796596","0932","11","0","0","0","0","0","0","0","0","","0","0","0","","","1","N","3","","40 23:41.644","6","0","79 47:47.744","8","0","0","0","2446","0","0","0","N","0","0","0","1","02446","0","","2.0","1000.0","1","N","N","N","1","","0","0","0","","0","N","","1","1","0","0","0","1","0","2","0","1","","03","","N","","","","","","","","","",""
"2020000188","1633","1","0","0","0","0","0","0","0","0","5","0","","02","1","2020","4","40.461486","-79.928466","1625","11","0","0","0","0","0","0","0","0","","0","0","0","","","1","N","2","","40 27:41.349","5","0","79 55:42.477","4","0","0","0","2301","0","0","0","N","0","0","0","2","02301","1","","1.0","1653.0","1","N","N","N","0","","0","0","1","","0","N","","2","1","0","0","0","0","0","2","0","2","","03","","N","","","","","","","","","",""
"2020036086","1353","2","0","1","0","0","0","0","0","0","2","0","","02","5","2020","7","40.415593","-80.011138","1343","11","0","0","0","0","0","0","0","0","","0","0","0","","","2","","2","","40 24:56.134","","0","80 00:40.096","2","0","0","0","2301","0","0","0","Y","0","0","0","2","02301","0","","5.0","","1","N","N","Y","0","","0","1","2","","3","","","4","2","0","0","0","1","0","2","0","4","","03","","N","","","","","","","","","",""
"2020048067","2040","1","0","0","0","0","0","0","0","0","7","0","","02","6","2020","6","40.460224","-79.842631","2037","11","0","0","0","0","0","1","0","0","","0","0","0","","","1","","5","","40 27:36.808","","0","79 50:33.470","8","0","0","0","2113","0","0","0","Y","0","0","0","1","02113","0","","5.0","","1","N","N","N","0","","0","0","0","","2","","","1","1","1","0","0","1","0","2","0","1","","03","","N","","","","","","","","","",""
"2020008119","1112","1","0","0","0","0","0","0","0","0","7","0","","02","1","2020","6","40.480565","-80.007171","1055","11","0","0","0","0","0","0","0","0","","0","0","0","","","0","N","0","","40 28:50.033","1","0","80 00:25.815","0","0","0","0","2301","0","0","0","N","0","0","0","1","68B03","0","","4.0","1100.0","9","N","N","N","0","","0","0","0","","0","N","","1","0","0","0","0","0","0","2","0","1","","","","N","","","","","","","","","",""
"2020019398","0911","0","0","0","0","0","0","0","0","0","2","0","","02","2","2020","6","40.414365","-80.024959","0905","11","0","0","0","0","0","0","0","0","","0","0","0","","","0","N","1","","40 24:51.714","","0","80 01:29.852","9","0","0","0","2301","0","0","0","N","0","0","0","1","02301","0","","1.0","","99","N","N","N","0","","0","0","1","","0","","","2","0","0","0","0","0","1","2","0","2","","98","","N","","","","","","","","","",""
"2020000376","0040","0","0","0","0","0","0","0","0","0","7","0","","02","1","2020","4","40.380003","-79.862489","0038","11","0","0","0","0","0","0","0","0","","0","0","0","","","0","N","0","","40 22:48.009","","0","79 51:44.961","0","0","0","0","2303","0","0","0","N","0","0","0","1","02303","0","","2.0","","2","N","N","N","0","","0","0","1","","0","","","1","0","0","0","0","0","0","2","0","1","","","","N","","","","","","","","","",""
"2020001526","1719","1","0","0","0","0","0","0","0","0","2","0","","02","1","2020","5","40.352794","-80.026154","1716","11","0","0","0","0","0","1","0","0","","0","0","0","","","0","N","2","","40 21:10.059","7","0","80 01:34.156","0","0","0","0","2407","0","0","0","N","0","0","0","2","02407","0","","1.0","1800.0","1","N","N","N","1","","0","0","0","","0","Y","","2","0","1","0","0","0","0","2","0","2","","03","","N","","","","","","","","","",""
"2020045314","1735","1","0","0","0","0","0","0","0","0","1","0","","02","6","2020","4","40.633954","-79.939939","1735","11","0","0","0","1","0","0","0","0","","0","0","0","","","0","Y","0","","40 38:02.236","","0","79 56:23.781","0","0","0","0","2217","0","0","0","N","0","0","0","2","02505","0","","1.0","","1","N","N","N","0","","0","0","1","","0","","","2","0","1","0","0","0","0","2","0","2","","03","","N","","","","","","","","","",""
"2020002103","1228","1","0","0","0","0","0","0","0","0","8","0","","02","1","2020","3","40.453481","-80.000658","1228","11","0","0","0","0","0","0","0","0","","0","0","0","","","1","N","0","","40 27:12.531","","0","80 00:02.370","8","0","0","0","2301","1","0","0","N","1","0","0","2","02301","0","","1.0","","1","N","N","N","0","","0","0","0","","0","","","2","1","0","0","0","1","1","2","0","1","","03","","N","","","","","","","","","",""
"2020047424","1905","1","0","0","0","0","0","0","0","0","7","0","","02","6","2020","7","40.37906","-80.15061","1857","11","0","0","0","0","1","0","0","0","","0","0","0","","","0","N","0","","40 22:44.616","6","0","80 09:02.195","0","0","0","0","2119","0","0","0","N","0","0","0","1","02119","0","","2.0","1945.0","1","N","N","N","0","","0","0","0","","0","N","","1","0","0","0","0","0","0","2","0","1","","","","N","","","","","","","","","",""
"2020045756","1340","2","0","0","0","0","0","0","0","0","1","0","","02","6","2020","2","40.431855","-79.777043","1331","11","0","0","0","0","0","1","0","1","","0","0","0","","","0","N","2","","40 25:54.678","","0","79 46:37.355","0","0","0","0","2446","0","0","0","N","0","0","0","4","02446","0","","1.0","","1","N","N","N","0","","0","0","0","","0","","","2","0","0","0","0","0","0","2","0","2","","03","","N","","","","","","","","","",""
"2020016161","1613","0","0","0","0","0","0","0","0","0","7","0","","02","2","2020","3","40.491389","-79.78182","1558","11","0","0","0","0","0","0","0","0","","0","0","0","","","0","N","0","","40 29:29.002","3","0","79 46:54.553","0","0","0","0","2466","0","0","0","N","0","0","0","3","68T02","0","","4.0","1745.0","9","N","N","N","0","","0","0","1","","0","N","","1","0","0","0","0","0","0","2","0","1","","","","N","","","","","","","","","",""
"2020049686","1735","2","0","0","0","0","0","0","0","0","0","0","","02","6","2020","4","40.423052","-80.104214","1722","11","0","0","0","0","0","1","0","0","","0","0","0","","","0","N","0","","40 25:22.987","6","0","80 06:15.171","0","0","0","0","2115","0","0","0","N","0","0","0","2","68B03","0","","1.0","1745.0","1","N","N","N","0","","0","0","0","","0","N","","3","0","0","0","0","0","0","2","1","3","","03","","N","","","","","","","","","",""
"2020001288","1405","0","0","0","0","0","0","0","0","0","7","0","","02","1","2020","7","40.342996","-79.891576","1357","11","0","0","0","0","0","1","0","0","","0","0","0","","","0","N","0","","40 20:34.784","","0","79 53:29.672","0","0","0","0","2423","0","0","0","N","0","0","0","1","02438","0","","5.0","","1","N","N","N","0","","0","0","1","","0","","","1","0","0","0","0","0","0","2","0","1","","03","","N","","","","","","","","","",""
"2020005903","1424","0","0","0","0","0","0","0","0","0","2","0","","02","1","2020","6","40.614839","-79.758835","1413","11","0","0","0","0","0","1","0","0","","0","0","0","","","3","N","2","","40 36:53.422","7","2","79 45:31.805","3","0","0","0","2202","0","0","0","N","0","0","0","3","68D02","1","","1.0","1500.0","9","N","N","N","1","","2","0","1","","3","N","","2","3","1","0","0","0","0","2","0","2","","","","N","","","","","","","","","",""
"2020045879","1657","1","0","0","0","0","0","0","0","0","4","0","","02","6","2020","6","40.455206","-80.022588","1647","11","0","0","0","0","0","0","0","0","","0","0","0","","","0","N","1","","40 27:18.741","3","0","80 01:21.316","0","0","0","0","2301","0","0","0","N","0","0","0","2","02301","0","","1.0","1650.0","1","N","N","N","0","","0","0","1","","3","N","","2","0","0","0","0","0","0","2","0","2","","03","","N","","","","","","","","","",""
"2020003846","1925","1","0","0","0","0","0","0","0","0","8","0","","02","1","2020","4","40.395379","-80.030741","1916","11","0","0","0","0","0","1","0","0","","0","0","0","","","1","N","2","","40 23:43.365","5","0","80 01:50.667","4","0","0","0","2301","1","0","0","N","1","0","0","2","02301","1","","1.0","2000.0","9","N","Y","N","0","","0","0","0","","3","Y","","2","1","1","0","0","0","0","2","0","1","","03","","N","","","","","","","","","",""
"2020046157","1648","1","0","0","0","0","0","0","0","0","4","0","","02","6","2020","7","40.476674","-79.788226","1646","11","0","0","0","0","0","0","0","1","","0","0","0","","","1","N","0","","40 28:36.027","","6","79 47:17.613","4","0","0","0","2113","0","0","0","N","0","0","0","2","02113","1","","1.0","","1","N","N","N","0","","0","0","1","","0","N","","2","1","0","0","0","0","1","2","0","2","","03","","N","","","","","","","","","",""
"2020047512","1920","1","0","0","0","0","0","0","0","0","4","0","","02","6","2020","4","40.276597","-79.837544","1910","11","0","0","0","0","0","0","0","0","","0","0","0","","","1","Y","0","","40 16:35.750","","7","79 50:15.160","8","0","0","0","2105","0","0","0","N","0","0","0","2","02105","0","","1.0","","1","N","N","N","1","","0","0","0","","0","","","2","1","0","0","0","1","0","2","0","2","","03","","N","","","","","","","","","",""
"2020001699","1420","0","0","0","0","0","0","0","0","0","7","0","","02","1","2020","7","40.644222","-80.018212","1407","11","0","0","0","0","0","1","0","0","","0","0","0","","","0","N","0","","40 38:39.200","","0","80 01:05.564","0","0","0","0","2216","0","0","0","N","0","0","0","2","68T02","0","","3.0","","1","N","N","N","0","","0","0","1","","0","","","1","0","0","0","0","0","0","2","0","1","","","","N","","","","","","","","","",""
"2020046410","1205","0","0","0","0","0","0","0","0","0","0","0","","02","6","2020","6","40.503451","-79.788822","1155","11","0","0","0","0","0","0","1","0","","0","0","0","","","0","N","0","","40 30:12.422","3","0","79 47:19.759","0","0","0","0","2466","0","0","0","N","0","0","0","1","68T02","0","","1.0","1300.0","1","N","N","N","0","","0","0","1","","0","N","","1","0","0","0","0","0","0","2","0","1","","03","","N","","","","","","","","","",""
"2020048085","1315","0","0","0","0","0","0","0","0","0","7","0","","02","6","2020","6","40.383806","-79.992972","1313","11","0","0","0","0","0","0","0","0","","0","0","0","","","1","N","0","","40 23:01.700","5","0","79 59:34.700","3","0","0","0","2301","0","0","0","N","0","0","0","1","02301","0","","2.0","1350.0","9","N","N","N","0","","1","0","1","","0","N","","1","1","0","0","0","0","0","2","0","1","","07","","N","","","","","","","","","",""
"2020001286","1415","1","0","0","0","0","0","0","0","0","98","0","","02","1","2020","5","40.389204","-79.996959","1400","11","0","0","0","0","0","1","0","0","","0","0","0","","","0","N","0","","40 23:21.135","","0","79 59:49.054","0","0","0","0","2301","0","0","0","N","0","0","0","2","02301","0","","1.0","","1","N","N","N","1","","0","0","0","","0","","","2","0","0","0","0","0","0","2","0","2","","03","","N","","","","","","","","","",""
"2020046181","1938","2","0","0","0","0","0","0","0","0","2","0","","02","6","2020","2","40.355851","-80.028223","1926","11","0","0","0","0","0","0","1","0","","0","0","0","","","0","N","2","","40 21:21.063","2","0","80 01:41.601","0","0","0","0","2407","0","0","0","N","0","0","0","2","02407","0","","1.0","2040.0","1","N","N","N","0","","0","0","0","","0","N","","2","0","0","0","0","0","0","2","0","2","","","","N","","","","","","","","","",""
"2020001652","1125","0","0","0","0","0","0","0","0","0","7","0","","02","1","2020","2","40.340858","-80.171595","1120","11","0","0","1","0","0","0","0","0","","0","0","0","","","0","","1","","40 20:27.087","","0","80 10:17.742","0","0","0","0","2119","0","0","0","N","0","0","0","1","02119","0","","5.0","","1","N","N","N","0","","0","0","1","","0","","","1","0","0","0","0","0","0","2","0","1","","03","","N","","","","","","","","","",""
"2020007292","0230","1","0","0","0","0","0","0","0","0","7","0","","02","1","2020","1","40.408914","-79.892325","0225","11","0","0","0","0","0","0","0","0","","0","0","0","","","0","N","0","","40 24:32.090","","0","79 53:32.370","9","0","0","0","2448","0","0","0","N","0","0","0","1","02448","0","","2.0","","1","N","N","N","0","","0","0","0","","0","","","1","0","0","0","0","0","1","2","0","1","","03","","N","","","","","","","","","",""
"2020046608","1935","2","0","0","0","0","0","0","0","0","4","0","","02","6","2020","5","40.505729","-80.147293","1930","11","0","0","0","0","0","0","0","0","","0","0","0","","","0","","3","","40 30:20.625","4","0","80 08:50.256","0","0","0","0","2213","0","0","0","N","0","0","0","3","02213","0","","1.0","2010.0","1","N","N","N","0","","0","0","0","","3","N","","2","0","0","0","0","0","0","2","0","2","","","","N","","","","","","","","","",""
"2020006685","1821","2","0","0","0","0","0","0","0","0","4","0","","02","1","2020","5","40.320708","-80.029717","1816","11","0","0","0","0","0","0","0","1","","0","0","0","","","0","N","0","","40 19:14.550","","0","80 01:46.980","0","0","0","0","2407","0","0","0","N","0","0","0","1","02407","0","","1.0","","1","N","N","N","0","","0","0","0","","0","","","2","0","0","0","0","0","0","2","0","2","","03","","N","","","","","","","","","",""
"2020009476","1947","0","0","0","0","0","0","0","0","0","7","0","","02","1","2020","6","40.437854","-80.032894","1932","11","0","0","0","0","0","0","0","0","","0","0","0","","","0","N","0","","40 26:16.274","","0","80 01:58.418","0","0","0","0","2301","0","0","0","N","0","0","0","1","02301","0","","1.0","","9","N","N","N","0","","0","0","1","","0","","","1","0","0","0","0","0","0","2","0","1","","07","","N","","","","","","","","","",""
"2020045249","1506","2","0","0","0","0","0","0","0","0","4","0","","02","6","2020","4","40.615957","-80.093195","1501","11","0","0","0","0","0","0","1","0","","0","0","0","","","0","N","1","","40 36:57.446","1","0","80 05:35.502","0","0","0","0","2481","0","0","0","N","0","0","0","3","02481","0","","1.0","1525.0","1","N","N","N","0","","0","0","0","","2","N","","2","0","0","0","0","0","0","2","0","2","","","","N","","","","","","","","","",""
"2020045774","0956","1","0","0","0","0","0","0","0","0","4","0","","02","6","2020","6","40.404841","-79.825947","0936","11","0","0","0","0","0","0","0","0","","0","0","0","","","1","","1","","40 24:17.427","","0","79 49:33.409","3","0","0","0","2467","0","0","0","N","0","0","0","3","02501","0","","1.0","","1","N","N","N","0","","1","0","1","","2","","","2","1","0","0","0","0","0","2","0","2","","03","","N","","","","","","","","","",""
"2020040558","0544","1","0","0","0","0","0","0","0","0","1","0","","02","5","2020","3","40.40885","-79.906158","0540","11","0","0","0","0","0","0","0","0","","0","0","0","","","0","N","0","","40 24:31.860","4","0","79 54:22.169","0","0","0","0","2438","0","0","0","N","0","0","0","1","02438","0","","6.0","630.0","1","N","N","N","1","","0","0","0","","0","Y","","2","0","0","0","0","0","0","2","0","2","","03","","N","","","","","","","","","",""
"2020011019","0254","1","0","0","0","0","0","0","0","0","0","0","","02","1","2020","4","40.405128","-80.018915","0251","11","0","0","0","0","0","0","0","0","","0","0","0","","","0","N","0","","40 24:18.461","","0","80 01:08.095","0","0","0","0","2301","0","0","0","N","0","0","0","1","02301","0","","1.0","","1","N","N","N","0","","0","0","0","","0","","","1","0","0","0","0","0","0","2","0","1","","03","","N","","","","","","","","","",""
"2020002981","0924","1","0","0","0","0","0","0","0","0","1","0","","02","1","2020","5","40.448286","-80.008613","0915","11","0","0","0","0","0","0","0","0","","0","0","0","","","0","","6","","40 26:53.830","4","7","80 00:31.005","0","0","0","0","2301","0","0","0","N","0","0","0","2","02301","0","","1.0","935.0","1","N","N","N","0","","0","0","1","","4","N","","2","0","0","0","0","0","0","2","0","2","","","","N","","","","","","","","","",""
"2020003955","2005","1","0","0","0","0","0","0","0","0","8","0","","02","1","2020","7","40.441265","-79.95918","1952","11","0","0","0","0","0","0","0","0","","0","0","0","","","1","N","2","","40 26:28.554","","0","79 57:33.047","8","0","0","0","2301","1","0","0","N","1","0","0","2","02301","0","","1.0","","9","N","N","N","0","","0","0","0","","2","","","2","1","0","0","0","1","0","2","0","1","","07","","N","","","","","","","","","",""
"2020050656","0716","0","0","0","0","0","0","0","0","0","2","0","","02","6","2020","2","40.421795","-79.993731","0716","11","0","0","0","0","0","0","0","0","","0","0","0","","","0","","1","","40 25:18.461","","0","79 59:37.432","0","0","0","0","2301","0","0","0","N","0","0","0","2","02301","0","","1.0","","1","N","N","N","0","","0","0","1","","2","","","2","0","0","0","0","0","0","2","1","2","","03","","N","","","","","","","","","",""
"2020065812","1352","1","0","0","0","0","0","0","0","0","7","0","","02","8","2020","7","40.444469","-80.099084","1350","11","0","0","0","0","0","0","0","0","","0","0","0","","","0","N","0","","40 26:40.090","4","0","80 05:56.703","0","0","0","0","2115","0","0","0","N","0","0","0","1","02115","0","","2.0","1400.0","1","N","N","N","0","","0","0","0","","0","N","","1","0","0","0","0","0","0","2","0","1","","03","","N","","","","","","","","","",""
"2020003540","1435","0","0","0","0","0","0","0","0","0","4","0","","02","1","2020","5","40.389557","-80.041624","1428","11","0","0","0","0","0","0","0","0","","0","1","0","","","1","","3","","40 23:22.404","1","0","80 02:29.848","8","0","0","0","2109","0","0","0","N","0","0","0","3","02109","0","","1.0","1445.0","1","N","N","N","0","","0","0","1","","2","N","","2","1","0","0","0","1","0","2","0","2","","","","N","","","","","","","","","",""
"2020046959","1223","0","0","0","0","0","0","0","0","0","4","0","","02","6","2020","3","40.403663","-79.942289","1221","11","0","0","0","0","0","0","0","0","","0","0","0","","","1","N","2","","40 24:13.186","5","0","79 56:32.240","8","0","0","0","2301","0","0","0","N","0","0","0","2","02301","0","","1.0","1250.0","1","N","N","N","1","","0","0","1","","2","N","","2","1","0","0","0","1","0","2","0","2","","","","N","","","","","","","","","",""
"2020045760","1006","2","0","0","0","0","0","0","0","0","4","0","","02","6","2020","3","40.448557","-80.062856","1006","11","0","0","0","0","0","0","0","0","","0","0","0","","","0","N","1","","40 26:54.805","","0","80 03:46.282","0","0","0","0","2301","0","0","0","N","0","0","0","2","02301","0","","1.0","","1","N","N","N","0","","0","0","0","","3","N","","2","0","0","0","0","0","0","2","0","2","","03","","N","","","","","","","","","",""
"2020036224","1647","1","0","0","0","0","0","0","0","0","7","0","","02","5","2020","1","40.435939","-79.994529","1642","11","0","0","0","0","0","0","0","0","","0","0","0","","","0","","7","","40 26:09.379","","2","79 59:40.304","0","0","0","0","2301","0","0","0","N","0","0","0","1","02301","0","","2.0","","1","N","N","N","0","","0","0","0","","0","","","1","0","0","0","0","0","0","2","0","1","","03","","N","","","","","","","","","",""
"2020001293","0748","0","0","0","0","0","0","0","0","0","7","0","","02","1","2020","1","40.5576","-79.83915","0742","11","1","0","0","0","0","0","0","0","","0","0","0","","","0","N","0","","40 33:27.360","6","4","79 50:20.940","0","0","0","0","2208","0","0","0","N","0","0","0","2","02208","0","","2.0","918.0","9","N","N","N","0","","0","0","1","","0","Y","","1","0","0","0","0","0","0","2","0","1","","02","","N","","","","","","","","","",""
"2020046141","1422","1","0","0","0","0","0","0","0","0","5","0","","02","6","2020","7","40.338044","-79.835859","1420","11","0","0","0","0","0","1","0","0","","0","0","0","","","0","N","0","","40 20:16.959","","7","79 50:09.093","0","0","0","0","2304","0","0","0","N","0","0","0","1","02304","0","","4.0","","1","N","N","N","0","","0","0","0","","0","","","1","0","0","0","0","0","0","2","0","1","","04","","N","","","","","","","","","",""
"2020046273","1638","1","0","0","0","0","0","0","1","0","7","0","","02","6","2020","7","40.461306","-80.031639","1630","11","0","0","0","0","0","0","0","0","","3","0","0","","","0","N","0","","40 27:40.700","2","0","80 01:53.900","1","0","0","0","2301","0","0","0","N","0","0","0","3","02301","0","2","4.0","1945.0","1","N","N","N","0","0","0","0","0","","0","Y","","1","0","2","2","0","0","0","2","0","1","","","","N","","","","","","","","","",""
"2020035473","1748","1","0","0","0","0","0","0","0","0","7","0","","02","4","2020","1","40.564809","-79.944504","1746","11","0","0","0","0","0","0","0","0","","0","0","0","","","0","N","0","","40 33:53.311","4","0","79 56:40.216","0","0","0","0","2207","0","0","0","N","0","0","0","1","02207","0","","5.0","1828.0","9","N","N","N","0","","0","0","0","","0","N","","1","0","0","0","0","0","0","2","0","1","","","","N","","","","","","","","","",""
"2020007490","2139","2","0","0","0","0","0","0","0","0","1","0","","02","1","2020","2","40.618271","-79.904613","2134","11","0","0","0","0","0","0","0","0","","0","0","0","","","0","","2","","40 37:05.774","3","0","79 54:16.607","0","0","0","0","2220","0","0","0","N","0","0","0","7","02220","0","","1.0","2217.0","1","N","N","N","0","","0","0","0","","0","N","","2","0","0","0","0","0","0","2","0","2","","","","N","","","","","","","","","",""
"2020002227","1345","2","0","0","0","0","0","0","0","0","4","0","","02","1","2020","3","40.438601","-79.986449","1342","11","0","0","0","0","0","0","0","0","","0","0","0","","","0","","1","","40 26:18.965","","0","79 59:11.217","0","0","0","0","2301","0","0","0","N","0","0","0","2","02301","0","","1.0","","1","N","N","N","0","","0","0","0","","2","","","2","0","0","0","0","0","0","2","0","2","","03","","N","","","","","","","","","",""
"2020018298","0830","1","0","0","0","0","0","0","0","0","4","0","","02","1","2020","4","40.528168","-80.129492","0725","11","0","0","0","0","0","0","0","0","","0","0","0","","","1","N","0","","40 31:41.405","","0","80 07:46.171","3","0","0","0","2125","0","0","0","N","0","0","0","4","68B03","0","","1.0","","2","N","N","N","1","","1","0","0","","0","","","2","1","0","0","0","0","0","2","0","2","","03","","N","","","","","","","","","",""
"2020000287","0020","1","0","0","0","0","0","0","0","0","7","0","","02","1","2020","4","40.441295","-80.020261","0015","11","0","0","0","0","0","0","0","0","","0","0","0","","","0","N","0","","40 26:28.661","","0","80 01:12.938","0","0","0","0","2301","0","0","0","N","0","0","0","1","02301","0","","1.0","","2","N","N","N","0","","0","0","0","","0","","","1","0","0","0","0","0","0","2","0","1","","","","N","","","","","","","","","",""
"2020040951","0720","1","0","0","0","0","0","0","0","0","7","0","","02","5","2020","6","40.442238","-79.821578","0709","11","0","0","0","0","0","0","0","0","","0","0","0","","","0","N","0","","40 26:32.058","","0","79 49:17.682","0","0","0","0","2124","0","0","0","N","0","0","0","1","68B03","0","","2.0","","9","N","N","N","0","","0","0","0","","0","","","1","0","0","0","0","0","0","2","0","1","","07","","N","","","","","","","","","",""