"CRN","ARRIVAL_TM","AUTOMOBILE_COUNT","BELTED_DEATH_COUNT","BELTED_SUSP_SERIOUS_INJ_COUNT","BICYCLE_COUNT","BICYCLE_DEATH_COUNT","BICYCLE_SUSP_SERIOUS_INJ_COUNT","BUS_COUNT","CHLDPAS_DEATH_COUNT","CHLDPAS_SUSP_SERIOUS_INJ_COUNT","COLLISION_TYPE","COMM_VEH_COUNT","CONS_ZONE_SPD_LIM","COUNTY","CRASH_MONTH","CRASH_YEAR","DAY_OF_WEEK","DEC_LATITUDE","DEC_LONGITUDE","DISPATCH_TM","DISTRICT","DRIVER_COUNT_16YR","DRIVER_COUNT_17YR","DRIVER_COUNT_18YR","DRIVER_COUNT_19YR","DRIVER_COUNT_20YR","DRIVER_COUNT_50_64YR","DRIVER_COUNT_65_74YR","DRIVER_COUNT_75PLUS","EST_HRS_CLOSED","FATAL_COUNT","HEAVY_TRUCK_COUNT","HORSE_BUGGY_COUNT","HOUR_OF_DAY","ILLUMINATION","INJURY_COUNT","INTERSECTION_RELATED","INTERSECT_TYPE","LANE_CLOSED","LATITUDE","LN_CLOSE_DIR","LOCATION_TYPE","LONGITUDE","MAX_SEVERITY_LEVEL","MCYCLE_DEATH_COUNT","MCYCLE_SUSP_SERIOUS_INJ_COUNT","MOTORCYCLE_COUNT","MUNICIPALITY","NONMOTR_COUNT","NONMOTR_DEATH_COUNT","NONMOTR_SUSP_SERIOUS_INJ_COUNT","NTFY_HIWY_MAINT","PED_COUNT","PED_DEATH_COUNT","PED_SUSP_SERIOUS_INJ_COUNT","PERSON_COUNT","POLICE_AGCY","POSSIBLE_INJ_COUNT","RDWY_SURF_TYPE_CD","RELATION_TO_ROAD","ROADWAY_CLEARED","ROAD_CONDITION","SCH_BUS_IND","SCH_ZONE_IND","SECONDARY_CRASH","SMALL_TRUCK_COUNT","SPEC_JURIS_CD","SUSP_MINOR_INJ_COUNT","SUSP_SERIOUS_INJ_COUNT","SUV_COUNT","TCD_FUNC_CD","TCD_TYPE","TFC_DETOUR_IND","TIME_OF_DAY","TOTAL_UNITS","TOT_INJ_COUNT","UNBELTED_OCC_COUNT","UNB_DEATH_COUNT","UNB_SUSP_SERIOUS_INJ_COUNT","UNK_INJ_DEG_COUNT","UNK_INJ_PER_COUNT","URBAN_RURAL","VAN_COUNT","VEHICLE_COUNT","WEATHER1","WEATHER2","WORKERS_PRES","WORK_ZONE_IND","WORK_ZONE_LOC","WORK_ZONE_TYPE","WZ_CLOSE_DETOUR","WZ_FLAGGER","WZ_LAW_OFFCR_IND","WZ_LN_CLOSURE","WZ_MOVING","WZ_OTHER","WZ_SHLDER_MDN","WZ_WORKERS_INJ_KILLED"
"2020000468","1521","1","0","0","0","0","0","0","0","0","1","0","","02","1","2020","5","40.453294","-80.001674","1514","11","0","0","0","0","0","1","0","0","","0","0","0","","","1","","1","","40 27:11.860","3","0","80 00:06.028","8","0","0","0","2301","0","0","0","N","0","0","0","3","02301","0","","1.0","1621.0","1","N","N","N","0","","0","0","2","","2","N","","3","1","1","0","0","1","0","2","0","3","","03","","N","","","","","","","","","",""
"2020004894","1925","2","0","0","0","0","0","0","0","0","1","0","","02","1","2020","5","40.427061","-79.723378","1918","11","0","0","0","0","0","1","0","0","","0","0","0","","","0","N","1","","40 25:37.418","","0","79 43:24.160","9","0","0","0","2446","0","0","0","N","0","0","0","3","02446","0","","1.0","","1","N","N","N","0","","0","0","1","","2","","","3","0","0","0","0","0","1","2","0","3","","03","","N","","","","","","","","","",""
"2020044469","1635","0","0","0","0","0","0","0","0","0","1","0","","02","5","2020","7","40.478385","-79.955638","1610","11","0","0","0","0","0","2","1","0","","0","0","0","","","1","","1","","40 28:42.186","1","0","79 57:20.296","3","0","0","1","2301","0","0","0","N","0","0","0","5","02301","0","","1.0","1705.0","1","N","N","Y","2","","1","0","0","","2","Y","","3","1","0","0","0","0","1","2","0","3","","03","","N","","","","","","","","","",""
"2020014649","1525","1","0","0","0","0","0","0","0","0","1","0","","02","2","2020","2","40.361688","-80.046671","1518","11","0","0","1","0","0","2","0","0","","0","0","0","","","0","Y","0","","40 21:42.076","1","0","80 02:48.015","0","0","0","0","2109","0","0","0","N","0","0","0","3","02109","0","","1.0","1555.0","1","N","N","N","0","","0","0","2","","0","N","","3","0","0","0","0","0","0","2","0","3","","","","N","","","","","","","","","",""
"2020047758","0721","1","0","0","0","0","0","0","0","0","1","0","55","02","5","2020","3","40.435948","-79.9777","0716","11","0","0","0","0","0","2","1","0","","0","0","0","","","2","N","0","","40 26:09.413","4","0","79 58:39.719","3","0","0","0","2301","0","0","0","N","0","0","0","7","68B03","0","","1.0","810.0","1","N","N","N","3","","2","0","0","","0","N","","4","2","1","0","0","0","0","2","0","4","","03","N","Y","1","2","","","N","Y","","","","N"
"2020029360","1828","3","0","0","0","0","0","0","0","0","1","0","","02","1","2020","4","40.429377","-80.028562","1814","11","0","0","0","0","0","1","0","0","","0","0","0","","","0","N","0","","40 25:45.757","","0","80 01:42.823","0","0","0","0","2301","0","0","0","N","0","0","0","3","68B03","0","","1.0","","1","N","N","N","0","","0","0","0","","0","","","3","0","0","0","0","0","0","2","0","3","","","","N","","","","","","","","","",""
"2020045838","1620","2","0","0","0","0","0","0","0","0","5","0","","02","6","2020","6","40.349789","-79.866433","1620","11","0","0","0","0","0","0","0","1","","0","0","0","","","0","N","1","","40 20:59.240","","0","79 51:59.158","0","0","0","0","2304","0","0","0","N","0","0","0","5","02304","0","","1.0","","1","N","N","N","0","","0","0","0","","3","","","2","0","0","0","0","0","0","2","0","2","","03","","N","","","","","","","","","",""
"2020004352","0154","1","0","0","0","0","0","0","0","0","7","0","","02","1","2020","4","40.379894","-79.866303","0153","11","0","0","0","0","0","0","0","0","","0","0","0","","","0","N","0","","40 22:47.618","2","0","79 51:58.689","0","0","0","0","2303","0","0","0","N","0","0","0","1","02303","0","","2.0","240.0","7","N","N","N","0","","0","0","0","","0","N","","1","0","0","0","0","0","0","2","0","1","","10","","N","","","","","","","","","",""
"2020001980","1503","2","0","0","0","0","0","0","0","0","4","0","","02","1","2020","6","40.454985","-79.92531","1422","11","0","0","0","0","0","0","0","0","","0","0","0","","","0","N","2","","40 27:17.946","","0","79 55:31.116","0","0","0","0","2301","0","0","0","N","0","0","0","2","02301","0","","1.0","","1","N","N","N","0","","0","0","0","","3","N","","2","0","0","0","0","0","0","2","0","2","","04","","N","","","","","","","","","",""
"2020041463","1623","2","0","0","0","0","0","0","0","0","4","0","","02","5","2020","3","40.388333","-79.821944","1620","11","0","0","0","0","0","2","0","0","","0","0","0","","","0","N","0","","40 23:18.000","","7","79 49:19.000","0","0","0","0","2111","0","0","0","N","0","0","0","2","02111","0","","1.0","","1","N","N","N","0","","0","0","0","","0","","","2","0","0","0","0","0","0","2","0","2","","03","","N","","","","","","","","","",""
"2020047236","0020","1","0","0","0","0","0","0","0","0","1","0","","02","6","2020","4","40.422897","-79.997446","0012","11","0","0","0","0","0","0","0","0","","0","0","0","","","1","N","0","","40 25:22.429","2","0","79 59:50.806","3","0","0","0","2301","0","0","0","N","0","0","0","2","02301","0","","1.0","100.0","1","N","N","N","0","","1","0","1","","0","N","","2","1","0","0","0","0","1","2","0","2","","03","","N","","","","","","","","","",""
"2020000850","1500","1","0","0","0","0","0","0","0","0","5","0","","02","1","2020","6","40.510421","-80.262134","1459","11","0","0","0","0","0","2","0","0","","0","0","0","","","2","N","0","","40 30:37.514","4","0","80 15:43.684","3","0","0","0","2203","0","0","0","Y","0","0","0","2","02203","0","","1.0","1815.0","9","N","N","N","1","","1","0","0","","0","N","","2","2","1","0","0","1","0","2","0","2","","04","","N","","","","","","","","","",""
"2020046609","0956","1","0","0","0","0","0","0","0","0","1","0","","02","6","2020","7","40.512892","-80.224739","0953","11","0","0","0","0","0","2","0","0","","0","0","0","","","1","N","0","","40 30:46.410","3","0","80 13:29.061","3","0","0","1","2213","0","0","0","N","0","0","0","2","02213","0","","1.0","10.0","1","N","N","N","0","","1","0","0","","0","N","","2","1","0","0","0","0","0","2","0","2","","03","","N","","","","","","","","","",""
"2020007775","1347","0","0","0","0","0","0","0","0","0","8","0","","02","1","2020","2","40.429156","-79.793069","1343","11","0","0","0","0","0","0","1","0","","0","0","0","","","1","N","0","","40 25:44.960","6","7","79 47:35.050","8","0","0","0","2446","1","0","0","N","1","0","0","2","02446","0","","1.0","1405.0","1","N","N","N","0","","0","0","1","","0","N","","2","1","0","0","0","1","0","2","0","1","","03","","N","","","","","","","","","",""
"2020003416","0804","2","0","0","0","0","0","0","0","0","4","0","","02","1","2020","5","40.454141","-79.906256","0755","11","0","0","0","0","0","0","0","0","","0","0","0","","","0","N","1","","40 27:14.906","","0","79 54:22.522","0","0","0","0","2301","0","0","0","N","0","0","0","2","02301","0","","1.0","","1","N","N","N","0","","0","0","0","","3","","","2","0","0","0","0","0","0","2","0","2","","","","N","","","","","","","","","",""
"2020002363","1251","2","0","0","0","0","0","0","0","0","1","0","","02","1","2020","6","40.428156","-79.927559","1233","11","0","0","0","0","1","1","0","0","","0","0","0","","","0","N","0","","40 25:41.361","3","4","79 55:39.212","0","0","0","0","2301","0","0","0","N","0","0","0","5","68B03","0","","1.0","1320.0","9","N","N","N","0","","0","0","1","","0","N","","3","0","0","0","0","0","0","2","0","3","","","","N","","","","","","","","","",""
"2020004417","0020","1","0","0","0","0","0","0","0","0","7","0","","02","1","2020","7","40.440338","-80.008938","0017","11","0","0","0","0","0","0","0","0","","0","0","0","","","0","N","0","","40 26:25.217","1","0","80 00:32.178","0","0","0","0","2301","0","0","0","N","0","0","0","1","68B03","0","","2.0","36.0","9","N","N","N","0","","0","0","0","","0","N","","1","0","0","0","0","0","0","2","0","1","","07","","N","","","","","","","","","",""
"2020003771","1004","2","0","0","0","0","0","0","0","0","4","0","","02","1","2020","7","40.448628","-80.002278","1003","11","0","0","0","0","0","0","0","0","","0","0","0","","","0","","1","","40 26:55.061","1","0","80 00:08.202","0","0","0","0","2301","0","0","0","N","0","0","0","7","02301","0","","1.0","1048.0","9","N","N","N","0","","0","0","0","","2","Y","","2","0","0","0","0","0","0","2","0","2","","","","N","","","","","","","","","",""
"2020003225","1829","2","0","0","0","0","0","0","0","0","1","0","","02","1","2020","5","40.462469","-79.924405","1819","11","0","0","0","0","0","1","1","0","","0","0","0","","","0","N","2","","40 27:44.888","","0","79 55:27.858","0","0","0","0","2301","0","0","0","N","0","0","0","2","02301","0","","1.0","","1","N","N","N","0","","0","0","0","","0","N","","2","0","0","0","0","0","0","2","0","2","","03","","N","","","","","","","","","",""
"2020003120","0450","0","0","0","0","0","0","0","0","0","7","0","","02","1","2020","6","40.39035","-80.052383","0448","11","0","0","0","0","0","0","0","0","4","0","0","0","","","0","N","0","","40 23:25.261","6","0","80 03:08.580","9","0","0","0","2109","0","0","0","N","0","0","0","1","02109","0","","4.0","9999.0","9","N","N","N","1","","0","0","0","","0","Y","","1","0","0","0","0","0","1","2","0","1","","","","N","","","","","","","","","",""
"2020004861","1616","2","0","0","0","0","0","0","0","0","1","0","","02","1","2020","4","40.635983","-79.726361","1616","11","0","0","0","0","0","2","0","0","","0","0","0","","","0","N","0","","40 38:09.538","1","0","79 43:34.899","0","0","0","0","2106","0","0","0","N","0","0","0","2","68D02","0","","1.0","1621.0","1","N","N","Y","0","","0","0","0","","0","N","","2","0","0","0","0","0","0","2","0","2","","","","N","","","","","","","","","",""
"2020002934","0108","0","0","0","0","0","0","0","0","0","7","0","","02","1","2020","2","40.644867","-80.084669","0107","11","0","0","0","0","0","0","0","0","","0","0","0","","","2","Y","0","","40 38:41.520","6","0","80 05:04.810","2","0","0","0","2212","0","0","0","N","0","0","0","3","02505","0","","4.0","930.0","1","N","N","N","1","","1","1","0","","0","Y","","1","2","3","0","1","0","0","2","0","1","","","","N","","","","","","","","","",""
"2020049548","2050","2","0","0","0","0","0","0","0","0","4","0","","02","6","2020","4","40.438541","-80.005766","2040","11","0","0","0","0","0","0","0","0","","0","0","0","","","1","","1","","40 26:18.749","","0","80 00:20.759","3","0","0","0","2301","0","0","0","N","0","0","0","3","02301","0","","1.0","","1","N","N","N","0","","1","0","0","","2","","","2","1","1","0","0","0","0","2","0","2","","03","","N","","","","","","","","","",""
"2020002384","1820","1","0","0","0","0","0","0","0","0","4","0","","02","1","2020","3","40.454403","-79.947676","1806","11","0","0","0","0","1","0","0","0","","0","0","0","","","0","N","1","","40 27:15.850","","0","79 56:51.634","9","0","0","0","2301","0","0","0","N","0","0","0","2","02301","0","","1.0","","1","N","N","N","1","","0","0","0","","2","","","2","0","1","0","0","0","1","2","0","2","","03","","N","","","","","","","","","",""
"2020047948","1321","1","0","0","0","0","0","0","0","0","1","0","","02","6","2020","2","40.402195","-79.836719","1316","11","0","0","0","0","0","1","0","0","","0","0","0","","","1","N","0","","40 24:07.901","4","7","79 50:12.190","3","0","0","0","2425","0","0","0","N","0","0","0","2","68B03","0","","1.0","1350.0","1","N","N","N","1","","1","0","0","","0","N","","2","1","0","0","0","0","0","2","0","2","","03","","N","","","","","","","","","",""
"2020051008","1030","0","0","0","0","0","0","0","0","0","1","0","","02","6","2020","5","40.199241","-79.868299","1025","11","0","0","0","0","0","2","0","0","","0","0","0","","","1","Y","0","","40 11:57.269","2","0","79 52:05.878","3","0","0","0","2204","0","0","0","N","0","0","0","2","02204","0","","1.0","1130.0","1","N","N","N","1","","1","0","1","","3","N","","2","1","0","0","0","0","0","1","0","2","","03","","N","","","","","","","","","",""
"2020000859","1711","2","0","0","0","0","0","0","0","0","2","0","","02","1","2020","6","40.476848","-80.006762","1707","11","0","0","0","0","0","1","0","0","","0","0","0","","","0","N","2","","40 28:36.652","","0","80 00:24.343","0","0","0","0","2301","0","0","0","N","0","0","0","2","02301","0","","1.0","","9","N","N","N","0","","0","0","0","","2","","","2","0","0","0","0","0","0","2","0","2","","07","","N","","","","","","","","","",""
"2020006414","0619","0","0","0","0","0","0","0","0","0","7","0","","02","1","2020","1","40.358326","-79.934579","0619","11","0","0","0","0","1","0","0","0","","0","0","0","","","0","N","0","","40 21:29.975","5","3","79 56:04.483","0","0","0","0","2473","0","0","0","Y","0","0","0","1","02473","0","","2.0","640.0","2","N","N","N","0","","0","0","1","","0","N","","1","0","0","0","0","0","0","2","0","1","","","","N","","","","","","","","","",""
"2020004350","1029","2","0","0","0","0","0","0","0","0","1","0","","02","1","2020","2","40.464644","-79.937531","1019","11","0","0","0","0","0","0","0","0","","0","0","0","","","0","N","0","","40 27:52.719","","0","79 56:15.110","0","0","0","0","2301","0","0","0","N","0","0","0","1","02301","0","","6.0","","1","N","N","N","0","","0","0","0","","0","","","2","0","0","0","0","0","0","2","0","2","","03","","N","","","","","","","","","",""
"2020052532","0507","1","0","0","0","0","0","0","0","0","7","0","","02","7","2020","1","40.474604","-80.005178","0501","11","0","0","0","0","0","0","0","0","","0","0","0","","","0","N","1","","40 28:28.574","","2","80 00:18.642","9","0","0","0","2301","0","0","0","N","0","0","0","1","02301","0","","2.0","","1","N","N","N","0","","0","0","0","","0","","","1","0","0","0","0","0","1","2","0","1","","03","","N","","","","","","","","","",""
"2020002091","1800","2","0","0","0","0","0","0","0","0","1","0","","02","1","2020","2","40.364224","-79.842733","1758","11","0","0","0","0","0","0","0","0","","0","0","0","","","0","Y","0","","40 21:51.207","2","0","79 50:33.840","0","0","0","0","2303","0","0","0","N","0","0","0","2","02303","0","","1.0","1830.0","1","N","N","N","0","","0","0","0","","2","Y","","2","0","0","0","0","0","0","2","0","2","","03","","N","","","","","","","","","",""
"2020047626","0729","2","0","0","0","0","0","0","0","0","1","0","","02","6","2020","4","40.637536","-80.063027","0721","11","0","0","1","0","0","1","0","0","","0","0","0","","","2","N","0","","40 38:15.130","","0","80 03:46.898","3","0","0","0","2216","0","0","0","N","0","0","0","2","02505","0","","1.0","","1","N","N","N","0","","2","0","0","","0","N","","2","2","0","0","0","0","0","2","0","2","","","","N","","","","","","","","","",""
"2020002038","0938","0","0","0","0","0","0","0","0","0","8","0","","02","1","2020","3","40.382237","-79.99589","0930","11","0","0","0","0","0","0","0","1","","0","0","0","","","1","N","5","","40 22:56.052","","0","79 59:45.205","2","0","0","0","2301","1","0","1","N","1","0","1","2","02301","0","","1.0","","1","N","N","N","0","","0","1","1","","2","","","2","1","0","0","0","0","0","2","0","1","","03","","N","","","","","","","","","",""
"2020048163","0243","1","0","0","0","0","0","0","0","0","5","1","","02","6","2020","1","40.432257","-79.959974","0243","11","0","0","0","0","0","1","0","0","","0","1","0","","","1","N","0","","40 25:56.124","4","0","79 57:35.905","8","0","0","0","2301","0","0","0","N","0","0","0","3","68B03","0","","1.0","330.0","1","N","N","N","0","","0","0","0","","0","N","","2","1","1","0","0","1","0","2","0","2","","","","N","","","","","","","","","",""
"2020002666","1941","1","0","0","0","0","0","0","0","0","7","0","","02","1","2020","3","40.381869","-79.994678","1934","11","0","0","0","0","0","0","0","0","","0","0","0","","","0","N","0","","40 22:54.730","","0","79 59:40.840","0","0","0","0","2301","0","0","0","N","0","0","0","1","02301","0","","4.0","","1","N","N","N","0","","0","0","0","","0","N","","1","0","0","0","0","0","0","2","0","1","","","","N","","","","","","","","","",""
"2020000074","0841","2","0","0","0","0","0","0","0","0","7","0","","02","1","2020","4","40.353043","-79.84133","0841","11","0","0","0","0","0","0","0","0","","0","0","0","","","0","N","0","","40 21:10.954","3","2","79 50:28.788","0","0","0","0","2304","0","0","0","N","0","0","0","2","02304","0","","4.0","940.0","2","N","N","N","0","","0","0","0","","0","N","","2","0","0","0","0","0","0","2","0","2","","98","","N","","","","","","","","","",""
"2020047498","0924","0","0","0","0","0","0","0","0","0","7","1","","02","6","2020","3","40.591364","-79.773035","0913","11","0","0","0","0","0","1","0","0","","0","1","0","","","0","N","0","","40 35:28.912","","0","79 46:22.925","0","0","0","0","2104","0","0","0","Y","0","0","0","1","68D02","0","","4.0","","1","N","N","N","0","","0","0","0","","0","","","1","0","0","0","0","0","0","2","0","1","","03","","N","","","","","","","","","",""
"2020001301","0835","1","0","0","0","0","0","0","0","0","7","0","","02","1","2020","1","40.588836","-79.886663","0830","11","0","0","0","0","0","0","0","0","","0","0","0","","","0","N","0","","40 35:19.810","","0","79 53:11.988","0","0","0","0","2209","0","0","0","N","0","0","0","2","02209","0","","2.0","","2","N","N","N","0","","0","0","0","","0","","","1","0","0","0","0","0","0","2","0","1","","","","N","","","","","","","","","",""
"2020012033","1918","1","0","0","0","0","0","0","0","0","8","0","","02","1","2020","6","40.487884","-79.887081","1918","11","0","0","0","0","0","0","0","0","","0","0","0","","","1","N","0","","40 29:16.382","","7","79 53:13.491","8","0","0","0","2301","1","0","0","N","1","0","0","2","02301","0","","1.0","","9","N","N","N","0","","0","0","0","","0","","","2","1","0","0","0","1","1","2","0","1","","07","","N","","","","","","","","","",""
"2020027745","1252","2","0","0","0","0","0","0","0","0","1","0","","02","1","2020","5","40.564063","-79.7726","1242","11","0","0","0","0","0","0","0","0","","0","0","0","","","1","N","0","","40 33:50.628","4","3","79 46:21.360","3","0","0","0","2104","0","0","0","N","0","0","0","2","02104","0","","1.0","9999.0","1","N","N","N","0","","1","0","0","","0","Y","","2","1","0","0","0","0","1","2","0","2","","","","N","","","","","","","","","",""
"2020000686","1057","0","0","0","0","0","0","0","0","0","1","0","","02","1","2020","6","40.445929","-79.82798","1055","11","0","0","0","0","0","1","0","0","","0","0","0","","","1","N","1","","40 26:45.346","","0","79 49:40.727","8","0","0","0","2113","0","0","0","N","0","0","0","2","02113","0","","1.0","","9","N","N","N","1","","0","0","1","","2","","","2","1","1","0","0","1","0","2","0","2","","","","N","","","","","","","","","",""
"2020012424","0918","1","0","0","0","0","0","0","0","0","1","0","","02","1","2020","5","40.528097","-80.006747","0918","11","0","0","0","0","0","0","0","0","","0","0","0","","","0","N","0","","40 31:41.148","","7","80 00:24.290","0","0","0","0","2116","0","0","0","N","0","0","0","2","02116","0","","1.0","","1","","","N","0","","0","0","1","","2","","","2","0","0","0","0","0","0","2","0","2","","03","","N","","","","","","","","","",""
"2020046607","1753","0","0","0","0","0","0","0","0","0","8","0","","02","5","2020","7","40.523644","-80.184364","1750","11","0","0","1","0","0","0","0","0","","0","0","0","","","1","N","0","","40 31:25.120","","0","80 11:03.710","3","0","0","0","2213","1","0","0","N","1","0","0","2","02213","0","","1.0","","1","N","N","N","0","","1","0","1","","0","","","2","1","0","0","0","0","0","2","0","1","","","","N","","","","","","","","","",""
"2020004440","0626","2","0","0","0","0","0","0","0","0","1","0","","02","1","2020","5","40.429724","-79.885311","0623","11","0","0","0","0","0","0","0","0","","0","0","0","","","1","N","0","","40 25:47.005","","0","79 53:07.118","4","0","0","0","2426","0","0","0","N","0","0","0","3","68B03","1","","1.0","","1","N","N","N","0","","0","0","1","","0","","","3","1","0","0","0","0","0","2","0","3","","","","N","","","","","","","","","",""
"2020048501","2145","1","0","0","0","0","0","0","0","0","8","0","","02","6","2020","1","40.443556","-79.952106","2132","11","0","0","0","0","0","1","0","0","","0","0","0","","","1","","1","","40 26:36.802","","0","79 57:07.581","3","0","0","0","2301","1","0","0","N","1","0","0","2","02301","0","","1.0","","1","N","N","N","0","","1","0","0","","2","","","2","1","0","0","0","0","1","2","0","1","","","","N","","","","","","","","","",""
"2020052820","0510","1","0","0","0","0","0","0","0","0","7","0","","02","7","2020","1","40.408391","-80.004744","0507","11","0","0","0","0","0","0","0","0","","0","0","0","","","0","N","0","","40 24:30.209","","0","80 00:17.077","9","0","0","0","2301","0","0","0","N","0","0","0","1","02301","0","","5.0","","1","N","N","N","0","","0","0","0","","0","","","1","0","0","0","0","0","1","2","0","1","","","","N","","","","","","","","","",""
"2020042693","1710","0","0","0","0","0","0","0","0","0","4","0","","02","5","2020","3","40.385413","-79.821842","1708","11","0","0","0","0","1","0","1","0","","0","0","0","","","0","N","2","","40 23:07.485","","0","79 49:18.631","0","0","0","0","2111","0","0","0","N","0","0","0","4","02111","0","","1.0","","1","N","N","N","0","","0","0","2","","3","","","2","0","0","0","0","0","0","2","0","2","","03","","N","","","","","","","","","",""
"2020049744","1538","2","0","0","0","0","0","0","0","0","4","0","","02","6","2020","5","40.422775","-79.993765","1510","11","0","0","0","0","0","0","1","0","","0","0","0","","","2","","1","","40 25:21.989","7","0","79 59:37.553","4","0","0","0","2301","0","0","0","N","0","0","0","2","02301","2","","1.0","1545.0","1","N","N","N","0","","0","0","0","","3","N","","2","2","0","0","0","0","0","2","0","2","","","","N","","","","","","","","","",""
"2020001258","0050","1","0","0","0","0","0","0","0","0","7","0","","02","1","2020","4","40.443015","-80.052733","0043","11","0","0","0","0","0","0","0","0","","0","0","0","","","0","","2","","40 26:34.853","","0","80 03:09.838","0","0","0","0","2301","0","0","0","N","0","0","0","2","02301","0","","5.0","","9","N","N","N","0","","0","0","0","","0","","","1","0","0","0","0","0","0","2","0","1","","07","","N","","","","","","","","","",""
"2020008339","0900","1","0","0","0","0","0","0","0","0","3","0","","02","1","2020","4","40.495176","-79.819609","0849","11","0","0","0","0","0","1","0","1","","0","0","0","","","1","N","0","","40 29:42.635","2","7","79 49:10.593","3","0","0","0","2113","0","0","0","N","0","0","0","2","02113","0","","1.0","935.0","1","N","N","N","1","","1","0","0","","0","N","","2","1","0","0","0","0","0","2","0","2","","03","","N","","","","","","","","","",""
"2020005182","0136","1","0","0","0","0","0","0","0","0","7","0","","02","1","2020","3","40.466616","-79.946191","0132","11","0","0","0","0","0","0","0","0","","0","0","0","","","0","N","2","","40 27:59.818","","0","79 56:46.287","0","0","0","0","2301","0","0","0","N","0","0","0","1","02301","0","","5.0","","1","N","N","N","0","","0","0","0","","0","","","1","0","0","0","0","0","0","2","0","1","","","","N","","","","","","","","","",""
"2020006095","1355","2","0","0","0","0","0","0","0","0","4","0","","02","1","2020","5","40.347642","-79.947222","1353","11","0","0","0","0","0","0","0","0","","0","0","0","","","0","N","1","","40 20:51.510","","7","79 56:50.000","0","0","0","0","2473","0","0","0","N","0","0","0","2","02473","0","","1.0","","1","N","N","N","0","","0","0","0","","3","","","2","0","0","0","0","0","0","2","0","2","","03","","N","","","","","","","","","",""
"2020003229","1855","2","0","0","0","0","0","0","0","0","1","0","","02","1","2020","5","40.474193","-80.039346","1845","11","0","0","0","0","0","1","0","0","","0","0","0","","","0","N","0","","40 28:27.094","1","0","80 02:21.646","0","0","0","0","2301","0","0","0","N","0","0","0","2","02301","0","","1.0","1910.0","1","N","N","N","0","","0","0","0","","0","Y","","2","0","0","0","0","0","0","2","0","2","","03","","N","","","","","","","","","",""
"2020044212","1200","2","0","0","0","0","0","0","0","0","4","0","","02","6","2020","1","40.458862","-79.895764","1145","11","0","0","0","0","0","2","0","0","","0","0","0","","","0","","1","","40 27:31.903","","0","79 53:44.750","0","0","0","0","2301","0","0","0","N","0","0","0","2","02301","0","","1.0","","1","N","N","N","0","","0","0","0","","3","","","2","0","0","0","0","0","0","2","0","2","","","","N","","","","","","","","","",""
"2020004856","2144","1","0","0","0","0","0","0","0","0","0","0","","02","1","2020","3","40.431222","-80.025868","2141","11","0","0","0","0","0","0","0","0","","0","0","0","","","0","N","0","","40 25:52.400","4","0","80 01:33.123","0","0","0","0","2301","0","0","0","N","0","0","0","1","68B03","0","","1.0","20.0","1","N","N","N","0","","0","0","0","","0","N","","1","0","0","0","0","0","0","2","0","1","","03","","N","","","","","","","","","",""
"2020017938","0802","1","0","0","0","0","0","0","0","0","1","0","","02","1","2020","6","40.526124","-80.158218","0800","11","0","0","0","1","0","0","0","0","","0","0","0","","","0","N","0","","40 31:34.048","","0","80 09:29.586","0","0","0","0","2436","0","0","0","N","0","0","0","3","68B03","0","","1.0","","9","N","N","N","0","","0","0","2","","2","","","3","0","0","0","0","0","0","2","0","3","","07","","N","","","","","","","","","",""
"2020047612","0935","0","0","0","0","0","0","0","0","0","7","0","","02","6","2020","5","40.424424","-79.964751","0930","11","0","0","0","0","0","1","0","0","","0","0","0","","","1","Y","0","","40 25:27.927","1","0","79 57:53.102","3","0","0","0","2301","0","0","0","N","0","0","0","1","02301","0","","5.0","1000.0","1","N","N","N","1","","1","0","0","","0","N","","1","1","0","0","0","0","0","2","0","1","","","","N","","","","","","","","","",""
"2020041276","1257","0","0","0","0","0","0","0","0","0","2","0","","02","5","2020","5","40.540862","-79.807026","1249","11","0","0","0","0","0","0","1","0","","0","0","0","","","0","Y","2","","40 32:27.103","","0","79 48:25.293","0","0","0","0","2418","0","0","0","N","0","0","0","2","02514","0","","1.0","","1","N","N","N","0","","0","0","2","","0","N","","2","0","2","0","0","0","0","2","0","2","","03","","N","","","","","","","","","",""
"2020002293","1748","0","0","0","0","0","0","0","0","0","7","0","","02","1","2020","3","40.468933","-80.137075","1743","11","0","0","0","0","0","0","0","0","","0","0","0","","","1","N","0","","40 28:08.158","1","0","80 08:13.469","3","0","0","0","2115","0","0","0","N","0","0","0","1","02115","0","","5.0","1815.0","1","N","N","N","0","","1","0","1","","0","N","","1","1","0","0","0","0","0","2","0","1","","03","","N","","","","","","","","","",""
"2020028809","1822","3","0","0","0","0","0","0","0","0","1","0","","02","1","2020","6","40.491218","-79.88766","1751","11","0","0","0","1","0","1","0","0","","0","0","0","","","0","N","0","","40 29:28.383","2","0","79 53:15.576","9","0","0","0","2112","0","0","0","N","0","0","0","6","68D02","0","","1.0","1906.0","1","N","N","N","0","","0","0","0","","0","Y","","4","0","0","0","0","0","1","2","0","4","","03","","N","","","","","","","","","",""