"CRN","ARRIVAL_TM","AUTOMOBILE_COUNT","BELTED_DEATH_COUNT","BELTED_SUSP_SERIOUS_INJ_COUNT","BICYCLE_COUNT","BICYCLE_DEATH_COUNT","BICYCLE_SUSP_SERIOUS_INJ_COUNT","BUS_COUNT","CHLDPAS_DEATH_COUNT","CHLDPAS_SUSP_SERIOUS_INJ_COUNT","COLLISION_TYPE","COMM_VEH_COUNT","CONS_ZONE_SPD_LIM","COUNTY","CRASH_MONTH","CRASH_YEAR","DAY_OF_WEEK","DEC_LATITUDE","DEC_LONGITUDE","DISPATCH_TM","DISTRICT","DRIVER_COUNT_16YR","DRIVER_COUNT_17YR","DRIVER_COUNT_18YR","DRIVER_COUNT_19YR","DRIVER_COUNT_20YR","DRIVER_COUNT_50_64YR","DRIVER_COUNT_65_74YR","DRIVER_COUNT_75PLUS","EST_HRS_CLOSED","FATAL_COUNT","HEAVY_TRUCK_COUNT","HORSE_BUGGY_COUNT","HOUR_OF_DAY","ILLUMINATION","INJURY_COUNT","INTERSECTION_RELATED","INTERSECT_TYPE","LANE_CLOSED","LATITUDE","LN_CLOSE_DIR","LOCATION_TYPE","LONGITUDE","MAX_SEVERITY_LEVEL","MCYCLE_DEATH_COUNT","MCYCLE_SUSP_SERIOUS_INJ_COUNT","MOTORCYCLE_COUNT","MUNICIPALITY","NONMOTR_COUNT","NONMOTR_DEATH_COUNT","NONMOTR_SUSP_SERIOUS_INJ_COUNT","NTFY_HIWY_MAINT","PED_COUNT","PED_DEATH_COUNT","PED_SUSP_SERIOUS_INJ_COUNT","PERSON_COUNT","POLICE_AGCY","POSSIBLE_INJ_COUNT","RDWY_SURF_TYPE_CD","RELATION_TO_ROAD","ROADWAY_CLEARED","ROAD_CONDITION","SCH_BUS_IND","SCH_ZONE_IND","SECONDARY_CRASH","SMALL_TRUCK_COUNT","SPEC_JURIS_CD","SUSP_MINOR_INJ_COUNT","SUSP_SERIOUS_INJ_COUNT","SUV_COUNT","TCD_FUNC_CD","TCD_TYPE","TFC_DETOUR_IND","TIME_OF_DAY","TOTAL_UNITS","TOT_INJ_COUNT","UNBELTED_OCC_COUNT","UNB_DEATH_COUNT","UNB_SUSP_SERIOUS_INJ_COUNT","UNK_INJ_DEG_COUNT","UNK_INJ_PER_COUNT","URBAN_RURAL","VAN_COUNT","VEHICLE_COUNT","WEATHER1","WEATHER2","WORKERS_PRES","WORK_ZONE_IND","WORK_ZONE_LOC","WORK_ZONE_TYPE","WZ_CLOSE_DETOUR","WZ_FLAGGER","WZ_LAW_OFFCR_IND","WZ_LN_CLOSURE","WZ_MOVING","WZ_OTHER","WZ_SHLDER_MDN","WZ_WORKERS_INJ_KILLED"
"2020012962","1540","1","0","0","0","0","0","0","0","0","1","0","","02","2","2020","2","40.496166","-79.939346","1531","11","0","0","0","0","0","0","0","0","","0","0","0","","","1","N","0","","40 29:46.199","2","3","79 56:21.644","8","0","0","0","2461","0","0","0","N","0","0","0","3","02430","0","","1.0","1626.0","1","N","N","N","1","","0","0","0","","0","N","","2","1","0","0","0","1","0","2","0","2","","","","N","","","","","","","","","",""
"2020017503","1529","1","0","0","0","0","0","0","0","0","4","0","","02","2","2020","3","40.635165","-79.940614","1511","11","0","0","0","0","0","1","0","0","","0","0","0","","","0","N","0","","40 38:06.593","","7","79 56:26.212","0","0","0","0","2217","0","0","0","N","0","0","0","2","02505","0","","1.0","","1","N","N","N","1","","0","0","0","","3","","","2","0","0","0","0","0","0","2","0","2","","04","","N","","","","","","","","","",""
"2020003035","1212","2","0","0","0","0","0","0","0","0","1","0","","02","1","2020","4","40.450681","-80.188919","1212","11","0","0","0","0","0","0","0","0","","0","0","0","","","1","N","0","","40 27:02.450","","0","80 11:20.110","3","0","0","0","2214","0","0","0","N","0","0","0","2","02214","0","","1.0","","1","N","N","N","0","","1","0","0","","0","","","2","1","0","0","0","0","0","2","0","2","","","","N","","","","","","","","","",""
"2020011503","0745","2","0","0","0","0","0","0","0","0","1","0","","02","1","2020","3","40.365738","-80.016312","0745","11","0","0","1","0","0","0","0","0","","0","0","0","","","1","","2","","40 21:56.656","","0","80 00:58.724","3","0","0","0","2416","0","0","0","N","0","0","0","2","02416","0","","1.0","","1","N","N","N","0","","1","0","0","","3","","","2","1","0","0","0","0","0","2","0","2","","","","N","","","","","","","","","",""
"2020000771","1348","2","0","0","0","0","0","0","0","0","5","0","","02","1","2020","6","40.394894","-80.021547","1338","11","0","0","0","0","0","1","0","0","","0","0","0","","","0","N","2","","40 23:41.618","","0","80 01:17.569","0","0","0","0","2301","0","0","0","N","0","0","0","4","02301","0","","1.0","","1","N","N","N","0","","0","0","0","","2","","","3","0","0","0","0","0","0","2","1","3","","03","","N","","","","","","","","","",""
"2020038880","1625","1","0","0","0","0","0","0","0","0","7","0","","02","5","2020","6","40.452913","-79.965297","1623","11","0","0","0","0","0","1","0","0","","0","0","0","","","1","N","0","","40 27:10.488","","0","79 57:55.068","3","0","0","0","2301","0","0","0","N","0","0","0","1","02301","0","","5.0","","1","N","N","N","0","","1","0","0","","0","","","1","1","0","0","0","0","0","2","0","1","","","","N","","","","","","","","","",""
"2020000758","1333","1","0","0","0","0","0","0","0","0","1","0","","02","1","2020","5","40.42827","-79.927266","1333","11","0","0","0","0","0","1","0","0","","0","0","0","","","0","N","0","","40 25:41.773","4","4","79 55:38.157","0","0","0","0","2301","0","0","0","N","0","0","0","5","68B03","0","","1.0","1340.0","1","N","N","N","1","","0","0","1","","0","N","","3","0","0","0","0","0","0","2","0","3","","03","","N","","","","","","","","","",""
"2020051891","1617","1","0","0","0","0","0","0","0","0","1","1","","02","6","2020","3","40.33634","-80.132045","1612","11","0","0","0","0","0","2","0","0","","0","1","0","","","0","Y","0","","40 20:10.825","2","0","80 07:55.361","0","0","0","0","2119","0","0","0","N","0","0","0","2","02119","0","","1.0","1705.0","1","N","N","N","0","","0","0","0","","0","N","","2","0","0","0","0","0","0","2","0","2","","","","N","","","","","","","","","",""
"2020008715","0353","1","0","0","0","0","0","0","0","0","98","0","","02","1","2020","4","40.422207","-80.098847","0353","11","0","0","0","0","0","0","0","0","","0","0","0","","","0","N","0","","40 25:19.945","","0","80 05:55.849","0","0","0","0","2115","0","0","0","N","0","0","0","1","68B03","0","","4.0","","9","N","N","N","0","","0","0","0","","0","","","1","0","1","0","0","0","0","2","0","1","","","","N","","","","","","","","","",""
"2020000963","2207","1","0","0","0","0","0","0","0","0","4","0","","02","1","2020","5","40.445944","-79.84844","2205","11","0","0","0","0","1","1","0","0","","0","0","0","","","1","","1","","40 26:45.400","3","0","79 50:54.384","3","0","0","0","2419","0","0","0","N","0","0","0","2","02419","0","","1.0","2245.0","9","N","N","N","0","","1","0","1","","2","N","","2","1","0","0","0","0","0","2","0","2","","","","N","","","","","","","","","",""
"2020002223","1040","1","0","0","0","0","0","0","0","0","4","0","","02","1","2020","3","40.349641","-79.861849","1037","11","0","0","0","0","0","0","0","0","","0","0","0","","","1","","2","","40 20:58.707","","0","79 51:42.656","8","0","0","0","2304","0","0","0","N","0","0","0","3","02304","0","","1.0","","1","N","Y","N","0","","0","0","0","","3","","","2","1","1","0","0","1","0","2","1","2","","03","","N","","","","","","","","","",""
"2020012519","1745","1","0","0","0","0","0","0","0","0","7","0","","02","2","2020","7","40.411353","-80.080664","1740","11","0","0","0","0","0","1","0","0","","0","0","0","","","0","N","0","","40 24:40.870","","0","80 04:50.390","0","0","0","0","2415","0","0","0","N","0","0","0","1","02415","0","","5.0","","1","N","N","N","0","","0","0","0","","0","","","1","0","0","0","0","0","0","2","0","1","","03","","N","","","","","","","","","",""
"2020046606","1651","1","0","0","0","0","0","0","0","0","1","0","","02","6","2020","2","40.371915","-79.912428","1644","11","0","0","0","0","0","0","0","0","","0","0","0","","","1","","1","","40 22:18.894","","0","79 54:44.740","3","0","0","0","2301","0","0","0","N","0","0","0","3","02301","0","","1.0","","1","N","N","N","1","","1","0","0","","0","","","2","1","0","0","0","0","0","2","0","2","","03","","N","","","","","","","","","",""
"2020049274","1815","1","0","0","0","0","0","0","0","0","1","0","","02","6","2020","2","40.457566","-80.137895","1810","11","0","0","0","0","0","0","0","0","","0","0","0","","","0","N","0","","40 27:27.237","","0","80 08:16.421","0","0","0","0","2115","0","0","0","N","0","0","0","2","02115","0","","1.0","","9","N","N","N","0","","0","0","1","","0","N","","2","0","0","0","0","0","0","2","0","2","","","","N","","","","","","","","","",""
"2020046185","2236","0","0","0","0","0","0","0","0","0","5","0","","02","6","2020","3","40.46148","-79.934591","2227","11","0","0","0","0","0","1","0","0","","0","0","0","","","0","N","11","","40 27:41.328","","0","79 56:04.527","0","0","0","0","2301","0","0","0","N","0","0","0","2","02301","0","","1.0","","1","N","N","N","0","","0","0","2","","0","","","2","0","0","0","0","0","0","2","0","2","","03","","N","","","","","","","","","",""
"2020046906","1544","2","0","0","0","0","0","0","0","0","1","0","","02","6","2020","2","40.518258","-79.958934","1539","11","0","0","0","0","0","0","0","0","","0","0","0","","","1","","1","","40 31:05.728","","0","79 57:32.164","3","0","0","0","2118","0","0","0","N","0","0","0","2","02118","0","","1.0","","1","N","N","N","0","","1","0","0","","0","","","2","1","0","0","0","0","0","2","0","2","","","","N","","","","","","","","","",""
"2020009367","1524","1","0","0","0","0","0","0","0","0","4","0","","02","1","2020","6","40.440113","-79.959854","1511","11","0","0","0","0","0","0","0","0","","0","0","0","","","0","N","1","","40 26:24.407","","0","79 57:35.473","0","0","0","0","2301","0","0","0","N","0","0","0","2","02301","0","","1.0","","9","N","N","N","0","","0","0","1","","0","","","2","0","0","0","0","0","0","2","0","2","","07","","N","","","","","","","","","",""
"2020050245","1240","3","0","0","0","0","0","0","0","0","1","0","","02","6","2020","7","40.569571","-79.954126","1236","11","0","0","0","0","0","1","0","0","","0","0","0","","","0","","2","","40 34:10.457","","0","79 57:14.853","0","0","0","0","2207","0","0","0","N","0","0","0","5","02207","0","","1.0","","1","N","N","N","0","","0","0","0","","2","","","3","0","0","0","0","0","0","2","0","3","","03","","N","","","","","","","","","",""
"2020009502","0018","2","0","0","0","0","0","0","0","0","4","0","","02","1","2020","7","40.463516","-79.948945","0010","11","0","0","0","0","0","1","0","0","","0","0","0","","","0","","1","","40 27:48.657","","0","79 56:56.202","0","0","0","0","2301","0","0","0","N","0","0","0","6","02301","0","","1.0","","9","N","N","N","0","","0","0","0","","1","","","2","0","0","0","0","0","0","2","0","2","","","","N","","","","","","","","","",""
"2020006019","2150","1","0","0","0","0","0","0","0","0","7","0","","02","1","2020","6","40.545711","-80.082931","2148","11","1","0","0","0","0","0","0","0","","0","0","0","","","0","N","0","","40 32:44.560","6","0","80 04:58.550","0","0","0","0","2215","0","0","0","N","0","0","0","1","02215","0","","2.0","2220.0","9","N","N","N","0","","0","0","0","","0","N","","1","0","0","0","0","0","0","2","0","1","","","","N","","","","","","","","","",""
"2020001299","0930","1","0","0","0","0","0","0","0","0","1","0","","02","1","2020","1","40.457892","-79.720973","0925","11","0","0","0","0","0","2","0","0","","0","0","0","","","1","N","0","","40 27:28.412","1","7","79 43:15.502","8","0","0","0","2466","0","0","0","N","0","0","0","2","02466","0","","1.0","1000.0","2","N","N","N","1","","0","0","0","","0","N","","2","1","0","0","0","1","0","2","0","2","","98","","N","","","","","","","","","",""
"2020010141","1307","2","0","0","0","0","0","0","0","0","4","0","","02","1","2020","7","40.338416","-79.951039","1301","11","0","0","0","0","0","1","0","0","","0","0","0","","","1","N","2","","40 20:18.298","","0","79 57:03.740","8","0","0","0","2473","0","0","0","N","0","0","0","4","02473","0","","1.0","","1","N","N","N","0","","0","0","0","","3","","","2","1","0","0","0","1","2","2","0","2","","04","","N","","","","","","","","","",""
"2020008116","0120","1","0","0","0","0","0","0","0","0","7","0","","02","1","2020","6","40.431706","-80.138751","0110","11","0","0","0","0","1","0","0","0","","0","0","0","","","1","N","0","","40 25:54.142","","0","80 08:19.502","8","0","0","0","2115","0","0","0","N","0","0","0","1","68B03","0","","2.0","","9","N","N","N","0","","0","0","0","","0","","","1","1","0","0","0","1","0","2","0","1","","","","N","","","","","","","","","",""
"2020008145","1843","0","0","0","0","0","0","0","0","0","5","0","","02","1","2020","4","40.443659","-80.009005","1823","11","0","0","0","0","0","0","0","0","","0","0","0","","","0","N","6","","40 26:37.172","","8","80 00:32.418","0","0","0","0","2301","0","0","0","N","0","0","0","2","68B03","0","","1.0","","1","N","N","N","0","","0","0","2","","0","","","2","0","0","0","0","0","0","2","0","2","","","","N","","","","","","","","","",""
"2020047594","1723","1","0","0","0","0","0","0","0","0","1","0","","02","6","2020","3","40.565359","-80.008516","1720","11","0","0","0","0","1","0","0","1","","0","0","0","","","2","N","0","","40 33:55.293","5","0","80 00:30.656","8","0","0","0","2108","0","0","0","N","0","0","0","2","02108","0","","1.0","1822.0","1","N","N","N","0","","0","0","1","","0","Y","","2","2","0","0","0","2","0","2","0","2","","","","N","","","","","","","","","",""
"2020002697","1630","2","0","0","0","0","0","0","0","0","4","0","","02","1","2020","4","40.495043","-80.065748","1628","11","0","0","0","0","0","1","1","0","","0","0","0","","","0","N","0","","40 29:42.155","1","7","80 03:56.694","0","0","0","0","2402","0","0","0","N","0","0","0","2","02402","0","","1.0","1704.0","1","N","N","N","0","","0","0","0","","0","N","","2","0","0","0","0","0","0","2","0","2","","","","N","","","","","","","","","",""
"2020051516","1905","1","0","0","0","0","0","0","0","0","7","0","","02","6","2020","6","40.439612","-80.009669","1900","11","0","0","0","1","0","0","0","0","","0","0","0","","","0","","3","","40 26:22.604","","3","80 00:34.807","0","0","0","0","2301","0","0","0","N","0","0","0","1","02301","0","","2.0","","1","N","N","N","0","","0","0","0","","0","","","1","0","0","0","0","0","0","2","0","1","","03","","N","","","","","","","","","",""
"2020050821","2210","2","0","0","0","0","0","0","0","0","2","0","","02","6","2020","6","40.535686","-79.970536","2205","11","0","0","1","0","0","0","0","0","","0","0","0","","","1","N","1","","40 32:08.469","","0","79 58:13.931","3","0","0","0","2118","0","0","0","N","0","0","0","4","02118","0","","1.0","","1","N","N","N","0","","1","0","0","","2","","","2","1","1","0","0","0","0","2","0","2","","","","N","","","","","","","","","",""
"2020005166","2205","1","0","0","0","0","0","0","0","0","2","1","","02","1","2020","3","40.552114","-80.231169","2202","11","0","0","0","0","0","0","0","0","","0","0","0","","","2","N","0","","40 33:07.610","6","0","80 13:52.210","3","0","0","0","2103","0","0","0","N","0","0","0","2","02103","0","","1.0","2300.0","1","N","N","N","0","","2","0","0","","0","Y","","2","2","0","0","0","0","0","2","1","2","","03","","N","","","","","","","","","",""
"2020045778","0938","1","0","0","0","0","0","0","0","0","6","1","","02","6","2020","6","40.331159","-79.986641","0935","11","0","0","0","0","0","0","0","1","","0","1","0","","","0","","2","","40 19:52.174","","0","79 59:11.906","0","0","0","0","2403","0","0","0","Y","0","0","0","3","02403","0","","1.0","","1","N","N","N","0","","0","0","0","","2","","","2","0","0","0","0","0","0","2","0","2","","","","N","","","","","","","","","",""
"2020016704","2250","1","0","0","0","0","0","0","0","0","7","0","","02","1","2020","3","40.350358","-79.835519","2121","11","0","0","0","0","0","0","0","0","","0","0","0","","","3","N","0","","40 21:01.290","","7","79 50:07.870","2","0","0","0","2304","0","0","0","N","0","0","0","4","02501","0","","2.0","","1","N","N","N","0","","1","1","0","","0","","","1","3","2","0","1","1","0","2","0","1","","","","N","","","","","","","","","",""
"2020048052","0002","1","0","0","0","0","0","0","0","0","5","0","","02","6","2020","2","40.434227","-79.86694","2337","11","0","0","0","0","0","0","0","0","","0","0","0","","","0","N","6","","40 26:03.217","","2","79 52:00.985","9","0","0","0","2478","0","0","0","N","0","0","0","2","68B03","0","","1.0","","1","N","N","N","0","","0","0","0","","0","","","2","0","0","0","0","0","1","2","0","2","","","","N","","","","","","","","","",""
"2020045753","1246","1","0","0","0","0","0","0","0","0","4","0","","02","6","2020","2","40.438864","-79.762538","1244","11","0","0","0","1","0","0","1","0","","0","0","0","","","1","","1","","40 26:19.910","","0","79 45:45.138","4","0","0","0","2446","0","0","0","N","0","0","0","2","02446","1","","1.0","","1","N","N","N","0","","0","0","1","","2","","","2","1","0","0","0","0","0","2","0","2","","03","","N","","","","","","","","","",""
"2020000044","0310","1","0","0","0","0","0","0","0","0","7","0","","02","1","2020","4","40.21899","-79.844899","0305","11","0","0","0","0","0","0","0","0","","0","0","0","","","0","N","0","","40 13:08.364","1","0","79 50:41.636","0","0","0","0","2204","0","0","0","Y","0","0","0","1","02204","0","","4.0","345.0","1","N","N","N","0","","0","0","0","","0","N","","1","0","0","0","0","0","0","2","0","1","","03","","N","","","","","","","","","",""
"2020009563","1817","2","0","0","0","0","0","0","0","0","1","0","","02","1","2020","1","40.391903","-80.069328","1815","11","0","0","0","0","0","0","0","0","","0","0","0","","","0","N","0","","40 23:30.849","4","7","80 04:09.579","9","0","0","0","2117","0","0","0","N","0","0","0","2","02117","0","","1.0","1825.0","9","N","N","N","0","","0","0","0","","0","N","","2","0","0","0","0","0","1","2","0","2","","","","N","","","","","","","","","",""
"2020008163","0708","1","0","0","0","0","0","0","0","0","1","0","","02","1","2020","3","40.394662","-80.101669","0650","11","0","0","0","0","0","0","0","0","","0","0","0","","","0","N","0","","40 23:40.783","","0","80 06:06.007","0","0","0","0","2102","0","0","0","N","0","0","0","4","68B03","0","","1.0","","1","N","N","N","1","","0","0","2","","0","","","4","0","0","0","0","0","0","2","0","4","","03","","N","","","","","","","","","",""
"2020046351","1331","2","0","0","0","0","0","0","0","0","2","0","","02","6","2020","1","40.350632","-80.00917","1327","11","0","0","0","0","0","0","0","1","","0","0","0","","","1","N","0","","40 21:02.274","5","0","80 00:33.013","8","0","0","0","2403","0","0","0","N","0","0","0","1","02403","0","","1.0","1418.0","1","N","N","N","0","","0","0","0","","0","N","","2","1","0","0","0","1","0","2","0","2","","03","","N","","","","","","","","","",""
"2020005831","1513","0","0","0","0","0","0","0","0","0","7","0","","02","1","2020","5","40.480143","-79.800421","1503","11","0","0","0","0","0","0","0","0","","0","0","0","","","0","N","0","","40 28:48.516","4","0","79 48:01.514","0","0","0","0","2113","0","0","0","N","0","0","0","1","02113","0","","2.0","1530.0","1","N","N","N","0","","0","0","0","","0","N","","1","0","0","0","0","0","0","2","1","1","","","","N","","","","","","","","","",""
"2020001565","1735","0","0","0","0","0","0","0","0","0","8","0","","02","1","2020","6","40.424803","-80.042649","1732","11","0","0","0","0","0","0","0","0","","0","0","0","","","1","","2","","40 25:29.291","3","0","80 02:33.538","2","0","0","0","2435","1","0","1","N","1","0","1","2","02435","0","","1.0","1800.0","1","N","N","N","1","","0","1","0","","2","N","","2","1","0","0","0","0","0","2","0","1","","","","N","","","","","","","","","",""
"2020000759","1705","1","0","0","0","0","0","0","0","0","4","0","","02","1","2020","5","40.456594","-80.186789","1700","11","0","0","0","0","0","1","0","0","","0","0","0","","","1","N","0","","40 27:23.740","","0","80 11:12.439","3","0","0","0","2213","0","0","0","N","0","0","0","2","68B03","0","","1.0","","1","N","N","N","0","","1","0","1","","0","","","2","1","0","0","0","0","0","2","0","2","","","","N","","","","","","","","","",""
"2020047898","0758","0","0","0","0","0","0","0","0","0","4","0","","02","6","2020","6","40.461662","-79.922107","0750","11","0","0","0","0","0","0","0","0","","0","0","0","","","0","N","1","","40 27:41.983","3","0","79 55:19.585","0","0","0","0","2301","0","0","0","N","0","0","0","3","02301","0","","1.0","750.0","1","N","N","N","0","","0","0","2","","2","Y","","2","0","0","0","0","0","0","2","0","2","","04","","N","","","","","","","","","",""
"2020051430","1640","0","0","0","0","0","0","0","0","0","1","0","","02","6","2020","1","40.492616","-80.010587","1634","11","0","0","0","0","0","0","0","0","","0","0","0","","","0","N","0","","40 29:33.416","","0","80 00:38.113","0","0","0","0","2301","0","0","0","N","0","0","0","2","68B03","0","","1.0","","9","N","N","N","0","","0","0","2","","0","","","2","0","0","0","0","0","0","2","0","2","","03","","N","","","","","","","","","",""
"2020002441","0503","0","0","0","0","0","0","0","0","0","7","0","","02","1","2020","7","40.5042","-79.944755","0501","11","0","0","0","0","0","0","0","0","","0","0","0","","","0","N","0","","40 30:15.120","6","0","79 56:41.119","0","0","0","0","2118","0","0","0","N","0","0","0","1","02118","0","","2.0","627.0","9","N","N","N","0","","0","0","1","","0","Y","","1","0","0","0","0","0","0","2","0","1","","","","N","","","","","","","","","",""
"2020001923","2223","1","0","0","0","0","0","0","0","0","7","0","","02","1","2020","2","40.467336","-79.954031","2217","11","0","0","0","0","0","0","0","0","","0","0","0","","","0","N","0","","40 28:02.410","7","0","79 57:14.510","0","0","0","0","2301","0","0","0","N","0","0","0","1","02301","0","","5.0","2230.0","1","N","N","N","0","","0","0","0","","0","Y","","1","0","0","0","0","0","0","2","0","1","","03","","N","","","","","","","","","",""
"2020004123","0118","1","0","0","0","0","0","0","0","0","7","0","","02","1","2020","2","40.433267","-79.888401","0118","11","0","0","0","0","0","0","0","0","","0","0","0","","","0","","2","","40 25:59.761","3","0","79 53:18.243","9","0","0","0","2426","0","0","0","N","0","0","0","1","02426","0","","5.0","205.0","1","N","N","N","0","","0","0","0","","3","Y","","1","0","0","0","0","0","1","2","0","1","","03","","N","","","","","","","","","",""
"2020026614","2027","1","0","0","0","0","0","0","0","0","4","0","","02","3","2020","1","40.504365","-79.832177","2015","11","0","0","0","0","0","1","0","0","","0","0","0","","","0","N","1","","40 30:15.713","","0","79 49:55.837","0","0","0","0","2113","0","0","0","N","0","0","0","4","02113","0","","1.0","","1","N","N","N","0","","0","0","1","","3","","","2","0","0","0","0","0","0","2","0","2","","03","","N","","","","","","","","","",""
"2020020745","1729","2","0","0","0","0","0","0","0","0","1","0","","02","1","2020","5","40.442127","-80.159288","1715","11","0","0","0","0","0","1","0","0","","0","0","0","","","0","N","0","","40 26:31.656","","0","80 09:33.436","9","0","0","0","2115","0","0","0","N","0","0","0","5","68B03","0","","1.0","","1","N","N","Y","0","","0","0","1","","0","","","5","0","0","0","0","0","2","2","0","5","","03","","N","","","","","","","","","",""
"2020012701","0324","0","0","0","0","0","0","0","0","0","5","0","","02","2","2020","2","40.389469","-79.905","0317","11","0","0","0","0","0","0","0","0","","0","0","0","","","0","N","0","","40 23:22.090","","0","79 54:18.000","9","0","0","0","2448","0","0","0","N","0","0","0","1","02448","0","","1.0","","1","N","N","N","2","","0","0","0","","0","N","","2","0","1","0","0","0","1","2","0","2","","","","N","","","","","","","","","",""
"2020007081","2305","2","0","0","0","0","0","0","0","0","2","0","","02","1","2020","3","40.474471","-80.060347","2303","11","0","0","0","0","0","0","0","0","","0","0","0","","","1","N","0","","40 28:28.097","6","3","80 03:37.249","4","0","0","0","2444","0","0","0","N","0","0","0","2","02444","1","","1.0","2325.0","1","N","N","N","0","","0","0","0","","0","N","","2","1","0","0","0","0","0","2","0","2","","03","","N","","","","","","","","","",""
"2020003767","1458","2","0","0","0","0","0","0","0","0","5","0","","02","1","2020","5","40.4293","-79.931515","1446","11","0","0","0","0","0","0","0","0","","0","0","0","","","0","N","0","","40 25:45.480","","2","79 55:53.453","9","0","0","0","2301","0","0","0","N","0","0","0","3","02301","0","","1.0","","1","N","N","N","0","","0","0","0","","0","","","2","0","0","0","0","0","1","2","0","2","","03","","N","","","","","","","","","",""
"2020004851","0619","1","0","0","0","0","0","0","0","0","7","0","","02","1","2020","3","40.43382","-80.142971","0607","11","0","0","0","0","0","1","0","0","","0","0","0","","","1","N","0","","40 26:01.753","","0","80 08:34.695","3","0","0","0","2115","0","0","0","N","0","0","0","1","68B03","0","","4.0","","1","N","N","N","0","","1","0","0","","0","","","1","1","0","0","0","0","0","2","0","1","","","","N","","","","","","","","","",""
"2020048491","1953","1","0","0","0","0","0","0","0","0","7","0","","02","6","2020","1","40.474959","-79.861548","1950","11","0","0","0","0","0","1","0","0","","0","0","0","","","0","N","0","","40 28:29.853","","0","79 51:41.574","0","0","0","0","2113","0","0","0","N","0","0","0","1","02113","0","","5.0","","1","N","N","N","0","","0","0","0","","0","","","1","0","0","0","0","0","0","2","0","1","","03","","N","","","","","","","","","",""
"2020053620","0053","1","0","0","0","0","0","0","0","0","2","0","","02","7","2020","5","40.514965","-79.848332","0053","11","0","0","0","0","0","0","1","0","","0","0","0","","","0","N","0","","40 30:53.874","","0","79 50:53.995","0","0","0","0","2451","0","0","0","N","0","0","0","1","02451","0","","5.0","","1","N","N","N","0","","0","0","0","","0","","","1","0","0","0","0","0","0","2","0","1","","","","N","","","","","","","","","",""
"2020041930","1653","2","0","0","0","0","0","0","0","0","1","0","","02","5","2020","5","40.435597","-79.983181","1640","11","0","0","0","0","0","1","0","0","","0","0","0","","","1","N","2","","40 26:08.148","","0","79 58:59.453","4","0","0","0","2301","0","0","0","N","0","0","0","2","02301","1","","1.0","","1","N","N","N","0","","0","0","0","","0","","","2","1","0","0","0","0","0","2","0","2","","03","","N","","","","","","","","","",""
"2020046308","1130","0","0","0","0","0","0","0","0","0","7","0","","02","6","2020","1","40.469444","-79.98575","1112","11","0","0","0","0","0","0","0","0","","0","0","0","","","0","N","0","","40 28:10.000","","7","79 59:08.700","0","0","0","0","2301","0","0","0","N","0","0","0","1","02301","0","","2.0","","1","N","N","N","0","","0","0","1","","0","","","1","0","0","0","0","0","0","2","0","1","","03","","N","","","","","","","","","",""
"2020046676","1557","1","0","0","0","0","0","0","0","0","5","0","","02","5","2020","6","40.461761","-80.192818","1557","11","0","0","0","0","0","1","0","0","","0","0","0","","","0","N","0","","40 27:42.340","3","0","80 11:34.143","0","0","0","0","2213","0","0","0","N","0","0","0","3","68B03","0","","5.0","1700.0","1","Y","N","N","0","","0","0","1","","0","N","","2","0","0","0","0","0","0","2","0","2","","03","","N","","","","","","","","","",""
"2020003231","1749","2","0","0","0","0","0","0","0","0","1","0","","02","1","2020","5","40.449827","-79.993196","1742","11","0","0","0","0","0","0","0","0","","0","0","0","","","0","N","0","","40 26:59.377","1","3","79 59:35.505","0","0","0","0","2301","0","0","0","N","0","0","0","3","02301","0","","1.0","1750.0","1","N","N","N","0","","0","0","0","","0","N","","2","0","0","0","0","0","0","2","0","2","","03","","N","","","","","","","","","",""
"2020046991","2243","1","0","0","0","0","0","0","0","0","98","0","","02","6","2020","2","40.492007","-79.894374","2225","11","0","0","0","0","1","0","0","0","","0","0","0","","","1","N","0","","40 29:31.224","","0","79 53:39.746","3","0","0","0","2301","0","0","0","N","0","0","0","1","68D02","0","","1.0","","1","N","N","Y","0","","1","0","0","","0","","","1","1","0","0","0","0","0","2","0","1","","","","N","","","","","","","","","",""
"2020051287","0228","1","0","0","0","0","0","0","0","0","7","0","","02","6","2020","3","40.29006","-79.865963","0225","11","0","0","0","0","0","0","0","0","","0","0","0","","","1","Y","0","","40 17:24.217","5","0","79 51:57.465","3","0","0","0","2105","0","0","0","Y","0","0","0","1","02443","0","","5.0","330.0","1","N","N","N","0","","1","0","2","","0","Y","","4","1","0","0","0","0","0","1","0","4","","03","","N","","","","","","","","","",""
"2020014230","1854","1","0","0","0","0","0","0","0","0","1","0","","02","2","2020","1","40.506275","-80.223152","1854","11","0","0","0","0","1","0","0","0","","0","0","0","","","1","","1","","40 30:22.589","1","0","80 13:23.346","3","0","0","0","2213","0","0","0","N","0","0","0","2","02213","0","","1.0","1954.0","1","N","N","N","0","","1","0","1","","2","N","","2","1","0","0","0","0","0","2","0","2","","","","N","","","","","","","","","",""
"2020045595","1647","2","0","0","0","0","0","0","0","0","1","0","","02","6","2020","5","40.484222","-79.907838","1642","11","0","0","0","0","0","0","0","0","","0","0","0","","","2","","2","","40 29:03.199","3","0","79 54:28.216","3","0","0","0","2301","0","0","0","N","0","0","0","2","02301","0","","1.0","1728.0","1","N","N","N","0","","2","0","0","","0","Y","","2","2","0","0","0","0","0","2","0","2","","03","","N","","","","","","","","","",""