"CRN","ARRIVAL_TM","AUTOMOBILE_COUNT","BELTED_DEATH_COUNT","BELTED_SUSP_SERIOUS_INJ_COUNT","BICYCLE_COUNT","BICYCLE_DEATH_COUNT","BICYCLE_SUSP_SERIOUS_INJ_COUNT","BUS_COUNT","CHLDPAS_DEATH_COUNT","CHLDPAS_SUSP_SERIOUS_INJ_COUNT","COLLISION_TYPE","COMM_VEH_COUNT","CONS_ZONE_SPD_LIM","COUNTY","CRASH_MONTH","CRASH_YEAR","DAY_OF_WEEK","DEC_LATITUDE","DEC_LONGITUDE","DISPATCH_TM","DISTRICT","DRIVER_COUNT_16YR","DRIVER_COUNT_17YR","DRIVER_COUNT_18YR","DRIVER_COUNT_19YR","DRIVER_COUNT_20YR","DRIVER_COUNT_50_64YR","DRIVER_COUNT_65_74YR","DRIVER_COUNT_75PLUS","EST_HRS_CLOSED","FATAL_COUNT","HEAVY_TRUCK_COUNT","HORSE_BUGGY_COUNT","HOUR_OF_DAY","ILLUMINATION","INJURY_COUNT","INTERSECTION_RELATED","INTERSECT_TYPE","LANE_CLOSED","LATITUDE","LN_CLOSE_DIR","LOCATION_TYPE","LONGITUDE","MAX_SEVERITY_LEVEL","MCYCLE_DEATH_COUNT","MCYCLE_SUSP_SERIOUS_INJ_COUNT","MOTORCYCLE_COUNT","MUNICIPALITY","NONMOTR_COUNT","NONMOTR_DEATH_COUNT","NONMOTR_SUSP_SERIOUS_INJ_COUNT","NTFY_HIWY_MAINT","PED_COUNT","PED_DEATH_COUNT","PED_SUSP_SERIOUS_INJ_COUNT","PERSON_COUNT","POLICE_AGCY","POSSIBLE_INJ_COUNT","RDWY_SURF_TYPE_CD","RELATION_TO_ROAD","ROADWAY_CLEARED","ROAD_CONDITION","SCH_BUS_IND","SCH_ZONE_IND","SECONDARY_CRASH","SMALL_TRUCK_COUNT","SPEC_JURIS_CD","SUSP_MINOR_INJ_COUNT","SUSP_SERIOUS_INJ_COUNT","SUV_COUNT","TCD_FUNC_CD","TCD_TYPE","TFC_DETOUR_IND","TIME_OF_DAY","TOTAL_UNITS","TOT_INJ_COUNT","UNBELTED_OCC_COUNT","UNB_DEATH_COUNT","UNB_SUSP_SERIOUS_INJ_COUNT","UNK_INJ_DEG_COUNT","UNK_INJ_PER_COUNT","URBAN_RURAL","VAN_COUNT","VEHICLE_COUNT","WEATHER1","WEATHER2","WORKERS_PRES","WORK_ZONE_IND","WORK_ZONE_LOC","WORK_ZONE_TYPE","WZ_CLOSE_DETOUR","WZ_FLAGGER","WZ_LAW_OFFCR_IND","WZ_LN_CLOSURE","WZ_MOVING","WZ_OTHER","WZ_SHLDER_MDN","WZ_WORKERS_INJ_KILLED"
"2020043961","","0","0","0","0","0","0","0","0","0","4","0","","02","6","2020","6","40.444649","-79.89616","","11","0","0","0","0","0","0","0","0","","0","0","0","","","1","N","2","","40 26:40.737","5","0","79 53:46.177","8","0","0","0","2301","0","0","0","N","0","0","0","2","02301","0","","1.0","25.0","1","N","N","N","0","","0","0","2","","3","N","","2","1","0","0","0","1","0","2","0","2","","","","N","","","","","","","","","",""
"2020040574","","1","0","0","0","0","0","0","0","0","1","0","","02","5","2020","6","40.481529","-79.876118","","11","0","0","0","0","0","0","0","0","","0","0","0","","","2","N","2","","40 28:53.504","6","0","79 52:34.025","3","0","0","0","2113","0","0","0","N","0","0","0","3","02113","0","","1.0","1705.0","1","N","N","N","0","","2","0","1","","2","Y","","2","2","0","0","0","0","0","2","0","2","","03","","N","","","","","","","","","",""
"2020069117","","2","0","0","0","0","0","0","0","0","1","0","","02","8","2020","3","40.57707","-80.222993","","11","0","0","0","0","0","0","0","0","","0","0","0","","","0","N","0","","40 34:37.452","1","0","80 13:22.775","0","0","0","0","2301","0","0","0","N","0","0","0","2","02301","0","","1.0","1635.0","9","N","N","N","0","","0","0","0","","0","N","","2","0","0","0","0","0","0","2","0","2","","04","","N","","","","","","","","","",""
"2020069958","","1","0","0","0","0","0","0","0","0","1","0","","02","8","2020","4","40.385771","-80.05394","","11","0","0","0","0","0","1","0","0","","0","0","0","","","1","","2","","40 23:08.774","","0","80 03:14.183","8","0","0","0","2109","0","0","0","N","0","0","0","2","02109","0","","1.0","","1","N","N","N","0","","0","0","1","","0","","","2","1","0","0","0","1","0","2","0","2","","","","N","","","","","","","","","",""
"2020043165","","2","0","0","0","0","0","0","0","0","6","0","","02","6","2020","4","40.453547","-79.9367","","11","0","0","0","0","0","0","0","1","","0","0","0","","","2","N","0","","40 27:12.770","","0","79 56:12.120","4","0","0","0","2301","0","0","0","N","0","0","0","2","02301","1","","4.0","","1","N","N","N","0","","0","0","0","","0","","","2","2","0","0","0","1","0","2","0","2","","03","","N","","","","","","","","","",""
"2020063508","","1","0","0","0","0","0","0","0","0","7","0","","02","8","2020","7","40.495471","-79.971114","","11","0","0","0","0","0","0","0","0","","0","0","0","","","0","","2","","40 29:43.695","1","0","79 58:16.010","0","0","0","0","2118","0","0","0","N","0","0","0","1","02118","0","","5.0","1808.0","1","N","N","N","0","","0","0","0","","0","N","","1","0","0","0","0","0","0","2","0","1","","03","","N","","","","","","","","","",""
"2020041462","","1","0","0","0","0","0","0","0","0","98","0","","02","5","2020","3","40.418068","-79.947775","","11","0","0","0","0","0","1","0","0","","0","0","0","","","1","N","0","","40 25:05.045","","0","79 56:51.990","4","0","0","0","2301","0","0","0","N","0","0","0","1","02301","1","","1.0","","1","N","N","N","0","","0","0","0","","0","N","","1","1","0","0","0","0","0","2","0","1","","","","N","","","","","","","","","",""
"2020044921","","1","0","0","0","0","0","0","0","0","4","0","","02","6","2020","2","40.355649","-80.05035","","11","0","0","0","0","0","0","0","0","","0","0","0","","","1","N","0","","40 21:20.338","2","0","80 03:01.259","8","0","0","0","2109","0","0","0","N","0","0","0","2","02109","0","","1.0","1445.0","1","N","N","N","1","","0","0","0","","0","N","","2","1","0","0","0","1","0","2","0","2","","03","","N","","","","","","","","","",""
"2020043806","","2","0","0","0","0","0","0","0","0","1","0","","02","6","2020","6","40.432206","-79.959866","","11","0","0","0","0","0","0","0","0","","0","0","0","","","0","N","0","","40 25:55.940","4","0","79 57:35.518","0","0","0","0","2301","0","0","0","N","0","0","0","2","02301","0","","1.0","1040.0","1","N","N","N","0","","0","0","0","","0","N","","2","0","0","0","0","0","0","2","0","2","","","","N","","","","","","","","","",""
"2020067733","","1","0","0","0","0","0","0","0","0","7","0","","02","8","2020","7","40.436106","-79.785301","","11","0","0","0","0","0","0","1","0","","0","0","0","","","0","","11","","40 26:09.982","3","0","79 47:07.084","9","0","0","0","2446","0","0","0","N","0","0","0","1","02446","0","","4.0","1110.0","1","N","N","N","0","","0","0","0","","0","N","","1","0","0","0","0","0","1","2","0","1","","","","N","","","","","","","","","",""
"2020043049","","1","0","0","0","0","0","0","0","0","7","0","","02","5","2020","6","40.431426","-79.745099","","11","0","0","0","0","0","0","0","0","","0","0","0","","","0","N","0","","40 25:53.132","","0","79 44:42.356","0","0","0","0","2446","0","0","0","N","0","0","0","1","68T09","0","","3.0","","9","N","N","N","0","","0","0","0","","0","","","1","0","0","0","0","0","0","2","0","1","","","","N","","","","","","","","","",""
"2020047936","","0","0","0","0","0","0","0","0","0","1","0","","02","5","2020","7","40.620032","-80.095888","","11","0","0","0","0","0","1","0","0","","0","0","0","","","1","Y","0","","40 37:12.115","","0","80 05:45.196","8","0","0","1","2212","0","0","0","N","0","0","0","2","68B03","0","","1.0","","1","N","N","N","1","","0","0","0","","0","","","2","1","0","0","0","1","0","2","0","2","","","","N","","","","","","","","","",""
"2020044608","","0","0","0","0","0","0","0","0","0","7","0","","02","6","2020","6","40.626505","-80.002454","","11","0","0","0","0","0","0","0","0","","0","0","0","","","0","N","0","","40 37:35.418","","0","80 00:08.835","0","0","0","1","2216","0","0","0","N","0","0","0","1","02505","0","","5.0","","1","N","N","N","0","","0","0","0","","0","","","1","0","0","0","0","0","0","2","0","1","","03","","N","","","","","","","","","",""
"2020040698","","0","0","0","0","0","0","0","0","0","5","0","","02","5","2020","2","40.419608","-80.009147","","11","0","1","0","0","0","0","0","0","","0","0","0","","","0","N","0","","40 25:10.590","","0","80 00:32.930","0","0","0","0","2301","0","0","0","N","0","0","0","1","02301","0","","1.0","","1","N","N","N","2","","0","0","0","","0","","","2","0","0","0","0","0","0","2","0","2","","03","","N","","","","","","","","","",""
"2020043914","","1","0","0","0","0","0","0","0","0","7","0","","02","6","2020","6","40.343408","-79.884644","","11","0","0","0","0","0","1","0","0","","0","0","0","","","1","N","0","","40 20:36.270","1","0","79 53:04.720","8","0","0","0","2433","0","0","0","N","0","0","0","3","02433","0","","5.0","1717.0","1","N","N","N","0","","0","0","0","","0","Y","","1","1","0","0","0","1","0","2","0","1","","03","","N","","","","","","","","","",""
"2020040200","","1","0","0","0","0","0","0","0","0","7","0","","02","5","2020","3","40.45797","-80.029943","","11","0","0","0","0","0","0","0","0","","0","0","0","","","0","","7","","40 27:28.691","","0","80 01:47.795","0","0","0","0","2301","0","0","0","N","0","0","0","2","02301","0","","3.0","","1","N","N","N","0","","0","0","0","","0","","","1","0","1","0","0","0","0","2","0","1","","03","","N","","","","","","","","","",""
"2020071879","","0","0","0","0","0","0","0","0","0","2","0","","02","9","2020","5","40.431041","-80.001667","","11","0","0","0","0","0","1","0","0","","0","0","0","","","1","N","3","","40 25:51.747","","0","80 00:06.001","3","0","0","0","2301","0","0","0","N","0","0","0","2","02301","0","","1.0","","1","N","N","N","0","","1","0","2","","2","","","2","1","0","0","0","0","0","2","0","2","","03","","N","","","","","","","","","",""
"2020041215","","1","0","0","0","0","0","0","0","0","7","0","","02","5","2020","6","40.567459","-80.049024","","11","0","0","0","0","0","1","0","0","","0","0","0","","","0","Y","0","","40 34:02.854","","0","80 02:56.488","0","0","0","0","2108","0","0","0","N","0","0","0","1","02108","0","","4.0","","9","N","N","N","0","","0","0","0","","0","","","1","0","0","0","0","0","0","2","0","1","","","","N","","","","","","","","","",""
"2020071349","","2","0","0","0","0","0","0","0","0","4","0","","02","9","2020","4","40.431666","-79.918476","","11","0","0","0","0","0","0","0","0","","0","0","0","","","0","N","0","","40 25:53.998","4","0","79 55:06.513","0","0","0","0","2301","0","0","0","N","0","0","0","1","02301","0","","1.0","244.0","1","N","N","N","0","","0","0","0","","0","N","","2","0","0","0","0","0","0","2","0","2","","03","","N","","","","","","","","","",""
"2020038861","","1","0","0","0","0","0","0","0","0","1","0","","02","5","2020","6","40.337466","-79.808754","","11","0","0","0","0","0","0","0","0","","0","0","0","","","0","","1","","40 20:14.876","4","0","79 48:31.516","0","0","0","0","2477","0","0","0","N","0","0","0","2","02477","0","","2.0","1054.0","1","N","N","N","0","","0","0","1","","4","N","","2","0","0","0","0","0","0","2","0","2","","04","","N","","","","","","","","","",""
"2020069830","","2","0","0","0","0","0","0","0","0","1","0","","02","8","2020","5","40.433291","-79.762252","","11","0","0","0","0","0","1","0","0","","0","0","0","","","2","N","6","","40 25:59.847","","2","79 45:44.107","3","0","0","0","2446","0","0","0","N","0","0","0","3","02446","0","","1.0","","1","N","N","N","0","","2","0","0","","4","","","2","2","1","0","0","0","0","2","0","2","","03","","N","","","","","","","","","",""
"2020041849","","2","0","0","0","0","0","0","0","0","4","0","","02","5","2020","3","40.428676","-79.989551","","11","0","0","0","0","0","1","0","0","","0","0","0","","","0","N","2","","40 25:43.234","","0","79 59:22.385","0","0","0","0","2301","0","0","0","N","0","0","0","2","02301","0","","1.0","","1","N","N","N","0","","0","0","0","","3","","","2","0","0","0","0","0","0","2","0","2","","03","","N","","","","","","","","","",""
"2020066385","","1","0","0","0","0","0","0","0","0","7","0","","02","8","2020","1","40.486506","-79.965113","","11","0","0","0","0","0","0","0","0","","0","0","0","","","0","N","0","","40 29:11.420","3","0","79 57:54.406","0","0","0","0","2118","0","0","0","N","0","0","0","1","02118","0","","5.0","1545.0","1","N","N","N","0","","0","0","0","","0","Y","","1","0","0","0","0","0","0","2","0","1","","03","","N","","","","","","","","","",""
"2020042100","","0","0","0","0","0","0","0","0","0","4","0","","02","5","2020","6","40.438899","-79.934128","","11","0","0","0","0","0","0","1","0","","0","0","0","","","0","N","1","","40 26:20.036","","0","79 56:02.860","0","0","0","0","2301","0","0","0","N","0","0","0","2","02301","0","","1.0","","1","N","N","N","0","","0","0","2","","0","","","2","0","0","0","0","0","0","2","0","2","","03","","N","","","","","","","","","",""
"2020072078","","1","0","0","0","0","0","0","0","0","7","0","","02","9","2020","5","40.453835","-79.824365","","11","0","0","0","0","0","0","0","0","","0","0","0","","","0","N","0","","40 27:13.805","5","0","79 49:27.715","0","0","0","0","2113","0","0","0","N","0","0","0","1","02113","0","","5.0","1803.0","1","N","N","N","0","","0","0","0","","0","N","","1","0","0","0","0","0","0","2","0","1","","03","","N","","","","","","","","","",""
"2020044925","","0","0","0","0","0","0","0","0","0","7","0","","02","5","2020","3","","","","11","0","0","0","0","0","0","0","0","","0","0","0","","","0","N","0","","","","0","","0","0","0","0","2213","0","0","0","N","0","0","0","2","02213","0","","5.0","","1","N","N","N","1","","0","0","0","","0","","","1","0","0","0","0","0","0","1","0","1","","","","N","","","","","","","","","",""
"2020042279","","0","0","0","0","0","0","0","0","0","7","0","","02","5","2020","7","40.430347","-79.999787","","11","0","0","0","0","0","0","0","0","","0","0","0","","","0","Y","0","","40 25:49.249","","0","79 59:59.232","0","0","0","0","2301","0","0","0","N","0","0","0","1","02301","0","","1.0","","1","N","N","N","0","","0","0","1","","0","","","1","0","0","0","0","0","0","2","0","1","","03","","Y","","","","","","","","","",""
"2020044811","","1","0","0","0","0","0","0","0","0","4","0","","02","5","2020","7","40.456017","-80.049689","","11","0","0","0","0","0","0","0","0","","0","0","0","","","0","N","5","","40 27:21.661","","0","80 02:58.880","0","0","0","0","2301","0","0","0","N","0","0","0","2","02301","0","","1.0","","1","N","N","N","0","","0","0","1","","3","N","","2","0","0","0","0","0","0","2","0","2","","03","","N","","","","","","","","","",""
"2020070167","","1","0","0","0","0","0","0","0","0","7","0","","02","8","2020","7","40.452291","-80.055266","","11","0","0","0","0","0","0","0","0","","0","0","0","","","1","N","0","","40 27:08.247","","0","80 03:18.956","8","0","0","0","2301","0","0","0","N","0","0","0","2","02301","0","","2.0","","1","N","N","N","0","","0","0","0","","0","N","","1","1","0","0","0","1","0","2","0","1","","03","","N","","","","","","","","","",""
"2020079492","","3","0","0","0","0","0","0","0","0","5","0","","02","9","2020","1","40.426962","-80.003729","","11","0","0","0","0","0","1","0","0","","0","0","0","","","1","N","0","","40 25:37.062","","0","80 00:13.424","3","0","0","0","2301","0","0","0","N","0","0","0","2","02301","0","","4.0","","1","N","N","N","0","","1","0","0","","0","","","3","1","0","0","0","0","0","2","0","3","","","","N","","","","","","","","","",""
"2020070689","","2","0","0","0","0","0","0","0","0","6","0","","02","8","2020","2","40.460711","-79.847863","","11","0","0","0","0","0","0","0","0","","0","0","0","","","0","N","2","","40 27:38.559","","0","79 50:52.306","0","0","0","0","2113","0","0","0","N","0","0","0","2","02113","0","","1.0","","1","N","N","Y","0","","0","0","0","","0","","","2","0","1","0","0","0","0","2","0","2","","","","N","","","","","","","","","",""
"2020043490","","2","0","0","0","0","0","0","0","0","4","0","","02","5","2020","5","40.299923","-80.030028","","11","0","0","0","0","0","1","0","0","","0","0","0","","","0","N","0","","40 17:59.724","","7","80 01:48.099","0","0","0","0","2407","0","0","0","N","0","0","0","2","02407","0","","1.0","","9","N","N","N","0","","0","0","0","","0","","","2","0","0","0","0","0","0","2","0","2","","07","","N","","","","","","","","","",""
"2020041365","","0","0","0","0","0","0","0","0","0","98","0","","02","5","2020","1","40.344479","-79.884049","","11","0","0","0","0","0","0","0","0","","0","0","0","","","1","N","3","","40 20:40.126","3","3","79 53:02.577","8","0","0","0","2304","0","0","0","N","0","0","0","1","02304","0","","4.0","124.0","1","N","N","N","0","","0","0","1","","0","N","","1","1","0","0","0","1","0","2","0","1","","03","","N","","","","","","","","","",""
"2020042255","","1","0","0","0","0","0","0","0","0","7","0","","02","5","2020","6","40.425072","-79.980919","","11","0","0","0","0","0","0","0","0","","0","0","0","","","0","N","3","","40 25:30.260","","0","79 58:51.310","9","0","0","0","2301","0","0","0","N","0","0","0","2","02301","0","","4.0","","1","N","N","N","0","","0","0","0","","0","","","1","0","0","0","0","0","2","2","0","1","","03","","N","","","","","","","","","",""
"2020070267","","2","0","0","0","0","0","0","0","0","2","0","","02","8","2020","7","40.464216","-79.896939","","11","0","0","0","0","0","0","0","0","","0","0","0","","","0","N","0","","40 27:51.176","","0","79 53:48.981","9","0","0","0","2301","0","0","0","N","0","0","0","2","02301","0","","4.0","","1","N","N","N","0","","0","0","0","","0","","","2","0","0","0","0","0","1","2","0","2","","03","","N","","","","","","","","","",""
"2020041812","","2","0","0","0","0","0","0","0","0","2","0","","02","5","2020","5","40.411806","-79.896811","","11","0","0","0","0","0","1","0","0","","0","0","0","","","3","N","0","","40 24:42.500","6","0","79 53:48.520","2","0","0","0","2448","0","0","0","N","0","0","0","3","02448","0","","1.0","832.0","9","N","N","N","0","","1","1","0","","0","Y","","2","3","1","0","1","1","0","2","0","2","","","","N","","","","","","","","","",""
"2020040963","","1","0","0","0","0","0","0","0","0","98","0","","02","5","2020","7","40.554904","-79.844971","","11","0","0","0","0","0","0","0","0","","0","0","0","","","0","N","0","","40 33:17.653","","0","79 50:41.894","0","0","0","0","2208","0","0","0","N","0","0","0","1","68T02","0","","1.0","","1","N","N","N","0","","0","0","0","","0","","","1","0","0","0","0","0","0","2","0","1","","03","","N","","","","","","","","","",""
"2020070857","","0","0","0","0","0","0","0","0","0","4","0","","02","8","2020","5","40.415253","-79.73028","","11","0","0","1","0","0","0","0","0","","0","0","0","","","0","N","0","","40 24:54.910","3","0","79 43:49.009","0","0","0","0","2446","0","0","0","N","0","0","0","1","68T09","0","","4.0","100.0","9","N","N","N","1","","0","0","0","","0","N","","1","0","0","0","0","0","0","2","0","1","","10","","N","","","","","","","","","",""
"2020043970","","1","0","0","0","0","0","0","0","0","7","0","","02","6","2020","5","40.410784","-79.955423","","11","0","0","0","0","0","0","0","0","","0","0","0","","","0","N","2","","40 24:38.822","","0","79 57:19.522","0","0","0","0","2403","0","0","0","N","0","0","0","1","02301","0","","5.0","","1","N","N","N","0","","0","0","0","","0","","","1","0","0","0","0","0","0","2","0","1","","","","N","","","","","","","","","",""
"2020040821","","2","0","0","0","0","0","0","0","0","5","0","","02","5","2020","5","40.419106","-79.882028","","11","0","0","0","0","0","0","1","0","","0","0","0","","","1","N","0","","40 25:08.780","","0","79 52:55.300","3","0","0","0","2463","0","0","0","N","0","0","0","1","02463","0","","4.0","","1","N","N","N","0","","1","0","0","","0","","","2","1","0","0","0","0","0","2","0","2","","03","","N","","","","","","","","","",""
"2020066519","","1","0","0","0","0","0","0","0","0","5","1","55","02","8","2020","6","40.656315","-80.079793","","11","0","0","0","0","0","1","0","0","","0","1","0","","","0","N","0","","40 39:22.734","","0","80 04:47.256","0","0","0","0","2212","0","0","0","N","0","0","0","3","68T02","0","","1.0","","1","N","N","N","0","","0","0","0","","0","","","2","0","0","0","0","0","0","2","0","2","","03","N","Y","8","1","","","N","","","","Y","N"
"2020070921","","1","0","0","0","0","0","0","0","0","98","0","","02","8","2020","2","40.329427","-80.071434","","11","0","0","0","0","0","0","0","0","","0","0","0","","","0","N","0","","40 19:45.938","1","0","80 04:17.162","0","0","0","0","2123","0","0","0","N","0","0","0","1","02123","0","","1.0","2040.0","1","N","N","N","0","","0","0","0","","0","N","","1","0","0","0","0","0","0","2","0","1","","03","","N","","","","","","","","","",""
"2020039313","","1","0","0","0","0","0","0","0","0","5","0","","02","5","2020","1","40.428222","-79.971353","","11","0","0","0","0","0","0","0","0","","0","0","0","","","0","Y","0","","40 25:41.600","","0","79 58:16.870","0","0","0","0","2301","0","0","0","N","0","0","0","2","02301","0","","6.0","","1","N","N","N","0","","0","0","0","","2","","","2","0","0","0","0","0","0","2","1","2","","03","","N","","","","","","","","","",""
"2020042339","","2","0","0","0","0","0","0","0","0","4","0","","02","5","2020","3","40.370504","-79.828785","","11","0","0","0","0","0","0","0","0","","0","0","0","","","0","N","3","","40 22:13.814","6","0","79 49:43.627","0","0","0","0","2111","0","0","0","N","0","0","0","2","02111","0","","1.0","1427.0","1","N","N","N","0","","0","0","0","","0","N","","2","0","0","0","0","0","0","2","0","2","","03","","N","","","","","","","","","",""
"2020069417","","0","0","0","0","0","0","0","0","0","7","0","","02","8","2020","3","40.544841","-79.838469","","11","0","0","0","0","0","0","1","0","","1","0","0","","","1","N","3","","40 32:41.427","7","2","79 50:18.487","1","0","0","0","2208","0","0","0","Y","0","0","0","2","02208","0","2","5.0","1923.0","9","N","N","N","1","0","0","1","0","","2","Y","","1","1","2","1","1","0","0","2","0","1","","04","","N","","","","","","","","","",""
"2020069936","","0","0","0","0","0","0","0","0","0","4","1","","02","8","2020","6","40.32309","-79.956534","","11","0","0","0","0","0","0","0","0","","0","0","0","","","0","","3","","40 19:23.124","3","0","79 57:23.522","0","0","0","0","2454","0","0","0","N","0","0","0","3","02454","0","","1.0","1722.0","9","N","N","N","1","","0","0","1","","0","N","","2","0","0","0","0","0","0","2","0","2","","","","N","","","","","","","","","",""
"2020050632","","3","0","0","0","0","0","0","0","0","1","0","","02","6","2020","4","40.429669","-79.892109","","11","0","0","0","0","0","2","0","0","","0","0","0","","","5","","1","","40 25:46.810","1","2","79 53:31.594","3","0","0","0","2426","0","0","0","N","0","0","0","6","02426","1","","1.0","1315.0","1","N","N","N","0","","4","0","0","","0","N","","3","5","0","0","0","0","0","2","0","3","","03","","N","","","","","","","","","",""
"2020078881","","0","0","0","0","0","0","0","0","0","7","1","","02","9","2020","1","40.444469","-80.099084","","11","0","0","0","0","0","0","0","0","","0","1","0","","","0","N","0","","40 26:40.090","","0","80 05:56.703","0","0","0","0","2115","0","0","0","Y","0","0","0","1","02115","0","","4.0","","1","N","N","N","0","","0","0","0","","0","","","1","0","0","0","0","0","0","2","0","1","","","","N","","","","","","","","","",""
"2020076453","","0","0","0","0","0","0","0","0","0","7","0","","02","8","2020","7","40.559588","-80.087169","","11","0","0","0","0","0","1","0","0","","0","0","0","","","0","N","0","","40 33:34.515","","0","80 05:13.809","0","0","0","0","2481","0","0","0","N","0","0","0","1","02481","0","","1.0","","9","N","N","N","0","","0","0","1","","0","N","","1","0","0","0","0","0","0","2","0","1","","","","N","","","","","","","","","",""
"2020040257","","0","0","0","0","0","0","0","0","0","1","0","","02","5","2020","4","40.454685","-80.010557","","11","0","0","0","0","0","0","0","0","","0","0","0","","","0","N","2","","40 27:16.865","","0","80 00:38.005","0","0","0","0","2301","0","0","0","N","0","0","0","2","02301","0","","1.0","","1","N","N","N","1","","0","0","1","","1","","","2","0","0","0","0","0","0","2","0","2","","","","N","","","","","","","","","",""
"2020040833","","1","0","0","0","0","0","0","0","0","7","0","","02","5","2020","7","40.478908","-80.043019","","11","0","0","0","0","0","0","0","0","","0","0","0","","","1","N","1","","40 28:44.067","7","3","80 02:34.868","4","0","0","0","2301","0","0","0","N","0","0","0","2","02301","1","","4.0","620.0","1","N","N","N","0","","0","0","0","","2","Y","","1","1","0","0","0","0","0","2","0","1","","03","","N","","","","","","","","","",""
"2020039625","","1","0","0","0","0","0","0","0","0","8","0","","02","5","2020","2","40.489426","-80.018299","","11","0","0","0","0","0","0","0","0","","0","0","0","","","1","N","0","","40 29:21.933","","0","80 01:05.878","3","0","0","0","2301","1","0","0","N","1","0","0","2","02301","0","","1.0","","1","N","N","N","0","","1","0","0","","0","","","2","1","1","0","0","0","0","2","0","1","","","","N","","","","","","","","","",""
"2020040482","","1","0","0","0","0","0","0","0","0","7","0","","02","5","2020","6","40.432291","-79.959289","","11","0","0","0","0","0","0","0","0","","0","0","0","","","0","N","0","","40 25:56.249","1","2","79 57:33.442","0","0","0","0","2301","0","0","0","N","0","0","0","1","02301","0","","4.0","930.0","9","N","","N","0","","0","0","0","","0","Y","","1","0","0","0","0","0","0","2","0","1","","07","","N","","","","","","","","","",""
"2020039972","","1","0","0","0","0","0","0","0","0","7","0","","02","5","2020","4","40.443613","-79.980349","","11","0","0","0","0","0","1","0","0","","0","0","0","","","1","N","1","","40 26:37.006","1","0","79 58:49.256","8","0","0","0","2301","0","0","0","N","0","0","0","1","02301","0","","2.0","730.0","1","N","N","N","0","","0","0","0","","2","N","","1","1","0","0","0","1","0","2","0","1","","03","","N","","","","","","","","","",""
"2020070548","","2","0","0","0","0","0","0","0","0","1","0","","02","8","2020","3","40.629943","-79.968633","","11","0","0","0","0","1","1","0","0","","0","0","0","","","0","N","2","","40 37:47.794","6","0","79 58:07.079","0","0","0","0","2217","0","0","0","N","0","0","0","2","02505","0","","1.0","1834.0","1","N","N","N","0","","0","0","0","","0","Y","","2","0","0","0","0","0","0","1","0","2","","03","","N","","","","","","","","","",""
"2020069760","","1","0","0","0","0","0","0","0","0","7","0","","02","8","2020","5","40.627367","-80.052462","","11","0","0","1","0","0","0","0","0","","0","0","0","","","0","N","0","","40 37:38.521","3","0","80 03:08.864","0","0","0","0","2216","0","0","0","N","0","0","0","3","02505","0","","2.0","143.0","9","N","N","N","0","","0","0","0","","0","N","","1","0","0","0","0","0","0","1","0","1","","","","N","","","","","","","","","",""
"2020042535","","3","0","0","0","0","0","0","0","0","4","0","","02","5","2020","1","40.422532","-79.898397","","11","0","0","0","0","0","0","0","0","","0","0","0","","","1","N","2","","40 25:21.115","7","0","79 53:54.229","3","0","0","0","2463","0","0","0","N","0","0","0","4","02463","0","","1.0","1350.0","1","N","N","N","0","","1","0","0","","0","N","","3","1","1","0","0","0","1","2","0","3","","03","","N","","","","","","","","","",""
"2020045566","","2","0","0","0","0","0","0","0","0","4","0","","02","5","2020","6","40.582047","-80.038076","","11","0","0","0","0","0","0","0","0","","0","0","0","","","2","N","1","","40 34:55.369","5","0","80 02:17.073","8","0","0","0","2108","0","0","0","N","0","0","0","2","02108","0","","1.0","835.0","9","N","N","N","0","","0","0","0","","2","N","","2","2","0","0","0","2","0","2","0","2","","","","N","","","","","","","","","",""
"2020080559","","2","0","0","0","0","0","0","0","0","1","0","","02","9","2020","6","40.549748","-79.959469","","11","0","0","0","0","0","0","0","0","","0","0","0","","","0","N","1","","40 32:59.092","","0","79 57:34.087","0","0","0","0","2118","0","0","0","N","0","0","0","2","02118","0","","1.0","","1","N","N","N","0","","0","0","0","","2","","","2","0","0","0","0","0","0","2","0","2","","","","N","","","","","","","","","",""
"2020069502","","0","0","0","0","0","0","0","0","0","7","1","","02","7","2020","4","40.398921","-80.103849","","11","0","0","0","0","0","0","0","0","","0","1","0","","","0","N","6","","40 23:56.114","6","2","80 06:13.856","0","0","0","0","2102","0","0","0","Y","0","0","0","1","02102","0","","7.0","200.0","1","N","N","N","0","","0","0","0","","4","Y","","1","0","0","0","0","0","0","2","0","1","","","","Y","","","","","","","","","",""
"2020040359","","1","0","0","0","0","0","0","0","0","1","0","","02","5","2020","5","40.400359","-80.000303","","11","0","0","0","0","0","0","0","0","","0","0","0","","","0","N","0","","40 24:01.293","4","0","80 00:01.092","0","0","0","0","2301","0","0","0","N","0","0","0","3","02301","0","","1.0","1616.0","1","N","N","N","1","","0","0","0","","0","N","","2","0","0","0","0","0","0","2","0","2","","03","","N","","","","","","","","","",""