"CRN","ARRIVAL_TM","AUTOMOBILE_COUNT","BELTED_DEATH_COUNT","BELTED_SUSP_SERIOUS_INJ_COUNT","BICYCLE_COUNT","BICYCLE_DEATH_COUNT","BICYCLE_SUSP_SERIOUS_INJ_COUNT","BUS_COUNT","CHLDPAS_DEATH_COUNT","CHLDPAS_SUSP_SERIOUS_INJ_COUNT","COLLISION_TYPE","COMM_VEH_COUNT","CONS_ZONE_SPD_LIM","COUNTY","CRASH_MONTH","CRASH_YEAR","DAY_OF_WEEK","DEC_LATITUDE","DEC_LONGITUDE","DISPATCH_TM","DISTRICT","DRIVER_COUNT_16YR","DRIVER_COUNT_17YR","DRIVER_COUNT_18YR","DRIVER_COUNT_19YR","DRIVER_COUNT_20YR","DRIVER_COUNT_50_64YR","DRIVER_COUNT_65_74YR","DRIVER_COUNT_75PLUS","EST_HRS_CLOSED","FATAL_COUNT","HEAVY_TRUCK_COUNT","HORSE_BUGGY_COUNT","HOUR_OF_DAY","ILLUMINATION","INJURY_COUNT","INTERSECTION_RELATED","INTERSECT_TYPE","LANE_CLOSED","LATITUDE","LN_CLOSE_DIR","LOCATION_TYPE","LONGITUDE","MAX_SEVERITY_LEVEL","MCYCLE_DEATH_COUNT","MCYCLE_SUSP_SERIOUS_INJ_COUNT","MOTORCYCLE_COUNT","MUNICIPALITY","NONMOTR_COUNT","NONMOTR_DEATH_COUNT","NONMOTR_SUSP_SERIOUS_INJ_COUNT","NTFY_HIWY_MAINT","PED_COUNT","PED_DEATH_COUNT","PED_SUSP_SERIOUS_INJ_COUNT","PERSON_COUNT","POLICE_AGCY","POSSIBLE_INJ_COUNT","RDWY_SURF_TYPE_CD","RELATION_TO_ROAD","ROADWAY_CLEARED","ROAD_CONDITION","SCH_BUS_IND","SCH_ZONE_IND","SECONDARY_CRASH","SMALL_TRUCK_COUNT","SPEC_JURIS_CD","SUSP_MINOR_INJ_COUNT","SUSP_SERIOUS_INJ_COUNT","SUV_COUNT","TCD_FUNC_CD","TCD_TYPE","TFC_DETOUR_IND","TIME_OF_DAY","TOTAL_UNITS","TOT_INJ_COUNT","UNBELTED_OCC_COUNT","UNB_DEATH_COUNT","UNB_SUSP_SERIOUS_INJ_COUNT","UNK_INJ_DEG_COUNT","UNK_INJ_PER_COUNT","URBAN_RURAL","VAN_COUNT","VEHICLE_COUNT","WEATHER1","WEATHER2","WORKERS_PRES","WORK_ZONE_IND","WORK_ZONE_LOC","WORK_ZONE_TYPE","WZ_CLOSE_DETOUR","WZ_FLAGGER","WZ_LAW_OFFCR_IND","WZ_LN_CLOSURE","WZ_MOVING","WZ_OTHER","WZ_SHLDER_MDN","WZ_WORKERS_INJ_KILLED"
"2020040742","","0","0","0","0","0","0","0","0","0","98","0","","02","5","2020","4","40.376666","-80.100871","","11","0","0","0","0","0","1","0","0","","0","0","0","","","0","N","0","","40 22:35.996","","0","80 06:03.136","0","0","0","0","2102","0","0","0","Y","0","0","0","1","68B03","0","","4.0","","1","N","N","N","1","","0","0","0","","0","","","1","0","0","0","0","0","0","2","0","1","","","","N","","","","","","","","","",""
"2020041213","","2","0","0","0","0","0","0","0","0","4","0","","02","5","2020","3","40.436037","-79.999208","","11","0","0","0","0","0","0","1","0","","0","0","0","","","0","N","5","","40 26:09.733","4","2","79 59:57.149","0","0","0","0","2301","0","0","0","N","0","0","0","2","02301","0","","1.0","1015.0","1","","","Y","0","","0","0","0","","2","N","","2","0","0","0","0","0","0","2","0","2","","03","","N","","","","","","","","","",""
"2020043582","","0","0","0","0","0","0","0","0","0","7","0","","02","6","2020","4","40.524476","-79.94736","","11","0","0","0","0","0","0","1","0","","0","0","0","","","1","Y","0","","40 31:28.112","5","0","79 56:50.497","8","0","0","0","2118","0","0","0","N","0","0","0","1","02118","0","","5.0","2045.0","1","N","N","N","0","","0","0","0","","0","Y","","1","1","0","0","0","1","0","2","1","1","","","","N","","","","","","","","","",""
"2020039021","","1","0","0","0","0","0","0","0","0","1","0","","02","5","2020","6","40.349789","-79.866433","","11","0","0","0","0","0","0","0","0","","0","0","0","","","0","N","1","","40 20:59.240","1","0","79 51:59.158","0","0","0","0","2304","0","0","0","N","0","0","0","2","02304","0","","1.0","1209.0","1","N","N","N","1","","0","0","0","","3","N","","2","0","0","0","0","0","0","2","0","2","","03","","N","","","","","","","","","",""
"2020047102","","3","0","0","0","0","0","0","0","0","4","0","","02","5","2020","6","40.293772","-79.890139","","11","0","0","0","1","0","0","0","0","","0","0","0","","","0","N","0","","40 17:37.580","","0","79 53:24.500","0","0","0","0","2302","0","0","0","N","0","0","0","3","02302","0","","1.0","","1","N","N","N","0","","0","0","1","","0","","","4","0","3","0","0","0","0","2","0","4","","03","","N","","","","","","","","","",""
"2020043883","","0","0","0","0","0","0","0","0","0","0","0","","02","6","2020","6","40.476956","-79.95925","","11","0","0","0","0","0","0","1","0","","0","0","0","","","1","Y","0","","40 28:37.040","","0","79 57:33.300","8","0","0","1","2301","0","0","0","N","0","0","0","1","02301","0","","1.0","","1","N","N","N","0","","0","0","0","","3","","","1","1","0","0","0","1","0","2","0","1","","03","","N","","","","","","","","","",""
"2020044009","","2","0","0","0","0","0","0","0","0","4","0","","02","6","2020","6","40.56796","-80.049493","","11","0","0","0","0","0","0","1","0","","0","0","0","","","0","N","1","","40 34:04.655","","0","80 02:58.174","0","0","0","0","2108","0","0","0","N","0","0","0","2","02108","0","","1.0","","1","N","N","N","0","","0","0","0","","3","","","2","0","0","0","0","0","0","2","0","2","","03","","N","","","","","","","","","",""
"2020040780","","1","0","0","0","0","0","0","0","0","7","0","","02","5","2020","4","40.458506","-79.901136","","11","0","0","0","0","1","0","0","0","","0","0","0","","","1","N","1","","40 27:30.621","7","0","79 54:04.089","4","0","0","0","2301","1","0","0","N","1","0","0","3","02301","1","","4.0","2355.0","1","Y","N","N","0","","0","0","0","","2","Y","","2","1","0","0","0","0","0","2","0","1","","03","","N","","","","","","","","","",""
"2020040019","","3","0","0","0","0","0","0","0","0","2","0","","02","5","2020","4","40.463605","-79.95286","","11","0","0","0","0","0","1","0","0","","0","0","0","","","3","N","1","","40 27:48.977","","3","79 57:10.296","3","0","0","0","2301","0","0","0","N","0","0","0","3","02301","0","","1.0","","1","N","N","N","0","","3","0","0","","2","","","3","3","0","0","0","0","0","2","0","3","","03","","N","","","","","","","","","",""
"2020040928","","2","0","0","0","0","0","0","0","0","1","0","","02","5","2020","1","40.401825","-80.016492","","11","0","0","0","0","1","0","0","0","","0","0","0","","","0","N","2","","40 24:06.570","","7","80 00:59.371","0","0","0","0","2301","0","0","0","N","0","0","0","3","02301","0","","4.0","","1","N","N","N","0","","0","0","0","","0","","","2","0","0","0","0","0","0","2","0","2","","03","","N","","","","","","","","","",""
"2020048359","","1","0","0","0","0","0","0","0","0","0","0","","02","5","2020","5","40.528503","-80.071904","","11","0","0","0","0","0","0","0","0","","0","0","0","","","0","N","0","","40 31:42.610","","0","80 04:18.853","0","0","0","0","2215","0","0","0","Y","0","0","0","1","68B03","0","","1.0","","1","N","N","N","0","","0","0","0","","0","","","2","0","0","0","0","0","0","2","0","1","","03","","N","","","","","","","","","",""
"2020069605","","0","0","0","0","0","0","0","0","0","7","0","","02","8","2020","5","40.485528","-79.77973","","11","0","1","0","0","0","0","0","0","","0","0","0","","","2","N","0","","40 29:07.900","5","0","79 46:47.028","3","0","0","0","2466","0","0","0","N","0","0","0","2","02466","0","","5.0","30.0","1","N","N","N","0","","2","0","1","","0","Y","","1","2","0","0","0","0","0","2","0","1","","03","","N","","","","","","","","","",""
"2020070955","","1","0","0","0","0","0","0","0","0","7","0","","02","8","2020","2","40.341663","-79.874516","","11","0","1","0","0","0","0","0","0","","0","0","0","","","1","N","0","","40 20:29.986","","0","79 52:28.257","3","0","0","0","2123","0","0","0","N","0","0","0","3","02123","0","","2.0","","9","N","N","N","0","","1","0","0","","0","","","1","1","1","0","0","0","0","2","0","1","","","","N","","","","","","","","","",""
"2020041314","","2","0","0","0","0","0","0","0","0","4","0","","02","5","2020","6","","-79.792428","","11","0","1","0","0","0","0","0","0","","0","0","0","","","0","","2","","40 25:49.96","3","0","79 47:32.740","0","0","0","0","2446","0","0","0","N","0","0","0","2","02446","0","","1.0","1920.0","9","N","N","N","0","","0","0","0","","2","N","","2","0","0","0","0","0","0","1","0","2","","07","","N","","","","","","","","","",""
"2020043680","","1","0","0","0","0","0","0","0","0","1","0","","02","6","2020","3","40.428816","-79.930304","","11","0","0","1","0","1","1","0","0","","0","0","0","","","0","N","0","","40 25:43.737","","0","79 55:49.096","0","0","0","0","2301","0","0","0","N","0","0","0","3","68B03","0","","1.0","","1","N","N","N","0","","0","0","2","","0","","","3","0","0","0","0","0","0","2","0","3","","","","N","","","","","","","","","",""
"2020040396","","0","0","0","0","0","0","0","0","0","7","0","","02","5","2020","6","40.441161","-79.829727","","11","0","0","0","0","0","0","1","0","","0","0","0","","","0","N","0","","40 26:28.181","","0","79 49:47.016","0","0","0","0","2419","0","0","0","Y","0","0","0","1","68B03","0","","3.0","","1","N","N","N","0","","0","0","1","","0","","","1","0","0","0","0","0","0","2","0","1","","03","","N","","","","","","","","","",""
"2020040629","","1","0","0","0","0","0","0","0","0","98","0","","02","5","2020","1","40.429308","-79.887382","","11","0","0","0","0","1","0","0","0","","0","0","0","","","0","N","0","","40 25:45.507","","0","79 53:14.575","0","0","0","0","2426","0","0","0","N","0","0","0","1","68B03","0","","1.0","","1","N","N","N","0","","0","0","0","","0","","","1","0","0","0","0","0","0","2","0","1","","03","","N","","","","","","","","","",""
"2020044423","","1","0","0","0","0","0","0","0","0","7","0","","02","5","2020","6","40.408785","-79.830724","","11","0","0","0","0","0","0","0","0","","0","0","0","","","0","N","0","","40 24:31.626","","0","79 49:50.605","0","0","0","0","2467","0","0","0","N","0","0","0","2","02467","0","","4.0","","1","N","N","N","0","","0","0","0","","0","","","1","0","0","0","0","0","0","2","0","1","","","","N","","","","","","","","","",""
"2020042486","","1","0","0","0","0","0","0","0","0","1","0","","02","5","2020","3","40.526569","-79.963469","","11","0","0","0","0","0","1","1","0","","0","0","0","","","0","N","2","","40 31:35.650","","0","79 57:48.488","0","0","0","0","2118","0","0","0","N","0","0","0","3","02118","0","","1.0","","1","N","N","N","1","","0","0","0","","0","N","","2","0","0","0","0","0","0","2","0","2","","03","","N","","","","","","","","","",""
"2020044016","","0","0","0","0","0","0","0","0","0","0","0","","02","5","2020","7","40.486539","-79.915147","","11","0","0","0","0","0","1","0","0","","0","0","0","","","0","N","0","","40 29:11.540","","2","79 54:54.530","0","0","0","0","2301","0","0","0","N","0","0","0","1","02301","0","","4.0","","1","N","N","N","0","","0","0","1","","0","N","","1","0","0","0","0","0","0","2","0","1","","","","N","","","","","","","","","",""
"2020039155","","1","0","0","0","0","0","0","0","0","1","0","","02","5","2020","1","40.422349","-79.8546","","11","0","0","0","0","0","0","0","0","","0","0","0","","","0","N","0","","40 25:20.458","","0","79 51:16.561","9","0","0","0","2431","0","0","0","N","0","0","0","3","02431","0","","1.0","","1","N","N","N","1","","0","0","1","","0","","","3","0","0","0","0","0","1","2","0","3","","03","","N","","","","","","","","","",""
"2020068199","","2","0","0","0","0","0","0","0","0","1","0","","02","8","2020","4","40.632742","-80.002374","","11","0","0","0","0","0","0","0","0","","0","0","0","","","0","Y","0","","40 37:57.871","","0","80 00:08.546","0","0","0","0","2216","0","0","0","N","0","0","0","3","02505","0","","1.0","","1","N","N","N","0","","0","0","0","","0","","","2","0","0","0","0","0","0","2","0","2","","","","N","","","","","","","","","",""
"2020070069","","1","0","0","0","0","0","0","0","0","7","0","","02","8","2020","7","40.484407","-80.040492","","11","0","0","0","0","0","0","0","1","","0","0","0","","","1","","1","","40 29:03.864","","0","80 02:25.771","3","0","0","0","2301","0","0","0","N","0","0","0","1","02301","0","","5.0","","9","N","N","N","0","","1","0","0","","2","N","","1","1","0","0","0","0","0","2","0","1","","03","","N","","","","","","","","","",""
"2020043169","","1","0","0","0","0","0","0","0","0","5","0","","02","6","2020","4","40.542992","-79.979033","","11","0","0","0","0","0","0","0","0","","0","0","0","","","0","N","0","","40 32:34.770","","0","79 58:44.520","0","0","0","0","2118","0","0","0","N","0","0","0","1","02118","0","","1.0","","1","N","N","N","1","","0","0","0","","0","N","","2","0","0","0","0","0","0","2","0","2","","04","","N","","","","","","","","","",""
"2020065539","","0","0","0","0","0","0","0","0","0","7","0","","02","8","2020","6","40.279216","-79.807342","","11","0","0","0","0","0","1","0","0","","0","0","0","","","0","N","0","","40 16:45.179","5","0","79 48:26.430","0","0","0","0","2105","0","0","0","N","0","0","0","1","02105","0","","5.0","1804.0","1","N","N","N","1","","0","0","0","","0","N","","1","0","0","0","0","0","0","1","0","1","","03","","N","","","","","","","","","",""
"2020077382","","3","0","0","0","0","0","0","0","0","4","0","","02","9","2020","2","40.387939","-79.996381","","11","0","0","0","0","1","0","0","0","","0","0","0","","","0","N","1","","40 23:16.582","","0","79 59:46.971","0","0","0","0","2301","0","0","0","N","0","0","0","2","02301","0","","1.0","","1","N","N","Y","0","","0","0","0","","0","","","3","0","0","0","0","0","0","2","0","3","","03","","N","","","","","","","","","",""
"2020070553","","1","0","0","0","0","0","0","0","0","7","0","","02","8","2020","1","40.459473","-79.993576","","11","0","0","0","0","0","0","0","0","","0","0","0","","","0","N","0","","40 27:34.101","6","0","79 59:36.875","0","0","0","0","2301","0","0","0","N","0","0","0","1","02301","0","","5.0","1829.0","1","N","N","N","0","","0","0","0","","0","Y","","1","0","0","0","0","0","0","2","0","1","","","","N","","","","","","","","","",""
"2020069758","","1","0","0","0","0","0","0","0","0","7","0","","02","8","2020","2","40.604612","-79.927164","","11","0","0","0","0","0","1","0","0","","0","0","0","","","0","","2","","40 36:16.603","","0","79 55:37.789","0","0","0","0","2207","0","0","0","N","0","0","0","1","02207","0","","5.0","","1","N","N","N","0","","0","0","0","","3","","","1","0","0","0","0","0","0","2","0","1","","","","N","","","","","","","","","",""
"2020039032","","1","0","1","0","0","0","0","0","0","7","0","","02","5","2020","7","40.491502","-79.865831","","11","0","0","0","0","0","0","0","0","","0","0","0","","","3","Y","0","","40 29:29.407","5","0","79 51:56.993","2","0","0","0","2408","0","0","0","N","0","0","0","3","02408","0","","5.0","737.0","9","N","N","N","0","","1","2","0","","2","Y","","1","3","1","0","1","0","0","2","0","1","","07","","N","","","","","","","","","",""
"2020078280","","0","0","0","0","0","0","0","0","0","4","0","","02","9","2020","4","40.61606","-80.093248","","11","0","0","0","0","0","1","0","0","","0","0","0","","","0","","1","","40 36:57.815","4","0","80 05:35.694","0","0","0","0","2481","0","0","0","N","0","0","0","3","02481","0","","1.0","1248.0","1","N","N","N","0","","0","0","2","","2","N","","2","0","0","0","0","0","0","2","0","2","","","","N","","","","","","","","","",""
"2020066356","","0","0","0","0","0","0","0","0","0","8","0","","02","8","2020","2","40.465985","-79.989674","","11","0","0","0","0","0","1","0","0","","0","0","0","","","1","N","0","","40 27:57.547","","0","79 59:22.827","8","0","0","0","2301","1","0","0","N","1","0","0","3","02301","0","","1.0","","1","N","N","N","0","","0","0","0","","0","","","2","1","0","0","0","1","0","2","0","1","","03","","N","","","","","","","","","",""
"2020079969","","0","0","0","0","0","0","0","0","0","5","0","","02","8","2020","2","40.435089","-79.981768","","11","0","0","0","0","0","2","0","0","","1","0","0","","","0","N","0","","40 26:06.321","3","0","79 58:54.366","1","1","0","1","2301","0","0","0","N","0","0","0","2","68B03","0","2","1.0","1301.0","1","N","N","N","0","0","0","0","1","","0","N","","2","0","0","0","0","0","0","2","0","2","","03","","N","","","","","","","","","",""
"2020065319","","0","0","0","0","0","0","0","0","0","1","0","","02","8","2020","6","40.629324","-80.056542","","11","0","0","0","0","0","1","0","0","","0","0","0","","","1","N","3","","40 37:45.567","2","0","80 03:23.551","8","0","0","0","2216","0","0","0","N","0","0","0","3","02505","0","","1.0","950.0","1","N","N","N","1","","0","0","1","","3","N","","2","1","0","0","0","1","0","2","0","2","","04","","N","","","","","","","","","",""
"2020067027","","0","0","0","0","0","0","0","0","0","7","0","","02","8","2020","4","40.343582","-79.863306","","11","0","0","0","0","0","0","0","0","","0","0","0","","","1","N","1","","40 20:36.894","5","0","79 51:47.901","8","0","0","0","2304","0","0","0","N","0","0","0","1","02304","0","","5.0","25.0","1","N","N","N","1","","0","0","0","","0","Y","","1","1","0","0","0","1","0","2","0","1","","03","","N","","","","","","","","","",""
"2020079050","","0","0","0","0","0","0","0","0","0","1","0","","02","9","2020","6","40.657789","-79.959375","","11","0","0","0","0","0","0","0","0","","0","0","0","","","1","N","0","","40 39:28.041","","7","79 57:33.749","8","0","0","0","2217","0","0","0","N","0","0","0","2","02505","0","","6.0","","3","N","Y","N","0","","0","0","2","","0","","","2","1","0","0","0","1","0","1","0","2","","","","N","","","","","","","","","",""
"2020071507","","1","0","0","0","0","0","0","0","0","5","1","","02","8","2020","2","40.442394","-79.837661","","11","0","0","0","1","0","0","0","0","","0","1","0","","","0","N","0","","40 26:32.617","","0","79 50:15.578","0","0","0","0","2419","0","0","0","N","0","0","0","2","68B03","0","","1.0","","1","N","N","N","0","","0","0","0","","0","","","2","0","0","0","0","0","0","2","0","2","","","","N","","","","","","","","","",""
"2020080209","","1","0","0","0","0","0","0","0","0","1","0","","02","9","2020","2","40.561023","-80.039372","","11","0","0","0","0","0","0","0","0","","0","0","0","","","0","","3","","40 33:39.683","","0","80 02:21.738","0","0","0","0","2108","0","0","0","N","0","0","0","2","02108","0","","1.0","","1","N","N","Y","1","","0","0","0","","3","","","2","0","0","0","0","0","0","2","0","2","","","","N","","","","","","","","","",""
"2020079285","","1","0","0","0","0","0","0","0","0","1","0","","02","9","2020","2","40.420249","-80.037426","","11","0","0","0","0","0","0","0","0","","0","0","0","","","0","N","0","","40 25:12.896","","0","80 02:14.734","0","0","0","0","2301","0","0","0","N","0","0","0","4","68B03","0","","1.0","","1","N","N","N","0","","0","0","1","","0","","","2","0","0","0","0","0","0","2","0","2","","03","","N","","","","","","","","","",""
"2020031084","","3","0","0","0","0","0","0","0","0","5","0","","02","4","2020","7","40.469361","-79.802203","","11","0","0","0","0","1","0","0","0","","0","0","0","","","0","N","0","","40 28:09.700","6","0","79 48:07.930","0","0","0","0","2113","0","0","0","N","0","0","0","1","02113","0","","6.0","2220.0","1","N","N","Y","0","","0","0","0","","0","N","","3","0","1","0","0","0","0","2","0","3","","","","N","","","","","","","","","",""
"2020078072","","1","0","0","0","0","0","0","0","0","7","0","","02","9","2020","3","40.511398","-79.899351","","11","0","0","0","1","0","0","0","0","","0","0","0","","","0","N","0","","40 30:41.033","3","0","79 53:57.665","0","0","0","0","2432","0","0","0","N","0","0","0","1","02432","0","","5.0","2205.0","1","N","N","N","0","","0","0","0","","0","N","","1","0","0","0","0","0","0","2","0","1","","03","","N","","","","","","","","","",""
"2020031111","","1","0","0","0","0","0","0","0","0","1","0","","02","4","2020","5","40.568929","-79.798149","","11","0","0","0","0","0","2","0","0","","0","0","0","","","1","N","6","","40 34:08.143","","0","79 47:53.335","4","0","0","0","2206","0","0","0","N","0","0","0","2","02206","1","","1.0","","1","N","N","N","0","","0","0","1","","1","N","","2","1","0","0","0","0","0","2","0","2","","03","","N","","","","","","","","","",""
"2020053142","","1","0","0","0","0","0","0","0","0","7","0","","02","7","2020","2","40.379008","-80.092138","","11","0","0","0","0","0","0","0","0","","0","0","0","","","0","Y","0","","40 22:44.429","3","0","80 05:31.698","0","0","0","0","2117","0","0","0","N","0","0","0","1","19222","0","","4.0","1523.0","1","N","N","N","0","","0","0","0","","0","N","","1","0","0","0","0","0","0","2","0","1","","03","","N","","","","","","","","","",""
"2020032890","","0","0","0","0","0","0","0","0","0","0","0","","02","4","2020","4","40.391143","-79.934666","","11","0","0","0","0","0","0","0","0","","0","0","0","","","0","","7","","40 23:28.113","","2","79 56:04.798","0","0","0","0","2301","0","0","0","N","0","0","0","1","02301","0","","1.0","","1","N","N","N","0","","0","0","1","","0","","","1","0","0","0","0","0","0","2","0","1","","03","","N","","","","","","","","","",""
"2020077573","","0","0","0","0","0","0","0","0","0","5","0","","02","9","2020","2","40.466903","-79.856282","","11","0","0","0","0","0","0","0","0","","0","0","0","","","0","N","0","","40 28:00.851","6","0","79 51:22.616","0","0","0","0","2113","0","0","0","N","0","0","0","1","02113","0","","6.0","1908.0","1","N","N","N","0","","0","0","2","","0","Y","","2","0","0","0","0","0","0","2","0","2","","","","N","","","","","","","","","",""
"2020032149","","1","0","0","0","0","0","0","0","0","98","0","","02","4","2020","6","40.410041","-80.005281","","11","0","1","0","0","0","0","0","0","","0","0","0","","","0","N","0","","40 24:36.147","7","0","80 00:19.011","0","0","0","0","2301","0","0","0","Y","0","0","0","2","02301","0","","1.0","1334.0","1","N","N","N","0","","0","0","1","","0","N","","2","0","0","0","0","0","0","2","0","2","","03","","N","","","","","","","","","",""
"2020053422","","1","0","0","0","0","0","0","0","0","7","0","","02","7","2020","3","40.428406","-79.9971","","11","0","0","0","0","0","0","0","0","","0","0","0","","","0","N","0","","40 25:42.260","4","0","79 59:49.560","0","0","0","0","2301","0","0","0","N","0","0","0","3","02503","0","","2.0","2050.0","9","N","N","N","0","","0","0","0","","0","N","","1","0","0","0","0","0","0","2","0","1","","","","N","","","","","","","","","",""
"2020064160","","0","0","0","0","0","0","0","0","0","2","1","","02","8","2020","7","40.355067","-80.033824","","11","0","0","0","0","0","0","0","0","","0","1","0","","","1","N","0","","40 21:18.241","2","0","80 02:01.766","3","0","0","0","2407","0","0","0","N","0","0","0","1","02416","0","","5.0","2055.0","1","N","N","N","0","","1","0","3","","0","N","","4","1","0","0","0","0","0","2","0","4","","","","N","","","","","","","","","",""
"2020032727","","2","0","0","0","0","0","0","0","0","4","0","","02","4","2020","3","40.456915","-79.998826","","11","0","0","0","0","0","0","0","0","","0","0","0","","","0","N","2","","40 27:24.895","","0","79 59:55.773","0","0","0","0","2301","0","0","0","N","0","0","0","9","02301","0","","1.0","","1","N","N","N","0","","0","0","0","","2","","","2","0","1","0","0","0","0","2","0","2","","03","","N","","","","","","","","","",""
"2020052619","","1","0","0","0","0","0","0","0","0","1","0","","02","7","2020","2","40.426555","-80.021287","","11","0","0","0","0","0","1","0","0","","0","0","0","","","0","N","0","","40 25:35.597","","0","80 01:16.634","0","0","0","0","2301","0","0","0","N","0","0","0","2","02301","0","","1.0","","1","N","N","N","0","","0","0","1","","0","N","","2","0","0","0","0","0","0","2","0","2","","03","","Y","","","","","","","","","",""
"2020074756","","0","0","0","0","0","0","0","0","0","7","0","","02","9","2020","7","40.508979","-79.763064","","11","0","0","0","0","0","0","0","0","","0","0","0","","","1","","2","","40 30:32.326","1","0","79 45:47.029","8","0","0","0","2466","0","0","0","N","0","0","0","1","02466","0","","4.0","1643.0","1","N","N","N","1","","0","0","0","","0","N","","1","1","0","0","0","1","0","1","0","1","","03","","N","","","","","","","","","",""
"2020033541","","2","0","0","0","0","0","0","0","0","1","0","","02","4","2020","6","40.459194","-79.922034","","11","0","0","0","0","0","1","1","0","","0","0","0","","","0","N","1","","40 27:33.098","","0","79 55:19.322","0","0","0","0","2301","0","0","0","N","0","0","0","2","02301","0","","1.0","","1","N","N","N","0","","0","0","0","","2","","","2","0","0","0","0","0","0","2","0","2","","03","","N","","","","","","","","","",""
"2020079615","","3","0","0","0","0","0","0","0","0","5","0","","02","9","2020","5","40.429663","-79.980413","","11","0","0","0","0","0","0","0","0","","0","0","0","","","0","N","0","","40 25:46.786","1","0","79 58:49.485","0","0","0","0","2301","0","0","0","N","0","0","0","1","02301","0","","1.0","2320.0","1","N","N","Y","0","","0","0","1","","0","N","","4","0","1","0","0","0","0","2","0","4","","03","","N","","","","","","","","","",""
"2020032266","","1","0","0","0","0","0","0","0","0","7","0","","02","4","2020","1","40.349105","-79.975607","","11","0","0","0","0","0","1","0","0","","0","0","0","","","0","N","0","","40 20:56.777","2","0","79 58:32.184","0","0","0","0","2476","0","0","0","N","0","0","0","1","02476","0","","4.0","700.0","1","N","N","N","0","","0","0","0","","0","N","","1","0","0","0","0","0","0","2","0","1","","","","N","","","","","","","","","",""
"2020037991","","1","0","0","0","0","0","0","0","0","7","0","","02","4","2020","2","40.468825","-80.052175","","11","1","0","0","0","0","0","0","0","","0","0","0","","","0","N","0","","40 28:07.770","","0","80 03:07.830","0","0","0","0","2444","0","0","0","N","0","0","0","4","02444","0","","2.0","","1","N","N","N","0","","0","0","0","","0","","","1","0","0","0","0","0","0","2","0","1","","","","N","","","","","","","","","",""
"2020077883","","1","0","0","0","0","0","0","0","0","4","1","","02","9","2020","2","40.407909","-79.909171","","11","0","0","0","0","0","0","0","0","","0","1","0","","","2","N","0","","40 24:28.471","","0","79 54:33.016","8","0","0","0","2438","0","0","0","N","0","0","0","2","02438","0","","6.0","","1","N","N","N","0","","0","0","0","","0","","","2","2","1","0","0","2","0","2","0","2","","03","","N","","","","","","","","","",""
"2020054112","","1","0","0","0","0","0","0","0","0","7","0","","02","7","2020","3","40.397567","-79.880261","","11","0","0","0","0","0","0","0","0","","0","0","0","","","0","N","11","","40 23:51.240","","0","79 52:48.940","0","0","0","0","2473","0","0","0","N","0","0","0","1","02473","0","","5.0","","1","N","N","N","0","","0","0","0","","0","","","1","0","1","0","0","0","0","2","0","1","","03","","N","","","","","","","","","",""
"2020078932","","1","0","0","0","0","0","0","0","0","7","0","","02","9","2020","5","40.574453","-79.847869","","11","0","0","0","0","0","0","0","0","","0","0","0","","","1","N","0","","40 34:28.031","","0","79 50:52.329","3","0","0","0","2209","0","0","0","N","0","0","0","1","02209","0","","5.0","","1","N","N","N","0","","1","0","0","","0","","","1","1","0","0","0","0","0","2","0","1","","","","N","","","","","","","","","",""
"2020000854","","1","0","0","0","0","0","0","0","0","2","0","","02","1","2020","6","40.453088","-80.019416","","11","0","0","0","0","0","0","0","0","","0","0","0","","","1","","1","","40 27:11.117","","0","80 01:09.897","8","0","0","0","2301","0","0","0","N","0","0","0","3","02301","0","","1.0","","9","N","N","N","0","","0","0","2","","2","","","3","1","0","0","0","1","0","2","0","3","","04","","N","","","","","","","","","",""
"2020053900","","1","0","0","0","0","0","0","0","0","4","0","","02","7","2020","5","40.462423","-79.82628","","11","0","0","0","0","0","0","0","0","","0","0","0","","","0","Y","0","","40 27:44.721","","7","79 49:34.609","0","0","0","0","2113","0","0","0","Y","0","0","0","3","02113","0","","1.0","","1","N","N","Y","0","","0","0","1","","0","","","2","0","0","0","0","0","0","2","0","2","","","","N","","","","","","","","","",""
"2020031656","","2","0","0","0","0","0","0","0","0","4","0","","02","4","2020","6","40.380661","-79.812194","","11","0","0","0","0","0","1","0","0","","0","0","0","","","1","N","2","","40 22:50.378","1","0","79 48:43.899","3","0","0","0","2424","0","0","0","N","0","0","0","3","02424","0","","1.0","1312.0","1","N","N","N","0","","1","0","1","","3","N","","3","1","2","0","0","0","0","2","0","3","","03","","N","","","","","","","","","",""
"2020079289","","1","0","0","0","0","0","0","0","0","1","0","","02","9","2020","5","40.446973","-80.167859","","11","0","0","0","0","0","0","1","1","","0","0","0","","","0","N","0","","40 26:49.104","","0","80 10:04.292","0","0","0","0","2115","0","0","0","N","0","0","0","2","68B03","0","","1.0","","1","N","N","N","0","","0","0","1","","0","","","2","0","0","0","0","0","0","2","0","2","","03","","N","","","","","","","","","",""
"2020065219","","2","0","0","0","0","0","0","0","0","4","0","","02","8","2020","5","40.456922","-79.894133","","11","0","0","0","0","0","0","1","0","","0","0","0","","","1","N","1","","40 27:24.919","3","0","79 53:38.878","3","0","0","0","2301","0","0","0","N","0","0","0","5","02301","0","","2.0","1945.0","1","N","N","N","0","","1","0","2","","3","Y","","4","1","0","0","0","0","0","2","0","4","","03","","N","","","","","","","","","",""