"CRN","ARRIVAL_TM","AUTOMOBILE_COUNT","BELTED_DEATH_COUNT","BELTED_SUSP_SERIOUS_INJ_COUNT","BICYCLE_COUNT","BICYCLE_DEATH_COUNT","BICYCLE_SUSP_SERIOUS_INJ_COUNT","BUS_COUNT","CHLDPAS_DEATH_COUNT","CHLDPAS_SUSP_SERIOUS_INJ_COUNT","COLLISION_TYPE","COMM_VEH_COUNT","CONS_ZONE_SPD_LIM","COUNTY","CRASH_MONTH","CRASH_YEAR","DAY_OF_WEEK","DEC_LATITUDE","DEC_LONGITUDE","DISPATCH_TM","DISTRICT","DRIVER_COUNT_16YR","DRIVER_COUNT_17YR","DRIVER_COUNT_18YR","DRIVER_COUNT_19YR","DRIVER_COUNT_20YR","DRIVER_COUNT_50_64YR","DRIVER_COUNT_65_74YR","DRIVER_COUNT_75PLUS","EST_HRS_CLOSED","FATAL_COUNT","HEAVY_TRUCK_COUNT","HORSE_BUGGY_COUNT","HOUR_OF_DAY","ILLUMINATION","INJURY_COUNT","INTERSECTION_RELATED","INTERSECT_TYPE","LANE_CLOSED","LATITUDE","LN_CLOSE_DIR","LOCATION_TYPE","LONGITUDE","MAX_SEVERITY_LEVEL","MCYCLE_DEATH_COUNT","MCYCLE_SUSP_SERIOUS_INJ_COUNT","MOTORCYCLE_COUNT","MUNICIPALITY","NONMOTR_COUNT","NONMOTR_DEATH_COUNT","NONMOTR_SUSP_SERIOUS_INJ_COUNT","NTFY_HIWY_MAINT","PED_COUNT","PED_DEATH_COUNT","PED_SUSP_SERIOUS_INJ_COUNT","PERSON_COUNT","POLICE_AGCY","POSSIBLE_INJ_COUNT","RDWY_SURF_TYPE_CD","RELATION_TO_ROAD","ROADWAY_CLEARED","ROAD_CONDITION","SCH_BUS_IND","SCH_ZONE_IND","SECONDARY_CRASH","SMALL_TRUCK_COUNT","SPEC_JURIS_CD","SUSP_MINOR_INJ_COUNT","SUSP_SERIOUS_INJ_COUNT","SUV_COUNT","TCD_FUNC_CD","TCD_TYPE","TFC_DETOUR_IND","TIME_OF_DAY","TOTAL_UNITS","TOT_INJ_COUNT","UNBELTED_OCC_COUNT","UNB_DEATH_COUNT","UNB_SUSP_SERIOUS_INJ_COUNT","UNK_INJ_DEG_COUNT","UNK_INJ_PER_COUNT","URBAN_RURAL","VAN_COUNT","VEHICLE_COUNT","WEATHER1","WEATHER2","WORKERS_PRES","WORK_ZONE_IND","WORK_ZONE_LOC","WORK_ZONE_TYPE","WZ_CLOSE_DETOUR","WZ_FLAGGER","WZ_LAW_OFFCR_IND","WZ_LN_CLOSURE","WZ_MOVING","WZ_OTHER","WZ_SHLDER_MDN","WZ_WORKERS_INJ_KILLED"
"2020080629","","2","0","0","0","0","0","0","0","0","4","0","","02","9","2020","3","40.511606","-79.947433","","11","0","0","0","0","0","0","1","0","","0","0","0","","","0","","1","","40 30:41.780","","0","79 56:50.760","0","0","0","0","2118","0","0","0","N","0","0","0","3","02118","0","","1.0","","1","N","N","N","0","","0","0","0","","2","","","2","0","0","0","0","0","0","2","0","2","","04","","N","","","","","","","","","",""
"2020076988","","2","0","0","0","0","0","0","0","0","2","0","","02","9","2020","7","40.652115","-79.839179","","11","0","0","0","0","0","0","0","0","","0","0","0","","","0","","3","","40 39:07.613","1","0","79 50:21.046","0","0","0","0","2220","0","0","0","N","0","0","0","4","02220","0","","1.0","1708.0","1","N","N","N","0","","0","0","0","","0","N","","2","0","0","0","0","0","0","1","0","2","","","","N","","","","","","","","","",""
"2020078871","","1","0","0","0","0","0","0","0","0","7","0","","02","9","2020","5","40.451213","-79.796692","","11","0","0","0","0","0","0","0","0","","0","0","0","","","0","N","0","","40 27:04.367","6","0","79 47:48.091","0","0","0","0","2113","0","0","0","N","0","0","0","1","02113","0","","5.0","1.0","1","N","N","N","0","","0","0","0","","0","N","","1","0","1","0","0","0","0","2","0","1","","03","","N","","","","","","","","","",""
"2020052807","","0","0","2","0","0","0","0","0","0","4","0","","02","7","2020","2","40.474491","-79.9714","","11","0","0","0","0","0","0","1","0","","0","0","0","","","3","N","2","","40 28:28.169","1","3","79 58:17.039","2","0","0","0","2445","0","0","0","N","0","0","0","3","02445","0","","1.0","630.0","1","N","N","N","1","","0","2","1","","2","N","","2","3","0","0","0","1","0","2","0","2","","","","N","","","","","","","","","",""
"2020061985","","2","0","0","0","0","0","0","0","0","2","0","","02","8","2020","3","40.386906","-79.976725","","11","0","0","0","0","0","0","1","0","","0","0","0","","","0","N","0","","40 23:12.860","","0","79 58:36.210","0","0","0","0","2301","0","0","0","N","0","0","0","2","02301","0","","4.0","","1","N","N","N","0","","0","0","1","","0","","","3","0","0","0","0","0","0","2","0","3","","03","","N","","","","","","","","","",""
"2020032610","","1","0","0","0","0","0","0","0","0","1","0","","02","4","2020","7","40.401342","-79.88056","","11","0","0","0","0","0","0","0","0","","0","0","0","","","0","","2","","40 24:04.830","","0","79 52:50.017","0","0","0","0","2475","0","0","0","N","0","0","0","3","02475","0","","1.0","","1","N","N","N","0","","0","0","0","","2","","","2","0","0","0","0","0","0","2","0","2","","03","","N","","","","","","","","","",""
"2020054080","","0","0","0","0","0","0","0","0","0","98","0","","02","7","2020","3","40.482217","-80.260878","","11","0","0","0","0","0","0","0","0","","0","0","0","","","1","N","0","","40 28:55.982","3","0","80 15:39.162","4","0","0","0","2203","0","0","0","Y","0","0","0","1","68B03","1","","3.0","1810.0","9","N","N","N","0","","0","0","1","","0","N","","1","1","0","0","0","0","0","2","0","1","","04","","N","","","","","","","","","",""
"2020079499","","2","0","0","0","0","0","0","0","0","1","0","","02","9","2020","1","40.378317","-79.989579","","11","0","0","0","0","0","0","0","0","","0","0","0","","","0","","2","","40 22:41.940","","0","79 59:22.484","0","0","0","0","2301","0","0","0","N","0","0","0","2","02301","0","","1.0","","1","","","N","0","","0","0","0","","2","","","2","0","0","0","0","0","0","2","0","2","","03","","N","","","","","","","","","",""
"2020053463","","1","0","0","0","0","0","0","0","0","2","0","","02","7","2020","4","40.485326","-80.009494","","11","0","0","0","0","0","0","0","0","","0","0","0","","","0","N","1","","40 29:07.174","3","2","80 00:34.178","0","0","0","0","2301","0","0","0","N","0","0","0","3","02301","0","","1.0","1648.0","1","N","N","N","1","","0","0","0","","2","Y","","2","0","0","0","0","0","0","2","0","2","","03","","N","","","","","","","","","",""
"2020069828","","1","0","0","0","0","0","0","0","0","4","0","","02","8","2020","6","40.465426","-79.956659","","11","0","0","0","0","0","0","0","0","","0","0","0","","","0","","1","","40 27:55.532","","0","79 57:23.972","0","0","0","0","2301","0","0","0","N","0","0","0","2","02301","0","","1.0","","1","N","N","N","0","","0","0","0","","3","","","2","0","0","0","0","0","0","2","1","2","","","","N","","","","","","","","","",""
"2020079540","","2","0","0","0","0","0","0","0","0","4","0","","02","9","2020","1","40.474055","-80.077999","","11","0","0","0","0","1","0","0","0","","0","0","0","","","0","N","5","","40 28:26.598","5","0","80 04:40.795","0","0","0","0","2122","0","0","0","N","0","0","0","3","02122","0","","1.0","1843.0","1","N","N","N","0","","0","0","0","","3","N","","2","0","0","0","0","0","0","2","0","2","","03","","N","","","","","","","","","",""
"2020060025","","1","0","0","0","0","0","0","0","0","7","0","","02","7","2020","2","40.440145","-79.969777","","11","0","0","0","0","0","0","0","0","","0","0","0","","","0","N","2","","40 26:24.521","2","0","79 58:11.197","0","0","0","0","2301","0","0","0","N","0","0","0","1","02301","0","","4.0","1430.0","1","N","N","N","0","","0","0","0","","3","N","","1","0","0","0","0","0","0","2","0","1","","","","N","","","","","","","","","",""
"2020072325","","1","0","0","0","0","0","0","0","0","1","1","","02","8","2020","1","40.401342","-79.88056","","11","0","0","0","0","0","0","0","0","","0","1","0","","","0","","2","","40 24:04.830","","0","79 52:50.017","0","0","0","0","2475","0","0","0","N","0","0","0","4","02475","0","","1.0","","1","N","N","N","0","","0","0","0","","2","","","2","0","0","0","0","0","0","2","0","2","","","","N","","","","","","","","","",""
"2020066849","","1","0","0","0","0","0","0","0","0","4","0","","02","8","2020","4","40.569571","-79.954126","","11","0","0","0","0","0","0","0","1","","0","1","0","","","0","N","2","","40 34:10.457","1","0","79 57:14.853","0","0","0","0","2207","0","0","0","N","0","0","0","3","02207","0","","1.0","915.0","1","N","N","N","0","","0","0","0","","2","N","","2","0","0","0","0","0","0","2","0","2","","03","","N","","","","","","","","","",""
"2020066090","","0","0","0","0","0","0","0","0","0","1","0","","02","8","2020","1","40.425434","-79.964501","","11","0","0","0","0","0","1","0","0","","0","0","0","","","0","","2","","40 25:31.563","","0","79 57:52.204","0","0","0","0","2301","0","0","0","N","0","0","0","4","02301","0","","1.0","","1","N","N","N","1","","0","0","2","","2","","","3","0","0","0","0","0","0","2","0","3","","03","","N","","","","","","","","","",""
"2020079405","","2","0","0","0","0","0","0","0","0","4","0","","02","9","2020","7","40.469832","-79.963717","","11","0","0","0","0","0","0","0","0","","0","0","0","","","1","","2","","40 28:11.396","","0","79 57:49.382","8","0","0","0","2301","0","0","0","N","0","0","0","2","02301","0","","1.0","","1","N","N","N","0","","0","0","0","","0","","","2","1","0","0","0","1","0","2","0","2","","03","","N","","","","","","","","","",""
"2020033910","","0","0","0","0","0","0","0","0","0","2","0","","02","4","2020","3","40.463939","-79.952959","","11","0","0","0","0","0","2","0","0","","0","0","0","","","0","N","2","","40 27:50.180","","0","79 57:10.652","0","0","0","0","2301","0","0","0","N","0","0","0","2","02301","0","","1.0","","1","N","N","N","0","","0","0","2","","2","","","2","0","0","0","0","0","0","2","0","2","","03","","N","","","","","","","","","",""
"2020053484","","1","0","0","0","0","0","0","0","0","2","0","","02","7","2020","3","40.384654","-79.995066","","11","0","0","0","0","0","0","0","0","","0","0","0","","","1","N","2","","40 23:04.755","1","0","79 59:42.238","8","0","0","0","2301","0","0","0","N","0","0","0","2","02301","0","","1.0","2315.0","1","N","N","N","0","","0","0","1","","0","N","","2","1","0","0","0","1","0","2","0","2","","","","N","","","","","","","","","",""
"2020076860","","2","0","0","0","0","0","0","0","0","1","0","","02","9","2020","5","40.454172","-79.880032","","11","0","0","0","0","0","0","0","0","","0","0","0","","","0","N","1","","40 27:15.019","","0","79 52:48.115","9","0","0","0","2301","0","0","0","N","0","0","0","1","02301","0","","2.0","","1","N","N","N","0","","0","0","0","","3","","","2","0","0","0","0","0","1","2","0","2","","","","N","","","","","","","","","",""
"2020079676","","1","0","0","0","0","0","0","0","0","2","0","","02","9","2020","5","40.371833","-79.843669","","11","0","0","0","0","0","0","0","0","","0","0","0","","","2","","2","","40 22:18.598","","0","79 50:37.207","3","0","0","0","2303","0","0","0","N","0","0","0","3","02303","1","","1.0","","1","N","N","N","0","","1","0","1","","2","","","2","2","0","0","0","0","0","2","0","2","","","","N","","","","","","","","","",""
"2020079473","","2","0","0","0","0","0","0","0","0","4","0","","02","9","2020","7","40.385413","-79.821842","","11","0","0","0","0","0","1","0","0","","0","0","0","","","2","","1","","40 23:07.485","","0","79 49:18.631","8","0","0","0","2111","0","0","0","N","0","0","0","10","02111","0","","1.0","","1","N","N","N","0","","0","0","0","","3","","","2","2","5","0","0","2","0","2","0","2","","03","","N","","","","","","","","","",""
"2020053991","","1","0","0","0","0","0","0","0","0","4","0","","02","7","2020","5","40.414111","-79.881067","","11","0","0","0","0","0","1","0","0","","0","0","0","","","1","N","0","","40 24:50.800","1","0","79 52:51.840","3","0","0","0","2456","0","0","0","N","0","0","0","1","02456","0","","4.0","1920.0","1","","","N","0","","1","0","1","","8","Y","","2","1","0","0","0","0","0","2","0","2","","03","","N","","","","","","","","","",""
"2020080248","","1","0","0","0","0","0","0","0","0","98","0","","02","9","2020","3","40.531445","-80.127074","","11","0","0","0","0","0","0","0","0","","0","0","0","","","0","N","0","","40 31:53.202","","0","80 07:37.465","0","0","0","0","2125","0","0","0","N","0","0","0","1","68B03","0","","1.0","","1","N","N","N","0","","0","0","0","","0","","","1","0","0","0","0","0","0","2","0","1","","03","","N","","","","","","","","","",""
"2020068712","","1","0","0","0","0","0","0","0","0","1","1","","02","8","2020","4","40.427447","-79.953552","","11","0","0","0","0","0","0","0","0","","0","1","0","","","0","N","0","","40 25:38.810","3","0","79 57:12.788","0","0","0","0","2301","0","0","0","N","0","0","0","2","68B03","0","","1.0","310.0","1","N","N","N","0","","0","0","0","","0","N","","2","0","0","0","0","0","0","2","0","2","","03","","N","","","","","","","","","",""
"2020078965","","3","0","0","0","0","0","0","0","0","1","0","","02","9","2020","6","40.460779","-79.915861","","11","0","0","0","0","0","0","1","0","","0","0","0","","","3","N","0","","40 27:38.806","4","0","79 54:57.100","3","0","0","0","2458","0","0","0","N","0","0","0","3","02458","1","","1.0","150.0","1","N","N","N","0","","2","0","0","","0","Y","","3","3","0","0","0","0","0","2","0","3","","03","","N","","","","","","","","","",""
"2020080669","","1","0","1","0","0","0","0","0","0","1","1","","02","9","2020","5","40.433985","-79.987442","","11","0","0","0","0","0","0","0","0","","0","1","0","","","1","N","0","","40 26:02.347","3","0","79 59:14.792","2","0","0","0","2301","0","0","0","N","0","0","0","2","68B03","0","","1.0","1620.0","1","N","N","N","0","","0","1","0","","0","N","","2","1","0","0","0","0","0","2","0","2","","03","","N","","","","","","","","","",""
"2020079477","","1","0","0","0","0","0","0","0","0","2","0","","02","9","2020","4","40.397459","-79.902885","","11","0","0","0","0","0","0","1","0","","0","0","0","","","2","N","0","","40 23:50.853","5","0","79 54:10.387","8","0","0","0","2448","0","0","0","N","0","0","0","2","02448","0","","1.0","1430.0","1","N","N","N","0","","0","0","1","","0","N","","2","2","0","0","0","2","0","2","0","2","","03","","N","","","","","","","","","",""
"2020076018","","1","0","0","0","0","0","0","0","0","5","1","","02","9","2020","5","","","","11","0","0","0","0","0","1","0","0","","0","1","0","","","0","","2","","","2","0","","0","0","0","0","2424","0","0","0","N","0","0","0","3","02424","0","","1.0","757.0","1","N","N","N","0","","0","0","0","","0","N","","2","0","0","0","0","0","0","1","0","2","","03","","N","","","","","","","","","",""
"2020079627","","2","0","0","0","0","0","0","0","0","4","0","","02","9","2020","6","40.407784","-79.836947","","11","0","0","0","0","0","1","0","0","","0","0","0","","","0","","2","","40 24:28.022","2","0","79 50:13.009","0","0","0","0","2417","0","0","0","N","0","0","0","1","02431","0","","4.0","2130.0","1","N","N","N","0","","0","0","0","","3","Y","","2","0","0","0","0","0","0","2","0","2","","03","","N","","","","","","","","","",""
"2020078723","","1","0","0","0","0","0","0","0","0","4","0","30","02","9","2020","5","40.372938","-79.792793","","11","0","0","0","0","0","0","0","0","","0","0","0","","","0","","2","","40 22:22.575","3","0","79 47:34.054","0","0","0","0","2111","0","0","0","N","0","0","0","2","02111","0","","1.0","1725.0","1","N","N","Y","0","","0","0","1","","3","Y","","2","0","0","0","0","0","0","2","0","2","","","N","Y","3","1","","","N","","Y","","","N"
"2020079053","","2","0","0","0","0","0","0","0","0","1","0","","02","9","2020","6","40.341593","-79.98508","","11","0","0","0","0","0","0","1","0","","0","0","0","","","1","","2","","40 20:29.734","","0","79 59:06.288","4","0","0","0","2403","0","0","0","N","0","0","0","3","02403","1","","1.0","","1","N","N","N","0","","0","0","0","","0","N","","2","1","0","0","0","0","0","2","0","2","","03","","N","","","","","","","","","",""
"2020080598","","2","0","0","0","0","0","0","0","0","4","0","","02","9","2020","2","40.45082","-79.713563","","11","0","0","0","0","0","1","0","0","","0","0","0","","","1","","1","","40 27:02.952","","0","79 42:48.828","3","0","0","0","2466","0","0","0","N","0","0","0","2","02466","0","","1.0","","1","N","N","N","0","","1","0","0","","2","","","2","1","0","0","0","0","1","2","0","2","","","","N","","","","","","","","","",""
"2020076191","","1","0","0","0","0","0","0","0","0","4","0","","02","9","2020","7","40.386139","-79.822481","","11","0","0","0","0","0","1","0","0","","0","0","0","","","0","","1","","40 23:10.102","5","0","79 49:20.931","0","0","0","0","2111","0","0","0","N","0","0","0","2","02111","0","","1.0","1337.0","1","N","N","N","0","","0","0","1","","0","Y","","2","0","1","0","0","0","0","2","0","2","","03","","N","","","","","","","","","",""
"2020079013","","1","0","0","0","0","0","0","0","0","6","0","","02","9","2020","6","40.477735","-80.042087","","11","0","0","0","0","0","0","0","0","","0","0","0","","","1","N","0","","40 28:39.847","1","0","80 02:31.514","3","0","0","0","2301","0","0","0","N","0","0","0","3","02301","0","","3.0","1350.0","1","","","N","0","","1","0","1","","0","N","","3","1","0","0","0","0","0","2","0","2","","03","","N","","","","","","","","","",""
"2020081209","","1","0","0","0","0","0","0","0","0","4","0","","02","10","2020","5","40.354888","-79.834888","","11","0","0","0","0","0","1","1","0","","0","0","0","","","0","","2","","40 21:17.598","3","0","79 50:05.597","0","0","0","0","2304","0","0","0","N","0","0","0","4","02304","0","","1.0","2015.0","1","N","N","N","0","","0","0","1","","2","Y","","2","0","0","0","0","0","0","2","0","2","","03","","N","","","","","","","","","",""
"2020079466","","0","0","0","0","0","0","0","0","0","4","0","","02","9","2020","1","40.449692","-79.827051","","11","0","0","0","0","0","1","0","0","","0","0","0","","","1","Y","0","","40 26:58.891","5","7","79 49:37.382","3","0","0","1","2113","0","0","0","N","0","0","0","2","02113","0","","1.0","930.0","1","N","N","N","1","","1","0","0","","0","Y","","2","1","0","0","0","0","0","2","0","2","","","","N","","","","","","","","","",""
"2020080937","","0","0","0","0","0","0","0","0","0","7","0","","02","9","2020","4","40.476431","-79.780353","","11","0","0","0","0","0","0","0","0","","0","0","0","","","0","N","0","","40 28:35.153","6","0","79 46:49.271","0","0","0","0","2113","0","0","0","N","0","0","0","2","02113","0","","5.0","900.0","9","N","N","N","0","","0","0","1","","0","Y","","1","0","0","0","0","0","0","2","0","1","","","","N","","","","","","","","","",""
"2020079042","","1","0","0","0","0","0","0","0","0","4","0","","02","9","2020","6","40.581034","-80.037824","","11","0","1","0","0","0","0","0","0","","0","0","0","","","1","","2","","40 34:51.724","2","0","80 02:16.166","8","0","0","0","2108","0","0","0","N","0","0","0","2","02108","0","","1.0","1530.0","1","N","N","N","1","","0","0","0","","3","N","","2","1","1","0","0","1","0","2","0","2","","","","N","","","","","","","","","",""
"2020047899","","1","0","0","0","0","0","0","0","0","5","0","","02","6","2020","6","40.464795","-79.934793","","11","0","0","0","0","1","0","0","0","","0","0","0","","","0","N","0","","40 27:53.261","","0","79 56:05.256","9","0","0","0","2301","0","0","0","N","0","0","0","1","02301","0","","1.0","","1","N","N","N","0","","0","0","1","","0","","","2","0","0","0","0","0","1","2","0","2","","03","","N","","","","","","","","","",""
"2020080541","","1","0","0","0","0","0","0","0","0","8","0","","02","9","2020","1","40.460625","-79.914314","","11","0","0","0","0","0","0","0","0","","0","0","0","","","1","N","0","","40 27:38.250","","0","79 54:51.529","3","0","0","0","2301","1","0","0","N","1","0","0","2","02301","0","","4.0","","99","N","N","N","0","","1","0","0","","0","","","2","1","0","0","0","0","0","2","0","1","","","","N","","","","","","","","","",""
"2020079051","","2","0","0","0","0","0","0","0","0","2","0","","02","9","2020","6","40.455048","-79.94148","","11","0","0","0","0","0","1","0","0","","0","0","0","","","0","","1","","40 27:18.172","4","0","79 56:29.328","0","0","0","0","2301","0","0","0","N","0","0","0","2","02301","0","","1.0","1650.0","1","N","N","N","0","","0","0","0","","2","Y","","2","0","0","0","0","0","0","2","0","2","","03","","N","","","","","","","","","",""
"2020079653","","0","0","0","0","0","0","0","0","0","7","0","","02","9","2020","1","40.454719","-80.233636","","11","0","0","0","0","0","0","0","0","","0","0","0","","","0","N","5","","40 27:16.990","","0","80 14:01.088","0","0","0","0","2214","0","0","0","N","0","0","0","1","02214","0","","5.0","","1","N","N","N","1","","0","0","0","","3","N","","1","0","0","0","0","0","0","2","0","1","","03","","N","","","","","","","","","",""
"2020077702","","0","0","0","0","0","0","0","0","0","4","0","","02","9","2020","2","40.445968","-79.714874","","11","0","0","0","0","0","0","0","0","","0","2","0","","","0","N","0","","40 26:45.484","","0","79 42:53.548","0","0","0","0","2446","0","0","0","N","0","0","0","1","02446","0","","5.0","","1","N","N","N","0","","0","0","0","","0","N","","3","0","0","0","0","0","0","2","1","3","","03","","N","","","","","","","","","",""
"2020053276","","1","0","0","0","0","0","0","0","0","2","0","","02","7","2020","3","40.419626","-79.927168","","11","0","0","1","0","0","0","0","0","","0","0","0","","","0","N","1","","40 25:10.655","","0","79 55:37.803","0","0","0","0","2301","0","0","0","N","0","0","0","2","02301","0","","1.0","","1","N","N","N","0","","0","0","1","","2","","","2","0","0","0","0","0","0","2","0","2","","03","","N","","","","","","","","","",""
"2020075220","","0","0","0","0","0","0","0","0","0","8","0","","02","9","2020","2","40.461446","-79.863031","","11","0","0","0","0","0","0","0","0","","0","0","0","","","1","N","1","","40 27:41.206","4","0","79 51:46.910","3","0","0","0","2113","1","0","0","N","1","0","0","3","02113","0","","1.0","1650.0","1","N","N","N","0","","1","0","1","","2","Y","","2","1","1","0","0","0","0","2","0","1","","03","","N","","","","","","","","","",""
"2020052939","","0","0","0","0","0","0","0","0","0","2","0","","02","7","2020","3","40.442964","-79.8579","","11","0","0","0","0","0","0","0","0","","0","0","0","","","0","N","0","","40 26:34.670","","0","79 51:28.440","0","0","0","0","2419","0","0","0","N","0","0","0","1","02419","0","","5.0","","1","N","N","N","0","","0","0","1","","0","N","","1","0","0","0","0","0","0","2","0","1","","03","","N","","","","","","","","","",""
"2020079861","","1","0","0","0","0","0","0","0","0","1","0","","02","9","2020","2","40.388656","-79.830251","","11","0","0","0","0","0","1","1","1","","0","0","0","","","0","N","2","","40 23:19.161","3","0","79 49:48.903","0","0","0","0","2111","0","0","0","N","0","0","0","6","02111","0","","1.0","1545.0","1","N","N","N","0","","0","0","2","","2","Y","","3","0","0","0","0","0","0","2","0","3","","03","","N","","","","","","","","","",""
"2020080789","","1","0","0","0","0","0","0","0","0","7","0","","02","9","2020","6","40.58136","-79.782506","","11","0","0","0","0","0","0","0","0","","0","0","0","","","0","N","0","","40 34:52.896","","0","79 46:57.023","0","0","0","0","2104","0","0","0","Y","0","0","0","1","68D02","0","","4.0","","1","N","N","N","0","","0","0","0","","0","","","1","0","0","0","0","0","0","2","0","1","","04","","N","","","","","","","","","",""
"2020080487","","1","0","0","0","0","0","0","0","0","7","0","","02","9","2020","2","40.409164","-79.876525","","11","0","0","0","0","0","0","0","0","","0","0","0","","","0","N","0","","40 24:32.990","4","0","79 52:35.490","0","0","0","0","2456","0","0","0","N","0","0","0","1","68B03","0","","4.0","740.0","1","N","N","N","0","","0","0","0","","0","N","","1","0","0","0","0","0","0","2","0","1","","03","","N","","","","","","","","","",""
"2020081223","","1","0","0","0","0","0","0","0","0","1","1","","02","9","2020","5","40.493167","-79.947364","","11","0","0","0","0","0","1","0","0","","0","0","0","","","0","N","0","","40 29:35.401","2","0","79 56:50.512","0","0","0","0","2430","0","0","0","N","0","0","0","2","02430","0","","1.0","1658.0","1","N","N","N","1","","0","0","0","","0","N","","2","0","0","0","0","0","0","2","0","2","","","","N","","","","","","","","","",""
"2020063002","","1","0","0","0","0","0","0","0","0","1","1","","02","8","2020","5","40.594715","-79.9907","","11","0","1","0","0","0","0","0","0","","0","1","0","","","2","Y","0","","40 35:40.974","4","0","79 59:26.519","8","0","0","0","2108","0","0","0","N","0","0","0","5","02108","0","","1.0","1530.0","1","N","N","N","1","","0","0","0","","0","N","","3","2","0","0","0","2","0","1","0","3","","","","N","","","","","","","","","",""
"2020079038","","1","0","0","0","0","0","1","0","0","1","1","","02","9","2020","6","40.443882","-79.938809","","11","0","0","0","0","0","0","0","0","","0","0","0","","","0","","1","","40 26:37.974","","0","79 56:19.714","0","0","0","0","2301","0","0","0","N","0","0","0","2","02503","0","","1.0","","1","N","N","N","0","","0","0","0","","2","N","","2","0","0","0","0","0","0","2","0","2","","03","","N","","","","","","","","","",""
"2020073247","","1","0","0","0","0","0","0","0","0","7","0","","02","8","2020","6","40.340139","-79.905895","","11","0","0","0","0","0","0","0","0","","0","0","0","","","0","N","0","","40 20:24.500","6","0","79 54:21.223","9","0","0","0","2473","0","0","0","N","0","0","0","1","02473","0","","5.0","1530.0","9","N","N","N","0","","0","0","0","","0","Y","","1","0","0","0","0","0","1","2","0","1","","04","","N","","","","","","","","","",""
"2020079450","","4","0","0","0","0","0","0","0","0","6","0","","02","9","2020","1","40.45778","-80.056142","","11","0","0","0","0","0","0","0","0","","0","0","0","","","0","N","0","","40 27:28.007","","0","80 03:22.112","0","0","0","0","2301","0","0","0","N","0","0","0","1","02301","0","","1.0","","1","N","N","N","0","","0","0","0","","0","","","4","0","0","0","0","0","0","2","0","4","","","","N","","","","","","","","","",""
"2020051000","","0","0","0","0","0","0","0","0","0","7","0","","02","6","2020","6","40.360484","-79.845377","","11","0","0","0","0","0","0","0","0","","0","0","0","","","0","N","0","","40 21:37.742","3","3","79 50:43.358","0","0","0","0","2303","0","0","0","N","0","0","0","0","02303","0","","9.0","1849.0","1","N","N","N","0","","0","0","1","","0","N","","1","0","0","0","0","0","0","2","0","1","","03","","N","","","","","","","","","",""
"2020059204","","1","0","0","0","0","0","0","0","0","1","0","","02","7","2020","2","40.384983","-79.994973","","11","0","0","0","0","0","1","0","0","","0","0","0","","","0","N","1","","40 23:05.938","2","0","79 59:41.901","0","0","0","0","2301","0","0","0","N","0","0","0","3","02301","0","","1.0","1010.0","1","N","N","N","0","","0","0","1","","2","Y","","3","0","0","0","0","0","0","2","1","3","","03","","N","","","","","","","","","",""
"2020079829","","0","0","0","0","0","0","0","0","0","1","0","","02","9","2020","2","40.495224","-80.277128","","11","0","0","0","0","0","1","0","0","","0","0","0","","","2","N","0","","40 29:42.806","4","0","80 16:37.662","4","0","0","0","2203","0","0","0","Y","0","0","0","2","68B03","1","","1.0","540.0","1","N","N","N","1","","0","0","1","","0","N","","2","2","1","0","0","1","0","2","0","2","","","","N","","","","","","","","","",""
"2020076631","","0","0","0","0","0","0","1","0","0","8","1","","02","9","2020","6","40.441932","-80.001814","","11","0","0","0","0","0","0","0","0","","0","0","0","","","1","","1","","40 26:30.954","3","0","80 00:06.530","8","0","0","0","2301","1","0","0","N","1","0","0","2","02503","0","","1.0","1512.0","1","N","N","N","0","","0","0","0","","2","Y","","2","1","0","0","0","1","0","2","0","1","","","","N","","","","","","","","","",""
"2020049501","","1","0","0","0","0","0","0","0","0","4","0","","02","6","2020","3","40.368329","-79.816621","","11","0","0","0","0","0","0","0","0","","0","0","0","","","4","N","3","","40 22:05.985","1","0","79 48:59.836","3","0","0","0","2111","0","0","0","N","0","0","0","5","02111","0","","1.0","2030.0","1","N","N","N","0","","2","0","1","","0","N","","2","4","1","0","0","2","1","2","0","2","","03","","N","","","","","","","","","",""
"2020076168","","0","0","0","0","0","0","0","0","0","4","0","","02","9","2020","4","40.378137","-80.06482","","11","0","0","0","0","0","0","0","0","","0","0","0","","","0","","5","","40 22:41.293","","0","80 03:53.352","0","0","0","0","2109","0","0","0","N","0","0","0","2","02109","0","","1.0","","1","N","N","N","0","","0","0","2","","2","","","2","0","0","0","0","0","0","2","0","2","","","","N","","","","","","","","","",""
"2020080841","","1","0","0","0","0","0","0","0","0","7","0","","02","9","2020","4","40.419979","-79.998865","","11","0","0","0","0","0","0","0","0","","0","0","0","","","0","N","1","","40 25:11.924","","0","79 59:55.913","0","0","0","0","2301","0","0","0","N","0","0","0","1","02301","0","","5.0","","1","N","N","N","0","","0","0","0","","3","","","1","0","0","0","0","0","0","2","0","1","","03","","N","","","","","","","","","",""