"CRN","ARRIVAL_TM","AUTOMOBILE_COUNT","BELTED_DEATH_COUNT","BELTED_SUSP_SERIOUS_INJ_COUNT","BICYCLE_COUNT","BICYCLE_DEATH_COUNT","BICYCLE_SUSP_SERIOUS_INJ_COUNT","BUS_COUNT","CHLDPAS_DEATH_COUNT","CHLDPAS_SUSP_SERIOUS_INJ_COUNT","COLLISION_TYPE","COMM_VEH_COUNT","CONS_ZONE_SPD_LIM","COUNTY","CRASH_MONTH","CRASH_YEAR","DAY_OF_WEEK","DEC_LATITUDE","DEC_LONGITUDE","DISPATCH_TM","DISTRICT","DRIVER_COUNT_16YR","DRIVER_COUNT_17YR","DRIVER_COUNT_18YR","DRIVER_COUNT_19YR","DRIVER_COUNT_20YR","DRIVER_COUNT_50_64YR","DRIVER_COUNT_65_74YR","DRIVER_COUNT_75PLUS","EST_HRS_CLOSED","FATAL_COUNT","HEAVY_TRUCK_COUNT","HORSE_BUGGY_COUNT","HOUR_OF_DAY","ILLUMINATION","INJURY_COUNT","INTERSECTION_RELATED","INTERSECT_TYPE","LANE_CLOSED","LATITUDE","LN_CLOSE_DIR","LOCATION_TYPE","LONGITUDE","MAX_SEVERITY_LEVEL","MCYCLE_DEATH_COUNT","MCYCLE_SUSP_SERIOUS_INJ_COUNT","MOTORCYCLE_COUNT","MUNICIPALITY","NONMOTR_COUNT","NONMOTR_DEATH_COUNT","NONMOTR_SUSP_SERIOUS_INJ_COUNT","NTFY_HIWY_MAINT","PED_COUNT","PED_DEATH_COUNT","PED_SUSP_SERIOUS_INJ_COUNT","PERSON_COUNT","POLICE_AGCY","POSSIBLE_INJ_COUNT","RDWY_SURF_TYPE_CD","RELATION_TO_ROAD","ROADWAY_CLEARED","ROAD_CONDITION","SCH_BUS_IND","SCH_ZONE_IND","SECONDARY_CRASH","SMALL_TRUCK_COUNT","SPEC_JURIS_CD","SUSP_MINOR_INJ_COUNT","SUSP_SERIOUS_INJ_COUNT","SUV_COUNT","TCD_FUNC_CD","TCD_TYPE","TFC_DETOUR_IND","TIME_OF_DAY","TOTAL_UNITS","TOT_INJ_COUNT","UNBELTED_OCC_COUNT","UNB_DEATH_COUNT","UNB_SUSP_SERIOUS_INJ_COUNT","UNK_INJ_DEG_COUNT","UNK_INJ_PER_COUNT","URBAN_RURAL","VAN_COUNT","VEHICLE_COUNT","WEATHER1","WEATHER2","WORKERS_PRES","WORK_ZONE_IND","WORK_ZONE_LOC","WORK_ZONE_TYPE","WZ_CLOSE_DETOUR","WZ_FLAGGER","WZ_LAW_OFFCR_IND","WZ_LN_CLOSURE","WZ_MOVING","WZ_OTHER","WZ_SHLDER_MDN","WZ_WORKERS_INJ_KILLED"
"2020047978","","2","0","0","0","0","0","0","0","0","1","0","","02","6","2020","6","40.438899","-79.934128","","11","0","0","0","0","0","0","0","0","","0","0","0","","","1","","1","","40 26:20.036","2","0","79 56:02.860","4","0","0","0","2301","0","0","0","N","0","0","0","6","02301","1","","1.0","1640.0","1","N","N","N","0","","0","0","0","","0","N","","2","1","1","0","0","0","0","2","0","2","","03","","N","","","","","","","","","",""
"2020074825","","1","0","0","0","0","0","0","0","0","7","0","","02","9","2020","7","40.5138","-79.965376","","11","0","0","0","0","0","0","0","0","","0","0","0","","","0","","2","","40 30:49.681","3","0","79 57:55.353","0","0","0","0","2118","0","0","0","Y","0","0","0","1","02118","0","","1.0","11.0","1","N","N","N","0","","0","0","0","","0","Y","","1","0","0","0","0","0","0","2","0","1","","03","","N","","","","","","","","","",""
"2020075643","","0","0","0","0","0","0","0","0","0","98","0","","02","8","2020","2","40.360418","-79.982271","","11","0","0","0","0","0","0","0","0","","0","0","0","","","0","N","0","","40 21:37.503","2","0","79 58:56.174","0","0","0","0","2476","0","0","0","N","0","0","0","1","02476","0","","1.0","430.0","1","N","N","N","1","","0","0","0","","0","N","","1","0","0","0","0","0","0","2","0","1","","03","","N","","","","","","","","","",""
"2020051002","","2","0","0","0","0","0","0","0","0","1","0","","02","6","2020","3","40.473996","-79.971919","","11","0","0","0","0","0","1","0","0","","0","0","0","","","0","N","0","","40 28:26.385","2","2","79 58:18.908","0","0","0","0","2445","0","0","0","N","0","0","0","2","02445","0","","1.0","827.0","1","N","N","N","0","","0","0","0","","4","N","","2","0","0","0","0","0","0","2","0","2","","","","N","","","","","","","","","",""
"2020051289","","2","0","0","0","0","0","0","0","0","2","0","","02","6","2020","3","40.411157","-80.006068","","11","0","0","0","0","0","1","0","0","","0","0","0","","","0","N","0","","40 24:40.165","","0","80 00:21.843","0","0","0","0","2301","0","0","0","N","0","0","0","3","02301","0","","1.0","","1","","","N","0","","0","0","0","","0","","","2","0","0","0","0","0","0","2","0","2","","03","","N","","","","","","","","","",""
"2020075641","","1","0","0","0","0","0","1","0","0","4","1","","02","9","2020","2","40.360975","-80.028525","","11","0","0","0","0","0","1","0","0","","0","0","0","","","0","N","1","","40 21:39.510","","0","80 01:42.691","0","0","0","0","2416","0","0","0","N","0","0","0","9","02416","0","","1.0","","1","Y","N","N","0","","0","0","0","","0","","","2","0","0","0","0","0","0","2","0","2","","03","","N","","","","","","","","","",""
"2020076600","","1","0","0","0","0","0","0","0","0","1","0","","02","9","2020","5","40.526124","-80.158218","","11","0","0","0","0","0","0","1","0","","0","0","0","","","2","N","0","","40 31:34.048","2","0","80 09:29.586","8","0","0","0","2436","0","0","0","N","0","0","0","2","68B03","0","","1.0","1435.0","1","N","N","N","0","","0","0","1","","0","N","","2","2","0","0","0","2","0","2","0","2","","","","N","","","","","","","","","",""
"2020051296","","1","0","0","0","0","0","0","0","0","7","0","","02","6","2020","4","40.454655","-79.880863","","11","0","0","0","0","0","1","0","0","","0","0","0","","","1","N","0","","40 27:16.758","6","0","79 52:51.108","3","0","0","0","2301","0","0","0","N","0","0","0","1","02301","0","","5.0","330.0","1","N","Y","N","0","","1","0","0","","2","Y","","1","1","0","0","0","0","0","2","0","1","","03","","N","","","","","","","","","",""
"2020038877","","3","0","0","0","0","0","0","0","0","1","0","","02","5","2020","6","40.535908","-80.183014","","11","0","0","0","0","0","0","0","0","","0","0","0","","","0","","1","","40 32:09.267","1","0","80 10:58.852","0","0","0","0","2458","0","0","0","N","0","0","0","4","02458","0","","1.0","1632.0","9","N","N","N","0","","0","0","0","","2","Y","","4","0","0","0","0","0","0","2","1","4","","04","","N","","","","","","","","","",""
"2020072672","","1","0","0","0","0","0","0","0","0","4","0","","02","9","2020","7","40.359238","-79.873409","","11","0","0","0","0","0","1","0","0","","0","0","0","","","0","N","0","","40 21:33.258","3","6","79 52:24.272","0","0","0","1","2473","0","0","0","N","0","0","0","2","02473","0","","1.0","2033.0","1","N","N","N","0","","0","0","0","","0","N","","2","0","0","0","0","0","0","2","0","2","","03","","N","","","","","","","","","",""
"2020075873","","2","0","0","0","0","0","0","0","0","1","0","","02","9","2020","5","40.444451","-79.779613","","11","0","0","0","0","0","0","0","0","","0","0","0","","","1","N","2","","40 26:40.023","","0","79 46:46.606","3","0","0","0","2446","0","0","0","N","0","0","0","2","02446","0","","1.0","","1","N","N","N","0","","1","0","0","","0","N","","2","1","0","0","0","0","0","2","0","2","","03","","N","","","","","","","","","",""
"2020051090","","1","0","0","0","0","0","0","0","0","0","0","","02","6","2020","1","40.550127","-79.826802","","11","0","0","0","0","0","0","1","0","","0","0","0","","","0","N","0","","40 33:00.458","","0","79 49:36.487","0","0","0","0","2208","0","0","0","N","0","0","0","2","68T02","0","","1.0","","1","N","N","N","1","","0","0","0","","0","","","2","0","0","0","0","0","0","2","0","2","","03","","N","","","","","","","","","",""
"2020076602","","2","0","0","0","0","0","0","0","0","4","0","","02","9","2020","6","40.444271","-79.813109","","11","0","0","0","0","0","1","0","0","","0","0","0","","","0","","2","","40 26:39.375","","0","79 48:47.192","0","0","0","0","2113","0","0","0","N","0","0","0","2","02113","0","","1.0","","1","N","N","N","0","","0","0","0","","3","","","2","0","1","0","0","0","0","2","0","2","","03","","N","","","","","","","","","",""
"2020051108","","1","0","0","0","0","0","0","0","0","7","0","","02","6","2020","3","40.364731","-79.962076","","11","0","0","0","0","0","0","0","0","","0","0","0","","","0","N","0","","40 21:53.031","","7","79 57:43.473","0","0","0","0","2413","0","0","0","N","0","0","0","1","02413","0","","5.0","","1","N","N","N","0","","0","0","0","","0","","","1","0","0","0","0","0","0","2","0","1","","","","N","","","","","","","","","",""
"2020042266","","2","0","0","0","0","0","0","0","0","2","0","","02","5","2020","7","40.366767","-79.966417","","11","0","0","0","0","0","1","0","0","","0","0","0","","","2","N","0","","40 22:00.360","6","0","79 57:59.100","3","0","0","0","2476","0","0","0","N","0","0","0","3","02476","1","","1.0","45.0","1","N","N","N","0","","1","0","0","","0","Y","","2","2","0","0","0","0","0","2","0","2","","04","","N","","","","","","","","","",""
"2020070641","","0","0","0","0","0","0","0","0","0","2","0","","02","8","2020","7","40.410299","-79.942591","","11","0","0","0","0","0","1","0","0","","0","0","0","","","2","N","2","","40 24:37.076","4","0","79 56:33.327","3","0","0","0","2301","0","0","0","N","0","0","0","2","02301","0","","2.0","1538.0","1","N","N","N","1","","2","0","0","","3","Y","","1","2","0","0","0","0","0","2","0","1","","03","","N","","","","","","","","","",""
"2020051582","","2","0","0","0","0","0","0","0","0","4","0","","02","6","2020","6","40.477251","-79.923777","","11","0","0","0","0","0","0","1","0","","0","0","0","","","0","N","1","","40 28:38.103","","0","79 55:25.597","0","0","0","0","2301","0","0","0","N","0","0","0","2","02301","0","","1.0","","1","N","N","N","0","","0","0","0","","0","","","2","0","0","0","0","0","0","2","0","2","","03","","N","","","","","","","","","",""
"2020074249","","0","0","0","0","0","0","0","0","0","0","0","","02","9","2020","5","40.346136","-79.957168","","11","0","0","0","0","0","1","0","0","","0","0","0","","","1","N","1","","40 20:46.088","6","0","79 57:25.805","3","0","0","1","2473","0","0","0","N","0","0","0","1","02473","0","","1.0","1300.0","1","N","N","N","0","","1","0","0","","2","N","","1","1","0","0","0","0","0","2","0","1","","","","N","","","","","","","","","",""
"2020075954","","1","0","0","0","0","0","0","0","0","1","0","","02","9","2020","1","40.439823","-79.860474","","11","0","0","0","0","0","0","0","0","","0","0","0","","","3","N","0","","40 26:23.363","3","0","79 51:37.707","8","0","0","0","2419","0","0","0","N","0","0","0","3","68B03","0","","1.0","115.0","1","N","N","Y","0","","0","0","1","","0","N","","2","3","0","0","0","3","0","2","0","2","","03","","N","","","","","","","","","",""
"2020053788","","1","0","0","0","0","0","0","0","0","7","0","","02","6","2020","1","40.497398","-80.183417","","11","0","0","0","1","0","0","0","0","","0","0","0","","","1","Y","0","","40 29:50.632","5","0","80 11:00.301","3","0","0","0","2213","0","0","0","N","0","0","0","1","02213","0","","5.0","30.0","9","N","N","N","0","","1","0","0","","0","N","","1","1","0","0","0","0","0","2","0","1","","","","N","","","","","","","","","",""
"2020041018","","0","0","0","0","0","0","0","0","0","1","0","","02","5","2020","2","40.435018","-79.822346","","11","0","0","0","0","0","2","0","0","","0","0","0","","","0","Y","0","","40 26:06.064","6","0","79 49:20.444","0","0","0","0","2124","0","0","0","N","0","0","0","2","02419","0","","1.0","1025.0","1","N","N","Y","0","","0","0","2","","0","N","","2","0","0","0","0","0","0","2","0","2","","","","N","","","","","","","","","",""
"2020039130","","0","0","0","0","0","0","0","0","0","7","0","","02","5","2020","7","40.435328","-79.984404","","11","0","0","0","0","0","0","0","0","","0","0","0","","","1","N","0","","40 26:07.182","3","0","79 59:03.855","8","0","0","1","2301","0","0","0","N","0","0","0","1","02301","0","","4.0","2020.0","1","N","N","N","0","","0","0","0","","0","N","","1","1","0","0","0","1","0","2","0","1","","03","","N","","","","","","","","","",""
"2020051577","","2","0","0","0","0","0","0","0","0","1","0","","02","6","2020","1","40.401122","-79.989297","","11","0","0","0","0","0","0","0","0","","0","0","0","","","0","N","2","","40 24:04.039","","0","79 59:21.469","0","0","0","0","2301","0","0","0","N","0","0","0","5","02301","0","","1.0","","9","N","N","N","0","","0","0","0","","0","","","2","0","0","0","0","0","0","2","0","2","","07","","N","","","","","","","","","",""
"2020048112","","0","0","0","0","0","0","0","0","0","7","0","","02","6","2020","7","40.447342","-79.977902","","11","0","0","0","0","0","1","0","0","","0","0","0","","","0","N","2","","40 26:50.431","","0","79 58:40.447","0","0","0","0","2301","0","0","0","N","0","0","0","2","02301","0","","2.0","","1","N","N","N","0","","0","0","1","","0","","","1","0","0","0","0","0","0","2","0","1","","","","N","","","","","","","","","",""
"2020070723","","0","0","0","0","0","0","0","0","0","1","0","","02","8","2020","7","40.427297","-79.952512","","11","0","0","0","0","0","0","0","0","","0","0","0","","","0","N","0","","40 25:38.268","","0","79 57:09.043","0","0","0","0","2301","0","0","0","N","0","0","0","2","68B03","0","","3.0","","1","N","N","N","0","","0","0","2","","0","","","2","0","1","0","0","0","0","2","0","2","","03","","N","","","","","","","","","",""
"2020075890","","2","0","0","0","0","0","0","0","0","4","0","","02","9","2020","3","40.455788","-79.994804","","11","0","0","0","0","0","1","0","1","","0","0","0","","","0","","1","","40 27:20.838","","0","79 59:41.295","9","0","0","0","2301","0","0","0","N","0","0","0","2","02301","0","","1.0","","1","N","N","N","0","","0","0","0","","3","N","","2","0","0","0","0","0","1","2","0","2","","","","N","","","","","","","","","",""
"2020039020","","1","0","0","0","0","0","0","0","0","4","0","","02","5","2020","7","40.486119","-79.913983","","11","0","0","0","0","0","0","0","0","","0","0","0","","","0","N","0","","40 29:10.027","2","8","79 54:50.339","0","0","0","0","2301","0","0","0","N","0","0","0","1","02301","0","","3.0","815.0","9","N","N","N","0","","0","0","0","","0","N","","1","0","0","0","0","0","0","2","0","1","","","","N","","","","","","","","","",""
"2020042356","","0","0","0","0","0","0","0","0","0","7","0","","02","5","2020","4","40.485511","-80.009092","","11","0","0","0","0","0","1","0","0","","0","0","0","","","0","N","0","","40 29:07.839","","2","80 00:32.732","0","0","0","0","2301","0","0","0","N","0","0","0","1","68B03","0","","4.0","","1","N","N","N","1","","0","0","0","","0","","","1","0","0","0","0","0","0","2","0","1","","03","","N","","","","","","","","","",""
"2020047902","","1","0","0","0","0","0","0","0","0","1","0","","02","6","2020","6","40.468514","-80.123989","","11","0","0","0","0","0","0","0","0","","0","0","0","","","0","N","0","","40 28:06.650","3","7","80 07:26.360","0","0","0","0","2115","0","0","0","N","0","0","0","2","02115","0","","1.0","836.0","9","N","N","N","1","","0","0","0","","2","N","","2","0","0","0","0","0","0","2","0","2","","","","N","","","","","","","","","",""
"2020048110","","1","0","0","0","0","0","0","0","0","7","0","","02","6","2020","7","40.416664","-80.014467","","11","0","0","0","0","0","0","0","0","","0","0","0","","","0","N","0","","40 24:59.992","3","0","80 00:52.080","9","0","0","0","2301","0","0","0","N","0","0","0","1","02301","0","","4.0","423.0","1","N","N","N","0","","0","0","0","","0","N","","1","0","0","0","0","0","1","2","0","1","","","","N","","","","","","","","","",""
"2020075422","","0","0","0","0","0","0","0","0","0","4","0","","02","9","2020","2","40.386663","-80.046159","","11","0","0","0","0","0","1","0","0","","0","0","0","","","2","","1","","40 23:11.986","1","0","80 02:46.172","3","0","0","0","2109","0","0","0","N","0","0","0","2","02109","0","","1.0","1545.0","1","N","N","N","0","","2","0","2","","3","N","","2","2","0","0","0","0","0","2","0","2","","","","N","","","","","","","","","",""
"2020074631","","1","0","0","0","0","0","0","0","0","4","0","","02","9","2020","3","40.449612","-80.002606","","11","0","0","0","0","0","1","0","0","","0","0","0","","","1","","1","","40 26:58.604","","0","80 00:09.382","8","0","0","0","2301","0","0","0","N","0","0","0","2","02301","0","","1.0","","1","N","N","N","0","","0","0","1","","2","","","2","1","0","0","0","1","0","2","0","2","","","","N","","","","","","","","","",""
"2020049726","","1","0","0","0","0","0","0","0","0","7","0","","02","6","2020","4","40.452504","-80.172138","","11","1","0","0","0","0","0","0","0","","0","0","0","","","0","Y","0","","40 27:09.014","","2","80 10:19.695","0","0","0","0","2115","0","0","0","N","0","0","0","2","02115","0","","2.0","","1","N","N","N","0","","0","0","0","","2","","","1","0","0","0","0","0","0","2","0","1","","03","","N","","","","","","","","","",""
"2020075922","","0","0","0","0","0","0","0","0","0","7","0","","02","9","2020","3","40.325463","-80.050251","","11","0","0","0","0","0","0","1","0","","0","0","0","","","0","","2","","40 19:31.666","6","0","80 03:00.905","0","0","0","0","2407","0","0","0","N","0","0","0","2","02407","0","","5.0","1008.0","1","N","N","N","0","","0","0","1","","0","Y","","1","0","0","0","0","0","0","2","0","1","","","","N","","","","","","","","","",""
"2020048898","","2","0","0","0","0","0","0","0","0","4","0","","02","6","2020","1","40.446778","-79.782028","","11","0","0","0","0","1","0","0","0","","0","0","0","","","1","N","0","","40 26:48.399","7","0","79 46:55.301","8","0","0","0","2446","0","0","0","N","0","0","0","2","02446","0","","1.0","1545.0","1","N","N","N","0","","0","0","0","","0","N","","2","1","0","0","0","1","0","2","0","2","","","","N","","","","","","","","","",""
"2020049939","","2","0","0","0","0","0","0","0","0","4","0","","02","6","2020","3","40.275579","-79.892855","","11","0","0","0","0","0","0","0","0","","0","0","0","","","1","","7","","40 16:32.085","1","2","79 53:34.278","8","0","0","0","2440","0","0","0","N","0","0","0","2","02440","0","","7.0","1105.0","1","N","N","N","0","","0","0","0","","0","N","","2","1","0","0","0","1","0","2","0","2","","","","N","","","","","","","","","",""
"2020040708","","1","0","0","0","0","0","0","0","0","7","0","","02","5","2020","7","40.368389","-79.779347","","11","0","0","1","0","0","0","0","0","","0","0","0","","","0","N","0","","40 22:06.199","","7","79 46:45.650","0","0","0","0","2111","0","0","0","N","0","0","0","1","02111","0","","5.0","","1","N","N","N","0","","0","0","0","","0","","","1","0","0","0","0","0","0","2","0","1","","04","","N","","","","","","","","","",""
"2020050435","","1","0","0","0","0","0","0","0","0","7","0","","02","6","2020","3","40.440369","-79.832671","","11","0","0","0","0","0","0","0","0","","0","0","0","","","0","N","0","","40 26:25.327","3","0","79 49:57.614","0","0","0","0","2419","0","0","0","N","0","0","0","1","68B03","0","","4.0","2347.0","9","N","N","N","0","","0","0","0","","0","N","","1","0","0","0","0","0","0","2","0","1","","","","N","","","","","","","","","",""
"2020048555","","1","0","0","0","0","0","0","0","0","4","0","","02","6","2020","1","40.383108","-79.782132","","11","0","0","0","0","0","0","0","0","","0","0","0","","","0","N","0","","40 22:59.190","","7","79 46:55.675","0","0","0","0","2473","0","0","0","N","0","0","0","2","02473","0","","6.0","","1","N","N","N","1","","0","0","0","","0","","","2","0","0","0","0","0","0","2","0","2","","","","N","","","","","","","","","",""
"2020048440","","1","0","0","0","0","0","0","0","0","7","0","","02","6","2020","1","40.480128","-80.012467","","11","0","1","0","0","0","0","0","0","","0","0","0","","","0","N","0","","40 28:48.461","1","0","80 00:44.881","0","0","0","0","2301","0","0","0","N","0","0","0","1","02301","0","","2.0","1838.0","1","N","N","N","0","","0","0","0","","0","N","","1","0","0","0","0","0","0","2","0","1","","03","","N","","","","","","","","","",""
"2020073892","","1","0","0","0","0","0","0","0","0","8","0","","02","9","2020","4","40.42167","-80.049914","","11","0","0","0","0","0","0","0","0","","0","0","0","","","1","","1","","40 25:18.012","2","0","80 02:59.690","8","0","0","0","2435","1","0","0","N","1","0","0","2","02435","0","","1.0","704.0","1","N","N","N","0","","0","0","0","","2","Y","","2","1","0","0","0","1","0","2","0","1","","","","N","","","","","","","","","",""
"2020050898","","1","0","0","0","0","0","0","0","0","4","0","","02","6","2020","2","40.466188","-79.912216","","11","0","0","0","0","0","1","0","0","","0","0","0","","","0","N","1","","40 27:58.276","","0","79 54:43.977","0","0","0","0","2301","0","0","0","N","0","0","0","3","02301","0","","1.0","","1","N","N","N","0","","0","0","1","","3","","","2","0","0","0","0","0","0","2","0","2","","03","","N","","","","","","","","","",""
"2020050706","","1","0","0","0","0","0","0","0","0","0","0","","02","6","2020","2","40.429459","-79.982702","","11","0","0","0","0","0","0","0","0","","0","0","0","","","1","N","1","","40 25:46.054","","0","79 58:57.726","8","0","0","1","2301","0","0","0","N","0","0","0","2","02301","0","","1.0","","1","N","N","N","0","","0","0","0","","3","","","2","1","0","0","0","1","0","2","0","2","","","","N","","","","","","","","","",""
"2020076435","","1","0","0","0","0","0","0","0","0","3","0","","02","9","2020","5","40.402333","-80.019611","","11","0","0","0","0","0","0","0","0","","0","0","0","","","0","N","0","","40 24:08.400","","7","80 01:10.600","0","0","0","0","2301","0","0","0","N","0","0","0","1","02301","0","","4.0","","1","N","N","N","0","","0","0","1","","0","N","","2","0","0","0","0","0","0","2","0","2","","03","","N","","","","","","","","","",""
"2020050283","","1","0","0","0","0","0","0","0","0","7","0","","02","6","2020","3","40.587922","-79.944708","","11","0","1","0","0","0","0","0","0","","0","0","0","","","1","N","0","","40 35:16.520","3","0","79 56:40.950","4","0","0","0","2207","0","0","0","N","0","0","0","1","02207","1","","4.0","2326.0","9","N","N","N","0","","0","0","0","","0","N","","1","1","1","0","0","0","0","2","0","1","","","","N","","","","","","","","","",""
"2020042561","","1","0","0","0","0","0","0","0","0","1","0","","02","5","2020","3","40.430383","-79.710761","","11","0","0","0","0","0","1","0","0","","0","0","0","","","1","","1","","40 25:49.379","3","0","79 42:38.739","3","0","0","0","2446","0","0","0","N","0","0","0","3","02446","0","","1.0","1835.0","1","N","N","N","0","","1","0","1","","2","N","","2","1","0","0","0","0","0","2","0","2","","03","","N","","","","","","","","","",""
"2020073392","","2","0","0","0","0","0","0","0","0","4","0","","02","9","2020","1","40.33798","-79.894971","","11","0","0","0","0","0","0","0","0","","0","0","0","","","2","","2","","40 20:16.728","7","1","79 53:41.897","8","0","0","0","2473","0","0","0","N","0","0","0","2","02473","0","","1.0","2337.0","1","N","N","N","0","","0","0","0","","2","N","","2","2","0","0","0","2","0","2","0","2","","03","","N","","","","","","","","","",""
"2020043821","","0","0","0","0","0","0","0","0","0","7","0","","02","5","2020","7","40.529161","-80.129357","","11","0","0","0","0","0","0","0","0","","0","0","0","","","0","N","0","","40 31:44.979","","2","80 07:45.684","0","0","0","0","2125","0","0","0","N","0","0","0","1","68B03","0","","4.0","","1","N","N","N","0","","0","0","1","","0","","","1","0","0","0","0","0","0","2","0","1","","","","N","","","","","","","","","",""
"2020048187","","1","0","0","0","0","0","0","0","0","1","0","","02","6","2020","6","40.561736","-80.086491","","11","0","0","0","0","0","1","1","0","","0","0","0","","","1","N","0","","40 33:42.248","2","0","80 05:11.368","3","0","0","0","2215","0","0","0","N","0","0","0","2","68B03","0","","1.0","1930.0","9","N","N","Y","0","","1","0","1","","0","N","","2","1","0","0","0","0","0","2","0","2","","","","N","","","","","","","","","",""
"2020076475","","0","0","0","0","0","0","0","0","0","6","1","","02","9","2020","5","40.388171","-80.056004","","11","0","0","0","0","0","0","0","0","","0","0","0","","","1","","2","","40 23:17.417","","0","80 03:21.614","3","0","0","0","2109","0","0","0","N","0","0","0","2","02109","0","","1.0","","1","N","N","N","1","","1","0","1","","0","","","2","1","0","0","0","0","0","2","0","2","","","","N","","","","","","","","","",""
"2020047806","","1","0","0","0","0","0","0","0","0","4","0","","02","6","2020","5","40.437552","-79.982671","","11","0","0","0","0","1","0","0","0","","0","0","0","","","0","N","1","","40 26:15.186","3","0","79 58:57.615","0","0","0","0","2301","0","0","0","N","0","0","0","2","02301","0","","1.0","2030.0","1","N","N","N","0","","0","0","1","","0","N","","2","0","0","0","0","0","0","2","0","2","","03","","N","","","","","","","","","",""
"2020075720","","1","0","0","0","0","0","0","0","0","1","0","","02","9","2020","1","40.427368","-79.704513","","11","0","0","0","0","0","0","0","0","","0","0","0","","","0","","1","","40 25:38.523","","0","79 42:16.248","0","0","0","0","2446","0","0","0","N","0","0","0","2","02446","0","","1.0","","1","N","N","N","0","","0","0","1","","2","N","","2","0","0","0","0","0","0","2","0","2","","","","N","","","","","","","","","",""
"2020075639","","1","0","0","0","0","0","0","0","0","7","0","","02","9","2020","3","40.454719","-80.233636","","11","0","0","0","0","0","0","0","0","","0","0","0","","","2","N","5","","40 27:16.990","","0","80 14:01.088","3","0","0","0","2214","0","0","0","N","0","0","0","2","02214","0","","5.0","","1","N","N","N","0","","1","0","0","","0","","","1","2","1","0","0","1","0","2","0","1","","","","N","","","","","","","","","",""
"2020049736","","2","0","0","0","0","0","0","0","0","1","0","","02","6","2020","5","40.455834","-79.992063","","11","0","0","0","0","0","0","1","0","","0","0","0","","","0","N","6","","40 27:21.002","","2","79 59:31.428","0","0","0","0","2301","0","0","0","N","0","0","0","2","02301","0","","1.0","","1","N","N","N","0","","0","0","0","","4","","","2","0","0","0","0","0","0","2","0","2","","03","","N","","","","","","","","","",""
"2020071336","","0","0","0","1","0","0","0","0","0","8","0","","02","9","2020","3","40.450916","-79.943053","","11","0","0","0","0","0","0","0","0","","0","0","0","","","1","N","1","","40 27:03.297","7","0","79 56:34.990","8","0","0","0","2301","1","0","0","N","0","0","0","2","02301","0","","1.0","50.0","9","N","N","N","0","","0","0","1","","2","Y","","2","1","0","0","0","1","0","2","0","1","","","","N","","","","","","","","","",""
"2020076778","","1","0","0","0","0","0","0","0","0","1","0","","02","9","2020","6","40.425802","-79.91083","","11","0","0","0","1","0","0","0","0","","0","0","0","","","0","N","0","","40 25:32.887","4","0","79 54:38.988","0","0","0","0","2301","0","0","0","N","0","0","0","2","68B03","0","","1.0","15.0","1","N","N","N","1","","0","0","0","","0","N","","2","0","0","0","0","0","0","2","0","2","","","","N","","","","","","","","","",""
"2020072652","","2","0","0","0","0","0","0","0","0","1","0","","02","9","2020","1","40.403663","-79.942289","","11","0","0","0","0","0","0","0","0","","0","0","0","","","0","N","2","","40 24:13.186","1","0","79 56:32.240","0","0","0","0","2301","0","0","0","N","0","0","0","4","02301","0","","1.0","1238.0","1","N","N","N","0","","0","0","0","","0","Y","","2","0","0","0","0","0","0","2","0","2","","03","","N","","","","","","","","","",""
"2020051122","","4","0","0","0","0","0","0","0","0","5","0","","02","6","2020","4","40.490389","-79.903469","","11","0","0","0","0","0","0","1","0","","0","0","0","","","0","N","0","","40 29:25.400","4","0","79 54:12.490","0","0","0","0","2401","0","0","0","N","0","0","0","1","02401","0","","1.0","1446.0","1","N","N","N","0","","0","0","0","","0","Y","","4","0","0","0","0","0","0","2","0","4","","","","N","","","","","","","","","",""
"2020076095","","1","0","0","0","0","0","0","0","0","1","0","","02","9","2020","3","40.425633","-79.905576","","11","0","0","0","0","1","0","1","0","","0","0","0","","","2","N","0","","40 25:32.278","4","3","79 54:20.072","3","0","0","0","2301","0","0","0","N","0","0","0","4","68B03","0","","1.0","1030.0","1","N","N","N","0","","1","0","2","","0","N","","4","2","0","0","0","1","0","2","1","4","","","","N","","","","","","","","","",""
"2020054382","","0","0","0","0","0","0","0","0","0","7","0","","02","6","2020","4","40.592394","-79.776847","","11","0","1","0","0","0","0","0","0","","0","0","0","","","0","N","0","","40 35:32.619","","0","79 46:36.649","0","0","0","0","2104","0","0","0","N","0","0","0","1","02104","0","","2.0","","1","N","N","N","0","","0","0","1","","0","","","1","0","0","0","0","0","0","2","0","1","","","","N","","","","","","","","","",""
"2020048690","","1","0","0","0","0","0","0","0","0","7","0","","02","6","2020","6","40.478427","-79.968121","","11","0","0","0","0","0","0","0","0","","0","0","0","","","0","N","0","","40 28:42.336","","2","79 58:05.237","0","0","0","0","2445","0","0","0","Y","0","0","0","2","02445","0","","2.0","","1","N","N","N","0","","0","0","0","","2","","","1","0","0","0","0","0","0","2","0","1","","03","","N","","","","","","","","","",""
"2020053663","","1","0","0","0","0","0","0","0","0","2","0","","02","6","2020","2","40.422103","-79.986552","","11","0","0","0","0","0","1","0","0","","0","0","0","","","0","N","0","","40 25:19.572","","0","79 59:11.588","0","0","0","0","2301","0","0","0","N","0","0","0","2","02301","0","","1.0","","1","N","N","N","0","","0","0","0","","0","","","2","0","0","0","0","0","0","2","1","2","","","","N","","","","","","","","","",""