"CRN","ARRIVAL_TM","AUTOMOBILE_COUNT","BELTED_DEATH_COUNT","BELTED_SUSP_SERIOUS_INJ_COUNT","BICYCLE_COUNT","BICYCLE_DEATH_COUNT","BICYCLE_SUSP_SERIOUS_INJ_COUNT","BUS_COUNT","CHLDPAS_DEATH_COUNT","CHLDPAS_SUSP_SERIOUS_INJ_COUNT","COLLISION_TYPE","COMM_VEH_COUNT","CONS_ZONE_SPD_LIM","COUNTY","CRASH_MONTH","CRASH_YEAR","DAY_OF_WEEK","DEC_LATITUDE","DEC_LONGITUDE","DISPATCH_TM","DISTRICT","DRIVER_COUNT_16YR","DRIVER_COUNT_17YR","DRIVER_COUNT_18YR","DRIVER_COUNT_19YR","DRIVER_COUNT_20YR","DRIVER_COUNT_50_64YR","DRIVER_COUNT_65_74YR","DRIVER_COUNT_75PLUS","EST_HRS_CLOSED","FATAL_COUNT","HEAVY_TRUCK_COUNT","HORSE_BUGGY_COUNT","HOUR_OF_DAY","ILLUMINATION","INJURY_COUNT","INTERSECTION_RELATED","INTERSECT_TYPE","LANE_CLOSED","LATITUDE","LN_CLOSE_DIR","LOCATION_TYPE","LONGITUDE","MAX_SEVERITY_LEVEL","MCYCLE_DEATH_COUNT","MCYCLE_SUSP_SERIOUS_INJ_COUNT","MOTORCYCLE_COUNT","MUNICIPALITY","NONMOTR_COUNT","NONMOTR_DEATH_COUNT","NONMOTR_SUSP_SERIOUS_INJ_COUNT","NTFY_HIWY_MAINT","PED_COUNT","PED_DEATH_COUNT","PED_SUSP_SERIOUS_INJ_COUNT","PERSON_COUNT","POLICE_AGCY","POSSIBLE_INJ_COUNT","RDWY_SURF_TYPE_CD","RELATION_TO_ROAD","ROADWAY_CLEARED","ROAD_CONDITION","SCH_BUS_IND","SCH_ZONE_IND","SECONDARY_CRASH","SMALL_TRUCK_COUNT","SPEC_JURIS_CD","SUSP_MINOR_INJ_COUNT","SUSP_SERIOUS_INJ_COUNT","SUV_COUNT","TCD_FUNC_CD","TCD_TYPE","TFC_DETOUR_IND","TIME_OF_DAY","TOTAL_UNITS","TOT_INJ_COUNT","UNBELTED_OCC_COUNT","UNB_DEATH_COUNT","UNB_SUSP_SERIOUS_INJ_COUNT","UNK_INJ_DEG_COUNT","UNK_INJ_PER_COUNT","URBAN_RURAL","VAN_COUNT","VEHICLE_COUNT","WEATHER1","WEATHER2","WORKERS_PRES","WORK_ZONE_IND","WORK_ZONE_LOC","WORK_ZONE_TYPE","WZ_CLOSE_DETOUR","WZ_FLAGGER","WZ_LAW_OFFCR_IND","WZ_LN_CLOSURE","WZ_MOVING","WZ_OTHER","WZ_SHLDER_MDN","WZ_WORKERS_INJ_KILLED"
"2020023504","","0","0","0","0","0","0","0","0","0","1","0","","02","3","2020","5","40.495185","-79.937219","","11","0","0","0","0","0","1","0","0","","0","0","0","","","0","N","0","","40 29:42.665","","0","79 56:13.989","0","0","0","0","2461","0","0","0","N","0","0","0","1","02461","0","","1.0","","1","N","N","N","1","","0","0","0","","0","","","2","0","0","0","0","0","0","2","1","2","","","","N","","","","","","","","","",""
"2020025415","","1","0","0","0","0","0","0","0","0","5","0","","02","3","2020","6","40.490998","-79.885896","","11","0","0","0","0","0","0","0","0","","0","0","0","","","0","N","0","","40 29:27.593","2","0","79 53:09.224","0","0","0","0","2112","0","0","0","N","0","0","0","3","68D02","0","","1.0","1612.0","9","N","N","N","0","","0","0","1","","0","N","","2","0","0","0","0","0","0","2","0","2","","","","N","","","","","","","","","",""
"2020026482","","1","0","0","0","0","0","0","0","0","7","0","","02","3","2020","1","40.487308","-79.920375","","11","0","0","0","0","0","0","0","0","","0","0","0","","","1","N","0","","40 29:14.310","","0","79 55:13.350","3","0","0","0","2301","0","0","0","N","0","0","0","1","02301","0","","5.0","","99","N","N","N","0","","1","0","0","","0","N","","1","1","0","0","0","0","0","2","0","1","","","","N","","","","","","","","","",""
"2020060163","","2","0","0","0","0","0","0","0","0","4","0","","02","7","2020","4","40.478795","-79.952071","","11","0","0","0","0","0","1","0","0","","0","0","0","","","0","","1","","40 28:43.662","","0","79 57:07.455","9","0","0","0","2301","0","0","0","N","0","0","0","4","02301","0","","1.0","","1","N","N","N","0","","0","0","0","","3","","","2","0","0","0","0","0","1","2","0","2","","03","","N","","","","","","","","","",""
"2020025363","","1","0","0","0","0","0","0","0","0","4","0","","02","2","2020","7","40.312076","-80.066016","","11","0","0","0","0","0","2","0","0","","0","0","0","","","1","N","2","","40 18:43.472","","0","80 03:57.658","3","0","0","0","2407","0","0","0","N","0","0","0","3","02407","0","","1.0","","1","N","N","Y","0","","1","0","2","","2","","","3","1","0","0","0","0","0","2","0","3","","","","N","","","","","","","","","",""
"2020022465","","0","0","0","0","0","0","0","0","0","5","0","","02","3","2020","2","40.300173","-79.922165","","11","0","0","0","0","0","0","1","0","","0","0","0","","","0","N","0","","40 18:00.622","1","0","79 55:19.795","0","0","0","0","2440","0","0","0","N","0","0","0","2","02440","0","","1.0","620.0","1","N","N","N","0","","0","0","2","","0","Y","","2","0","0","0","0","0","0","2","0","2","","","","N","","","","","","","","","",""
"2020026206","","1","0","0","0","0","0","0","0","0","4","0","","02","3","2020","4","40.429307","-79.931501","","11","1","0","0","0","0","0","0","0","","0","0","0","","","0","N","0","","40 25:45.504","","2","79 55:53.402","0","0","0","0","2301","0","0","0","N","0","0","0","4","02301","0","","1.0","","1","N","N","N","0","","0","0","0","","0","N","","1","0","0","0","0","0","0","2","0","1","","03","","N","","","","","","","","","",""
"2020020724","","2","0","0","0","0","0","0","0","0","1","0","90","02","2","2020","7","40.660096","-80.006811","","11","0","0","0","0","0","1","0","0","","0","0","0","","","3","N","0","","40 39:36.345","6","0","80 00:24.519","3","0","0","0","2216","0","0","0","N","0","0","0","4","02505","0","","1.0","1704.0","1","N","N","N","0","","1","0","1","","7","Y","","3","3","1","0","0","2","0","1","0","3","","03","Y","Y","2","3","","Y","N","Y","Y","","","N"
"2020022162","","0","0","0","0","0","0","0","0","0","7","0","","02","3","2020","1","40.468719","-79.790986","","11","0","0","0","0","0","0","0","0","","0","0","0","","","1","N","0","","40 28:07.390","5","0","79 47:27.550","3","0","0","0","2113","0","0","0","N","0","0","0","2","02113","0","","5.0","145.0","1","N","N","N","0","","1","0","1","","0","Y","","1","1","0","0","0","0","0","2","0","1","","03","","N","","","","","","","","","",""
"2020022193","","0","0","0","0","0","0","0","0","0","8","0","","02","2","2020","7","40.458695","-79.917975","","11","0","0","0","0","0","1","0","0","","0","0","0","","","1","Y","0","","40 27:31.301","","7","79 55:04.709","8","0","0","0","2301","1","0","0","N","1","0","0","2","02301","0","","6.0","","1","N","N","N","0","","0","0","1","","0","","","2","1","0","0","0","1","0","2","0","1","","03","","N","","","","","","","","","",""
"2020023234","","1","0","0","0","0","0","0","0","0","1","0","","02","3","2020","4","40.393464","-79.997343","","11","0","0","0","0","0","0","0","0","","0","0","0","","","1","N","0","","40 23:36.472","","0","79 59:50.433","4","0","0","0","2301","0","0","0","N","0","0","0","2","02301","1","","1.0","","1","N","N","N","0","","0","0","1","","0","","","2","1","0","0","0","0","0","2","0","2","","03","","N","","","","","","","","","",""
"2020023428","","1","0","0","0","0","0","0","0","0","7","0","","02","3","2020","3","40.65027","-80.094355","","11","0","0","0","0","0","1","0","0","","0","0","0","","","0","N","0","","40 39:00.971","","0","80 05:39.678","0","0","0","0","2212","0","0","0","N","0","0","0","1","68B03","0","","4.0","","9","N","N","N","0","","0","0","0","","0","","","1","0","0","0","0","0","0","2","0","1","","","","N","","","","","","","","","",""
"2020029599","","1","0","0","0","0","0","0","0","0","7","0","","02","2","2020","6","40.377124","-79.849928","","11","0","0","0","0","0","0","0","0","","0","0","0","","","0","N","0","","40 22:37.648","2","0","79 50:59.740","0","0","0","0","2303","0","0","0","N","0","0","0","1","02303","0","","5.0","300.0","9","N","N","N","0","","0","0","0","","0","Y","","1","0","0","0","0","0","0","2","0","1","","","","N","","","","","","","","","",""
"2020019046","","2","0","0","0","0","0","0","0","0","4","0","","02","2","2020","4","40.32631","-79.944296","","11","0","0","0","0","0","1","1","0","","0","0","0","","","2","N","0","","40 19:34.716","2","0","79 56:39.465","8","0","0","0","2454","0","0","0","N","0","0","0","2","02454","0","","1.0","726.0","1","N","N","N","0","","0","0","0","","0","Y","","2","2","0","0","0","2","0","2","0","2","","03","","N","","","","","","","","","",""
"2020027022","","2","0","0","0","0","0","0","0","0","4","0","","02","3","2020","2","40.446753","-79.893967","","11","0","0","0","0","0","0","0","0","","0","0","0","","","3","","2","","40 26:48.311","","0","79 53:38.281","8","0","0","0","2301","0","0","0","N","0","0","0","6","02301","0","","1.0","","1","N","N","N","0","","0","0","0","","3","","","2","3","3","0","0","3","0","2","0","2","","03","","N","","","","","","","","","",""
"2020028749","","1","0","0","0","0","0","0","0","0","1","0","","02","3","2020","3","40.434837","-80.144934","","11","0","0","0","0","1","1","0","0","","0","0","0","","","0","N","0","","40 26:05.413","","0","80 08:41.762","0","0","0","0","2115","0","0","0","N","0","0","0","3","68B03","0","","1.0","","9","N","N","N","1","","0","0","0","","0","","","2","0","0","0","0","0","0","2","0","2","","","","N","","","","","","","","","",""
"2020021227","","1","0","0","0","0","0","0","0","0","7","0","","02","2","2020","4","40.352508","-79.842008","","11","0","0","0","0","0","0","1","0","","0","0","0","","","1","N","0","","40 21:09.027","6","0","79 50:31.228","8","0","0","0","2304","0","0","0","Y","0","0","0","1","02304","0","","4.0","1904.0","9","N","N","N","0","","0","0","0","","0","Y","","1","1","0","0","0","1","0","2","0","1","","","","N","","","","","","","","","",""
"2020055614","","2","0","0","0","0","0","0","0","0","4","0","","02","7","2020","4","40.575045","-80.075417","","11","0","0","0","0","0","1","0","0","","0","1","0","","","0","N","1","","40 34:30.163","5","0","80 04:31.501","0","0","0","0","2481","0","0","0","N","0","0","0","3","02481","0","","1.0","1025.0","1","N","N","Y","0","","0","0","0","","3","N","","3","0","0","0","0","0","0","2","0","3","","03","","N","","","","","","","","","",""
"2020019931","","1","0","0","0","0","0","0","0","0","2","0","","02","2","2020","7","40.345612","-80.055409","","11","0","0","0","0","0","1","0","0","","0","0","0","","","1","Y","0","","40 20:44.203","","7","80 03:19.472","3","0","0","0","2123","0","0","0","N","0","0","0","2","02123","0","","1.0","","1","N","N","N","0","","1","0","1","","0","N","","2","1","0","0","0","0","0","2","0","2","","","","N","","","","","","","","","",""
"2020057181","","1","0","0","0","0","0","0","0","0","1","0","","02","7","2020","1","40.489844","-80.009271","","11","0","0","0","0","0","0","0","1","","0","0","0","","","1","N","0","","40 29:23.439","1","2","80 00:33.376","4","0","0","0","2301","0","0","0","N","0","0","0","3","68B03","1","","1.0","1415.0","1","N","N","N","0","","0","0","1","","0","N","","2","1","0","0","0","0","0","2","0","2","","","","N","","","","","","","","","",""
"2020022214","","2","0","0","0","0","0","0","0","0","6","0","","02","3","2020","1","40.441031","-80.061128","","11","1","0","0","0","0","0","0","1","","0","0","0","","","0","N","0","","40 26:27.710","1","0","80 03:40.060","0","0","0","0","2301","0","0","0","N","0","0","0","2","02301","0","","1.0","1130.0","1","N","N","N","0","","0","0","0","","0","N","","2","0","0","0","0","0","0","2","0","2","","03","","N","","","","","","","","","",""
"2020025253","","0","0","0","1","0","1","0","0","0","8","0","","02","2","2020","4","40.45832","-79.933813","","11","0","0","0","0","0","0","0","0","","0","0","0","","","1","N","1","","40 27:29.953","4","0","79 56:01.727","2","0","0","0","2301","1","0","1","N","0","0","0","2","02301","0","","1.0","2018.0","1","N","N","N","0","","0","1","0","","2","Y","","2","1","0","0","0","0","1","2","0","1","","03","","N","","","","","","","","","",""
"2020025967","","2","0","0","0","0","0","0","0","0","1","0","","02","2","2020","4","40.42712","-79.919672","","11","0","0","0","0","0","0","0","0","","0","0","0","","","2","N","0","","40 25:37.631","4","4","79 55:10.820","4","0","0","0","2301","0","0","0","N","0","0","0","2","68B03","2","","1.0","1026.0","1","N","N","N","0","","0","0","0","","0","N","","2","2","0","0","0","0","0","2","0","2","","","","N","","","","","","","","","",""
"2020021631","","1","0","0","0","0","0","0","0","0","7","0","","02","2","2020","6","40.402597","-79.993611","","11","0","0","0","0","0","0","0","0","","0","0","0","","","0","N","0","","40 24:09.350","6","0","79 59:37.000","0","0","0","0","2301","0","0","0","N","0","0","0","1","02301","0","","5.0","415.0","7","N","N","N","0","","0","0","0","","0","Y","","1","0","1","0","0","0","0","2","0","1","","","","N","","","","","","","","","",""
"2020058323","","1","0","0","0","0","0","0","0","0","7","0","","02","7","2020","5","40.47754","-79.799583","","11","0","0","0","0","0","0","0","0","","0","0","0","","","0","N","2","","40 28:39.143","","0","79 47:58.500","0","0","0","0","2113","0","0","0","N","0","0","0","1","02113","0","","4.0","","9","N","N","N","0","","0","0","0","","0","","","1","0","0","0","0","0","0","2","0","1","","","","N","","","","","","","","","",""
"2020057439","","0","0","0","0","0","0","0","0","0","0","0","","02","7","2020","3","40.508117","-79.794122","","11","0","0","0","0","0","0","0","0","","0","0","0","","","0","","2","","40 30:29.222","","0","79 47:38.840","0","0","0","0","2113","0","0","0","N","0","0","0","1","02113","0","","1.0","","1","N","N","N","0","","0","0","1","","0","","","1","0","0","0","0","0","0","2","0","1","","03","","N","","","","","","","","","",""
"2020056718","","0","0","0","0","0","0","0","0","0","4","1","","02","7","2020","6","40.570117","-79.776685","","11","0","0","0","0","0","0","0","1","","0","1","0","","","1","N","0","","40 34:12.421","","6","79 46:36.065","8","0","0","0","2104","0","0","0","N","0","0","0","2","02104","0","","1.0","","1","N","N","N","1","","0","0","0","","0","","","2","1","0","0","0","1","0","2","0","2","","03","","N","","","","","","","","","",""
"2020019836","","1","0","0","0","0","0","0","0","0","8","0","","02","2","2020","7","40.421792","-79.9932","","11","0","0","0","0","0","0","0","0","","0","0","0","","","1","N","0","","40 25:18.450","","0","79 59:35.520","3","0","0","0","2301","1","0","0","N","1","0","0","2","02301","0","","1.0","","1","N","N","N","0","","1","0","0","","0","","","2","1","0","0","0","0","0","2","0","1","","03","","N","","","","","","","","","",""
"2020057773","","0","0","0","0","0","0","0","0","0","7","0","","02","7","2020","4","40.445498","-79.977793","","11","0","0","0","0","0","1","0","0","","0","0","0","","","1","Y","0","","40 26:43.793","6","0","79 58:40.055","3","0","0","0","2301","0","0","0","N","0","0","0","1","02301","0","","5.0","935.0","1","N","N","N","0","","1","0","1","","3","N","","1","1","1","0","0","0","0","2","0","1","","03","","N","","","","","","","","","",""
"2020019983","","2","0","0","0","0","0","0","0","0","1","0","","02","2","2020","7","40.378602","-80.045758","","11","0","0","0","0","0","0","0","0","","0","0","0","","","0","N","0","","40 22:42.968","2","0","80 02:44.729","0","0","0","0","2109","0","0","0","N","0","0","0","1","02109","0","","1.0","1640.0","1","N","N","N","0","","0","0","0","","0","N","","2","0","0","0","0","0","0","2","0","2","","","","N","","","","","","","","","",""
"2020022765","","0","0","0","0","0","0","0","0","0","7","0","","02","3","2020","2","40.478703","-79.911644","","11","0","0","0","0","0","0","0","0","","0","0","0","","","0","N","3","","40 28:43.330","","0","79 54:41.918","9","0","0","0","2301","0","0","0","N","0","0","0","1","02301","0","","5.0","","9","N","N","N","0","","0","0","0","","0","","","1","0","0","0","0","0","1","2","1","1","","07","","N","","","","","","","","","",""
"2020026841","","1","0","0","0","0","0","0","0","0","8","0","","02","3","2020","2","40.407461","-79.911293","","11","0","0","0","0","0","0","0","0","","0","0","0","","","1","","1","","40 24:26.859","1","0","79 54:40.654","2","0","0","0","2438","1","0","1","N","1","0","1","2","02438","0","","1.0","1500.0","1","N","N","N","0","","0","1","0","","3","N","","2","1","1","0","0","0","0","2","0","1","","","","N","","","","","","","","","",""
"2020023807","","3","0","0","0","0","0","0","0","0","5","0","","02","3","2020","5","40.474128","-80.0139","","11","0","0","0","0","0","1","0","0","","0","0","0","","","0","Y","0","","40 28:26.860","","0","80 00:50.040","0","0","0","0","2301","0","0","0","N","0","0","0","1","02301","0","","2.0","","1","N","N","N","1","","0","0","0","","0","","","4","0","1","0","0","0","0","2","0","4","","03","","N","","","","","","","","","",""
"2020025498","","1","0","0","0","0","0","0","0","0","7","0","","02","2","2020","5","40.577465","-79.785744","","11","0","0","0","0","0","0","0","0","","0","0","0","","","0","N","0","","40 34:38.873","","0","79 47:08.679","0","0","0","0","2104","0","0","0","Y","0","0","0","2","68D02","0","","3.0","","1","N","N","N","0","","0","0","0","","0","","","1","0","0","0","0","0","0","2","0","1","","","","N","","","","","","","","","",""
"2020058865","","0","0","0","0","0","0","0","0","0","2","0","","02","7","2020","7","40.561023","-80.039372","","11","0","0","0","0","0","0","0","0","","0","0","0","","","1","N","5","","40 33:39.683","5","0","80 02:21.738","3","0","0","0","2108","0","0","0","N","0","0","0","2","02108","0","","1.0","18.0","1","N","N","N","1","","1","0","1","","2","Y","","2","1","1","0","0","0","0","2","0","2","","03","","N","","","","","","","","","",""
"2020024425","","1","0","0","0","0","0","0","0","0","4","0","","02","3","2020","1","40.501725","-79.982879","","11","0","0","0","0","0","0","1","1","","0","0","0","","","1","N","2","","40 30:06.211","5","0","79 58:58.363","3","0","0","0","2118","0","0","0","N","0","0","0","2","02118","0","","1.0","925.0","1","N","N","N","0","","1","0","1","","3","Y","","2","1","0","0","0","0","0","2","0","2","","","","N","","","","","","","","","",""
"2020021290","","1","0","0","0","0","0","0","0","0","4","0","","02","2","2020","5","40.398769","-79.988842","","11","0","0","0","0","0","0","0","0","","0","0","0","","","0","N","0","","40 23:55.570","","0","79 59:19.830","0","0","0","0","2301","0","0","0","N","0","0","0","2","02301","0","","4.0","","7","N","N","N","0","","0","0","1","","0","","","2","0","0","0","0","0","0","2","0","2","","06","","N","","","","","","","","","",""
"2020019942","","2","0","0","0","0","0","0","0","0","4","0","","02","2","2020","1","40.462141","-79.926831","","11","0","0","0","0","0","0","0","0","","0","0","0","","","0","","1","","40 27:43.708","","0","79 55:36.592","0","0","0","0","2301","0","0","0","N","0","0","0","2","02301","0","","1.0","","1","N","N","N","0","","0","0","0","","3","","","2","0","0","0","0","0","0","2","0","2","","","","N","","","","","","","","","",""
"2020021132","","1","0","0","0","0","0","0","0","0","1","0","","02","2","2020","4","40.390733","-79.833354","","11","0","0","0","0","0","0","0","0","","0","0","0","","","0","N","0","","40 23:26.640","3","3","79 50:00.075","0","0","0","0","2111","0","0","0","N","0","0","0","2","02111","0","","1.0","1554.0","1","N","N","N","0","","0","0","1","","0","N","","2","0","0","0","0","0","0","2","0","2","","07","","N","","","","","","","","","",""
"2020021969","","1","0","0","0","0","0","0","0","0","7","0","","02","2","2020","7","40.508311","-79.879494","","11","0","0","1","0","0","0","0","0","","0","0","0","","","3","Y","0","","40 30:29.920","","0","79 52:46.180","3","0","0","0","2432","0","0","0","N","0","0","0","3","02432","0","","5.0","","1","N","N","N","0","","3","0","0","","0","","","1","3","0","0","0","0","0","2","0","1","","","","N","","","","","","","","","",""
"2020020338","","0","0","0","0","0","0","0","0","0","99","0","","02","2","2020","7","40.424627","-80.030452","","11","0","0","0","0","0","0","0","0","","0","0","0","","","0","","7","","40 25:28.658","2","1","80 01:49.626","9","0","0","0","2301","0","0","0","Y","0","0","0","1","02301","0","","9.0","830.0","1","N","N","N","0","","0","0","1","","0","N","","1","0","0","0","0","0","1","2","0","1","","03","","N","","","","","","","","","",""
"2020058633","","2","0","0","0","0","0","0","0","0","2","0","","02","7","2020","7","40.481473","-79.877193","","11","0","0","0","0","1","0","0","0","","0","0","0","","","0","N","0","","40 28:53.304","6","0","79 52:37.893","0","0","0","0","2113","0","0","0","N","0","0","0","2","02113","0","","1.0","123.0","1","N","N","N","0","","0","0","0","","0","Y","","2","0","1","0","0","0","0","2","0","2","","","","N","","","","","","","","","",""
"2020022404","","2","0","0","0","0","0","0","0","0","5","0","","02","3","2020","1","40.463142","-79.821817","","11","0","0","0","0","0","0","0","0","","0","0","0","","","0","N","0","","40 27:47.310","2","0","79 49:18.540","0","0","0","0","2113","0","0","0","N","0","0","0","1","02113","0","","1.0","2300.0","1","N","N","N","0","","0","0","0","","0","N","","2","0","0","0","0","0","0","2","0","2","","","","N","","","","","","","","","",""
"2020021229","","1","0","0","0","0","0","0","0","0","8","0","","02","2","2020","4","40.345112","-79.84013","","11","0","0","0","0","0","0","1","0","","0","0","0","","","1","N","2","","40 20:42.403","","0","79 50:24.468","2","0","0","0","2304","1","0","1","N","1","0","1","2","02304","0","","1.0","","9","N","N","N","0","","0","1","0","","0","N","","2","1","0","0","0","0","0","2","0","1","","","","N","","","","","","","","","",""
"2020056522","","1","0","0","0","0","0","0","0","0","5","0","","02","7","2020","7","40.501719","-80.011226","","11","0","0","0","0","0","1","0","0","","0","0","0","","","0","N","0","","40 30:06.187","","0","80 00:40.412","0","0","0","0","2116","0","0","0","N","0","0","0","2","02116","0","","2.0","","1","N","N","N","0","","0","0","1","","0","","","2","0","1","0","0","0","0","2","0","2","","","","N","","","","","","","","","",""
"2020026528","","1","0","0","0","0","0","0","0","0","4","0","","02","3","2020","1","40.458936","-79.964722","","11","0","0","0","0","0","0","0","0","","0","0","0","","","0","N","0","","40 27:32.170","4","0","79 57:53.000","9","0","0","1","2301","0","0","0","N","0","0","0","2","02301","0","","1.0","1233.0","1","N","N","N","0","","0","0","0","","0","N","","2","0","0","0","0","0","1","2","0","2","","03","","N","","","","","","","","","",""
"2020022792","","1","0","0","0","0","0","0","0","0","7","0","","02","3","2020","3","40.442034","-80.008656","","11","0","0","0","0","0","0","0","0","","0","0","0","","","0","N","7","","40 26:31.321","3","2","80 00:31.162","0","0","0","0","2301","0","0","0","N","0","0","0","1","02301","0","","3.0","420.0","1","N","N","N","0","","0","0","0","","0","N","","1","0","0","0","0","0","0","2","0","1","","","","N","","","","","","","","","",""
"2020060868","","2","0","0","0","0","0","0","0","0","1","1","","02","7","2020","6","40.447901","-79.827517","","11","0","0","0","0","0","1","0","0","","0","1","0","","","2","N","0","","40 26:52.442","1","0","79 49:39.060","3","0","0","0","2113","0","0","0","N","0","0","0","3","02113","0","","1.0","1706.0","1","N","N","Y","0","","2","0","0","","0","N","","3","2","0","0","0","0","0","2","0","3","","","","N","","","","","","","","","",""
"2020022327","","2","0","0","0","0","0","0","0","0","4","0","","02","3","2020","1","40.304658","-79.894995","","11","0","0","0","0","0","0","0","0","","0","0","0","","","2","N","2","","40 18:16.769","","0","79 53:41.982","4","0","0","0","2302","0","0","0","N","0","0","0","2","02302","2","","1.0","","1","N","N","N","0","","0","0","0","","0","","","2","2","0","0","0","0","0","2","0","2","","98","","N","","","","","","","","","",""
"2020056070","","1","0","0","0","0","0","0","0","0","4","0","","02","7","2020","5","40.483783","-79.811036","","11","0","0","0","0","0","2","0","0","","0","0","0","","","1","N","0","","40 29:01.618","6","6","79 48:39.731","3","0","0","0","2113","0","0","0","N","0","0","0","2","02113","0","","1.0","1600.0","1","N","N","N","1","","1","0","0","","0","N","","2","1","0","0","0","0","0","2","0","2","","","","N","","","","","","","","","",""
"2020023541","","0","0","0","0","0","0","0","0","0","7","0","","02","3","2020","5","40.489625","-80.021489","","11","0","0","0","0","0","0","0","0","","0","0","0","","","1","N","0","","40 29:22.650","","0","80 01:17.360","3","0","0","0","2301","0","0","0","Y","0","0","0","1","02301","0","","2.0","","1","N","N","N","0","","1","0","1","","0","","","1","1","0","0","0","0","0","2","0","1","","03","","N","","","","","","","","","",""
"2020021533","","1","0","0","0","0","0","0","0","0","7","0","","02","2","2020","5","40.328689","-80.121358","","11","0","0","0","0","0","0","0","0","","0","0","0","","","1","N","0","","40 19:43.280","","7","80 07:16.890","4","0","0","0","2119","0","0","0","N","0","0","0","1","02119","1","","2.0","","9","N","N","N","0","","0","0","0","","0","","","1","1","0","0","0","0","0","2","0","1","","07","","N","","","","","","","","","",""
"2020058724","","1","0","0","0","0","0","0","0","0","7","0","","02","7","2020","5","40.568495","-80.090248","","11","0","0","0","0","0","0","0","0","","0","0","0","","","0","N","0","","40 34:06.583","","0","80 05:24.892","0","0","0","0","2481","0","0","0","N","0","0","0","1","68B03","0","","4.0","","9","N","N","N","0","","0","0","0","","0","","","1","0","0","0","0","0","0","2","0","1","","","","N","","","","","","","","","",""
"2020021764","","1","0","0","0","0","0","0","0","0","1","0","","02","2","2020","4","40.427388","-79.926352","","11","0","0","0","0","0","0","1","0","","0","0","0","","","0","N","2","","40 25:38.597","2","0","79 55:34.867","0","0","0","0","2301","0","0","0","N","0","0","0","2","02301","0","","1.0","2220.0","1","N","N","N","0","","0","0","1","","0","N","","2","0","0","0","0","0","0","2","0","2","","03","","N","","","","","","","","","",""
"2020021628","","0","0","0","0","0","0","0","0","0","7","0","","02","2","2020","5","40.291992","-79.894106","","11","0","0","0","0","0","1","0","0","","0","0","0","","","1","N","0","","40 17:31.170","7","0","79 53:38.780","8","0","0","0","2302","0","0","0","N","0","0","0","1","02302","0","","5.0","2108.0","1","N","N","N","0","","0","0","1","","0","Y","","1","1","1","0","0","1","0","2","0","1","","","","N","","","","","","","","","",""
"2020027536","","2","0","0","0","0","0","0","0","0","1","0","","02","3","2020","7","40.500044","-80.221987","","11","0","0","0","0","0","1","0","0","","0","0","0","","","1","N","1","","40 30:00.157","","0","80 13:19.152","3","0","0","0","2213","0","0","0","N","0","0","0","2","02213","0","","1.0","","1","N","N","N","0","","1","0","0","","0","","","2","1","0","0","0","0","0","2","0","2","","03","","N","","","","","","","","","",""
"2020055934","","1","0","0","0","0","0","0","0","0","7","0","","02","7","2020","7","40.291178","-79.96005","","11","0","0","0","0","0","1","0","0","","0","0","0","","","0","N","0","","40 17:28.240","5","0","79 57:36.179","0","0","0","0","2440","0","0","0","N","0","0","0","2","02440","0","","5.0","2359.0","1","N","N","N","0","","0","0","1","","0","N","","2","0","0","0","0","0","0","2","0","2","","","","N","","","","","","","","","",""
"2020057356","","0","0","0","0","0","0","0","0","0","4","0","","02","7","2020","2","40.408677","-80.024766","","11","0","0","0","0","0","0","2","0","","0","0","0","","","2","","5","","40 24:31.237","2","0","80 01:29.157","3","0","0","0","2301","0","0","0","N","0","0","0","4","02301","0","","1.0","1406.0","1","N","N","Y","0","","2","0","2","","3","N","","2","2","0","0","0","0","0","2","0","2","","03","","N","","","","","","","","","",""
"2020022625","","2","0","0","0","0","0","0","0","0","4","0","","02","3","2020","2","40.421939","-80.046186","","11","0","0","0","0","0","0","0","0","","0","0","0","","","1","","1","","40 25:18.982","","2","80 02:46.269","3","0","0","0","2435","0","0","0","N","0","0","0","6","02435","0","","1.0","","9","N","N","N","0","","1","0","0","","2","N","","2","1","0","0","0","0","0","2","0","2","","","","N","","","","","","","","","",""
"2020056480","","1","0","0","0","0","0","0","0","0","8","0","","02","7","2020","6","40.394459","-80.020962","","11","0","0","1","0","0","0","0","0","","0","0","0","","","2","N","0","","40 23:40.053","","0","80 01:15.462","4","0","0","0","2301","2","0","0","N","2","0","0","3","02301","2","","1.0","","1","N","N","N","0","","0","0","0","","2","","","3","2","0","0","0","0","0","2","0","1","","","","N","","","","","","","","","",""
"2020025543","","0","0","0","0","0","0","0","0","0","7","0","","02","2","2020","5","40.413084","-79.85788","","11","0","0","0","0","0","0","0","0","","0","0","0","","","0","N","0","","40 24:47.104","","0","79 51:28.369","0","0","0","0","2411","0","0","0","N","0","0","0","1","02411","0","","5.0","","9","N","N","N","0","","0","0","1","","0","N","","1","0","0","0","0","0","0","2","0","1","","","","N","","","","","","","","","",""
"2020023594","","2","0","0","0","0","0","0","0","0","1","0","","02","3","2020","5","40.454127","-79.995375","","11","0","0","0","0","0","1","1","0","","0","0","0","","","0","N","7","","40 27:14.857","4","2","79 59:43.349","0","0","0","0","2301","0","0","0","N","0","0","0","3","02301","0","","1.0","1330.0","1","N","N","N","0","","0","0","1","","0","N","","3","0","0","0","0","0","0","2","0","3","","","","N","","","","","","","","","",""