"CRN","ARRIVAL_TM","AUTOMOBILE_COUNT","BELTED_DEATH_COUNT","BELTED_SUSP_SERIOUS_INJ_COUNT","BICYCLE_COUNT","BICYCLE_DEATH_COUNT","BICYCLE_SUSP_SERIOUS_INJ_COUNT","BUS_COUNT","CHLDPAS_DEATH_COUNT","CHLDPAS_SUSP_SERIOUS_INJ_COUNT","COLLISION_TYPE","COMM_VEH_COUNT","CONS_ZONE_SPD_LIM","COUNTY","CRASH_MONTH","CRASH_YEAR","DAY_OF_WEEK","DEC_LATITUDE","DEC_LONGITUDE","DISPATCH_TM","DISTRICT","DRIVER_COUNT_16YR","DRIVER_COUNT_17YR","DRIVER_COUNT_18YR","DRIVER_COUNT_19YR","DRIVER_COUNT_20YR","DRIVER_COUNT_50_64YR","DRIVER_COUNT_65_74YR","DRIVER_COUNT_75PLUS","EST_HRS_CLOSED","FATAL_COUNT","HEAVY_TRUCK_COUNT","HORSE_BUGGY_COUNT","HOUR_OF_DAY","ILLUMINATION","INJURY_COUNT","INTERSECTION_RELATED","INTERSECT_TYPE","LANE_CLOSED","LATITUDE","LN_CLOSE_DIR","LOCATION_TYPE","LONGITUDE","MAX_SEVERITY_LEVEL","MCYCLE_DEATH_COUNT","MCYCLE_SUSP_SERIOUS_INJ_COUNT","MOTORCYCLE_COUNT","MUNICIPALITY","NONMOTR_COUNT","NONMOTR_DEATH_COUNT","NONMOTR_SUSP_SERIOUS_INJ_COUNT","NTFY_HIWY_MAINT","PED_COUNT","PED_DEATH_COUNT","PED_SUSP_SERIOUS_INJ_COUNT","PERSON_COUNT","POLICE_AGCY","POSSIBLE_INJ_COUNT","RDWY_SURF_TYPE_CD","RELATION_TO_ROAD","ROADWAY_CLEARED","ROAD_CONDITION","SCH_BUS_IND","SCH_ZONE_IND","SECONDARY_CRASH","SMALL_TRUCK_COUNT","SPEC_JURIS_CD","SUSP_MINOR_INJ_COUNT","SUSP_SERIOUS_INJ_COUNT","SUV_COUNT","TCD_FUNC_CD","TCD_TYPE","TFC_DETOUR_IND","TIME_OF_DAY","TOTAL_UNITS","TOT_INJ_COUNT","UNBELTED_OCC_COUNT","UNB_DEATH_COUNT","UNB_SUSP_SERIOUS_INJ_COUNT","UNK_INJ_DEG_COUNT","UNK_INJ_PER_COUNT","URBAN_RURAL","VAN_COUNT","VEHICLE_COUNT","WEATHER1","WEATHER2","WORKERS_PRES","WORK_ZONE_IND","WORK_ZONE_LOC","WORK_ZONE_TYPE","WZ_CLOSE_DETOUR","WZ_FLAGGER","WZ_LAW_OFFCR_IND","WZ_LN_CLOSURE","WZ_MOVING","WZ_OTHER","WZ_SHLDER_MDN","WZ_WORKERS_INJ_KILLED"
"2020028915","","1","0","0","0","0","0","0","0","0","1","0","","02","3","2020","4","40.425768","-79.910604","","11","0","0","0","0","0","1","1","0","","0","0","0","","","0","N","0","","40 25:32.766","","0","79 54:38.174","0","0","0","0","2301","0","0","0","N","0","0","0","3","68B03","0","","1.0","","1","N","N","N","1","","0","0","1","","0","","","3","0","0","0","0","0","0","2","0","3","","03","","N","","","","","","","","","",""
"2020058209","","2","0","0","0","0","0","0","0","0","2","0","","02","7","2020","4","40.392016","-79.885092","","11","0","0","0","0","0","0","0","0","","0","0","0","","","0","","3","","40 23:31.257","","0","79 53:06.331","0","0","0","0","2473","0","0","0","N","0","0","0","2","02473","0","","1.0","","1","N","N","N","0","","0","0","0","","0","","","2","0","0","0","0","0","0","2","0","2","","03","","N","","","","","","","","","",""
"2020057727","","0","0","0","0","0","0","0","0","0","4","0","","02","7","2020","4","40.403357","-80.040867","","11","0","0","0","0","0","1","0","0","","0","0","0","","","3","","1","","40 24:12.085","","0","80 02:27.120","8","0","0","0","2301","0","0","0","N","0","0","0","3","02301","0","","1.0","","9","N","N","N","0","","0","0","2","","2","","","2","3","0","0","0","3","0","2","0","2","","","","N","","","","","","","","","",""
"2020022171","","2","0","1","0","0","0","0","0","0","2","0","","02","2","2020","7","40.409884","-79.961117","","11","0","0","0","0","1","0","0","0","","0","0","0","","","3","N","0","","40 24:35.581","7","0","79 57:40.022","2","0","0","0","2403","0","0","0","N","0","0","0","4","02403","0","","1.0","442.0","1","N","N","N","0","","1","2","0","","0","Y","","2","3","0","0","0","0","0","2","0","2","","","","N","","","","","","","","","",""
"2020021911","","3","0","0","0","0","0","0","0","0","1","0","","02","2","2020","7","40.417006","-79.88074","","11","0","0","0","0","0","0","0","0","","0","0","0","","","0","N","0","","40 25:01.223","","0","79 52:50.663","0","0","0","0","2463","0","0","0","N","0","0","0","1","02463","0","","2.0","","9","N","N","N","0","","0","0","0","","0","N","","3","0","0","0","0","0","0","2","0","3","","07","","N","","","","","","","","","",""
"2020057667","","1","0","0","0","0","0","0","0","0","1","0","","02","7","2020","2","40.35451","-80.114766","","11","0","0","0","0","0","0","0","0","","0","0","0","","","0","N","3","","40 21:16.237","","0","80 06:53.157","0","0","0","0","2119","0","0","0","N","0","0","0","2","02119","0","","1.0","","1","N","N","N","0","","0","0","1","","4","","","2","0","0","0","0","0","0","2","0","2","","03","","N","","","","","","","","","",""
"2020021876","","2","0","0","0","0","0","0","0","0","4","0","","02","2","2020","6","40.300792","-79.865978","","11","0","1","0","0","0","0","0","0","","0","0","0","","","1","","2","","40 18:02.850","5","0","79 51:57.519","3","0","0","0","2443","0","0","0","N","0","0","0","3","02443","0","","1.0","1727.0","1","N","N","N","0","","1","0","0","","3","N","","2","1","0","0","0","0","1","1","0","2","","","","N","","","","","","","","","",""
"2020022767","","2","0","1","0","0","0","0","0","0","1","0","","02","3","2020","2","40.453203","-79.9927","","11","0","0","0","0","0","1","0","0","","0","0","0","","","2","","1","","40 27:11.531","3","3","79 59:33.719","2","0","0","0","2301","0","0","0","N","0","0","0","2","02301","0","","1.0","2130.0","9","N","N","N","0","","0","1","0","","0","Y","","2","2","0","0","0","1","0","2","0","2","","","","N","","","","","","","","","",""
"2020022091","","1","0","0","0","0","0","0","0","0","98","0","","02","2","2020","7","40.336108","-79.826489","","11","0","0","0","0","0","0","0","0","","0","0","0","","","0","N","0","","40 20:09.988","","0","79 49:35.361","0","0","0","0","2304","0","0","0","N","0","0","0","1","02304","0","","1.0","","1","N","N","N","0","","0","0","0","","0","","","1","0","0","0","0","0","0","2","0","1","","03","","N","","","","","","","","","",""
"2020019030","","1","0","0","0","0","0","0","0","0","5","0","","02","2","2020","4","40.449706","-80.025099","","11","0","0","0","0","0","1","0","0","","0","0","0","","","1","N","1","","40 26:58.940","","8","80 01:30.356","3","0","0","0","2301","0","0","0","N","0","0","0","2","02301","0","","1.0","","1","N","N","N","1","","1","0","0","","2","N","","2","1","0","0","0","0","0","2","0","2","","03","","N","","","","","","","","","",""
"2020057171","","2","0","0","0","0","0","0","0","0","4","0","","02","7","2020","5","40.444243","-79.980801","","11","0","0","0","0","0","0","0","0","","0","0","0","","","0","","1","","40 26:39.274","","0","79 58:50.883","0","0","0","0","2301","0","0","0","N","0","0","0","2","02301","0","","1.0","","1","N","N","N","0","","0","0","0","","3","","","2","0","0","0","0","0","0","2","0","2","","03","","N","","","","","","","","","",""
"2020058160","","2","0","0","0","0","0","0","0","0","5","0","45","02","7","2020","7","40.496023","-79.939598","","11","0","0","0","1","0","0","0","0","","0","0","0","","","0","N","0","","40 29:45.681","","3","79 56:22.553","0","0","0","0","2461","0","0","0","N","0","0","0","5","68D02","0","","1.0","","1","N","N","N","0","","0","0","1","","0","","","3","0","0","0","0","0","0","2","0","3","","","Y","Y","4","2","N","N","N","Y","N","N","Y","N"
"2020023108","","2","0","0","0","0","0","0","0","0","4","0","","02","2","2020","1","40.429459","-79.982702","","11","0","0","0","0","0","1","0","0","","0","0","0","","","0","N","1","","40 25:46.054","","0","79 58:57.726","0","0","0","0","2301","0","0","0","N","0","0","0","2","02301","0","","1.0","","1","N","N","N","0","","0","0","0","","3","N","","2","0","0","0","0","0","0","2","0","2","","03","","N","","","","","","","","","",""
"2020033996","","0","0","0","0","0","0","0","0","0","1","0","","02","2","2020","4","40.519561","-80.166798","","11","0","0","0","0","0","0","0","0","","0","0","0","","","1","N","0","","40 31:10.420","4","0","80 10:00.472","3","0","0","0","2420","0","0","0","N","0","0","0","1","02420","0","","6.0","1655.0","9","N","N","N","1","","1","0","1","","0","N","","2","1","0","0","0","0","0","2","0","2","","04","","N","","","","","","","","","",""
"2020022197","","1","0","0","0","0","0","0","0","0","7","0","","02","2","2020","1","40.436489","-79.963964","","11","0","0","0","0","0","0","0","0","","0","0","0","","","0","N","2","","40 26:11.360","3","0","79 57:50.269","0","0","0","0","2301","0","0","0","N","0","0","0","2","02301","0","","2.0","2020.0","2","N","N","N","0","","0","0","0","","0","N","","1","0","0","0","0","0","0","2","0","1","","03","","N","","","","","","","","","",""
"2020020663","","2","0","0","0","0","0","0","0","0","3","0","","02","2","2020","3","40.412994","-79.995406","","11","0","0","0","0","0","1","0","0","","0","0","0","","","0","N","0","","40 24:46.780","","0","79 59:43.460","0","0","0","0","2301","0","0","0","N","0","0","0","1","02301","0","","6.0","","1","N","N","N","0","","0","0","0","","0","","","2","0","1","0","0","0","0","2","0","2","","03","","N","","","","","","","","","",""
"2020021775","","2","0","0","0","0","0","0","0","0","1","0","","02","2","2020","6","40.448843","-79.964937","","11","0","0","0","0","0","0","0","0","","0","0","0","","","0","","1","","40 26:55.834","","0","79 57:53.773","0","0","0","0","2301","0","0","0","N","0","0","0","2","02301","0","","1.0","","1","N","N","N","0","","0","0","0","","2","N","","2","0","0","0","0","0","0","2","0","2","","03","","N","","","","","","","","","",""
"2020023394","","1","0","0","0","0","0","0","0","0","7","0","","02","2","2020","5","40.435286","-79.967018","","11","0","0","0","0","0","0","0","0","","0","0","0","","","0","N","0","","40 26:07.031","","0","79 58:01.264","0","0","0","0","2301","0","0","0","N","0","0","0","2","68B03","0","","3.0","","1","N","N","N","0","","0","0","1","","0","","","2","0","0","0","0","0","0","2","0","2","","","","N","","","","","","","","","",""
"2020057449","","1","0","0","0","0","0","0","0","0","1","0","","02","7","2020","5","40.415794","-80.084606","","11","0","0","0","0","0","0","0","0","","0","0","0","","","0","N","0","","40 24:56.858","","0","80 05:04.580","0","0","0","0","2415","0","0","0","N","0","0","0","2","68B03","0","","1.0","","1","N","N","N","1","","0","0","0","","0","","","2","0","0","0","0","0","0","2","0","2","","03","","N","","","","","","","","","",""
"2020023731","","0","0","0","0","0","0","0","0","0","7","0","","02","3","2020","5","40.373614","-80.221061","","11","0","0","0","0","0","0","0","0","","0","0","0","","","1","N","0","","40 22:25.012","6","0","80 13:15.820","2","0","1","1","2214","0","0","0","N","0","0","0","1","02214","0","","5.0","1830.0","1","N","N","N","0","","0","1","0","","0","Y","","1","1","0","0","0","0","0","2","0","1","","03","","N","","","","","","","","","",""
"2020056440","","0","0","0","0","0","0","0","0","0","7","1","","02","7","2020","4","40.608573","-79.946016","","11","0","0","0","0","0","0","0","0","","0","1","0","","","0","N","0","","40 36:30.862","3","5","79 56:45.659","0","0","0","0","2207","0","0","0","N","0","0","0","1","68T02","0","","3.0","100.0","1","N","N","N","0","","0","0","0","","0","Y","","1","0","0","0","0","0","0","2","0","1","","03","","N","","","","","","","","","",""
"2020026671","","1","0","0","0","0","0","0","0","0","1","0","","02","3","2020","2","40.545285","-80.193782","","11","0","0","0","0","0","1","1","0","","0","0","0","","","2","N","0","","40 32:43.025","2","0","80 11:37.614","3","0","0","0","2427","0","0","0","Y","0","0","0","2","02427","0","","1.0","213.0","1","N","N","Y","1","","2","0","0","","0","N","","3","2","1","0","0","0","0","2","0","3","","03","","N","","","","","","","","","",""
"2020019939","","1","0","0","0","0","0","0","0","0","4","0","","02","2","2020","1","40.514286","-79.951947","","11","0","0","0","0","0","1","0","0","","0","0","0","","","1","N","0","","40 30:51.430","2","7","79 57:07.008","4","0","0","0","2118","0","0","0","N","0","0","0","3","02118","1","","1.0","1000.0","1","N","N","N","0","","0","0","1","","0","N","","2","1","1","0","0","0","0","2","0","2","","","","N","","","","","","","","","",""
"2020024219","","1","0","0","0","0","0","0","0","0","4","0","","02","3","2020","5","40.526527","-80.159081","","11","0","0","0","0","0","0","0","0","","0","0","0","","","0","N","1","","40 31:35.498","2","0","80 09:32.693","0","0","0","0","2436","0","0","0","N","0","0","0","2","68B03","0","","1.0","855.0","1","N","N","N","0","","0","0","1","","2","N","","2","0","0","0","0","0","0","2","0","2","","03","","N","","","","","","","","","",""
"2020025519","","2","0","0","0","0","0","0","0","0","4","0","","02","3","2020","2","40.473094","-80.005588","","11","0","0","0","0","1","0","0","0","","0","0","0","","","0","N","0","","40 28:23.137","2","0","80 00:20.115","0","0","0","0","2301","0","0","0","N","0","0","0","2","68B03","0","","1.0","110.0","1","N","N","N","0","","0","0","0","","0","N","","2","0","0","0","0","0","0","2","0","2","","03","","N","","","","","","","","","",""
"2020058501","","2","0","0","0","0","0","0","0","0","1","0","","02","7","2020","6","40.450902","-79.826735","","11","0","0","0","0","0","1","0","0","","0","0","0","","","1","N","0","","40 27:03.247","5","0","79 49:36.246","3","0","0","0","2113","0","0","0","N","0","0","0","3","02113","0","","1.0","1635.0","1","N","N","N","1","","1","0","0","","0","N","","3","1","0","0","0","0","0","2","0","3","","03","","N","","","","","","","","","",""
"2020045442","","1","0","0","0","0","0","0","0","0","7","0","","02","6","2020","6","40.41785","-79.887904","","11","0","0","0","0","0","0","0","0","","0","0","0","","","1","N","0","","40 25:04.261","6","0","79 53:16.453","8","0","0","0","2463","0","0","0","N","0","0","0","2","02463","0","","5.0","2340.0","1","N","N","N","0","","0","0","0","","0","Y","","1","1","0","0","0","1","0","2","0","1","","03","","N","","","","","","","","","",""
"2020058314","","2","0","0","0","0","0","0","0","0","6","0","","02","6","2020","7","40.422436","-80.000802","","11","0","0","0","0","0","0","0","0","","0","0","0","","","0","N","2","","40 25:20.769","","0","80 00:02.887","0","0","0","0","2301","0","0","0","N","0","0","0","0","02301","0","","1.0","","1","N","N","N","0","","0","0","0","","0","","","2","0","0","0","0","0","0","2","0","2","","03","","N","","","","","","","","","",""
"2020056634","","1","0","0","0","0","0","0","0","0","7","0","","02","7","2020","7","40.393349","-79.982","","11","0","0","0","0","0","0","0","0","","0","0","0","","","1","N","1","","40 23:36.058","","7","79 58:55.199","8","0","0","0","2301","0","0","0","N","0","0","0","1","02301","0","","4.0","","1","N","N","Y","0","","0","0","1","","3","","","2","1","0","0","0","1","0","2","0","2","","03","","N","","","","","","","","","",""
"2020023362","","2","0","0","0","0","0","0","0","0","4","0","","02","3","2020","4","40.443938","-80.237026","","11","0","0","1","0","0","0","0","0","","0","0","0","","","1","","1","","40 26:38.176","6","7","80 14:13.293","4","0","0","0","2214","0","0","0","N","0","0","0","3","02214","1","","1.0","1735.0","9","N","N","N","0","","0","0","0","","3","N","","2","1","0","0","0","0","0","2","0","2","","04","","N","","","","","","","","","",""
"2020020022","","2","0","0","0","0","0","0","0","0","4","0","","02","2","2020","7","40.496131","-79.976872","","11","0","0","0","0","0","0","1","0","","0","0","0","","","0","N","1","","40 29:46.072","","0","79 58:36.740","0","0","0","0","2118","0","0","0","N","0","0","0","4","02118","0","","1.0","","1","N","N","N","0","","0","0","0","","3","","","2","0","1","0","0","0","0","2","0","2","","03","","N","","","","","","","","","",""
"2020020047","","0","0","0","0","0","0","0","0","0","7","0","","02","2","2020","7","40.459433","-79.717644","","11","1","0","0","0","0","0","0","0","","0","0","0","","","0","N","0","","40 27:33.960","","0","79 43:03.520","0","0","0","0","2466","0","0","0","N","0","0","0","1","02466","0","","5.0","","1","N","N","N","0","","0","0","1","","0","","","1","0","0","0","0","0","0","2","0","1","","","","N","","","","","","","","","",""
"2020023518","","2","0","0","0","0","0","0","0","0","1","0","","02","3","2020","4","40.521157","-80.005253","","11","0","0","0","0","0","0","0","0","","0","0","0","","","0","N","0","","40 31:16.164","","0","80 00:18.912","0","0","0","0","2116","0","0","0","N","0","0","0","2","02116","0","","1.0","","1","N","N","N","0","","0","0","0","","0","","","2","0","0","0","0","0","0","2","0","2","","03","","N","","","","","","","","","",""
"2020020658","","1","0","0","0","0","0","0","0","0","4","0","","02","2","2020","3","40.368684","-79.983343","","11","0","0","1","0","0","0","0","0","","0","0","0","","","1","N","0","","40 22:07.263","1","7","79 59:00.035","8","0","0","0","2413","0","0","0","N","0","0","0","2","02413","0","","1.0","1525.0","9","N","N","N","1","","0","0","0","","0","Y","","2","1","0","0","0","1","0","2","0","2","","","","N","","","","","","","","","",""
"2020056536","","2","0","0","0","0","0","0","0","0","1","0","","02","7","2020","7","40.450556","-79.972826","","11","0","0","0","0","0","1","0","0","","0","0","0","","","1","N","0","","40 27:02.003","","0","79 58:22.174","4","0","0","0","2301","0","0","0","N","0","0","0","1","02301","1","","6.0","","1","N","N","N","0","","0","0","0","","0","","","2","1","0","0","0","0","0","2","0","2","","03","","N","","","","","","","","","",""
"2020052678","","1","0","0","0","0","0","0","0","0","5","1","","02","7","2020","2","40.455336","-80.007256","","11","0","0","0","0","0","0","0","0","","0","0","0","","","0","N","0","","40 27:19.210","","0","80 00:26.120","0","0","0","0","2301","0","0","0","N","0","0","0","3","02301","0","","1.0","","1","N","N","N","1","","0","0","0","","2","","","2","0","0","0","0","0","0","2","0","2","","03","","N","","","","","","","","","",""
"2020056946","","3","0","0","0","0","0","0","0","0","1","0","","02","7","2020","7","40.440054","-80.01757","","11","0","0","0","0","0","0","0","0","","0","0","0","","","0","N","0","","40 26:24.196","3","0","80 01:03.253","0","0","0","0","2301","0","0","0","N","0","0","0","7","02301","0","","1.0","900.0","1","N","N","N","0","","0","0","0","","0","N","","3","0","0","0","0","0","0","2","0","3","","03","","N","","","","","","","","","",""
"2020021630","","1","0","0","0","0","0","0","0","0","7","0","","02","2","2020","6","40.401731","-79.996261","","11","0","0","0","0","0","0","0","0","","0","0","0","","","0","N","0","","40 24:06.230","3","0","79 59:46.540","0","0","0","0","2301","0","0","0","N","0","0","0","1","02301","0","","5.0","240.0","7","N","N","N","0","","0","0","0","","0","N","","1","0","0","0","0","0","0","2","0","1","","","","N","","","","","","","","","",""
"2020024283","","2","0","0","0","0","0","0","0","0","7","0","","02","3","2020","3","40.357593","-80.016108","","11","0","0","0","0","0","1","0","0","","0","0","0","","","1","N","2","","40 21:27.335","","0","80 00:57.988","3","0","0","0","2407","0","0","0","N","0","0","0","1","02407","0","","5.0","","1","N","N","N","0","","1","0","0","","0","","","2","1","0","0","0","0","0","2","0","2","","","","N","","","","","","","","","",""
"2020038911","","0","0","1","0","0","0","0","0","0","7","0","","02","5","2020","4","40.639056","-79.770783","","11","0","0","0","0","0","0","0","0","","0","0","0","","","1","N","0","","40 38:20.602","5","0","79 46:14.820","2","0","0","0","2202","0","0","0","N","0","0","0","2","02202","0","","2.0","2359.0","1","N","N","N","0","","0","1","1","","0","Y","","1","1","0","0","0","0","0","1","0","1","","03","","N","","","","","","","","","",""
"2020019389","","0","0","0","0","0","0","1","0","0","1","1","","02","2","2020","4","40.554393","-80.021334","","11","0","0","0","0","0","0","1","1","","0","0","0","","","0","N","1","","40 33:15.814","2","0","80 01:16.803","0","0","0","0","2108","0","0","0","N","0","0","0","16","02108","0","","1.0","935.0","1","Y","N","N","0","","0","0","1","","2","N","","2","0","1","0","0","0","0","2","0","2","","","","N","","","","","","","","","",""
"2020022536","","2","0","0","0","0","0","0","0","0","4","0","","02","3","2020","2","40.604364","-79.947171","","11","0","0","0","0","0","1","0","0","","0","0","0","","","0","N","0","","40 36:15.712","2","7","79 56:49.817","0","0","0","0","2207","0","0","0","N","0","0","0","3","02207","0","","1.0","1129.0","1","N","N","N","0","","0","0","0","","0","N","","2","0","0","0","0","0","0","2","0","2","","","","N","","","","","","","","","",""
"2020019782","","1","0","0","0","0","0","0","0","0","1","0","","02","2","2020","4","40.429877","-79.714368","","11","0","0","0","0","0","1","0","0","","0","0","0","","","1","N","0","","40 25:47.556","","0","79 42:51.724","3","0","0","0","2446","0","0","0","N","0","0","0","8","02446","0","","1.0","","1","N","N","N","0","","1","0","4","","2","","","5","1","0","0","0","0","0","2","0","5","","03","","N","","","","","","","","","",""
"2020058308","","1","0","0","0","0","0","0","0","0","7","0","","02","7","2020","5","40.476091","-79.865138","","11","0","0","0","0","0","0","0","0","","0","0","0","","","0","N","0","","40 28:33.927","5","0","79 51:54.496","9","0","0","0","2113","0","0","0","N","0","0","0","2","02113","0","","5.0","2140.0","9","N","N","N","0","","0","0","0","","0","N","","1","0","0","0","0","0","2","2","0","1","","07","","N","","","","","","","","","",""
"2020020420","","0","0","0","0","0","0","0","0","0","1","0","","02","2","2020","7","40.64364","-80.097024","","11","0","0","1","0","0","0","0","0","","0","0","0","","","1","N","6","","40 38:37.105","2","2","80 05:49.288","3","0","0","0","2212","0","0","0","N","0","0","0","4","68B03","0","","1.0","2018.0","1","N","N","N","0","","1","0","2","","4","N","","2","1","0","0","0","0","0","2","0","2","","","","N","","","","","","","","","",""
"2020021662","","1","0","0","0","0","0","0","0","0","4","0","","02","2","2020","6","40.451778","-80.025553","","11","0","0","0","0","0","0","1","0","","0","0","0","","","0","","1","","40 27:06.399","1","0","80 01:31.991","0","0","0","0","2301","0","0","0","N","0","0","0","2","02301","0","","1.0","830.0","9","N","N","N","0","","0","0","1","","3","Y","","2","0","0","0","0","0","0","2","0","2","","","","N","","","","","","","","","",""
"2020021894","","1","0","0","0","0","0","0","0","0","7","0","","02","2","2020","5","40.428109","-80.13592","","11","0","0","0","0","1","0","0","0","","0","0","0","","","1","Y","0","","40 25:41.192","","0","80 08:09.311","3","0","0","0","2102","0","0","0","N","0","0","0","1","02102","0","","4.0","","2","N","N","N","0","","1","0","0","","0","","","1","1","0","0","0","0","0","2","0","1","","","","N","","","","","","","","","",""
"2020057166","","2","0","0","0","0","0","0","0","0","1","1","","02","7","2020","2","40.425765","-80.01976","","11","0","0","0","0","0","0","0","0","","0","1","0","","","1","","1","","40 25:32.754","1","0","80 01:11.135","4","0","0","0","2301","0","0","0","N","0","0","0","3","02301","1","","1.0","1710.0","1","N","N","N","0","","0","0","0","","2","N","","3","1","0","0","0","0","0","2","0","3","","03","","N","","","","","","","","","",""
"2020056619","","2","0","1","0","0","0","0","0","0","4","0","","02","7","2020","4","40.349577","-79.927019","","11","0","0","0","0","0","1","0","0","","0","0","0","","","1","N","0","","40 20:58.478","1","7","79 55:37.270","2","0","0","0","2473","0","0","0","N","0","0","0","2","02473","0","","1.0","1600.0","1","N","N","N","0","","0","1","0","","0","N","","2","1","0","0","0","0","0","2","0","2","","","","N","","","","","","","","","",""
"2020056638","","1","0","0","0","0","0","0","0","0","4","1","","02","7","2020","7","40.567156","-80.055393","","11","0","0","0","0","0","1","0","0","","0","1","0","","","1","N","2","","40 34:01.761","4","0","80 03:19.414","4","0","0","0","2108","0","0","0","N","0","0","0","2","02108","1","","1.0","1555.0","1","N","N","N","0","","0","0","0","","3","Y","","2","1","0","0","0","0","0","2","0","2","","","","N","","","","","","","","","",""
"2020022514","","0","0","0","0","0","0","0","0","0","2","0","","02","3","2020","2","40.494338","-80.064411","","11","0","0","0","0","0","0","0","0","","0","0","0","","","2","N","0","","40 29:39.617","","7","80 03:51.880","3","0","0","0","2402","0","0","0","N","0","0","0","3","02402","0","","1.0","","1","N","N","N","0","","2","0","2","","0","","","2","2","0","0","0","0","0","2","0","2","","","","N","","","","","","","","","",""
"2020021649","","2","0","0","0","0","0","0","0","0","7","0","","02","2","2020","5","40.345454","-79.854646","","11","0","0","0","0","0","0","0","0","","0","0","0","","","0","N","2","","40 20:43.634","","0","79 51:16.725","0","0","0","0","2304","0","0","0","N","0","0","0","1","02304","0","","2.0","","2","N","N","N","0","","0","0","0","","0","N","","2","0","0","0","0","0","0","2","0","2","","","","N","","","","","","","","","",""
"2020018655","","0","0","0","0","0","0","0","0","0","1","0","","02","2","2020","4","40.439946","-79.994214","","11","0","0","0","0","0","0","1","0","","0","0","0","","","1","N","2","","40 26:23.805","","0","79 59:39.172","8","0","0","0","2301","0","0","0","N","0","0","0","3","02301","0","","1.0","","1","N","N","N","0","","0","0","2","","2","","","2","1","0","0","0","1","0","2","0","2","","03","","N","","","","","","","","","",""
"2020052476","","2","0","0","0","0","0","0","0","0","1","0","","02","7","2020","1","40.412962","-80.007923","","11","0","0","0","0","0","0","0","0","","0","0","0","","","0","","1","","40 24:46.664","2","4","80 00:28.524","0","0","0","0","2301","0","0","0","N","0","0","0","7","02301","0","","1.0","2010.0","1","N","N","N","0","","0","0","0","","2","N","","2","0","0","0","0","0","0","2","0","2","","03","","N","","","","","","","","","",""
"2020056845","","2","0","0","0","0","0","0","0","0","4","0","","02","7","2020","6","40.499602","-80.009403","","11","0","0","0","0","0","0","0","0","","0","0","0","","","0","N","0","","40 29:58.568","6","0","80 00:33.850","0","0","0","0","2116","0","0","0","N","0","0","0","1","02116","0","","6.0","2235.0","1","N","N","N","0","","0","0","1","","0","N","","3","0","0","0","0","0","0","2","0","3","","03","","N","","","","","","","","","",""
"2020058882","","0","0","0","0","0","0","0","0","0","4","0","","02","7","2020","7","40.529737","-79.789224","","11","0","0","0","0","0","0","0","0","","0","0","0","","","2","N","2","","40 31:47.053","","0","79 47:21.207","3","0","0","0","2466","0","0","0","N","0","0","0","2","02466","0","","1.0","","1","N","N","N","0","","2","0","2","","0","","","2","2","0","0","0","0","0","1","0","2","","03","","N","","","","","","","","","",""
"2020020784","","0","0","0","0","0","0","0","0","0","7","0","55","02","2","2020","7","40.480477","-79.770004","","11","0","0","0","0","0","0","1","0","","0","0","0","","","0","N","0","","40 28:49.717","","0","79 46:12.015","0","0","0","0","2466","0","0","0","N","0","0","0","2","68T02","0","","1.0","","1","N","N","N","0","","0","0","1","","0","","","1","0","0","0","0","0","0","2","0","1","","","N","Y","4","1","","","N","","","","Y","N"
"2020057213","","0","0","0","0","0","0","0","0","0","7","0","","02","6","2020","2","40.440374","-79.83292","","11","0","0","0","0","0","1","0","0","","0","0","0","","","0","N","0","","40 26:25.347","3","0","79 49:58.512","0","0","0","0","2419","0","0","0","N","0","0","0","1","68B03","0","","4.0","2150.0","1","N","N","N","0","","0","0","1","","0","N","","1","0","0","0","0","0","0","2","0","1","","03","","N","","","","","","","","","",""
"2020024575","","1","0","0","0","0","0","0","0","0","1","0","","02","3","2020","2","40.449343","-80.025371","","11","0","0","0","0","0","1","0","0","","0","0","0","","","0","N","0","","40 26:57.635","","3","80 01:31.334","0","0","0","0","2301","0","0","0","N","0","0","0","2","02301","0","","1.0","","1","N","N","N","0","","0","0","1","","0","N","","2","0","0","0","0","0","0","2","0","2","","03","","N","","","","","","","","","",""
"2020056954","","1","0","0","0","0","0","0","0","0","2","0","","02","7","2020","5","40.338902","-79.845194","","11","0","0","0","0","0","1","0","0","","0","0","0","","","0","N","0","","40 20:20.047","4","0","79 50:42.699","0","0","0","0","2304","0","0","0","N","0","0","0","1","02304","0","","1.0","827.0","1","N","N","N","0","","0","0","1","","0","N","","2","0","1","0","0","0","0","2","0","2","","03","","N","","","","","","","","","",""
"2020020660","","3","0","0","0","0","0","0","0","0","5","0","","02","2","2020","3","40.426828","-79.978192","","11","0","0","0","0","0","0","0","0","","0","0","0","","","1","N","0","","40 25:36.580","","0","79 58:41.490","8","0","0","0","2301","0","0","0","N","0","0","0","1","02301","0","","6.0","","9","N","N","N","0","","0","0","0","","0","","","3","1","0","0","0","1","0","2","0","3","","","","N","","","","","","","","","",""
"2020020137","","1","0","0","0","0","0","0","0","0","7","0","","02","2","2020","1","40.450629","-80.027328","","11","0","0","0","0","0","0","0","0","","0","0","0","","","0","N","6","","40 27:02.265","","2","80 01:38.380","0","0","0","0","2301","0","0","0","N","0","0","0","1","02301","0","","1.0","","1","N","N","N","0","","0","0","0","","0","","","1","0","0","0","0","0","0","2","0","1","","","","N","","","","","","","","","",""