"CRN","ARRIVAL_TM","AUTOMOBILE_COUNT","BELTED_DEATH_COUNT","BELTED_SUSP_SERIOUS_INJ_COUNT","BICYCLE_COUNT","BICYCLE_DEATH_COUNT","BICYCLE_SUSP_SERIOUS_INJ_COUNT","BUS_COUNT","CHLDPAS_DEATH_COUNT","CHLDPAS_SUSP_SERIOUS_INJ_COUNT","COLLISION_TYPE","COMM_VEH_COUNT","CONS_ZONE_SPD_LIM","COUNTY","CRASH_MONTH","CRASH_YEAR","DAY_OF_WEEK","DEC_LATITUDE","DEC_LONGITUDE","DISPATCH_TM","DISTRICT","DRIVER_COUNT_16YR","DRIVER_COUNT_17YR","DRIVER_COUNT_18YR","DRIVER_COUNT_19YR","DRIVER_COUNT_20YR","DRIVER_COUNT_50_64YR","DRIVER_COUNT_65_74YR","DRIVER_COUNT_75PLUS","EST_HRS_CLOSED","FATAL_COUNT","HEAVY_TRUCK_COUNT","HORSE_BUGGY_COUNT","HOUR_OF_DAY","ILLUMINATION","INJURY_COUNT","INTERSECTION_RELATED","INTERSECT_TYPE","LANE_CLOSED","LATITUDE","LN_CLOSE_DIR","LOCATION_TYPE","LONGITUDE","MAX_SEVERITY_LEVEL","MCYCLE_DEATH_COUNT","MCYCLE_SUSP_SERIOUS_INJ_COUNT","MOTORCYCLE_COUNT","MUNICIPALITY","NONMOTR_COUNT","NONMOTR_DEATH_COUNT","NONMOTR_SUSP_SERIOUS_INJ_COUNT","NTFY_HIWY_MAINT","PED_COUNT","PED_DEATH_COUNT","PED_SUSP_SERIOUS_INJ_COUNT","PERSON_COUNT","POLICE_AGCY","POSSIBLE_INJ_COUNT","RDWY_SURF_TYPE_CD","RELATION_TO_ROAD","ROADWAY_CLEARED","ROAD_CONDITION","SCH_BUS_IND","SCH_ZONE_IND","SECONDARY_CRASH","SMALL_TRUCK_COUNT","SPEC_JURIS_CD","SUSP_MINOR_INJ_COUNT","SUSP_SERIOUS_INJ_COUNT","SUV_COUNT","TCD_FUNC_CD","TCD_TYPE","TFC_DETOUR_IND","TIME_OF_DAY","TOTAL_UNITS","TOT_INJ_COUNT","UNBELTED_OCC_COUNT","UNB_DEATH_COUNT","UNB_SUSP_SERIOUS_INJ_COUNT","UNK_INJ_DEG_COUNT","UNK_INJ_PER_COUNT","URBAN_RURAL","VAN_COUNT","VEHICLE_COUNT","WEATHER1","WEATHER2","WORKERS_PRES","WORK_ZONE_IND","WORK_ZONE_LOC","WORK_ZONE_TYPE","WZ_CLOSE_DETOUR","WZ_FLAGGER","WZ_LAW_OFFCR_IND","WZ_LN_CLOSURE","WZ_MOVING","WZ_OTHER","WZ_SHLDER_MDN","WZ_WORKERS_INJ_KILLED"
"2020058391","","1","0","0","0","0","0","0","0","0","7","0","","02","7","2020","4","40.294548","-79.907214","","11","0","0","0","0","0","0","0","0","","0","0","0","","","0","N","0","","40 17:40.372","3","0","79 54:25.970","0","0","0","0","2440","0","0","0","N","0","0","0","1","02440","0","","2.0","30.0","1","N","N","N","0","","0","0","0","","0","N","","1","0","1","0","0","0","0","2","0","1","","03","","N","","","","","","","","","",""
"2020024221","","0","0","0","0","0","0","0","0","0","1","0","","02","3","2020","5","40.420715","-80.093393","","11","0","0","0","0","0","0","0","0","","0","0","0","","","1","N","0","","40 25:14.574","","0","80 05:36.214","4","0","0","0","2457","0","0","0","N","0","0","0","2","68B03","1","","1.0","","1","N","N","N","1","","0","0","1","","0","","","2","1","0","0","0","0","0","2","0","2","","03","","N","","","","","","","","","",""
"2020022155","","1","0","0","0","0","0","0","0","0","7","0","","02","2","2020","1","40.393166","-79.805113","","11","0","0","0","0","0","0","0","0","","0","0","0","","","0","N","2","","40 23:35.397","2","3","79 48:18.405","0","0","0","0","2479","0","0","0","N","0","0","0","2","02501","0","","3.0","135.0","1","N","N","N","0","","0","0","0","","2","N","","1","0","0","0","0","0","0","2","0","1","","","","N","","","","","","","","","",""
"2020054880","","2","0","1","0","0","0","0","0","0","1","0","","02","7","2020","7","40.459786","-79.907136","","11","0","0","0","0","0","0","0","0","","0","0","0","","","1","","3","","40 27:35.229","1","0","79 54:25.689","2","0","0","0","2301","0","0","0","N","0","0","0","2","02301","0","","1.0","1340.0","1","N","N","N","0","","0","1","0","","3","N","","2","1","0","0","0","0","0","2","0","2","","03","","N","","","","","","","","","",""
"2020057956","","0","0","0","0","0","0","0","0","0","4","1","","02","7","2020","7","40.667048","-80.092317","","11","0","0","0","0","0","1","0","0","","0","1","0","","","0","N","0","","40 40:01.372","","6","80 05:32.342","0","0","0","0","2212","0","0","0","N","0","0","0","4","68D01","0","","1.0","","1","N","N","N","0","","0","0","2","","0","","","3","0","0","0","0","0","0","2","0","3","","","","N","","","","","","","","","",""
"2020050629","","1","0","0","0","0","0","0","0","0","5","0","","02","3","2020","4","40.433447","-79.884389","","11","0","0","0","0","0","0","0","0","","0","0","0","","","2","N","0","","40 26:00.410","","0","79 53:03.800","3","0","0","0","2426","0","0","0","N","0","0","0","2","02426","0","","2.0","","1","Y","Y","N","0","","1","0","0","","0","","","2","2","0","0","0","1","0","2","1","2","","03","","N","","","","","","","","","",""
"2020020511","","0","0","0","0","0","0","0","0","0","1","0","","02","2","2020","2","40.373233","-79.793358","","11","0","0","0","0","0","1","0","0","","0","0","0","","","2","N","0","","40 22:23.640","3","7","79 47:36.087","3","0","0","0","2111","0","0","0","N","0","0","0","2","02111","0","","1.0","1515.0","1","N","N","N","1","","2","0","1","","0","N","","2","2","1","0","0","0","0","2","0","2","","03","","N","","","","","","","","","",""
"2020051608","","1","0","1","0","0","0","0","0","0","7","0","","02","7","2020","5","40.423565","-79.988911","","11","0","0","0","0","0","0","0","0","","0","0","0","","","1","N","0","","40 25:24.834","","0","79 59:20.078","2","0","0","0","2301","0","0","0","N","0","0","0","1","02301","0","","4.0","","1","N","N","N","0","","0","1","0","","0","","","1","1","0","0","0","0","0","2","0","1","","","","N","","","","","","","","","",""
"2020024651","","1","0","0","0","0","0","0","0","0","7","0","","02","2","2020","7","40.502326","-79.945982","","11","0","0","0","0","0","1","0","0","","0","0","0","","","1","N","0","","40 30:08.374","2","2","79 56:45.536","3","0","0","0","2430","0","0","0","N","0","0","0","1","02430","0","","5.0","2004.0","1","N","N","N","0","","1","0","0","","3","Y","","3","1","0","0","0","0","0","2","2","3","","","","N","","","","","","","","","",""
"2020021626","","2","0","0","0","0","0","0","0","0","4","0","","02","2","2020","3","40.343508","-79.953539","","11","0","0","0","0","0","0","0","0","","0","0","0","","","0","N","0","","40 20:36.630","","0","79 57:12.740","0","0","0","0","2473","0","0","0","N","0","0","0","3","02473","0","","1.0","","9","N","N","N","0","","0","0","0","","0","","","2","0","0","0","0","0","0","2","0","2","","07","","N","","","","","","","","","",""
"2020026231","","0","0","0","0","0","0","0","0","0","8","0","","02","2","2020","5","40.436917","-79.990544","","11","0","0","0","0","0","0","0","0","","0","0","0","","","1","N","0","","40 26:12.900","","0","79 59:25.960","3","0","0","0","2301","1","0","0","N","1","0","0","2","02508","0","","1.0","","1","N","N","N","0","","1","0","1","","0","","","2","1","0","0","0","0","0","2","0","1","","03","","N","","","","","","","","","",""
"2020058343","","1","0","0","0","0","0","0","0","0","7","0","","02","7","2020","6","40.290172","-79.812836","","11","0","0","1","0","0","0","0","0","","0","0","0","","","0","N","2","","40 17:24.620","6","0","79 48:46.210","0","0","0","0","2105","0","0","0","N","0","0","0","1","02105","0","","5.0","200.0","9","N","N","N","0","","0","0","0","","0","N","","1","0","0","0","0","0","0","2","0","1","","","","N","","","","","","","","","",""
"2020025411","","1","0","0","0","0","0","0","0","0","7","0","","02","3","2020","4","40.492328","-79.910404","","11","0","0","0","0","0","1","0","0","","0","0","0","","","0","N","0","","40 29:32.381","3","3","79 54:37.454","0","0","0","0","2112","0","0","0","N","0","0","0","1","68D02","0","","4.0","540.0","1","N","N","N","0","","0","0","0","","0","N","","1","0","0","0","0","0","0","2","0","1","","","","N","","","","","","","","","",""
"2020019821","","2","0","0","0","0","0","0","0","0","1","0","","02","2","2020","7","40.481333","-79.964141","","11","0","0","0","0","0","1","0","0","","0","0","0","","","0","N","0","","40 28:52.799","1","0","79 57:50.907","0","0","0","0","2301","0","0","0","N","0","0","0","2","02301","0","","1.0","1652.0","1","N","N","N","0","","0","0","0","","0","Y","","2","0","0","0","0","0","0","2","0","2","","03","","N","","","","","","","","","",""
"2020025921","","2","0","0","0","0","0","0","0","0","4","0","","02","3","2020","6","40.477771","-79.749415","","11","0","0","0","0","0","0","1","0","","0","0","0","","","0","N","0","","40 28:39.975","4","7","79 44:57.894","0","0","0","0","2466","0","0","0","N","0","0","0","3","02466","0","","1.0","928.0","1","N","N","N","0","","0","0","0","","0","N","","2","0","0","0","0","0","0","2","0","2","","03","","N","","","","","","","","","",""
"2020024509","","2","0","0","0","0","0","0","0","0","1","0","","02","3","2020","6","40.473423","-79.972396","","11","0","0","0","0","0","2","0","0","","0","0","0","","","0","N","6","","40 28:24.321","","8","79 58:20.624","0","0","0","0","2445","0","0","0","N","0","0","0","3","02445","0","","7.0","","1","N","N","N","1","","0","0","0","","0","","","3","0","0","0","0","0","0","2","0","3","","03","","N","","","","","","","","","",""
"2020021825","","2","0","0","0","0","0","0","0","0","4","0","","02","2","2020","3","40.462341","-79.943223","","11","0","0","0","0","0","1","0","0","","0","0","0","","","0","N","1","","40 27:44.427","","0","79 56:35.602","0","0","0","0","2301","0","0","0","N","0","0","0","2","02301","0","","1.0","","9","N","N","N","0","","0","0","0","","3","","","2","0","0","0","0","0","0","2","0","2","","04","","N","","","","","","","","","",""
"2020057685","","0","0","0","0","0","0","0","0","0","4","0","","02","7","2020","5","40.38263","-80.052356","","11","0","0","0","1","0","0","0","1","","0","0","0","","","0","N","0","","40 22:57.467","","6","80 03:08.483","0","0","0","0","2109","0","0","0","N","0","0","0","2","02109","0","","1.0","","1","N","N","N","0","","0","0","2","","0","","","2","0","0","0","0","0","0","2","0","2","","","","N","","","","","","","","","",""
"2020023522","","2","0","0","0","0","0","0","0","0","4","0","","02","3","2020","1","40.376382","-79.984641","","11","0","0","0","0","0","1","0","0","","0","0","0","","","0","N","0","","40 22:34.976","1","7","79 59:04.708","9","0","0","0","2413","0","0","0","N","0","0","0","3","02413","0","","1.0","1630.0","1","N","N","N","0","","0","0","0","","0","N","","2","0","0","0","0","0","2","2","0","2","","03","","N","","","","","","","","","",""
"2020018710","","2","0","0","0","0","0","0","0","0","4","0","","02","2","2020","4","40.578386","-79.923608","","11","0","0","0","0","0","1","0","0","","0","0","0","","","0","N","0","","40 34:42.190","5","0","79 55:24.990","0","0","0","0","2207","0","0","0","N","0","0","0","2","02207","0","","1.0","855.0","1","N","N","N","0","","0","0","0","","0","Y","","2","0","0","0","0","0","0","2","0","2","","03","","N","","","","","","","","","",""
"2020021437","","3","0","0","0","0","0","0","0","0","1","0","","02","2","2020","4","40.465778","-80.000312","","11","0","0","0","0","0","0","1","0","","0","0","0","","","0","N","0","","40 27:56.800","","0","80 00:01.123","9","0","0","0","2301","0","0","0","N","0","0","0","3","68B03","0","","1.0","","1","N","N","N","0","","0","0","0","","0","","","3","0","0","0","0","0","1","2","0","3","","","","N","","","","","","","","","",""
"2020022178","","0","0","0","0","0","0","0","0","0","4","0","","02","2","2020","6","40.344296","-79.940704","","11","0","0","0","0","0","0","0","0","","0","0","0","","","0","","1","","40 20:39.465","","0","79 56:26.534","0","0","0","0","2473","0","0","0","N","0","0","0","3","02473","0","","1.0","","1","N","N","N","0","","0","0","2","","2","","","2","0","0","0","0","0","0","2","0","2","","03","","N","","","","","","","","","",""
"2020027914","","2","0","0","0","0","0","0","0","0","4","0","","02","2","2020","5","40.368309","-79.816774","","11","1","0","0","0","0","0","0","0","","0","0","0","","","1","N","3","","40 22:05.912","5","0","79 49:00.387","3","0","0","0","2111","0","0","0","N","0","0","0","3","02111","0","","1.0","1940.0","1","N","N","N","0","","1","0","0","","3","Y","","2","1","0","0","0","0","1","2","0","2","","03","","N","","","","","","","","","",""
"2020022092","","2","0","0","0","0","0","0","0","0","4","0","","02","2","2020","5","40.429247","-79.999266","","11","0","0","0","0","0","1","0","0","","0","0","0","","","0","N","1","","40 25:45.290","","3","79 59:57.359","0","0","0","0","2301","0","0","0","N","0","0","0","2","02301","0","","1.0","","99","N","N","N","0","","0","0","0","","2","","","2","0","0","0","0","0","0","2","0","2","","","","N","","","","","","","","","",""
"2020022140","","2","0","0","0","0","0","0","0","0","5","0","","02","2","2020","5","40.429347","-79.983403","","11","0","0","0","0","0","1","0","0","","0","0","0","","","0","N","0","","40 25:45.650","","0","79 59:00.250","0","0","0","0","2301","0","0","0","N","0","0","0","2","02301","0","","1.0","","1","N","N","N","0","","0","0","0","","0","","","2","0","0","0","0","0","0","2","0","2","","04","","N","","","","","","","","","",""
"2020020477","","1","0","0","0","0","0","0","0","0","4","0","","02","2","2020","7","40.434499","-79.822509","","11","0","0","0","0","0","0","0","0","","0","0","0","","","0","N","0","","40 26:04.197","4","0","79 49:21.034","0","0","0","0","2419","0","0","0","N","0","0","0","3","02419","0","","1.0","2320.0","1","N","N","N","0","","0","0","1","","0","N","","2","0","0","0","0","0","0","2","0","2","","03","","N","","","","","","","","","",""
"2020022295","","0","0","0","0","0","0","0","0","0","1","0","","02","3","2020","1","40.435788","-79.96122","","11","0","0","0","0","0","0","0","0","","0","0","0","","","0","N","1","","40 26:08.838","","0","79 57:40.392","0","0","0","0","2301","0","0","0","N","0","0","0","3","02301","0","","1.0","","1","N","N","N","0","","0","0","2","","2","","","2","0","0","0","0","0","0","2","0","2","","","","N","","","","","","","","","",""
"2020019776","","0","0","0","0","0","0","0","0","0","6","0","","02","2","2020","6","40.430274","-80.000564","","11","0","0","0","0","0","0","0","0","","0","0","0","","","0","N","2","","40 25:48.986","","0","80 00:02.032","9","0","0","0","2301","0","0","0","N","0","0","0","3","02301","0","","1.0","","1","N","N","N","0","","0","0","1","","3","","","2","0","0","0","0","0","1","2","0","2","","03","","N","","","","","","","","","",""
"2020024691","","2","0","0","0","0","0","0","0","0","4","0","","02","3","2020","6","40.555473","-80.038937","","11","0","0","0","0","0","0","0","0","","0","0","0","","","1","N","0","","40 33:19.701","1","7","80 02:20.172","8","0","0","0","2108","0","0","0","N","0","0","0","2","02108","0","","1.0","820.0","1","N","N","N","0","","0","0","0","","0","N","","2","1","0","0","0","1","0","2","0","2","","","","N","","","","","","","","","",""
"2020020913","","2","0","0","0","0","0","0","0","0","4","0","","02","2","2020","4","40.447864","-79.936689","","11","0","0","0","0","0","0","1","0","","0","0","0","","","0","N","0","","40 26:52.310","4","7","79 56:12.080","0","0","0","0","2301","0","0","0","N","0","0","0","2","02301","0","","1.0","1100.0","1","N","N","N","0","","0","0","0","","2","Y","","2","0","1","0","0","0","0","2","0","2","","03","","N","","","","","","","","","",""
"2020057904","","1","0","0","0","0","0","0","0","0","1","0","","02","7","2020","2","40.35476","-80.118239","","11","0","0","0","0","0","1","1","0","","0","0","0","","","0","N","6","","40 21:17.137","","2","80 07:05.660","0","0","0","0","2119","0","0","0","N","0","0","0","2","68B03","0","","1.0","","1","N","N","N","1","","0","0","0","","2","","","2","0","0","0","0","0","0","2","0","2","","","","N","","","","","","","","","",""
"2020021582","","2","0","0","0","0","0","0","0","0","4","0","","02","2","2020","5","40.493843","-80.063789","","11","0","0","0","0","0","1","0","1","","0","0","0","","","0","N","0","","40 29:37.835","5","0","80 03:49.639","0","0","0","0","2402","0","0","0","N","0","0","0","3","02402","0","","1.0","1945.0","1","N","N","Y","0","","0","0","1","","0","N","","3","0","0","0","0","0","0","2","0","3","","","","N","","","","","","","","","",""
"2020021931","","1","0","0","0","0","0","0","0","0","7","0","","02","2","2020","7","40.521456","-79.842683","","11","0","0","0","0","0","1","0","0","","0","0","0","","","0","N","0","","40 31:17.240","","0","79 50:33.660","0","0","0","0","2451","0","0","0","N","0","0","0","1","02451","0","","2.0","","1","N","N","N","0","","0","0","0","","0","","","1","0","0","0","0","0","0","2","0","1","","03","","N","","","","","","","","","",""
"2020021677","","2","0","0","0","0","0","0","0","0","1","0","","02","2","2020","6","40.471261","-79.820092","","11","0","0","0","0","0","0","0","0","","0","0","0","","","1","Y","0","","40 28:16.541","","0","79 49:12.331","3","0","0","0","2113","0","0","0","N","0","0","0","5","02113","0","","1.0","","1","N","N","N","0","","1","0","0","","0","","","2","1","0","0","0","0","0","2","0","2","","03","","N","","","","","","","","","",""
"2020023493","","1","0","0","0","0","0","0","0","0","7","0","","02","3","2020","4","40.477824","-79.968198","","11","0","0","0","0","0","0","0","0","","0","0","0","","","1","N","0","","40 28:40.167","1","0","79 58:05.511","8","0","0","0","2118","0","0","0","N","0","0","0","1","02118","0","","2.0","19.0","1","N","N","N","0","","0","0","0","","0","Y","","1","1","0","0","0","1","0","2","0","1","","04","","N","","","","","","","","","",""
"2020031351","","1","0","0","0","0","0","0","0","0","7","0","","02","2","2020","7","40.439528","-80.009557","","11","0","0","0","0","0","1","0","0","","0","0","0","","","1","N","0","","40 26:22.301","3","3","80 00:34.405","4","0","0","0","2301","0","0","0","N","0","0","0","1","68B03","1","","2.0","230.0","1","N","N","N","0","","0","0","0","","0","N","","1","1","0","0","0","0","0","2","0","1","","","","N","","","","","","","","","",""
"2020054249","","1","0","0","0","0","0","0","0","0","4","0","","02","7","2020","6","40.470185","-79.893661","","11","0","0","0","0","0","0","1","0","","0","0","0","","","1","","2","","40 28:12.665","","0","79 53:37.179","3","0","0","0","2301","0","0","0","N","0","0","0","2","02301","0","","1.0","","9","N","N","N","0","","1","0","1","","3","","","2","1","1","0","0","0","1","2","0","2","","07","","N","","","","","","","","","",""
"2020021766","","2","0","0","0","0","0","0","0","0","4","0","","02","2","2020","5","40.562973","-79.793788","","11","0","0","0","0","0","1","0","0","","0","0","0","","","0","N","0","","40 33:46.703","","0","79 47:37.636","0","0","0","0","2206","0","0","0","N","0","0","0","2","02206","0","","1.0","","2","N","N","N","0","","0","0","0","","0","","","2","0","2","0","0","0","0","1","0","2","","98","","N","","","","","","","","","",""
"2020057803","","2","0","0","0","0","0","0","0","0","1","0","","02","7","2020","6","40.425594","-79.906251","","11","0","0","0","0","0","0","0","0","","0","0","0","","","0","N","0","","40 25:32.139","","0","79 54:22.504","0","0","0","0","2301","0","0","0","N","0","0","0","3","68B03","0","","1.0","","1","N","N","N","0","","0","0","0","","0","","","2","0","0","0","0","0","0","2","0","2","","","","N","","","","","","","","","",""
"2020026908","","1","0","0","0","0","0","0","0","0","7","0","","02","3","2020","6","40.417871","-79.731863","","11","0","0","0","0","0","0","0","0","","0","0","0","","","0","N","0","","40 25:04.337","","0","79 43:54.708","0","0","0","0","2446","0","0","0","N","0","0","0","1","68T09","0","","4.0","","9","N","N","N","0","","0","0","0","","0","","","1","0","0","0","0","0","0","2","0","1","","09","","N","","","","","","","","","",""
"2020020145","","2","0","0","0","0","0","0","0","0","1","0","","02","2","2020","6","40.465951","-80.113187","","11","0","0","0","0","0","0","0","0","","0","0","0","","","2","N","2","","40 27:57.423","4","6","80 06:47.473","8","0","0","0","2115","0","0","0","N","0","0","0","3","02115","0","","1.0","1120.0","1","N","N","N","0","","0","0","0","","0","N","","2","2","0","0","0","2","0","2","0","2","","","","N","","","","","","","","","",""
"2020032856","","0","0","0","0","0","0","0","0","0","7","0","","02","4","2020","3","40.279976","-79.942571","","11","0","0","0","0","0","1","0","0","","0","0","0","","","0","N","0","","40 16:47.915","","0","79 56:33.254","0","0","0","0","2440","0","0","0","N","0","0","0","1","02440","0","","5.0","","1","N","N","N","1","","0","0","0","","0","","","1","0","0","0","0","0","0","2","0","1","","","","N","","","","","","","","","",""
"2020022419","","1","0","0","0","0","0","0","0","0","7","0","","02","2","2020","3","40.337898","-80.142293","","11","1","0","0","0","0","0","0","0","","0","0","0","","","0","N","0","","40 20:16.434","5","0","80 08:32.254","0","0","0","0","2119","0","0","0","N","0","0","0","1","02119","0","","5.0","2251.0","9","N","N","N","0","","0","0","0","","0","N","","1","0","0","0","0","0","0","2","0","1","","07","","N","","","","","","","","","",""
"2020054876","","0","0","0","0","0","0","0","0","0","7","1","","02","7","2020","7","40.396638","-80.114006","","11","0","0","0","0","0","0","1","0","","0","1","0","","","0","","1","","40 23:47.898","7","0","80 06:50.423","0","0","0","0","2102","0","0","0","Y","0","0","0","1","02102","0","","2.0","1300.0","1","N","N","N","0","","0","0","0","","0","Y","","1","0","0","0","0","0","0","2","0","1","","03","","N","","","","","","","","","",""
"2020024686","","1","0","0","0","0","0","0","0","0","7","0","","02","3","2020","7","40.394525","-79.826428","","11","0","0","0","0","0","0","0","0","","0","0","0","","","1","N","0","","40 23:40.289","","0","79 49:35.139","3","0","0","0","2111","0","0","0","N","0","0","0","1","02111","0","","2.0","","1","N","N","N","0","","1","0","0","","0","","","1","1","0","0","0","0","0","2","0","1","","03","","N","","","","","","","","","",""
"2020022851","","1","0","0","0","0","0","0","0","0","4","0","","02","3","2020","3","40.430121","-80.008536","","11","0","0","0","0","0","2","0","0","","0","0","0","","","2","","2","","40 25:48.437","7","0","80 00:30.731","3","0","0","0","2301","0","0","0","N","0","0","0","4","02301","0","","1.0","1015.0","9","N","N","N","0","","2","0","1","","3","Y","","2","2","0","0","0","0","0","2","0","2","","07","","N","","","","","","","","","",""
"2020020533","","0","0","0","0","0","0","0","0","0","4","0","","02","2","2020","7","40.633507","-80.003968","","11","0","0","0","0","0","1","0","0","","0","0","0","","","0","","1","","40 38:00.625","4","0","80 00:14.283","0","0","0","0","2216","0","0","0","N","0","0","0","4","02505","0","","1.0","2340.0","1","N","N","N","0","","0","0","2","","2","N","","2","0","0","0","0","0","0","2","0","2","","03","","N","","","","","","","","","",""
"2020056856","","1","0","0","0","0","0","0","0","0","1","0","","02","1","2020","5","40.426417","-79.889811","","11","0","0","0","0","0","1","0","0","","0","0","0","","","1","N","0","","40 25:35.100","","7","79 53:23.320","3","0","0","0","2426","0","0","0","N","0","0","0","2","02426","0","","1.0","","1","N","N","N","0","","1","0","1","","2","","","2","1","0","0","0","0","0","2","0","2","","03","","N","","","","","","","","","",""
"2020056116","","0","0","0","0","0","0","0","0","0","7","1","","02","7","2020","5","40.353687","-79.841175","","11","0","0","0","0","0","0","0","0","","0","1","0","","","0","N","0","","40 21:13.274","4","2","79 50:28.230","0","0","0","0","2304","0","0","0","Y","0","0","0","1","02304","0","","1.0","1900.0","1","N","N","N","0","","0","0","0","","0","Y","","1","0","0","0","0","0","0","2","0","1","","03","","N","","","","","","","","","",""
"2020023969","","2","0","0","0","0","0","0","0","0","4","0","","02","3","2020","3","40.360844","-80.111212","","11","0","0","0","0","0","1","0","1","","0","0","0","","","0","N","2","","40 21:39.037","1","0","80 06:40.363","0","0","0","0","2414","0","0","0","N","0","0","0","2","02414","0","","1.0","1025.0","9","N","N","N","0","","0","0","0","","0","N","","2","0","0","0","0","0","0","2","0","2","","","","N","","","","","","","","","",""
"2020056327","","0","0","0","0","0","0","0","0","0","7","0","","02","7","2020","6","40.387186","-79.804984","","11","0","0","0","0","0","0","1","0","","0","0","0","","","1","","1","","40 23:13.869","7","0","79 48:17.942","2","0","0","0","2424","0","0","0","N","0","0","0","1","02424","0","","5.0","1530.0","1","N","N","N","1","","0","1","0","","3","Y","","1","1","1","0","1","0","0","2","0","1","","03","","N","","","","","","","","","",""
"2020056694","","3","0","0","0","0","0","0","0","0","1","0","","02","7","2020","7","40.542033","-80.013164","","11","0","0","0","0","0","0","0","0","","0","0","0","","","0","","1","","40 32:31.320","","0","80 00:47.389","0","0","0","0","2116","0","0","0","N","0","0","0","4","02116","0","","1.0","","1","N","N","N","0","","0","0","1","","2","","","4","0","0","0","0","0","0","2","0","4","","03","","N","","","","","","","","","",""
"2020020406","","1","0","0","0","0","0","0","0","0","1","0","","02","2","2020","6","40.417743","-80.055525","","11","0","0","1","0","1","0","0","0","","0","0","0","","","0","N","0","","40 25:03.873","3","0","80 03:19.890","0","0","0","0","2435","0","0","0","N","0","0","0","8","68B03","0","","1.0","1425.0","1","N","N","N","1","","0","0","3","","0","N","","5","0","0","0","0","0","0","2","0","5","","","","N","","","","","","","","","",""
"2020008767","","1","0","0","0","0","0","0","0","0","7","0","","02","1","2020","5","40.392795","-79.935058","","11","0","0","0","0","0","0","0","0","","0","0","0","","","1","N","0","","40 23:34.061","3","2","79 56:06.207","3","0","0","0","2301","0","0","0","N","0","0","0","1","02301","0","","1.0","105.0","1","N","N","N","0","","1","0","0","","0","N","","2","1","1","0","0","0","0","2","0","1","","03","","N","","","","","","","","","",""
"2020022930","","0","0","0","0","0","0","0","0","0","4","0","","02","2","2020","3","40.49342","-79.909576","","11","0","0","0","0","1","0","0","0","","0","0","0","","","0","N","0","","40 29:36.311","","8","79 54:34.472","0","0","0","0","2112","0","0","0","Y","0","0","0","1","68D02","0","","2.0","","1","N","N","N","1","","0","0","0","","0","","","1","0","0","0","0","0","0","2","0","1","","","","N","","","","","","","","","",""
"2020046591","","1","0","0","0","0","0","0","0","0","5","1","","02","6","2020","5","40.406438","-79.829926","","11","0","0","0","0","0","0","0","0","","0","1","0","","","0","N","1","","40 24:23.178","2","0","79 49:47.732","0","0","0","0","2467","0","0","0","N","0","0","0","2","02467","0","","1.0","2240.0","1","N","N","N","0","","0","0","0","","0","N","","2","0","0","0","0","0","0","2","0","2","","","","N","","","","","","","","","",""
"2020021472","","2","0","0","0","0","0","0","0","0","1","0","","02","2","2020","4","40.417686","-80.014808","","11","0","0","0","0","0","0","0","0","","0","0","0","","","0","Y","0","","40 25:03.669","2","0","80 00:53.307","0","0","0","0","2301","0","0","0","N","0","0","0","2","02301","0","","1.0","1725.0","9","N","N","N","0","","0","0","0","","0","N","","2","0","0","0","0","0","0","2","0","2","","","","N","","","","","","","","","",""
"2020023456","","2","0","0","0","0","0","0","0","0","4","0","","02","2","2020","5","40.380812","-79.812115","","11","0","0","0","0","0","0","0","0","","0","0","0","","","0","N","0","","40 22:50.923","1","7","79 48:43.615","0","0","0","0","2424","0","0","0","N","0","0","0","2","02424","0","","1.0","1316.0","1","N","N","N","0","","0","0","0","","3","N","","2","0","0","0","0","0","0","2","0","2","","03","","N","","","","","","","","","",""
"2020058309","","1","0","0","0","0","0","0","0","0","4","0","","02","7","2020","5","40.464821","-79.915306","","11","0","0","0","2","0","0","0","0","","0","0","0","","","1","","1","","40 27:53.355","3","0","79 54:55.101","8","0","0","0","2301","0","0","0","N","0","0","0","2","02301","0","","1.0","2145.0","1","N","N","N","0","","0","0","1","","3","Y","","2","1","0","0","0","1","0","2","0","2","","","","N","","","","","","","","","",""
"2020021282","","2","0","0","0","0","0","0","0","0","4","0","","02","2","2020","4","40.462728","-79.957892","","11","0","0","0","0","0","0","0","0","","0","0","0","","","1","N","0","","40 27:45.820","3","0","79 57:28.410","4","0","0","0","2301","0","0","0","N","0","0","0","2","02301","1","","1.0","2355.0","9","N","N","N","0","","0","0","1","","0","Y","","4","1","0","0","0","0","0","2","1","4","","","","N","","","","","","","","","",""
"2020024792","","2","0","0","0","0","0","0","0","0","1","0","","02","2","2020","5","40.501187","-80.180843","","11","0","0","0","0","1","0","0","0","","0","0","0","","","0","Y","0","","40 30:04.274","","0","80 10:51.033","0","0","0","0","2213","0","0","0","N","0","0","0","2","02213","0","","1.0","","9","N","N","N","0","","0","0","0","","0","","","2","0","0","0","0","0","0","2","0","2","","10","","N","","","","","","","","","",""