"CRN","ARRIVAL_TM","AUTOMOBILE_COUNT","BELTED_DEATH_COUNT","BELTED_SUSP_SERIOUS_INJ_COUNT","BICYCLE_COUNT","BICYCLE_DEATH_COUNT","BICYCLE_SUSP_SERIOUS_INJ_COUNT","BUS_COUNT","CHLDPAS_DEATH_COUNT","CHLDPAS_SUSP_SERIOUS_INJ_COUNT","COLLISION_TYPE","COMM_VEH_COUNT","CONS_ZONE_SPD_LIM","COUNTY","CRASH_MONTH","CRASH_YEAR","DAY_OF_WEEK","DEC_LATITUDE","DEC_LONGITUDE","DISPATCH_TM","DISTRICT","DRIVER_COUNT_16YR","DRIVER_COUNT_17YR","DRIVER_COUNT_18YR","DRIVER_COUNT_19YR","DRIVER_COUNT_20YR","DRIVER_COUNT_50_64YR","DRIVER_COUNT_65_74YR","DRIVER_COUNT_75PLUS","EST_HRS_CLOSED","FATAL_COUNT","HEAVY_TRUCK_COUNT","HORSE_BUGGY_COUNT","HOUR_OF_DAY","ILLUMINATION","INJURY_COUNT","INTERSECTION_RELATED","INTERSECT_TYPE","LANE_CLOSED","LATITUDE","LN_CLOSE_DIR","LOCATION_TYPE","LONGITUDE","MAX_SEVERITY_LEVEL","MCYCLE_DEATH_COUNT","MCYCLE_SUSP_SERIOUS_INJ_COUNT","MOTORCYCLE_COUNT","MUNICIPALITY","NONMOTR_COUNT","NONMOTR_DEATH_COUNT","NONMOTR_SUSP_SERIOUS_INJ_COUNT","NTFY_HIWY_MAINT","PED_COUNT","PED_DEATH_COUNT","PED_SUSP_SERIOUS_INJ_COUNT","PERSON_COUNT","POLICE_AGCY","POSSIBLE_INJ_COUNT","RDWY_SURF_TYPE_CD","RELATION_TO_ROAD","ROADWAY_CLEARED","ROAD_CONDITION","SCH_BUS_IND","SCH_ZONE_IND","SECONDARY_CRASH","SMALL_TRUCK_COUNT","SPEC_JURIS_CD","SUSP_MINOR_INJ_COUNT","SUSP_SERIOUS_INJ_COUNT","SUV_COUNT","TCD_FUNC_CD","TCD_TYPE","TFC_DETOUR_IND","TIME_OF_DAY","TOTAL_UNITS","TOT_INJ_COUNT","UNBELTED_OCC_COUNT","UNB_DEATH_COUNT","UNB_SUSP_SERIOUS_INJ_COUNT","UNK_INJ_DEG_COUNT","UNK_INJ_PER_COUNT","URBAN_RURAL","VAN_COUNT","VEHICLE_COUNT","WEATHER1","WEATHER2","WORKERS_PRES","WORK_ZONE_IND","WORK_ZONE_LOC","WORK_ZONE_TYPE","WZ_CLOSE_DETOUR","WZ_FLAGGER","WZ_LAW_OFFCR_IND","WZ_LN_CLOSURE","WZ_MOVING","WZ_OTHER","WZ_SHLDER_MDN","WZ_WORKERS_INJ_KILLED"
"2020022766","","1","0","0","0","0","0","0","0","0","1","0","","02","3","2020","2","40.487525","-79.918407","","11","0","0","0","0","0","0","0","0","","0","0","0","","","0","N","0","","40 29:15.091","","0","79 55:06.264","0","0","0","0","2301","0","0","0","N","0","0","0","2","02301","0","","1.0","","9","N","N","N","0","","0","0","1","","2","","","2","0","0","0","0","0","0","2","0","2","","07","","N","","","","","","","","","",""
"2020057787","","0","0","0","0","0","0","0","0","0","4","0","","02","7","2020","2","40.582195","-80.097813","","11","0","0","0","0","0","0","0","0","","0","0","0","","","2","N","0","","40 34:55.901","","0","80 05:52.126","8","0","0","0","2481","0","0","0","N","0","0","0","2","68B03","0","","1.0","","1","N","N","N","1","","0","0","1","","0","","","2","2","0","0","0","2","0","2","0","2","","","","N","","","","","","","","","",""
"2020027944","","2","0","0","0","0","0","0","0","0","1","0","","02","2","2020","6","40.378339","-79.852218","","11","0","0","0","0","0","0","0","0","","0","0","0","","","2","N","0","","40 22:42.021","2","0","79 51:07.983","4","0","0","0","2303","0","0","0","N","0","0","0","3","02303","2","","1.0","2200.0","1","N","N","Y","0","","0","0","0","","0","Y","","2","2","0","0","0","0","0","2","0","2","","03","","N","","","","","","","","","",""
"2020023895","","2","0","0","0","0","0","0","0","0","1","0","","02","3","2020","6","40.441885","-79.992433","","11","0","0","0","0","0","0","0","0","","0","0","0","","","1","N","0","","40 26:30.786","2","0","79 59:32.758","8","0","0","0","2301","0","0","0","N","0","0","0","3","02301","0","","1.0","1200.0","1","N","N","N","0","","0","0","0","","4","Y","","2","1","0","0","0","1","0","2","0","2","","03","","N","","","","","","","","","",""
"2020053328","","1","0","0","0","0","0","0","0","0","4","0","","02","7","2020","3","40.427747","-80.098634","","11","0","0","0","0","0","1","0","0","","0","0","0","","","0","N","0","","40 25:39.888","","0","80 05:55.081","0","0","0","0","2115","0","0","0","N","0","0","0","2","02115","0","","1.0","","1","N","N","N","1","","0","0","0","","0","","","2","0","0","0","0","0","0","2","0","2","","","","N","","","","","","","","","",""
"2020057287","","0","0","0","0","0","0","0","0","0","0","0","","02","7","2020","6","40.56909","-79.89348","","11","0","0","0","0","1","0","0","0","","0","0","0","","","0","N","0","","40 34:08.723","2","0","79 53:36.527","9","0","0","0","2209","0","0","0","N","0","0","0","1","02209","0","","2.0","424.0","1","N","N","N","0","","0","0","1","","0","N","","1","0","0","0","0","0","1","2","0","1","","03","","N","","","","","","","","","",""
"2020026499","","1","0","0","0","0","0","0","0","0","4","0","","02","3","2020","1","40.473189","-79.972184","","11","0","0","0","0","0","0","0","0","","0","0","0","","","1","N","7","","40 28:23.480","1","2","79 58:19.861","4","0","0","0","2445","0","0","0","N","0","0","0","2","02445","1","","1.0","916.0","1","N","N","N","0","","0","0","1","","0","N","","2","1","1","0","0","0","0","2","0","2","","","","N","","","","","","","","","",""
"2020020313","","1","0","0","0","0","0","0","0","0","4","0","","02","2","2020","1","40.332278","-79.946004","","11","0","0","0","0","0","1","0","0","","0","0","0","","","0","Y","0","","40 19:56.199","1","7","79 56:45.613","0","0","0","0","2454","0","0","0","N","0","0","0","2","02454","0","","1.0","1126.0","1","N","N","N","1","","0","0","0","","2","Y","","2","0","0","0","0","0","0","2","0","2","","","","N","","","","","","","","","",""
"2020023190","","2","0","0","0","0","0","0","0","0","5","0","","02","3","2020","4","40.394781","-80.019722","","11","0","0","0","0","0","0","0","0","","0","0","0","","","0","N","0","","40 23:41.210","","0","80 01:11.000","0","0","0","0","2301","0","0","0","N","0","0","0","1","02301","0","","1.0","","1","N","N","N","1","","0","0","0","","0","","","3","0","0","0","0","0","0","2","0","3","","03","","N","","","","","","","","","",""
"2020022492","","0","0","0","0","0","0","0","0","0","1","0","","02","3","2020","2","40.524392","-79.947399","","11","0","0","0","0","0","0","0","0","","0","0","0","","","1","N","0","","40 31:27.812","5","0","79 56:50.635","8","0","0","0","2118","0","0","0","N","0","0","0","3","02118","0","","1.0","1010.0","1","N","N","N","2","","0","0","0","","0","N","","2","1","0","0","0","1","0","2","0","2","","03","","N","","","","","","","","","",""
"2020021786","","0","0","0","0","0","0","0","0","0","1","0","","02","2","2020","6","40.374487","-80.035786","","11","0","0","0","0","0","1","0","1","","0","0","0","","","1","N","0","","40 22:28.152","","0","80 02:08.828","3","0","0","0","2109","0","0","0","N","0","0","0","2","02109","0","","1.0","","1","N","N","N","0","","1","0","2","","0","","","2","1","0","0","0","0","0","2","0","2","","","","N","","","","","","","","","",""
"2020031960","","2","0","0","0","0","0","0","0","0","4","0","","02","3","2020","6","40.499906","-80.219272","","11","0","0","0","0","0","0","0","0","","0","0","0","","","0","N","1","","40 29:59.662","3","0","80 13:09.378","0","0","0","0","2213","0","0","0","N","0","0","0","4","02213","0","","1.0","1324.0","1","N","N","N","0","","0","0","0","","2","N","","2","0","0","0","0","0","0","2","0","2","","03","","N","","","","","","","","","",""
"2020063890","","1","0","0","0","0","0","0","0","0","0","1","","02","7","2020","4","40.448537","-80.165782","","11","0","0","0","0","0","0","0","0","","0","0","0","","","0","N","0","","40 26:54.734","4","2","80 09:56.816","0","0","0","0","2115","0","0","0","N","0","0","0","1","68B03","0","","1.0","1320.0","1","N","N","N","0","","0","0","0","","0","Y","","1","0","0","0","0","0","0","2","0","1","","03","","N","","","","","","","","","",""
"2020021020","","2","0","0","0","0","0","0","0","0","1","0","","02","2","2020","4","40.480817","-79.831282","","11","0","0","1","0","0","1","0","0","","0","0","0","","","1","Y","0","","40 28:50.940","","0","79 49:52.614","8","0","0","0","2113","0","0","0","N","0","0","0","3","02113","0","","1.0","","9","N","N","N","0","","0","0","0","","0","","","2","1","0","0","0","1","0","2","0","2","","","","N","","","","","","","","","",""
"2020024213","","0","0","0","0","0","0","0","0","0","7","0","","02","2","2020","4","40.479126","-80.007296","","11","0","0","0","0","0","0","0","0","","0","0","0","","","5","N","0","","40 28:44.852","","0","80 00:26.265","4","0","0","0","2301","0","0","0","N","0","0","0","5","68B03","5","","5.0","","9","N","N","N","0","","0","0","1","","0","","","1","5","0","0","0","0","0","2","0","1","","07","","N","","","","","","","","","",""
"2020057437","","1","0","0","0","0","0","0","0","0","1","0","","02","7","2020","1","40.495962","-79.912591","","11","0","0","0","0","0","0","0","0","","0","0","0","","","1","N","0","","40 29:45.463","1","0","79 54:45.329","3","0","0","0","2112","0","0","0","N","0","0","0","6","68D02","0","","1.0","1245.0","1","N","N","N","0","","1","0","1","","0","N","","2","1","0","0","0","0","2","2","0","2","","","","N","","","","","","","","","",""
"2020024258","","2","0","0","0","0","0","0","0","0","1","0","","02","3","2020","6","40.432209","-79.801076","","11","0","0","0","0","0","0","0","0","","0","0","0","","","0","N","0","","40 25:55.954","3","3","79 48:03.872","0","0","0","0","2446","0","0","0","N","0","0","0","3","02446","0","","1.0","1556.0","9","N","N","N","0","","0","0","0","","2","N","","2","0","0","0","0","0","0","2","0","2","","","","N","","","","","","","","","",""
"2020059136","","0","0","0","0","0","0","0","0","0","1","0","","02","7","2020","2","40.27574","-79.892525","","11","0","0","0","0","1","1","0","0","","0","0","0","","","1","N","6","","40 16:32.663","1","2","79 53:33.091","3","0","0","0","2440","0","0","0","N","0","0","0","4","02440","0","","1.0","2047.0","1","N","N","N","0","","1","0","2","","3","N","","2","1","0","0","0","0","0","2","0","2","","03","","N","","","","","","","","","",""
"2020032674","","3","0","0","0","0","0","0","0","0","4","0","","02","2","2020","4","40.522058","-80.084664","","11","0","0","0","0","0","0","0","0","","0","0","0","","","0","Y","0","","40 31:19.410","2","0","80 05:04.790","0","0","0","0","2211","0","0","0","N","0","0","0","3","02215","0","","1.0","45.0","9","N","N","Y","0","","0","0","0","","0","N","","3","0","0","0","0","0","0","2","0","3","","","","N","","","","","","","","","",""
"2020023473","","2","0","0","0","0","0","0","0","0","5","0","","02","3","2020","5","40.424381","-79.887783","","11","0","0","0","1","0","0","0","0","","0","0","0","","","0","N","0","","40 25:27.770","","0","79 53:16.020","0","0","0","0","2463","0","0","0","N","0","0","0","2","02463","0","","1.0","","1","N","N","N","0","","0","0","0","","0","","","2","0","0","0","0","0","0","2","0","2","","03","","N","","","","","","","","","",""
"2020026668","","2","0","0","0","0","0","0","0","0","4","0","","02","3","2020","1","40.368722","-79.919656","","11","0","0","0","0","0","0","0","0","","0","0","0","","","0","N","0","","40 22:07.400","3","0","79 55:10.760","0","0","0","0","2301","0","0","0","N","0","0","0","1","02301","0","","1.0","2350.0","1","N","N","N","0","","0","0","0","","0","N","","2","0","0","0","0","0","0","2","0","2","","03","","N","","","","","","","","","",""
"2020018880","","2","0","0","0","0","0","0","0","0","3","0","","02","2","2020","4","40.473403","-80.002872","","11","0","0","0","0","0","0","0","0","","0","0","0","","","1","N","0","","40 28:24.250","2","0","80 00:10.340","3","0","0","0","2301","0","0","0","N","0","0","0","2","02301","0","","1.0","1854.0","1","N","N","N","0","","1","0","0","","0","N","","2","1","0","0","0","0","0","2","0","2","","03","","N","","","","","","","","","",""
"2020035204","","2","0","0","0","0","0","0","0","0","1","0","","02","3","2020","5","40.490647","-79.951793","","11","0","0","0","0","0","0","0","0","","0","0","0","","","0","N","6","","40 29:26.329","","2","79 57:06.456","0","0","0","0","2430","0","0","0","N","0","0","0","2","02430","0","","1.0","","1","N","N","N","0","","0","0","0","","4","","","2","0","0","0","0","0","0","2","0","2","","","","N","","","","","","","","","",""
"2020063597","","2","0","0","0","0","0","0","0","0","1","0","","02","8","2020","1","40.594707","-79.992047","","11","0","0","0","0","0","0","0","0","","0","0","0","","","0","Y","0","","40 35:40.945","","99","79 59:31.368","0","0","0","0","2108","0","0","0","N","0","0","0","4","02108","0","","1.0","","1","N","N","N","0","","0","0","0","","0","","","2","0","0","0","0","0","0","1","0","2","","03","","N","","","","","","","","","",""
"2020064353","","1","0","0","0","0","0","0","0","0","4","0","","02","8","2020","3","40.38318","-80.155923","","11","0","0","0","0","0","0","0","0","","0","0","0","","","1","","2","","40 22:59.449","","0","80 09:21.321","4","0","0","0","2102","0","0","0","N","0","0","0","4","02102","1","","1.0","","1","","","N","0","","0","0","1","","3","","","2","1","0","0","0","0","0","2","0","2","","03","","N","","","","","","","","","",""
"2020023098","","1","0","0","0","0","0","0","0","0","4","0","","02","2","2020","7","40.428344","-79.947504","","11","0","0","0","0","0","1","0","0","","0","0","0","","","0","N","0","","40 25:42.040","4","0","79 56:51.016","0","0","0","0","2301","0","0","0","N","0","0","0","2","68B03","0","","1.0","2155.0","1","N","N","N","0","","0","0","1","","0","N","","2","0","0","0","0","0","0","2","0","2","","","","N","","","","","","","","","",""
"2020019582","","1","0","0","0","0","0","0","0","0","7","0","","02","2","2020","6","40.379811","-79.994085","","11","0","0","0","0","0","0","0","0","","0","0","0","","","0","N","3","","40 22:47.319","2","0","79 59:38.705","0","0","0","0","2301","0","0","0","N","0","0","0","1","02301","0","","2.0","1940.0","1","N","N","N","0","","0","0","0","","0","N","","1","0","0","0","0","0","0","2","0","1","","","","N","","","","","","","","","",""
"2020057958","","2","0","0","0","0","0","0","0","0","4","0","","02","7","2020","4","40.611701","-80.036292","","11","1","0","0","0","0","0","0","0","","0","0","0","","","1","","1","","40 36:42.123","2","0","80 02:10.651","4","0","0","0","2108","0","0","0","N","0","0","0","2","02108","1","","1.0","1944.0","1","N","Y","N","0","","0","0","0","","3","Y","","2","1","0","0","0","0","0","2","0","2","","","","N","","","","","","","","","",""
"2020020523","","1","0","0","0","0","0","0","0","0","4","0","","02","2","2020","3","40.326055","-80.06566","","11","0","0","0","0","0","0","0","0","","0","0","0","","","0","N","2","","40 19:33.799","","0","80 03:56.375","0","0","0","0","2123","0","0","0","N","0","0","0","2","02123","0","","1.0","","1","N","N","N","0","","0","0","1","","2","","","2","0","0","0","0","0","0","2","0","2","","03","","N","","","","","","","","","",""
"2020049332","","2","0","0","0","0","0","0","0","0","2","0","","02","6","2020","4","40.440341","-79.991463","","11","0","0","0","0","0","1","0","0","","0","0","0","","","0","","1","","40 26:25.228","5","0","79 59:29.268","0","0","0","0","2301","0","0","0","N","0","0","0","2","02301","0","","1.0","625.0","1","N","N","N","0","","0","0","0","","2","N","","2","0","0","0","0","0","0","2","0","2","","","","N","","","","","","","","","",""
"2020023370","","1","0","0","0","0","0","0","0","0","7","0","","02","2","2020","4","40.501453","-80.06375","","11","0","0","0","1","0","0","0","0","","0","0","0","","","0","N","0","","40 30:05.230","","0","80 03:49.500","0","0","0","0","2402","0","0","0","N","0","0","0","1","02402","0","","5.0","","9","N","N","N","0","","0","0","0","","0","","","1","0","1","0","0","0","0","2","0","1","","","","N","","","","","","","","","",""
"2020030145","","2","0","0","0","0","0","0","0","0","5","0","","02","3","2020","4","40.493915","-79.903143","","11","0","0","0","0","0","0","0","0","","0","0","0","","","1","N","0","","40 29:38.093","1","0","79 54:11.314","3","0","0","0","2401","0","0","0","N","0","0","0","3","68D02","0","","1.0","1850.0","1","N","N","N","0","","1","0","0","","0","N","","2","1","1","0","0","0","0","2","0","2","","","","N","","","","","","","","","",""
"2020028250","","2","0","0","0","0","0","0","0","0","1","0","","02","3","2020","6","40.407575","-79.772775","","11","0","0","0","0","0","0","0","0","","0","0","0","","","0","N","0","","40 24:27.270","2","0","79 46:21.990","0","0","0","0","2453","0","0","0","N","0","0","0","1","02453","0","","4.0","824.0","1","N","N","N","0","","0","0","0","","0","N","","2","0","0","0","0","0","0","2","0","2","","","","N","","","","","","","","","",""
"2020057347","","2","0","0","0","0","0","0","0","0","4","0","","02","7","2020","2","40.452745","-79.866565","","11","0","0","0","0","0","0","0","0","","0","0","0","","","0","N","2","","40 27:09.881","","0","79 51:59.635","0","0","0","0","2301","0","0","0","N","0","0","0","5","02301","0","","1.0","","1","N","N","N","0","","0","0","0","","3","","","2","0","0","0","0","0","0","2","0","2","","03","","N","","","","","","","","","",""
"2020056328","","1","0","0","0","0","0","0","0","0","5","0","","02","7","2020","6","40.488168","-79.921514","","11","0","0","0","0","0","0","0","0","","0","0","0","","","0","N","0","","40 29:17.405","","0","79 55:17.451","0","0","0","0","2301","0","0","0","N","0","0","0","1","02301","0","","1.0","","1","N","N","N","0","","0","0","1","","0","","","2","0","0","0","0","0","0","2","0","2","","03","","N","","","","","","","","","",""
"2020056332","","1","0","0","0","0","0","0","0","0","7","0","","02","7","2020","2","40.499933","-80.058653","","11","0","0","0","0","0","0","0","0","","1","0","0","","","2","","2","","40 29:59.758","4","0","80 03:31.150","1","0","0","0","2404","0","0","0","N","0","0","0","3","02404","0","2","5.0","2140.0","1","N","N","N","0","0","0","2","0","","0","Y","","1","2","3","1","2","0","0","2","0","1","","","","N","","","","","","","","","",""
"2020021833","","1","0","0","0","0","0","0","0","0","8","0","","02","2","2020","6","40.417624","-79.986458","","11","0","0","0","0","0","0","0","0","","0","0","0","","","1","N","1","","40 25:03.446","","0","79 59:11.250","3","0","0","0","2447","1","0","0","N","1","0","0","2","02301","0","","1.0","","1","N","N","N","0","","1","0","0","","2","N","","2","1","0","0","0","0","0","2","0","1","","03","","N","","","","","","","","","",""
"2020023067","","2","0","0","0","0","0","0","0","0","1","0","55","02","2","2020","5","40.526278","-79.851541","","11","0","0","0","0","0","0","0","0","","0","0","0","","","0","N","0","","40 31:34.602","","0","79 51:05.549","0","0","0","0","2208","0","0","0","N","0","0","0","3","68D02","0","","1.0","","1","N","N","N","0","","0","0","1","","1","","","3","0","1","0","0","0","0","2","0","3","","","N","Y","2","2","","","N","Y","","","","N"
"2020022717","","1","0","0","0","0","0","0","0","0","7","0","","02","2","2020","5","40.427432","-79.952807","","11","0","0","0","0","0","0","0","0","","0","0","0","","","0","N","0","","40 25:38.754","4","0","79 57:10.104","0","0","0","0","2301","0","0","0","N","0","0","0","1","68B03","0","","4.0","36.0","9","N","N","N","0","","0","0","0","","0","N","","1","0","0","0","0","0","0","2","0","1","","","","N","","","","","","","","","",""
"2020021716","","2","0","0","0","0","0","0","0","0","1","0","","02","2","2020","6","40.633393","-79.940242","","11","0","0","0","0","0","0","0","1","","0","0","0","","","0","N","0","","40 38:00.215","","0","79 56:24.870","0","0","0","0","2217","0","0","0","N","0","0","0","2","02505","0","","1.0","","1","N","N","N","0","","0","0","0","","0","N","","2","0","0","0","0","0","0","2","0","2","","03","","N","","","","","","","","","",""
"2020022337","","2","0","0","0","0","0","0","0","0","1","0","","02","3","2020","1","40.488593","-80.337145","","11","0","0","0","0","0","1","0","0","","0","0","0","","","1","N","2","","40 29:18.936","","0","80 20:13.721","4","0","0","0","2203","0","0","0","N","0","0","0","3","02203","1","","1.0","","1","N","N","N","0","","0","0","0","","0","","","2","1","0","0","0","0","0","1","0","2","","03","","N","","","","","","","","","",""
"2020023072","","1","0","0","0","0","0","0","0","0","5","0","","02","2","2020","7","40.444103","-79.841008","","11","0","0","0","0","0","0","0","0","","0","0","0","","","1","N","3","","40 26:38.770","4","0","79 50:27.629","4","0","0","0","2419","0","0","0","N","0","0","0","2","68B03","1","","1.0","1950.0","1","N","N","N","0","","0","0","1","","0","N","","2","1","0","0","0","0","0","2","0","2","","","","N","","","","","","","","","",""
"2020025971","","2","0","0","0","0","0","0","0","0","1","0","","02","2","2020","6","40.430086","-79.883484","","11","0","0","1","0","0","0","0","0","","0","0","0","","","0","N","0","","40 25:48.310","4","0","79 53:00.544","0","0","0","0","2426","0","0","0","N","0","0","0","3","68B03","0","","1.0","20.0","1","N","N","N","0","","0","0","0","","0","N","","2","0","0","0","0","0","0","2","0","2","","03","","N","","","","","","","","","",""
"2020020670","","2","0","0","0","0","0","0","0","0","4","0","","02","2","2020","3","40.47113","-79.920392","","11","0","0","0","0","0","0","0","0","","0","0","0","","","0","N","1","","40 28:16.068","4","0","79 55:13.411","0","0","0","0","2301","0","0","0","N","0","0","0","3","02301","0","","1.0","1720.0","9","N","N","N","0","","0","0","0","","3","Y","","2","0","1","0","0","0","0","2","0","2","","07","","N","","","","","","","","","",""
"2020021680","","1","0","0","0","0","0","0","0","0","2","0","","02","2","2020","6","40.361425","-79.832169","","11","0","0","0","0","0","0","0","0","","0","0","0","","","2","N","0","","40 21:41.130","5","0","79 49:55.810","3","0","0","0","2304","0","0","0","N","0","0","0","2","02304","0","","1.0","820.0","2","N","N","N","0","","2","0","1","","0","Y","","2","2","0","0","0","0","0","2","0","2","","03","","N","","","","","","","","","",""
"2020023115","","2","0","0","0","0","0","0","0","0","4","0","","02","3","2020","3","40.456208","-79.941178","","11","0","0","0","0","0","0","0","1","","0","0","0","","","0","N","0","","40 27:22.347","4","7","79 56:28.239","0","0","0","0","2301","0","0","0","N","0","0","0","2","02301","0","","1.0","2025.0","9","N","N","N","0","","0","0","0","","0","N","","2","0","0","0","0","0","0","2","0","2","","","","N","","","","","","","","","",""
"2020021955","","1","0","0","0","0","0","0","0","0","4","0","","02","2","2020","6","40.653914","-80.076307","","11","0","0","0","0","0","1","0","0","","0","0","0","","","0","N","0","","40 39:14.090","","7","80 04:34.705","0","0","0","0","2212","0","0","0","N","0","0","0","2","02505","0","","1.0","","1","N","N","N","0","","0","0","1","","0","N","","2","0","0","0","0","0","0","2","0","2","","","","N","","","","","","","","","",""
"2020020442","","4","0","0","0","0","0","0","0","0","1","0","","02","2","2020","2","40.450511","-80.127326","","11","0","0","0","0","0","1","0","0","","0","0","0","","","0","N","0","","40 27:01.838","4","7","80 07:38.373","0","0","0","0","2115","0","0","0","N","0","0","0","6","02115","0","","1.0","1941.0","1","N","N","N","0","","0","0","0","","0","N","","4","0","0","0","0","0","0","2","0","4","","03","","N","","","","","","","","","",""
"2020021637","","2","0","0","0","0","0","0","0","0","1","0","","02","2","2020","5","40.442143","-79.760168","","11","0","0","0","0","0","1","0","0","","0","0","0","","","0","N","0","","40 26:31.715","1","0","79 45:36.605","0","0","0","0","2446","0","0","0","N","0","0","0","2","02446","0","","1.0","1925.0","9","N","N","N","0","","0","0","0","","0","N","","2","0","0","0","0","0","0","2","0","2","","03","","N","","","","","","","","","",""
"2020033997","","2","0","0","0","0","0","0","0","0","2","0","","02","2","2020","6","40.512797","-80.156544","","11","0","0","0","0","0","0","0","0","","0","0","0","","","0","N","0","","40 30:46.070","","0","80 09:23.560","0","0","0","0","2420","0","0","0","N","0","0","0","1","02420","0","","6.0","","1","N","N","N","0","","0","0","0","","0","","","2","0","1","0","0","0","0","2","0","2","","","","N","","","","","","","","","",""
"2020023877","","1","0","0","0","0","0","0","0","0","7","0","","02","2","2020","5","40.321052","-80.027032","","11","0","0","0","0","0","0","0","1","","0","0","0","","","0","N","0","","40 19:15.788","","0","80 01:37.316","0","0","0","0","2407","0","0","0","N","0","0","0","1","02407","0","","2.0","","1","N","N","N","0","","0","0","0","","0","","","1","0","0","0","0","0","0","2","0","1","","","","N","","","","","","","","","",""
"2020020451","","1","0","0","0","0","0","0","0","0","7","0","","02","2","2020","1","40.416908","-79.878361","","11","0","0","0","0","0","0","0","0","","0","0","0","","","0","N","0","","40 25:00.870","","0","79 52:42.100","0","0","0","0","2463","0","0","0","N","0","0","0","1","02463","0","","2.0","","1","N","N","N","0","","0","0","0","","0","N","","1","0","0","0","0","0","0","2","0","1","","03","","N","","","","","","","","","",""
"2020022705","","1","0","0","0","0","0","0","0","0","7","0","","02","2","2020","6","40.431508","-80.137995","","11","0","0","0","0","0","0","0","0","","0","0","0","","","0","N","0","","40 25:53.427","4","0","80 08:16.783","0","0","0","0","2115","0","0","0","N","0","0","0","1","68B03","0","","4.0","1250.0","1","N","N","N","0","","0","0","0","","0","N","","1","0","0","0","0","0","0","2","0","1","","03","","N","","","","","","","","","",""
"2020020053","","1","0","0","0","0","0","0","0","0","2","0","","02","2","2020","7","40.513164","-80.045569","","11","0","0","0","0","0","0","0","0","","0","0","0","","","1","N","0","","40 30:47.390","","0","80 02:44.050","3","0","0","0","2116","0","0","0","N","0","0","0","2","02116","0","","1.0","","1","N","N","N","1","","1","0","0","","0","","","2","1","0","0","0","0","0","2","0","2","","03","","N","","","","","","","","","",""
"2020034316","","0","0","0","0","0","0","0","0","0","3","0","","02","3","2020","5","40.380478","-80.056419","","11","0","0","0","0","0","0","0","0","","0","0","0","","","0","N","0","","40 22:49.720","","0","80 03:23.110","0","0","0","0","2109","0","0","0","N","0","0","0","1","02109","0","","1.0","","1","N","N","N","0","","0","0","1","","0","","","2","0","1","0","0","0","0","2","1","2","","","","N","","","","","","","","","",""
"2020055482","","2","0","0","0","0","0","0","0","0","4","0","","02","7","2020","2","40.614214","-80.054908","","11","0","0","0","0","0","1","0","0","","0","0","0","","","0","","2","","40 36:51.172","","0","80 03:17.669","0","0","0","0","2216","0","0","0","N","0","0","0","2","02505","0","","1.0","","1","N","N","N","0","","0","0","0","","3","","","2","0","0","0","0","0","0","1","0","2","","","","N","","","","","","","","","",""
"2020019000","","1","0","0","0","0","0","0","0","0","1","0","","02","2","2020","4","40.45288","-79.948688","","11","0","0","0","0","0","1","0","0","","0","0","0","","","0","N","0","","40 27:10.368","","0","79 56:55.278","0","0","0","0","2301","0","0","0","N","0","0","0","1","02301","0","","1.0","","1","N","N","N","1","","0","0","0","","0","","","2","0","0","0","0","0","0","2","0","2","","","","N","","","","","","","","","",""
"2020021678","","2","0","0","0","0","0","0","0","0","1","0","","02","2","2020","5","40.549681","-79.959494","","11","0","0","0","0","0","0","2","0","","0","0","0","","","1","Y","0","","40 32:58.853","2","0","79 57:34.179","8","0","0","0","2118","0","0","0","N","0","0","0","2","02118","0","","1.0","1445.0","9","N","N","N","0","","0","0","0","","2","N","","2","1","0","0","0","1","0","2","0","2","","10","","N","","","","","","","","","",""
"2020026874","","0","0","0","0","0","0","0","0","0","7","0","","02","3","2020","3","40.351412","-80.017697","","11","0","0","1","0","0","0","0","0","","0","0","0","","","0","N","0","","40 21:05.083","1","0","80 01:03.709","0","0","0","0","2407","0","0","0","N","0","0","0","1","02407","0","","1.0","2100.0","1","N","N","N","0","","0","0","1","","0","Y","","1","0","0","0","0","0","0","2","0","1","","","","N","","","","","","","","","",""
"2020019060","","1","0","0","0","0","0","0","0","0","7","0","","02","2","2020","4","40.349742","-79.848517","","11","0","0","0","0","0","0","0","0","","0","0","0","","","1","N","0","","40 20:59.070","","0","79 50:54.660","3","0","0","0","2304","0","0","0","N","0","0","0","1","02304","0","","2.0","","1","N","N","N","0","","1","0","0","","0","","","1","1","0","0","0","0","0","2","0","1","","","","N","","","","","","","","","",""
"2020054806","","2","0","0","0","0","0","0","0","0","4","0","","02","7","2020","1","40.481099","-79.951043","","11","0","0","0","0","0","0","0","0","","0","0","0","","","0","","1","","40 28:51.956","","0","79 57:03.754","9","0","0","0","2301","0","0","0","N","0","0","0","1","02301","0","","1.0","","1","N","N","N","0","","0","0","0","","0","","","2","0","0","0","0","0","1","2","0","2","","","","N","","","","","","","","","",""
"2020056808","","1","0","0","0","0","0","0","0","0","4","0","","02","7","2020","1","40.437552","-79.982671","","11","0","0","0","0","1","1","0","0","","0","0","0","","","0","N","2","","40 26:15.186","3","0","79 58:57.615","0","0","0","0","2301","0","0","0","N","0","0","0","2","02301","0","","1.0","1153.0","1","N","N","N","0","","0","0","1","","3","N","","2","0","0","0","0","0","0","2","0","2","","03","","N","","","","","","","","","",""