"CRN","ARRIVAL_TM","AUTOMOBILE_COUNT","BELTED_DEATH_COUNT","BELTED_SUSP_SERIOUS_INJ_COUNT","BICYCLE_COUNT","BICYCLE_DEATH_COUNT","BICYCLE_SUSP_SERIOUS_INJ_COUNT","BUS_COUNT","CHLDPAS_DEATH_COUNT","CHLDPAS_SUSP_SERIOUS_INJ_COUNT","COLLISION_TYPE","COMM_VEH_COUNT","CONS_ZONE_SPD_LIM","COUNTY","CRASH_MONTH","CRASH_YEAR","DAY_OF_WEEK","DEC_LATITUDE","DEC_LONGITUDE","DISPATCH_TM","DISTRICT","DRIVER_COUNT_16YR","DRIVER_COUNT_17YR","DRIVER_COUNT_18YR","DRIVER_COUNT_19YR","DRIVER_COUNT_20YR","DRIVER_COUNT_50_64YR","DRIVER_COUNT_65_74YR","DRIVER_COUNT_75PLUS","EST_HRS_CLOSED","FATAL_COUNT","HEAVY_TRUCK_COUNT","HORSE_BUGGY_COUNT","HOUR_OF_DAY","ILLUMINATION","INJURY_COUNT","INTERSECTION_RELATED","INTERSECT_TYPE","LANE_CLOSED","LATITUDE","LN_CLOSE_DIR","LOCATION_TYPE","LONGITUDE","MAX_SEVERITY_LEVEL","MCYCLE_DEATH_COUNT","MCYCLE_SUSP_SERIOUS_INJ_COUNT","MOTORCYCLE_COUNT","MUNICIPALITY","NONMOTR_COUNT","NONMOTR_DEATH_COUNT","NONMOTR_SUSP_SERIOUS_INJ_COUNT","NTFY_HIWY_MAINT","PED_COUNT","PED_DEATH_COUNT","PED_SUSP_SERIOUS_INJ_COUNT","PERSON_COUNT","POLICE_AGCY","POSSIBLE_INJ_COUNT","RDWY_SURF_TYPE_CD","RELATION_TO_ROAD","ROADWAY_CLEARED","ROAD_CONDITION","SCH_BUS_IND","SCH_ZONE_IND","SECONDARY_CRASH","SMALL_TRUCK_COUNT","SPEC_JURIS_CD","SUSP_MINOR_INJ_COUNT","SUSP_SERIOUS_INJ_COUNT","SUV_COUNT","TCD_FUNC_CD","TCD_TYPE","TFC_DETOUR_IND","TIME_OF_DAY","TOTAL_UNITS","TOT_INJ_COUNT","UNBELTED_OCC_COUNT","UNB_DEATH_COUNT","UNB_SUSP_SERIOUS_INJ_COUNT","UNK_INJ_DEG_COUNT","UNK_INJ_PER_COUNT","URBAN_RURAL","VAN_COUNT","VEHICLE_COUNT","WEATHER1","WEATHER2","WORKERS_PRES","WORK_ZONE_IND","WORK_ZONE_LOC","WORK_ZONE_TYPE","WZ_CLOSE_DETOUR","WZ_FLAGGER","WZ_LAW_OFFCR_IND","WZ_LN_CLOSURE","WZ_MOVING","WZ_OTHER","WZ_SHLDER_MDN","WZ_WORKERS_INJ_KILLED"
"2020019252","","0","0","0","0","0","0","0","0","0","8","0","","02","2","2020","5","40.445292","-79.975753","","11","0","0","0","0","0","1","0","0","","0","0","0","","","1","N","0","","40 26:43.050","","0","79 58:32.710","4","0","0","0","2301","1","0","0","N","1","0","0","2","02301","1","","1.0","","1","N","N","N","0","","0","0","1","","0","","","2","1","1","0","0","0","0","2","0","1","","03","","N","","","","","","","","","",""
"2020040006","","1","0","0","0","0","0","0","0","0","1","0","","02","5","2020","4","40.673416","-80.098407","","11","0","0","0","0","0","0","0","0","","0","0","0","","","0","N","1","","40 40:24.298","","0","80 05:54.266","9","0","0","0","2212","0","0","0","N","0","0","0","2","02505","0","","1.0","","1","N","N","N","1","","0","0","0","","1","","","2","0","0","0","0","0","1","2","0","2","","03","","N","","","","","","","","","",""
"2020029278","","1","0","0","0","0","0","0","0","0","5","0","","02","3","2020","2","40.383842","-79.859554","","11","0","0","0","0","0","1","0","0","","0","0","0","","","0","Y","0","","40 23:01.830","","0","79 51:34.394","0","0","0","0","2303","0","0","0","N","0","0","0","7","02303","0","","1.0","","9","N","N","N","0","","0","0","1","","0","","","2","0","1","0","0","0","0","2","0","2","","","","N","","","","","","","","","",""
"2020023280","","1","0","0","0","0","0","0","0","0","7","0","","02","3","2020","3","40.419198","-79.732805","","11","0","0","0","0","0","0","0","0","","0","0","0","","","0","N","0","","40 25:09.114","","0","79 43:58.097","0","0","0","0","2446","0","0","0","N","0","0","0","1","68T09","0","","3.0","","9","N","N","N","0","","0","0","0","","0","","","1","0","0","0","0","0","0","2","0","1","","","","N","","","","","","","","","",""
"2020022984","","1","0","0","0","0","0","0","0","0","7","0","","02","3","2020","2","40.653959","-79.899825","","11","0","0","0","0","0","1","0","0","","0","0","0","","","0","Y","0","","40 39:14.253","4","0","79 53:59.369","0","0","0","0","2220","0","0","0","N","0","0","0","1","02220","0","","4.0","2130.0","1","N","N","N","0","","0","0","0","","0","Y","","1","0","0","0","0","0","0","1","0","1","","03","","N","","","","","","","","","",""
"2020022441","","1","0","0","0","0","0","0","0","0","7","0","","02","3","2020","1","40.456468","-79.904662","","11","0","0","0","0","0","0","0","0","","0","0","0","","","0","N","0","","40 27:23.284","","0","79 54:16.782","9","0","0","0","2301","0","0","0","N","0","0","0","2","02301","0","","5.0","","1","N","N","N","0","","0","0","0","","2","","","1","0","0","0","0","0","2","2","0","1","","03","","N","","","","","","","","","",""
"2020061945","","2","0","0","0","0","0","0","0","0","1","0","","02","8","2020","2","40.277583","-79.876771","","11","0","0","1","0","0","0","0","0","","0","0","0","","","1","Y","0","","40 16:39.297","3","0","79 52:36.374","3","0","0","0","2105","0","0","0","N","0","0","0","7","02105","0","","1.0","1400.0","1","N","N","Y","1","","1","0","1","","0","N","","4","1","2","0","0","0","0","2","0","4","","","","N","","","","","","","","","",""
"2020056531","","3","0","0","0","0","0","0","0","0","1","0","","02","7","2020","4","40.537522","-80.011307","","11","0","0","0","0","0","2","0","0","","0","0","0","","","1","","1","","40 32:15.080","2","0","80 00:40.705","8","0","0","0","2116","0","0","0","N","0","0","0","3","02116","0","","1.0","1115.0","1","N","N","N","0","","0","0","0","","2","N","","3","1","0","0","0","1","0","2","0","3","","03","","N","","","","","","","","","",""
"2020026890","","1","0","1","0","0","0","0","0","0","5","0","","02","3","2020","1","40.426518","-79.893013","","11","0","0","0","0","0","1","0","0","","0","0","0","","","2","N","0","","40 25:35.463","4","0","79 53:34.847","2","0","0","0","2301","0","0","0","N","0","0","0","3","68B03","0","","1.0","600.0","1","N","N","N","0","","1","1","1","","0","N","","2","2","1","0","0","0","1","2","0","2","","","","N","","","","","","","","","",""
"2020022816","","2","0","0","0","0","0","0","0","0","4","0","","02","2","2020","7","40.436559","-79.783037","","11","0","0","0","0","0","1","0","0","","0","0","0","","","0","N","0","","40 26:11.612","","7","79 46:58.932","0","0","0","0","2446","0","0","0","N","0","0","0","2","02446","0","","1.0","","1","N","N","N","0","","0","0","0","","0","N","","2","0","0","0","0","0","0","2","0","2","","98","","N","","","","","","","","","",""
"2020028767","","1","0","0","0","0","0","0","0","0","7","0","","02","3","2020","3","40.521283","-80.065172","","11","0","0","0","0","0","0","0","0","","0","0","0","","","1","N","0","","40 31:16.620","1","0","80 03:54.618","4","0","0","0","2215","0","0","0","N","0","0","0","1","68B03","1","","4.0","930.0","9","N","N","N","0","","0","0","0","","0","N","","1","1","0","0","0","0","0","2","0","1","","","","N","","","","","","","","","",""
"2020020872","","1","0","0","0","0","0","0","0","0","7","0","","02","2","2020","4","40.420994","-79.981261","","11","0","0","0","0","0","0","0","0","","0","0","0","","","1","N","0","","40 25:15.580","1","0","79 58:52.540","3","0","0","0","2301","0","0","0","N","0","0","0","1","02301","0","","5.0","240.0","9","N","N","N","0","","1","0","0","","0","N","","1","1","0","0","0","0","0","2","0","1","","","","N","","","","","","","","","",""
"2020039778","","1","0","0","0","0","0","0","0","0","7","0","","02","3","2020","5","40.513041","-80.233398","","11","0","0","0","0","0","0","0","0","","0","0","0","","","0","","2","","40 30:46.948","","0","80 14:00.233","0","0","0","0","2213","0","0","0","N","0","0","0","1","02213","0","","4.0","","99","N","N","N","0","","0","0","0","","3","","","1","0","0","0","0","0","0","2","0","1","","","","N","","","","","","","","","",""
"2020056878","","1","0","0","0","0","0","0","0","0","7","0","","02","7","2020","6","40.397863","-79.999483","","11","0","0","0","0","0","0","0","0","","0","0","0","","","1","Y","0","","40 23:52.308","2","0","79 59:58.138","4","0","0","0","2301","0","0","0","N","0","0","0","1","02301","1","","5.0","2130.0","1","N","N","N","0","","0","0","0","","0","N","","1","1","0","0","0","0","0","2","0","1","","","","N","","","","","","","","","",""
"2020027165","","1","0","0","0","0","0","0","0","0","4","0","","02","2","2020","3","40.426996","-80.125169","","11","0","0","0","1","0","0","0","0","","0","0","0","","","0","N","2","","40 25:37.185","","7","80 07:30.608","0","0","0","0","2115","0","0","0","N","0","0","0","1","02102","0","","5.0","","1","N","N","N","1","","0","0","0","","2","N","","2","0","0","0","0","0","0","2","0","2","","","","N","","","","","","","","","",""
"2020025490","","3","0","0","0","0","0","0","0","0","1","0","","02","3","2020","4","40.30798","-79.888251","","11","0","0","0","0","0","1","0","0","","0","0","0","","","1","N","0","","40 18:28.728","1","0","79 53:17.704","8","0","0","0","2302","0","0","0","N","0","0","0","3","02302","0","","1.0","713.0","1","N","N","N","0","","0","0","0","","0","Y","","3","1","0","0","0","1","0","2","0","3","","03","","N","","","","","","","","","",""
"2020058350","","1","0","0","0","0","0","0","0","0","2","0","","02","7","2020","1","40.362034","-80.011212","","11","0","0","1","0","1","0","0","0","","0","0","0","","","0","","1","","40 21:43.321","6","0","80 00:40.363","0","0","0","0","2416","0","0","0","N","0","0","0","3","02416","0","","1.0","1650.0","1","N","N","N","1","","0","0","0","","3","Y","","2","0","0","0","0","0","0","2","0","2","","03","","N","","","","","","","","","",""
"2020030822","","0","0","0","0","0","0","0","0","0","2","0","","02","2","2020","4","40.509968","-80.086514","","11","0","0","0","0","0","1","0","0","","0","0","0","","","0","N","0","","40 30:35.884","3","0","80 05:11.450","0","0","0","0","2405","0","0","0","N","0","0","0","1","02215","0","","4.0","213.0","1","N","N","N","1","","0","0","1","","0","N","","2","0","0","0","0","0","0","2","0","2","","03","","N","","","","","","","","","",""
"2020021051","","0","0","0","0","0","0","0","0","0","1","0","","02","2","2020","4","40.368853","-80.029428","","11","0","0","0","0","0","2","0","0","","0","0","0","","","1","N","0","","40 22:07.870","","0","80 01:45.940","4","0","0","0","2109","0","0","0","N","0","0","0","2","02109","1","","1.0","","9","N","N","N","0","","0","0","0","","0","","","2","1","0","0","0","0","0","2","2","2","","","","N","","","","","","","","","",""
"2020020024","","0","0","0","0","0","0","0","0","0","7","0","","02","2","2020","6","40.379572","-79.853826","","11","0","0","0","0","0","0","0","0","","0","0","0","","","0","N","0","","40 22:46.460","1","0","79 51:13.773","0","0","0","0","2303","0","0","0","Y","0","0","0","1","02303","0","","5.0","2050.0","1","N","N","N","1","","0","0","0","","0","N","","1","0","1","0","0","0","0","2","0","1","","","","N","","","","","","","","","",""
"2020020025","","1","0","0","0","0","0","0","0","0","98","0","","02","2","2020","6","40.421889","-80.02971","","11","0","0","0","0","0","0","0","0","","0","0","0","","","0","Y","0","","40 25:18.801","","0","80 01:46.956","0","0","0","0","2301","0","0","0","N","0","0","0","1","02301","0","","1.0","","1","N","N","N","0","","0","0","0","","0","N","","1","0","0","0","0","0","0","2","0","1","","03","","N","","","","","","","","","",""
"2020023856","","1","0","0","0","0","0","0","0","0","8","0","","02","3","2020","3","40.463356","-79.953943","","11","0","0","0","0","0","0","0","0","","0","0","0","","","1","N","2","","40 27:48.083","","0","79 57:14.196","2","0","0","0","2301","1","0","1","N","1","0","1","2","02301","0","","1.0","","1","N","N","Y","0","","0","1","0","","0","","","2","1","0","0","0","0","1","2","0","1","","","","N","","","","","","","","","",""
"2020024396","","1","0","0","0","0","0","0","0","0","7","0","","02","3","2020","7","40.464894","-79.979852","","11","0","0","0","0","0","0","0","0","","0","0","0","","","0","N","2","","40 27:53.617","","2","79 58:47.466","0","0","0","0","2301","0","0","0","N","0","0","0","2","02301","0","","2.0","","1","N","N","N","0","","0","0","0","","0","","","1","0","2","0","0","0","0","2","0","1","","03","","N","","","","","","","","","",""
"2020021891","","0","0","0","0","0","0","0","0","0","6","0","","02","2","2020","5","40.448557","-80.062856","","11","0","0","0","0","0","1","1","0","","0","0","0","","","1","N","1","","40 26:54.805","1","0","80 03:46.282","3","0","0","0","2301","0","0","0","N","0","0","0","3","02301","0","","1.0","1920.0","9","N","N","Y","0","","1","0","1","","3","Y","","3","1","0","0","0","0","0","2","2","3","","10","","N","","","","","","","","","",""
"2020033294","","1","0","0","0","0","0","0","0","0","5","0","","02","3","2020","3","40.380488","-80.020801","","11","0","0","0","0","0","0","0","0","","0","0","0","","","0","N","0","","40 22:49.758","","0","80 01:14.882","0","0","0","0","2101","0","0","0","N","0","0","0","2","02101","0","","1.0","","1","N","N","N","0","","0","0","1","","0","","","2","0","1","0","0","0","0","2","0","2","","","","N","","","","","","","","","",""
"2020025974","","2","0","1","0","0","0","0","0","0","4","0","","02","3","2020","1","40.426355","-79.893701","","11","0","0","0","0","0","0","0","0","","0","0","0","","","2","N","0","","40 25:34.878","4","0","79 53:37.323","2","0","0","0","2301","0","0","0","N","0","0","0","4","68B03","0","","1.0","100.0","9","N","N","N","0","","1","1","0","","0","N","","2","2","0","0","0","0","0","2","0","2","","","","N","","","","","","","","","",""
"2020021872","","3","0","0","0","0","0","0","0","0","4","0","","02","2","2020","6","40.454105","-79.949982","","11","0","0","0","0","0","0","0","0","","0","0","0","","","4","","1","","40 27:14.778","4","0","79 56:59.936","3","0","0","0","2301","0","0","0","N","0","0","0","5","02301","0","","1.0","1800.0","1","N","N","Y","0","","4","0","0","","3","N","","3","4","0","0","0","0","0","2","0","3","","03","","N","","","","","","","","","",""
"2020023534","","1","0","0","0","0","0","0","0","0","4","0","","02","3","2020","5","40.419808","-79.749623","","11","0","0","0","0","0","1","1","0","","0","0","0","","","1","N","2","","40 25:11.308","","0","79 44:58.642","8","0","0","0","2446","0","0","0","N","0","0","0","2","02446","0","","1.0","","1","N","N","N","0","","0","0","1","","3","N","","2","1","0","0","0","1","0","2","0","2","","03","","N","","","","","","","","","",""
"2020055979","","1","0","0","0","0","0","0","0","0","1","0","","02","7","2020","5","40.545949","-79.901577","","11","0","0","0","1","0","0","0","0","","0","0","0","","","1","N","0","","40 32:45.418","","0","79 54:05.677","8","0","0","0","2209","0","0","0","N","0","0","0","3","02209","0","","1.0","","1","N","N","N","1","","0","0","0","","0","","","2","1","0","0","0","1","0","2","0","2","","","","N","","","","","","","","","",""
"2020020081","","2","0","0","0","0","0","0","0","0","5","0","","02","2","2020","1","40.440603","-79.958275","","11","0","0","0","0","1","0","0","0","","0","0","0","","","0","","1","","40 26:26.172","","0","79 57:29.789","0","0","0","0","2301","0","0","0","N","0","0","0","4","02301","0","","1.0","","1","N","N","Y","0","","0","0","0","","2","","","2","0","0","0","0","0","0","2","0","2","","03","","N","","","","","","","","","",""
"2020022869","","1","0","0","0","0","0","0","0","0","4","0","","02","2","2020","7","40.449839","-79.929647","","11","0","1","0","0","0","0","0","0","","0","0","0","","","1","","1","","40 26:59.420","4","0","79 55:46.729","4","0","0","0","2301","0","0","0","N","0","0","0","5","02301","1","","1.0","20.0","1","N","N","N","1","","0","0","0","","2","N","","2","1","0","0","0","0","0","2","0","2","","03","","N","","","","","","","","","",""
"2020028549","","1","0","0","0","0","0","0","0","0","7","0","","02","3","2020","4","40.335667","-79.946228","","11","0","0","0","0","0","0","0","0","","0","0","0","","","0","N","0","","40 20:08.400","","7","79 56:46.420","0","0","0","0","2473","0","0","0","N","0","0","0","2","02473","0","","3.0","","9","N","N","N","0","","0","0","0","","4","","","1","0","0","0","0","0","0","2","0","1","","04","","N","","","","","","","","","",""
"2020026738","","1","0","0","0","0","0","0","0","0","2","0","","02","3","2020","2","40.217448","-79.838015","","11","0","0","0","0","0","0","0","0","","0","0","0","","","1","N","0","","40 13:02.811","","0","79 50:16.853","8","0","0","0","2105","0","0","0","N","0","0","0","1","02105","0","","4.0","","2","N","N","N","0","","0","0","0","","0","","","1","1","1","0","0","1","0","1","0","1","","03","","N","","","","","","","","","",""
"2020019456","","1","0","0","0","0","0","0","0","0","7","0","","02","2","2020","5","40.421315","-79.884755","","11","0","0","0","0","0","0","0","0","","0","0","0","","","0","N","2","","40 25:16.733","","0","79 53:05.117","0","0","0","0","2463","0","0","0","N","0","0","0","1","02463","0","","4.0","","1","N","N","N","0","","0","0","0","","2","","","1","0","0","0","0","0","0","2","0","1","","03","","N","","","","","","","","","",""
"2020057002","","0","0","0","0","0","0","0","0","0","4","0","","02","7","2020","1","40.384914","-79.862723","","11","0","0","0","0","0","1","0","0","","0","0","0","","","6","","1","","40 23:05.690","2","0","79 51:45.801","3","0","0","0","2473","0","0","0","N","0","0","0","9","02473","0","","1.0","1100.0","1","N","N","N","0","","4","0","1","","2","Y","","2","6","2","0","0","2","0","2","1","2","","","","N","","","","","","","","","",""
"2020022885","","2","0","0","0","0","0","0","0","0","1","0","","02","3","2020","3","40.354178","-79.824437","","11","0","0","0","0","0","0","1","0","","0","0","0","","","1","","2","","40 21:15.040","6","0","79 49:27.973","8","0","0","0","2304","0","0","0","N","0","0","0","2","02477","0","","1.0","1116.0","9","N","N","N","0","","0","0","0","","3","Y","","2","1","0","0","0","1","0","2","0","2","","04","","N","","","","","","","","","",""
"2020056923","","1","0","0","0","0","0","0","0","0","6","0","","02","7","2020","1","40.406237","-79.978382","","11","0","0","0","0","0","0","0","0","","0","0","0","","","2","","3","","40 24:22.453","3","0","79 58:42.175","3","0","0","0","2301","0","0","0","Y","0","0","0","3","02301","0","","1.0","2155.0","1","N","N","Y","0","","2","0","1","","0","N","","2","2","1","0","0","0","1","2","0","2","","","","N","","","","","","","","","",""
"2020024842","","1","0","0","0","0","0","0","0","0","6","0","","02","2","2020","6","40.357566","-80.016091","","11","0","0","0","0","0","0","0","0","","0","0","0","","","0","N","2","","40 21:27.237","1","0","80 00:57.928","0","0","0","0","2476","0","0","0","N","0","0","0","1","02407","0","","1.0","1930.0","1","N","N","N","0","","0","0","0","","3","N","","2","0","0","0","0","0","0","2","0","1","","","","N","","","","","","","","","",""
"2020024404","","2","0","0","0","0","0","0","0","0","1","0","","02","3","2020","3","40.321772","-80.122035","","11","0","0","1","0","0","0","1","0","","0","0","0","","","2","N","0","","40 19:18.378","","0","80 07:19.326","3","0","0","0","2119","0","0","0","Y","0","0","0","2","02119","1","","1.0","","9","N","N","N","0","","1","0","0","","0","","","2","2","0","0","0","0","0","2","0","2","","","","N","","","","","","","","","",""
"2020019780","","0","0","0","0","0","0","0","0","0","1","0","","02","2","2020","7","40.421239","-80.004744","","11","0","0","0","0","0","1","0","0","","0","0","0","","","0","N","0","","40 25:16.462","2","4","80 00:17.078","0","0","0","0","2301","0","0","0","N","0","0","0","5","02301","0","","1.0","1830.0","1","N","N","N","0","","0","0","2","","0","N","","3","0","0","0","0","0","0","2","1","3","","","","N","","","","","","","","","",""
"2020056069","","0","0","0","0","0","0","0","0","0","4","0","","02","7","2020","5","40.515579","-80.268012","","11","0","0","0","0","0","0","1","0","","0","0","0","","","1","N","1","","40 30:56.086","4","0","80 16:04.844","4","0","0","1","2203","0","0","0","N","0","0","0","4","02203","1","","1.0","1236.0","1","N","N","N","0","","0","0","1","","2","N","","2","1","0","0","0","0","0","2","0","2","","","","N","","","","","","","","","",""
"2020033024","","0","0","0","0","0","0","0","0","0","7","0","","02","3","2020","1","40.366769","-79.870703","","11","0","0","0","0","0","0","0","0","","0","0","0","","","0","N","2","","40 22:00.368","","0","79 52:14.530","0","0","0","0","2473","0","0","0","N","0","0","0","1","02473","0","","5.0","","9","N","N","N","0","","0","0","1","","0","","","1","0","0","0","0","0","0","2","0","1","","10","","N","","","","","","","","","",""
"2020021939","","2","0","0","0","0","0","0","0","0","1","0","","02","2","2020","3","40.372765","-79.792241","","11","0","0","0","0","1","0","0","0","","0","0","0","","","0","Y","0","","40 22:21.953","","0","79 47:32.068","0","0","0","0","2111","0","0","0","N","0","0","0","2","02111","0","","1.0","","9","N","N","N","0","","0","0","0","","0","","","2","0","0","0","0","0","0","2","0","2","","04","","N","","","","","","","","","",""
"2020056561","","1","0","0","0","0","0","0","0","0","2","0","","02","7","2020","7","40.481749","-79.83806","","11","0","0","0","0","0","1","0","0","","0","0","0","","","1","","2","","40 28:54.298","2","0","79 50:17.015","3","0","0","0","2113","0","0","0","N","0","0","0","3","02113","0","","1.0","1335.0","1","N","N","N","0","","1","0","1","","3","N","","2","1","0","0","0","0","0","2","0","2","","","","N","","","","","","","","","",""
"2020021835","","3","0","0","0","0","0","0","0","0","4","0","","02","2","2020","6","40.457436","-80.192731","","11","0","0","0","0","0","1","0","1","","0","0","0","","","2","N","2","","40 27:26.770","","7","80 11:33.830","3","0","0","0","2203","0","0","0","N","0","0","0","4","02203","1","","1.0","","1","N","N","Y","0","","1","0","0","","3","","","3","2","0","0","0","0","0","2","0","3","","03","","N","","","","","","","","","",""
"2020039762","","1","0","0","0","0","0","0","0","0","5","1","","02","5","2020","2","40.409555","-80.080179","","11","0","0","0","0","0","0","0","0","","0","1","0","","","1","N","2","","40 24:34.398","","2","80 04:48.643","8","0","0","0","2415","0","0","0","N","0","0","0","3","02415","0","","1.0","","1","N","N","N","0","","0","0","0","","3","","","2","1","0","0","0","1","0","2","0","2","","03","","N","","","","","","","","","",""
"2020026334","","1","0","0","0","0","0","0","0","0","7","0","","02","3","2020","7","40.391371","-79.985346","","11","0","0","0","0","0","0","0","0","","0","0","0","","","0","N","2","","40 23:28.935","","0","79 59:07.245","0","0","0","0","2301","0","0","0","N","0","0","0","1","02301","0","","9.0","","1","N","N","N","0","","0","0","0","","0","","","1","0","0","0","0","0","0","2","0","1","","","","N","","","","","","","","","",""
"2020007723","","2","0","0","0","0","0","0","0","0","1","0","","02","1","2020","2","40.390133","-79.934278","","11","0","0","0","0","0","0","0","0","","0","0","0","","","0","N","6","","40 23:24.477","","2","79 56:03.402","0","0","0","0","2301","0","0","0","N","0","0","0","2","02301","0","","1.0","","1","N","N","N","0","","0","0","0","","0","","","2","0","0","0","0","0","0","2","0","2","","03","","N","","","","","","","","","",""
"2020032036","","1","0","0","0","0","0","0","0","0","1","0","","02","3","2020","2","40.550828","-80.088012","","11","0","0","0","0","0","0","1","0","","0","0","0","","","0","","2","","40 33:02.982","","0","80 05:16.843","0","0","0","0","2215","0","0","0","N","0","0","0","3","02215","0","","1.0","","9","N","N","N","0","","0","0","1","","0","","","2","0","0","0","0","0","0","2","0","2","","","","N","","","","","","","","","",""
"2020022597","","0","0","0","0","0","0","0","0","0","2","1","","02","3","2020","2","40.456425","-79.894325","","11","0","0","0","0","0","0","0","0","","0","1","0","","","4","N","1","","40 27:23.130","","0","79 53:39.570","3","0","0","0","2301","0","0","0","N","0","0","0","4","02301","0","","1.0","","1","N","N","N","0","","4","0","1","","0","","","2","4","3","0","0","0","0","2","0","2","","","","N","","","","","","","","","",""
"2020022330","","0","0","0","0","0","0","0","0","0","7","0","20","02","3","2020","1","40.456214","-80.003006","","11","0","0","0","0","0","0","0","0","","0","0","0","","","0","N","0","","40 27:22.370","4","0","80 00:10.820","0","0","0","0","2301","0","0","0","N","0","0","0","3","02301","0","","2.0","1754.0","1","N","N","N","0","","0","0","1","","0","Y","","1","0","0","0","0","0","0","2","0","1","","","U","Y","4","1","","","Y","","","","Y","N"
"2020023132","","1","0","0","0","0","0","0","0","0","7","0","","02","3","2020","3","40.285119","-79.888458","","11","0","0","0","0","0","0","0","1","","0","0","0","","","1","N","2","","40 17:06.429","7","0","79 53:18.450","8","0","0","0","2302","0","0","0","N","0","0","0","1","02302","0","","5.0","2200.0","9","N","N","N","0","","0","0","0","","3","Y","","1","1","0","0","0","1","0","2","0","1","","07","","N","","","","","","","","","",""
"2020023816","","3","0","0","0","0","0","0","0","0","6","0","","02","3","2020","5","40.426347","-79.987425","","11","0","0","0","0","0","0","0","0","","0","0","0","","","0","Y","0","","40 25:34.850","","0","79 59:14.730","0","0","0","0","2301","0","0","0","N","0","0","0","3","02301","0","","6.0","","1","N","N","N","0","","0","0","0","","0","","","3","0","0","0","0","0","0","2","0","3","","04","","N","","","","","","","","","",""
"2020057008","","1","0","0","0","0","0","0","0","0","1","1","","02","7","2020","2","40.459656","-80.017076","","11","0","0","0","0","0","2","0","0","","0","1","0","","","0","N","5","","40 27:34.763","","0","80 01:01.473","0","0","0","0","2301","0","0","0","N","0","0","0","2","02301","0","","1.0","","1","N","N","N","0","","0","0","0","","2","","","2","0","0","0","0","0","0","2","0","2","","","","N","","","","","","","","","",""
"2020023131","","1","0","0","0","0","0","0","0","0","4","0","","02","3","2020","3","40.372933","-80.09937","","11","0","0","0","0","0","0","0","0","","0","0","0","","","0","N","1","","40 22:22.557","","0","80 05:57.732","0","0","0","0","2102","0","0","0","N","0","0","0","3","02102","0","","1.0","","1","N","N","N","0","","0","0","1","","2","","","2","0","0","0","0","0","0","2","0","2","","","","N","","","","","","","","","",""
"2020024790","","1","0","0","0","0","0","0","0","0","5","0","","02","2","2020","1","40.505996","-80.222275","","11","0","0","0","0","0","0","1","0","","0","0","0","","","2","N","0","","40 30:21.586","","7","80 13:20.189","3","0","0","0","2213","0","0","0","N","0","0","0","2","02213","0","","5.0","","1","N","N","N","1","","2","0","0","","0","","","2","2","0","0","0","0","0","2","0","2","","03","","N","","","","","","","","","",""
"2020019534","","2","0","0","0","0","0","0","0","0","1","0","","02","2","2020","6","40.354055","-79.84218","","11","0","1","0","0","0","1","0","0","","0","0","0","","","0","N","6","","40 21:14.597","1","8","79 50:31.847","0","0","0","0","2304","0","0","0","N","0","0","0","8","02304","0","","1.0","1604.0","1","N","N","N","1","","0","0","1","","0","N","","4","0","0","0","0","0","0","2","0","4","","03","","N","","","","","","","","","",""
"2020020845","","1","0","0","0","0","0","0","0","0","7","0","","02","2","2020","1","40.315889","-80.0308","","11","0","0","0","0","0","0","0","0","","0","0","0","","","0","N","0","","40 18:57.200","","0","80 01:50.880","0","0","0","0","2407","0","0","0","Y","0","0","0","1","02407","0","","5.0","","1","N","N","N","0","","0","0","0","","0","","","1","0","0","0","0","0","0","2","0","1","","03","","N","","","","","","","","","",""
"2020021268","","1","0","0","0","0","0","0","0","0","0","0","","02","2","2020","4","40.502878","-79.806741","","11","0","0","0","0","0","0","0","0","","0","0","0","","","0","N","0","","40 30:10.362","","0","79 48:24.267","0","0","0","0","2113","0","0","0","N","0","0","0","1","02113","0","","1.0","","9","N","N","N","0","","0","0","0","","0","","","1","0","0","0","0","0","0","2","0","1","","07","","N","","","","","","","","","",""
"2020022772","","0","0","0","0","0","0","0","0","0","4","0","","02","3","2020","1","40.441796","-79.89728","","11","0","0","0","0","0","0","0","0","","0","0","0","","","0","N","0","","40 26:30.467","","0","79 53:50.207","0","0","0","0","2301","0","0","0","N","0","0","0","1","02301","0","","1.0","","1","N","N","N","0","","0","0","3","","0","","","3","0","0","0","0","0","0","2","0","3","","03","","N","","","","","","","","","",""
"2020020096","","0","0","0","0","0","0","0","0","0","7","0","","02","2","2020","2","40.421986","-79.950114","","11","0","0","0","0","0","0","0","0","","0","0","0","","","0","N","0","","40 25:19.151","3","0","79 57:00.410","0","0","0","0","2301","0","0","0","N","0","0","0","1","02301","0","","2.0","235.0","1","N","N","N","0","","0","0","1","","0","N","","1","0","0","0","0","0","0","2","0","1","","03","","N","","","","","","","","","",""