"CRN","ARRIVAL_TM","AUTOMOBILE_COUNT","BELTED_DEATH_COUNT","BELTED_SUSP_SERIOUS_INJ_COUNT","BICYCLE_COUNT","BICYCLE_DEATH_COUNT","BICYCLE_SUSP_SERIOUS_INJ_COUNT","BUS_COUNT","CHLDPAS_DEATH_COUNT","CHLDPAS_SUSP_SERIOUS_INJ_COUNT","COLLISION_TYPE","COMM_VEH_COUNT","CONS_ZONE_SPD_LIM","COUNTY","CRASH_MONTH","CRASH_YEAR","DAY_OF_WEEK","DEC_LATITUDE","DEC_LONGITUDE","DISPATCH_TM","DISTRICT","DRIVER_COUNT_16YR","DRIVER_COUNT_17YR","DRIVER_COUNT_18YR","DRIVER_COUNT_19YR","DRIVER_COUNT_20YR","DRIVER_COUNT_50_64YR","DRIVER_COUNT_65_74YR","DRIVER_COUNT_75PLUS","EST_HRS_CLOSED","FATAL_COUNT","HEAVY_TRUCK_COUNT","HORSE_BUGGY_COUNT","HOUR_OF_DAY","ILLUMINATION","INJURY_COUNT","INTERSECTION_RELATED","INTERSECT_TYPE","LANE_CLOSED","LATITUDE","LN_CLOSE_DIR","LOCATION_TYPE","LONGITUDE","MAX_SEVERITY_LEVEL","MCYCLE_DEATH_COUNT","MCYCLE_SUSP_SERIOUS_INJ_COUNT","MOTORCYCLE_COUNT","MUNICIPALITY","NONMOTR_COUNT","NONMOTR_DEATH_COUNT","NONMOTR_SUSP_SERIOUS_INJ_COUNT","NTFY_HIWY_MAINT","PED_COUNT","PED_DEATH_COUNT","PED_SUSP_SERIOUS_INJ_COUNT","PERSON_COUNT","POLICE_AGCY","POSSIBLE_INJ_COUNT","RDWY_SURF_TYPE_CD","RELATION_TO_ROAD","ROADWAY_CLEARED","ROAD_CONDITION","SCH_BUS_IND","SCH_ZONE_IND","SECONDARY_CRASH","SMALL_TRUCK_COUNT","SPEC_JURIS_CD","SUSP_MINOR_INJ_COUNT","SUSP_SERIOUS_INJ_COUNT","SUV_COUNT","TCD_FUNC_CD","TCD_TYPE","TFC_DETOUR_IND","TIME_OF_DAY","TOTAL_UNITS","TOT_INJ_COUNT","UNBELTED_OCC_COUNT","UNB_DEATH_COUNT","UNB_SUSP_SERIOUS_INJ_COUNT","UNK_INJ_DEG_COUNT","UNK_INJ_PER_COUNT","URBAN_RURAL","VAN_COUNT","VEHICLE_COUNT","WEATHER1","WEATHER2","WORKERS_PRES","WORK_ZONE_IND","WORK_ZONE_LOC","WORK_ZONE_TYPE","WZ_CLOSE_DETOUR","WZ_FLAGGER","WZ_LAW_OFFCR_IND","WZ_LN_CLOSURE","WZ_MOVING","WZ_OTHER","WZ_SHLDER_MDN","WZ_WORKERS_INJ_KILLED"
"2020029706","","1","0","0","0","0","0","0","0","0","1","0","","02","3","2020","6","40.530294","-79.776828","","11","0","0","0","0","0","0","0","0","","0","0","0","","","0","N","0","","40 31:49.059","","0","79 46:36.581","0","0","0","0","2466","0","0","0","N","0","0","0","2","02466","0","","1.0","","1","N","N","N","0","","0","0","1","","0","","","2","0","0","0","0","0","0","2","0","2","","03","","N","","","","","","","","","",""
"2020058485","","0","0","0","1","0","0","0","0","0","4","0","","02","7","2020","6","40.457773","-79.819201","","11","0","0","0","0","1","0","0","0","","0","0","0","","","2","","1","","40 27:27.982","5","0","79 49:09.123","3","0","0","0","2113","1","0","0","N","0","0","0","2","02113","0","","1.0","1439.0","1","N","N","N","0","","1","0","1","","3","Y","","2","2","0","0","0","1","0","2","0","1","","","","N","","","","","","","","","",""
"2020025254","","1","0","0","0","0","0","0","0","0","7","0","","02","3","2020","3","40.473958","-79.960106","","11","0","0","0","0","0","0","0","0","","0","0","0","","","1","N","0","","40 28:26.250","","0","79 57:36.380","8","0","0","0","2301","0","0","0","N","0","0","0","1","02301","0","","5.0","","9","N","N","N","0","","0","0","0","","0","","","1","1","0","0","0","1","0","2","0","1","","07","","N","","","","","","","","","",""
"2020030265","","2","0","0","0","0","0","0","0","0","1","0","","02","3","2020","2","40.409912","-79.990596","","11","0","0","0","0","0","0","0","0","","0","0","0","","","1","N","2","","40 24:35.683","","0","79 59:26.145","3","0","0","0","2301","0","0","0","N","0","0","0","3","02301","0","","1.0","","1","N","N","N","0","","1","0","0","","0","","","2","1","0","0","0","0","0","2","0","2","","03","","N","","","","","","","","","",""
"2020024542","","2","0","0","0","0","0","0","0","0","4","0","","02","3","2020","1","40.47574","-79.970364","","11","0","0","0","0","0","0","0","0","","0","0","0","","","0","N","7","","40 28:32.663","2","2","79 58:13.311","0","0","0","0","2445","0","0","0","N","0","0","0","2","02445","0","","1.0","1800.0","1","N","N","N","0","","0","0","0","","0","N","","2","0","0","0","0","0","0","2","0","2","","","","N","","","","","","","","","",""
"2020025948","","0","0","0","0","0","0","0","0","0","1","0","","02","3","2020","6","40.534366","-80.179971","","11","0","0","0","0","0","1","0","0","","0","0","0","","","0","N","2","","40 32:03.716","","0","80 10:47.896","0","0","0","0","2458","0","0","0","N","0","0","0","2","02458","0","","1.0","","1","N","N","N","0","","0","0","2","","0","","","2","0","0","0","0","0","0","2","0","2","","03","","N","","","","","","","","","",""
"2020027462","","1","0","0","0","0","0","0","0","0","1","0","","02","3","2020","3","40.435951","-79.971206","","11","0","0","0","0","1","0","0","0","","0","0","0","","","0","N","0","","40 26:09.425","","0","79 58:16.341","0","0","0","0","2301","0","0","0","N","0","0","0","2","68B03","0","","1.0","","1","N","N","N","0","","0","0","1","","0","","","2","0","0","0","0","0","0","2","0","2","","03","","N","","","","","","","","","",""
"2020063386","","1","0","0","0","0","0","0","0","0","1","0","","02","8","2020","7","40.617723","-80.05559","","11","0","0","1","0","0","0","0","0","","0","0","0","","","0","N","0","","40 37:03.802","","0","80 03:20.125","0","0","0","0","2216","0","0","0","N","0","0","0","3","02505","0","","1.0","","3","N","N","N","0","","0","0","1","","0","","","2","0","0","0","0","0","0","1","0","2","","03","","N","","","","","","","","","",""
"2020027698","","1","0","0","0","0","0","0","0","0","7","0","","02","3","2020","3","40.466551","-80.034578","","11","0","0","0","0","0","0","0","0","","0","0","0","","","0","N","0","","40 27:59.582","1","0","80 02:04.480","0","0","0","0","2301","0","0","0","N","0","0","0","1","02301","0","","3.0","26.0","1","N","N","N","0","","0","0","0","","0","Y","","1","0","0","0","0","0","0","2","0","1","","","","N","","","","","","","","","",""
"2020025562","","0","0","0","0","0","0","0","0","0","4","0","","02","3","2020","2","40.549416","-79.840009","","11","0","0","0","0","0","0","0","0","","0","0","0","","","0","","1","","40 32:57.897","5","0","79 50:24.032","0","0","0","0","2208","0","0","0","N","0","0","0","2","02208","0","","1.0","636.0","1","N","N","N","0","","0","0","2","","2","N","","2","0","0","0","0","0","0","2","0","2","","03","","N","","","","","","","","","",""
"2020029346","","2","0","0","0","0","0","0","0","0","1","0","","02","3","2020","1","40.434504","-80.019428","","11","0","0","0","0","0","0","0","0","","0","0","0","","","0","N","0","","40 26:04.213","3","4","80 01:09.942","0","0","0","0","2301","0","0","0","Y","0","0","0","2","68B03","0","","1.0","1915.0","1","N","N","N","0","","0","0","0","","0","N","","2","0","0","0","0","0","0","2","0","2","","03","","N","","","","","","","","","",""
"2020025939","","1","0","0","0","0","0","0","0","0","5","0","","02","3","2020","6","40.445121","-80.009431","","11","0","0","0","0","0","1","0","0","","0","0","0","","","0","N","0","","40 26:42.435","","3","80 00:33.950","9","0","0","0","2301","0","0","0","N","0","0","0","2","02301","0","","1.0","","1","N","N","N","0","","0","0","1","","0","","","2","0","0","0","0","0","1","2","0","2","","","","N","","","","","","","","","",""
"2020058026","","0","0","0","0","0","0","0","0","0","4","0","","02","7","2020","4","40.671718","-79.985787","","11","0","0","0","0","0","0","1","0","","0","0","0","","","0","N","0","","40 40:18.185","","7","79 59:08.833","0","0","0","0","2217","0","0","0","N","0","0","0","3","02505","0","","1.0","","9","N","N","N","1","","0","0","1","","0","","","2","0","0","0","0","0","0","2","0","2","","","","N","","","","","","","","","",""
"2020052020","","2","0","0","0","0","0","0","0","0","2","0","","02","6","2020","4","40.46238","-80.105529","","11","0","0","0","0","0","0","0","0","","0","0","0","","","2","","3","","40 27:44.567","","0","80 06:19.904","8","0","0","0","2126","0","0","0","N","0","0","0","2","02126","0","","1.0","","1","N","N","N","0","","0","0","0","","0","","","2","2","0","0","0","2","0","2","0","2","","","","N","","","","","","","","","",""
"2020057885","","0","0","0","0","0","0","0","0","0","4","0","","02","7","2020","3","40.333578","-79.889223","","11","0","0","0","0","0","0","0","0","","0","0","0","","","0","N","0","","40 20:00.882","5","0","79 53:21.203","0","0","0","0","2433","0","0","0","N","0","0","0","0","02433","0","","4.0","2241.0","1","N","N","N","1","","0","0","1","","0","Y","","2","0","0","0","0","0","0","2","0","2","","","","N","","","","","","","","","",""
"2020063270","","2","0","0","0","0","0","0","0","0","4","0","","02","8","2020","6","40.465039","-79.831246","","11","0","0","0","0","0","0","0","0","","0","0","0","","","1","N","3","","40 27:54.141","","0","79 49:52.487","3","0","0","0","2113","0","0","0","N","0","0","0","4","02113","0","","2.0","","1","N","N","N","0","","1","0","0","","0","","","2","1","0","0","0","0","0","2","0","2","","","","N","","","","","","","","","",""
"2020056056","","0","0","0","0","0","0","1","0","0","4","1","","02","7","2020","4","40.454076","-79.996814","","11","0","0","0","0","0","1","0","0","","0","0","0","","","1","N","1","","40 27:14.672","3","2","79 59:48.532","3","0","0","0","2301","0","0","0","N","0","0","0","2","02503","0","","1.0","1943.0","1","N","N","N","1","","1","0","0","","2","N","","2","1","0","0","0","0","0","2","0","2","","03","","N","","","","","","","","","",""
"2020026417","","1","0","0","0","0","0","0","0","0","8","0","","02","3","2020","7","40.447435","-79.942465","","11","0","0","0","0","0","0","0","0","","0","0","0","","","1","N","1","","40 26:50.767","","0","79 56:32.873","3","0","0","0","2301","1","0","0","N","1","0","0","2","02301","0","","1.0","","9","N","N","N","0","","1","0","0","","2","","","2","1","0","0","0","0","1","2","0","1","","10","","N","","","","","","","","","",""
"2020029960","","1","0","0","0","0","0","0","0","0","98","0","","02","3","2020","1","40.428821","-80.024075","","11","0","0","0","0","0","0","0","0","","0","0","0","","","0","N","1","","40 25:43.757","","0","80 01:26.669","0","0","0","0","2301","0","0","0","N","0","0","0","2","02301","0","","1.0","","1","N","N","N","0","","0","0","0","","0","","","1","0","0","0","0","0","0","2","0","1","","03","","N","","","","","","","","","",""
"2020031380","","1","0","0","0","0","0","0","0","0","7","0","","02","3","2020","7","40.440369","-79.832671","","11","0","0","0","0","0","0","0","0","","0","0","0","","","0","N","0","","40 26:25.327","3","0","79 49:57.614","9","0","0","0","2419","0","0","0","Y","0","0","0","5","68B03","0","","4.0","1656.0","9","N","N","N","0","","0","0","0","","0","N","","1","0","0","0","0","0","4","2","0","1","","","","N","","","","","","","","","",""
"2020024116","","1","0","0","0","0","0","0","0","0","7","0","","02","3","2020","7","40.356983","-79.836947","","11","0","0","0","0","0","0","0","0","","0","0","0","","","1","N","0","","40 21:25.140","5","0","79 50:13.010","2","0","0","0","2304","0","0","0","Y","0","0","0","2","02304","0","","2.0","100.0","9","N","N","N","0","","0","1","0","","0","Y","","1","1","0","0","0","0","0","2","0","1","","","","N","","","","","","","","","",""
"2020030386","","2","0","0","0","0","0","0","0","0","5","0","","02","3","2020","3","40.456429","-79.997562","","11","0","0","0","0","0","0","0","0","","0","0","0","","","0","N","0","","40 27:23.144","","0","79 59:51.224","0","0","0","0","2301","0","0","0","N","0","0","0","3","02301","0","","1.0","","1","N","N","N","0","","0","0","0","","0","","","2","0","3","0","0","0","0","2","0","2","","04","","N","","","","","","","","","",""
"2020029063","","1","0","0","0","0","0","0","0","0","7","0","","02","3","2020","5","40.511256","-80.135344","","11","0","0","0","0","1","0","0","0","","0","0","0","","","1","N","0","","40 30:40.522","","8","80 08:07.238","4","0","0","0","2110","0","0","0","Y","0","0","0","1","68B03","1","","4.0","","9","N","N","N","0","","0","0","0","","0","","","1","1","0","0","0","0","0","2","0","1","","","","N","","","","","","","","","",""
"2020030983","","1","0","0","0","0","0","0","0","0","7","0","","02","3","2020","2","40.496306","-80.004331","","11","0","0","0","0","0","1","0","0","","0","0","0","","","0","N","0","","40 29:46.700","3","0","80 00:15.590","0","0","0","0","2116","0","0","0","N","0","0","0","1","02116","0","","5.0","538.0","1","N","N","N","0","","0","0","0","","0","N","","1","0","0","0","0","0","0","2","0","1","","03","","N","","","","","","","","","",""
"2020026927","","3","0","0","0","0","0","0","0","0","1","0","","02","3","2020","6","40.425604","-79.906064","","11","0","0","0","0","0","1","0","0","","0","0","0","","","2","N","0","","40 25:32.175","4","3","79 54:21.829","3","0","0","0","2301","0","0","0","N","0","0","0","3","68B03","0","","1.0","1038.0","1","N","N","N","0","","1","0","0","","0","N","","3","2","1","0","0","1","0","2","0","3","","03","","N","","","","","","","","","",""
"2020025444","","1","0","0","0","0","0","0","0","0","1","0","","02","3","2020","4","40.441642","-80.240327","","11","0","0","0","0","0","0","0","0","","0","0","0","","","1","","1","","40 26:29.911","3","0","80 14:25.177","3","0","0","0","2214","0","0","0","N","0","0","0","2","02214","0","","1.0","1632.0","1","N","N","N","1","","1","0","0","","0","N","","2","1","0","0","0","0","0","2","0","2","","","","N","","","","","","","","","",""
"2020060317","","1","0","0","0","0","0","0","0","0","2","0","","02","7","2020","4","40.34985","-79.85495","","11","0","0","0","0","0","0","0","0","","0","0","0","","","0","N","1","","40 20:59.459","3","0","79 51:17.820","0","0","0","0","2304","0","0","0","N","0","0","0","4","02304","0","","2.0","18.0","1","N","N","N","0","","0","0","0","","3","N","","1","0","0","0","0","0","0","2","0","1","","03","","N","","","","","","","","","",""
"2020029654","","2","0","0","0","0","0","0","0","0","4","0","","02","3","2020","3","40.423997","-79.88615","","11","0","0","0","0","0","0","0","0","","0","0","0","","","0","N","0","","40 25:26.390","","7","79 53:10.140","0","0","0","0","2463","0","0","0","N","0","0","0","2","02463","0","","1.0","","9","","","N","0","","0","0","0","","0","","","2","0","1","0","0","0","0","2","0","2","","03","","N","","","","","","","","","",""
"2020065040","","1","0","0","0","0","0","0","0","0","2","0","","02","8","2020","5","40.486524","-79.837318","","11","0","0","0","1","0","0","0","0","","0","0","0","","","1","N","1","","40 29:11.486","1","0","79 50:14.344","8","0","0","0","2113","0","0","0","N","0","0","0","2","02113","0","","1.0","1320.0","1","N","N","N","0","","0","0","1","","2","Y","","2","1","0","0","0","1","0","2","0","2","","03","","N","","","","","","","","","",""
"2020026445","","1","0","0","0","0","0","0","0","0","4","0","","02","3","2020","7","40.344479","-79.884049","","11","0","0","0","0","0","1","0","0","","0","0","0","","","2","N","3","","40 20:40.126","5","3","79 53:02.577","8","0","0","0","2304","0","0","0","N","0","0","0","3","02304","0","","1.0","55.0","9","N","N","N","0","","0","0","2","","0","Y","","3","2","0","0","0","2","0","2","0","3","","07","","N","","","","","","","","","",""
"2020029790","","1","0","0","0","0","0","0","0","0","6","0","","02","3","2020","7","40.403626","-79.976988","","11","0","0","0","0","0","1","0","0","","0","0","0","","","0","N","0","","40 24:13.055","","0","79 58:37.157","0","0","0","0","2403","0","0","0","N","0","0","0","3","02403","0","","1.0","","9","N","N","Y","0","","0","0","1","","0","","","2","0","0","0","0","0","0","2","0","2","","03","","N","","","","","","","","","",""
"2020024227","","1","0","0","0","0","0","0","0","0","4","0","","02","3","2020","7","40.407358","-79.966369","","11","0","0","0","0","0","0","0","1","","0","0","0","","","1","N","0","","40 24:26.490","1","7","79 57:58.930","4","0","0","0","2301","0","0","0","N","0","0","0","2","02301","1","","4.0","1355.0","1","N","N","N","0","","0","0","0","","0","N","","2","1","0","0","0","0","0","2","1","2","","","","N","","","","","","","","","",""
"2020059303","","1","0","0","0","0","0","0","0","0","7","0","","02","7","2020","4","40.511268","-80.213849","","11","0","0","0","0","0","0","0","0","","0","0","0","","","1","N","0","","40 30:40.565","4","0","80 12:49.855","3","0","0","0","2213","0","0","0","N","0","0","0","1","02213","0","","5.0","2048.0","1","N","N","N","0","","1","0","0","","0","N","","1","1","0","0","0","0","0","2","0","1","","","","N","","","","","","","","","",""
"2020057005","","0","0","0","0","0","0","0","0","0","0","1","","02","7","2020","1","40.344739","-79.96132","","11","0","0","0","0","0","0","0","0","","0","1","0","","","1","Y","0","","40 20:41.059","6","0","79 57:40.751","8","0","0","1","2473","0","0","0","N","0","0","0","1","02473","0","","1.0","1915.0","1","N","N","N","0","","0","0","0","","7","Y","","2","1","0","0","0","1","0","2","0","2","","03","","N","","","","","","","","","",""
"2020030250","","1","0","0","0","0","0","0","0","0","7","0","","02","3","2020","7","40.428635","-79.938315","","11","0","0","0","0","0","0","0","0","","0","0","0","","","0","N","0","","40 25:43.085","3","0","79 56:17.934","0","0","0","0","2301","0","0","0","N","0","0","0","1","68B03","0","","3.0","930.0","9","N","N","N","0","","0","0","0","","0","N","","1","0","0","0","0","0","0","2","0","1","","04","","N","","","","","","","","","",""
"2020031579","","2","0","0","0","0","0","0","0","0","1","0","","02","3","2020","5","40.434424","-79.996988","","11","0","0","0","0","0","0","1","0","","0","0","0","","","1","N","0","","40 26:03.928","3","2","79 59:49.156","8","0","0","0","2301","0","0","0","N","0","0","0","4","68B03","0","","1.0","2200.0","1","N","N","N","0","","0","0","0","","0","N","","2","1","0","0","0","1","0","2","0","2","","03","","N","","","","","","","","","",""
"2020029148","","1","0","0","0","0","0","0","0","0","4","0","","02","3","2020","6","40.454882","-79.945657","","11","0","0","0","0","0","1","0","1","","0","0","0","","","0","N","0","","40 27:17.576","","7","79 56:44.366","0","0","0","0","2301","0","0","0","N","0","0","0","3","02301","0","","1.0","","1","N","N","N","0","","0","0","1","","0","","","2","0","0","0","0","0","0","2","0","2","","03","","N","","","","","","","","","",""
"2020026975","","1","0","0","0","0","0","0","0","0","7","0","","02","3","2020","2","40.419575","-80.0884","","11","0","0","0","0","0","0","0","0","","0","0","0","","","1","N","0","","40 25:10.470","","0","80 05:18.240","8","0","0","0","2457","0","0","0","N","0","0","0","1","02117","0","","5.0","","9","N","N","N","0","","0","0","0","","0","","","1","1","0","0","0","1","0","2","0","1","","","","N","","","","","","","","","",""
"2020026427","","2","0","0","0","0","0","0","0","0","1","0","","02","3","2020","3","40.50992","-80.093092","","11","0","0","0","0","0","0","0","0","","0","0","0","","","0","N","2","","40 30:35.713","","0","80 05:35.132","0","0","0","0","2429","0","0","0","N","0","0","0","4","02215","0","","1.0","","1","N","N","N","0","","0","0","0","","0","","","2","0","0","0","0","0","0","2","0","2","","","","N","","","","","","","","","",""
"2020026752","","2","0","0","0","0","0","0","0","0","1","0","","02","3","2020","2","40.456445","-79.990321","","11","0","0","0","0","0","0","0","0","","0","0","0","","","0","N","0","","40 27:23.202","","0","79 59:25.157","0","0","0","0","2301","0","0","0","N","0","0","0","3","02301","0","","1.0","","1","N","N","N","0","","0","0","0","","0","","","2","0","0","0","0","0","0","2","0","2","","","","N","","","","","","","","","",""
"2020064825","","0","0","0","0","0","0","0","0","0","0","0","","02","8","2020","4","40.46374","-79.923809","","11","0","0","0","0","0","0","0","0","","0","0","0","","","1","","1","","40 27:49.464","","0","79 55:25.712","3","0","0","1","2301","0","0","0","N","0","0","0","1","02301","0","","1.0","","1","N","N","N","0","","1","0","0","","2","N","","1","1","0","0","0","0","0","2","0","1","","","","N","","","","","","","","","",""
"2020026662","","3","0","0","0","0","0","0","0","0","2","0","","02","3","2020","1","40.475533","-80.024089","","11","0","0","0","0","0","0","0","0","","0","0","0","","","0","N","0","","40 28:31.920","","0","80 01:26.720","9","0","0","0","2301","0","0","0","N","0","0","0","1","02301","0","","6.0","","9","N","N","N","0","","0","0","1","","0","","","4","0","0","0","0","0","1","2","0","4","","03","","N","","","","","","","","","",""
"2020062287","","1","0","0","0","0","0","0","0","0","5","0","","02","8","2020","3","40.469857","-79.897999","","11","0","0","0","0","0","0","0","0","","0","0","0","","","0","N","0","","40 28:11.485","","0","79 53:52.797","0","0","0","0","2301","0","0","0","N","0","0","0","3","02301","0","","1.0","","1","N","N","N","1","","0","0","0","","0","N","","2","0","0","0","0","0","0","2","0","2","","","","N","","","","","","","","","",""
"2020063388","","2","0","0","0","0","0","0","0","0","2","0","","02","8","2020","7","40.462519","-79.840714","","11","0","0","0","0","0","0","0","0","","0","0","0","","","2","N","2","","40 27:45.070","","0","79 50:26.569","3","0","0","0","2113","0","0","0","N","0","0","0","5","02113","0","","1.0","","1","N","N","N","0","","2","0","0","","0","","","2","2","0","0","0","0","0","2","0","2","","03","","N","","","","","","","","","",""
"2020059899","","1","0","0","0","0","0","0","0","0","7","0","","02","7","2020","7","40.415593","-80.011138","","11","0","0","0","0","0","0","0","0","","0","0","0","","","1","N","2","","40 24:56.134","4","0","80 00:40.096","2","0","0","0","2301","0","0","0","N","0","0","0","2","02301","0","","4.0","2226.0","1","N","N","N","0","","0","1","0","","0","N","","1","1","2","0","1","0","0","2","0","1","","","","N","","","","","","","","","",""
"2020034244","","1","0","0","0","0","0","0","0","0","7","0","","02","3","2020","6","40.442419","-79.788296","","11","0","0","0","0","0","0","0","0","","0","0","0","","","0","N","0","","40 26:32.710","","0","79 47:17.865","0","0","0","0","2446","0","0","0","N","0","0","0","1","68B03","0","","4.0","","9","N","N","N","0","","0","0","0","","0","","","1","0","0","0","0","0","0","2","0","1","","","","N","","","","","","","","","",""
"2020026964","","0","0","0","0","0","0","0","0","0","1","0","","02","3","2020","1","40.545801","-80.016622","","11","0","0","0","0","0","1","0","0","","0","0","0","","","2","N","1","","40 32:44.885","","0","80 00:59.838","3","0","0","0","2116","0","0","0","N","0","0","0","3","02116","0","","1.0","","1","N","N","N","0","","2","0","2","","2","N","","2","2","1","0","0","0","0","2","0","2","","","","N","","","","","","","","","",""
"2020026004","","3","0","0","0","0","0","0","0","0","1","0","","02","3","2020","3","40.411381","-80.075551","","11","0","0","0","0","0","1","0","0","","0","0","0","","","0","N","0","","40 24:40.973","","0","80 04:31.984","0","0","0","0","2117","0","0","0","N","0","0","0","3","68B03","0","","1.0","","1","N","N","N","0","","0","0","0","","0","","","3","0","0","0","0","0","0","2","0","3","","","","N","","","","","","","","","",""
"2020061392","","0","0","0","0","0","0","0","0","0","1","1","","02","8","2020","1","40.33838","-79.805766","","11","0","0","0","0","0","0","0","0","","0","0","0","","","0","N","0","","40 20:18.167","2","0","79 48:20.756","0","0","0","0","2477","0","0","0","N","0","0","0","2","02477","0","","1.0","1440.0","1","N","N","N","1","","0","0","1","","0","N","","2","0","0","0","0","0","0","2","0","2","","","","N","","","","","","","","","",""
"2020028257","","0","0","0","0","0","0","0","0","0","4","0","","02","3","2020","7","40.369842","-79.779061","","11","0","0","0","0","0","0","0","0","","0","0","0","","","1","N","0","","40 22:11.430","6","7","79 46:44.620","3","0","0","0","2111","0","0","0","N","0","0","0","4","02111","0","","1.0","1130.0","1","N","N","N","2","","1","0","0","","0","N","","2","1","1","0","0","0","0","2","0","2","","03","","N","","","","","","","","","",""
"2020026469","","1","0","0","0","0","0","1","0","0","4","1","","02","3","2020","7","40.46248","-79.927828","","11","0","0","0","0","0","0","0","1","","0","0","0","","","0","N","1","","40 27:44.927","3","0","79 55:40.181","0","0","0","0","2301","0","0","0","N","0","0","0","2","02503","0","","1.0","1415.0","1","N","N","N","0","","0","0","0","","2","N","","2","0","0","0","0","0","0","2","0","2","","03","","N","","","","","","","","","",""
"2020030286","","2","0","0","0","0","0","0","0","0","1","0","","02","3","2020","2","40.366657","-80.014446","","11","0","0","0","0","0","0","0","0","","0","0","0","","","1","N","1","","40 21:59.965","","0","80 00:52.006","3","0","0","0","2416","0","0","0","N","0","0","0","2","02416","0","","1.0","","1","N","N","N","0","","1","0","0","","0","","","2","1","0","0","0","0","0","2","0","2","","","","N","","","","","","","","","",""
"2020027537","","1","0","0","0","0","0","0","0","0","4","0","","02","3","2020","5","40.500044","-80.221987","","11","0","0","1","0","0","0","0","0","","0","0","0","","","0","","1","","40 30:00.157","","0","80 13:19.152","0","0","0","0","2213","0","0","0","N","0","0","0","2","02213","0","","1.0","","1","N","N","N","1","","0","0","0","","2","","","2","0","0","0","0","0","0","2","0","2","","03","","N","","","","","","","","","",""
"2020035201","","1","0","0","0","0","0","0","0","0","7","0","","02","3","2020","4","40.498068","-79.944879","","11","0","0","0","0","0","1","0","0","","0","0","0","","","0","N","2","","40 29:53.044","2","0","79 56:41.564","9","0","0","0","2430","0","0","0","N","0","0","0","1","02430","0","","5.0","1500.0","1","N","N","N","0","","0","0","0","","3","Y","","1","0","1","0","0","0","1","2","0","1","","","","N","","","","","","","","","",""
"2020024601","","1","0","0","0","0","0","0","0","0","7","0","","02","3","2020","1","40.400431","-79.833771","","11","0","0","0","0","0","0","0","0","","0","0","0","","","0","N","0","","40 24:01.552","","0","79 50:01.575","0","0","0","0","2467","0","0","0","N","0","0","0","2","02467","0","","3.0","","1","N","N","N","0","","0","0","0","","2","","","1","0","0","0","0","0","0","2","0","1","","03","","N","","","","","","","","","",""
"2020059539","","1","0","0","0","0","0","0","0","0","7","0","","02","7","2020","2","40.3402","-79.838626","","11","0","0","0","0","0","0","0","0","","0","0","0","","","0","","2","","40 20:24.721","","0","79 50:19.053","9","0","0","0","2304","0","0","0","N","0","0","0","2","02304","0","","2.0","","1","N","N","N","0","","0","0","0","","0","","","1","0","0","0","0","0","1","2","0","1","","03","","N","","","","","","","","","",""
"2020060495","","1","0","0","0","0","0","0","0","0","7","0","","02","7","2020","5","40.461548","-79.781696","","11","0","0","0","0","0","0","0","0","","0","0","0","","","2","N","0","","40 27:41.571","1","7","79 46:54.107","8","0","0","0","2113","0","0","0","Y","0","0","0","2","02113","0","","4.0","1520.0","1","N","N","N","0","","0","0","0","","8","N","","1","2","0","0","0","2","0","2","0","1","","03","","N","","","","","","","","","",""
"2020060166","","1","0","0","0","0","0","0","0","0","4","0","","02","7","2020","3","40.378608","-80.002523","","11","0","0","0","0","0","0","1","0","","0","0","0","","","0","N","0","","40 22:42.990","","0","80 00:09.082","0","0","0","0","2301","0","0","0","N","0","0","0","2","02301","0","","1.0","","1","N","N","N","0","","0","0","1","","0","","","2","0","0","0","0","0","0","2","0","2","","03","","N","","","","","","","","","",""
"2020030334","","2","0","0","0","0","0","0","0","0","1","0","","02","3","2020","3","40.476094","-80.051728","","11","0","0","0","0","0","0","0","0","","0","0","0","","","0","N","0","","40 28:33.937","","3","80 03:06.221","0","0","0","0","2122","0","0","0","N","0","0","0","3","02301","0","","1.0","","1","N","N","N","1","","0","0","0","","0","","","3","0","0","0","0","0","0","2","0","3","","","","N","","","","","","","","","",""
"2020064633","","1","0","0","0","0","0","0","0","0","1","1","","02","8","2020","3","40.429084","-79.940771","","11","0","0","0","0","0","1","0","0","","0","1","0","","","1","N","0","","40 25:44.703","3","0","79 56:26.776","3","0","0","0","2301","0","0","0","N","0","0","0","2","68B03","0","","1.0","1628.0","1","N","N","N","0","","1","0","0","","0","N","","2","1","0","0","0","0","0","2","0","2","","03","","N","","","","","","","","","",""
"2020026937","","1","0","0","0","0","0","0","0","0","7","0","","02","3","2020","1","40.425479","-79.906853","","11","0","0","0","0","0","0","0","0","","0","0","0","","","0","N","0","","40 25:31.725","","0","79 54:24.669","0","0","0","0","2301","0","0","0","N","0","0","0","2","68B03","0","","4.0","","9","N","N","N","0","","0","0","0","","0","","","2","0","0","0","0","0","0","2","0","1","","","","N","","","","","","","","","",""
"2020050686","","0","0","0","0","0","0","0","0","0","7","0","","02","6","2020","1","40.324868","-79.809744","","11","0","0","0","1","0","0","0","0","","0","0","0","","","0","N","0","","40 19:29.525","5","0","79 48:35.077","0","0","0","0","2477","0","0","0","N","0","0","0","2","02477","0","","5.0","1700.0","1","N","N","N","0","","0","0","0","","0","Y","","1","0","0","0","0","0","0","2","1","1","","","","N","","","","","","","","","",""