"CRN","ARRIVAL_TM","AUTOMOBILE_COUNT","BELTED_DEATH_COUNT","BELTED_SUSP_SERIOUS_INJ_COUNT","BICYCLE_COUNT","BICYCLE_DEATH_COUNT","BICYCLE_SUSP_SERIOUS_INJ_COUNT","BUS_COUNT","CHLDPAS_DEATH_COUNT","CHLDPAS_SUSP_SERIOUS_INJ_COUNT","COLLISION_TYPE","COMM_VEH_COUNT","CONS_ZONE_SPD_LIM","COUNTY","CRASH_MONTH","CRASH_YEAR","DAY_OF_WEEK","DEC_LATITUDE","DEC_LONGITUDE","DISPATCH_TM","DISTRICT","DRIVER_COUNT_16YR","DRIVER_COUNT_17YR","DRIVER_COUNT_18YR","DRIVER_COUNT_19YR","DRIVER_COUNT_20YR","DRIVER_COUNT_50_64YR","DRIVER_COUNT_65_74YR","DRIVER_COUNT_75PLUS","EST_HRS_CLOSED","FATAL_COUNT","HEAVY_TRUCK_COUNT","HORSE_BUGGY_COUNT","HOUR_OF_DAY","ILLUMINATION","INJURY_COUNT","INTERSECTION_RELATED","INTERSECT_TYPE","LANE_CLOSED","LATITUDE","LN_CLOSE_DIR","LOCATION_TYPE","LONGITUDE","MAX_SEVERITY_LEVEL","MCYCLE_DEATH_COUNT","MCYCLE_SUSP_SERIOUS_INJ_COUNT","MOTORCYCLE_COUNT","MUNICIPALITY","NONMOTR_COUNT","NONMOTR_DEATH_COUNT","NONMOTR_SUSP_SERIOUS_INJ_COUNT","NTFY_HIWY_MAINT","PED_COUNT","PED_DEATH_COUNT","PED_SUSP_SERIOUS_INJ_COUNT","PERSON_COUNT","POLICE_AGCY","POSSIBLE_INJ_COUNT","RDWY_SURF_TYPE_CD","RELATION_TO_ROAD","ROADWAY_CLEARED","ROAD_CONDITION","SCH_BUS_IND","SCH_ZONE_IND","SECONDARY_CRASH","SMALL_TRUCK_COUNT","SPEC_JURIS_CD","SUSP_MINOR_INJ_COUNT","SUSP_SERIOUS_INJ_COUNT","SUV_COUNT","TCD_FUNC_CD","TCD_TYPE","TFC_DETOUR_IND","TIME_OF_DAY","TOTAL_UNITS","TOT_INJ_COUNT","UNBELTED_OCC_COUNT","UNB_DEATH_COUNT","UNB_SUSP_SERIOUS_INJ_COUNT","UNK_INJ_DEG_COUNT","UNK_INJ_PER_COUNT","URBAN_RURAL","VAN_COUNT","VEHICLE_COUNT","WEATHER1","WEATHER2","WORKERS_PRES","WORK_ZONE_IND","WORK_ZONE_LOC","WORK_ZONE_TYPE","WZ_CLOSE_DETOUR","WZ_FLAGGER","WZ_LAW_OFFCR_IND","WZ_LN_CLOSURE","WZ_MOVING","WZ_OTHER","WZ_SHLDER_MDN","WZ_WORKERS_INJ_KILLED"
"2020065364","1210","4","0","0","0","0","0","0","0","0","1","0","","02","8","2020","6","40.264584","-79.878596","1206","11","0","0","0","0","0","2","1","0","","0","0","0","","","1","N","1","","40 15:52.503","2","0","79 52:42.944","4","0","0","0","2105","0","0","0","N","0","0","0","4","02105","1","","1.0","1239.0","1","N","N","N","0","","0","0","0","","2","N","","4","1","0","0","0","0","0","1","0","4","","03","","N","","","","","","","","","",""
"2020033531","1445","0","0","0","0","0","0","0","0","0","4","0","","02","4","2020","7","40.442145","-80.004086","1441","11","0","0","0","0","0","0","0","0","","0","0","0","","","0","","1","","40 26:31.723","","0","80 00:14.709","0","0","0","0","2301","0","0","0","N","0","0","0","3","02301","0","","1.0","","1","N","N","N","1","","0","0","1","","2","","","2","0","3","0","0","0","0","2","0","2","","03","","N","","","","","","","","","",""
"2020032461","0819","2","0","0","0","0","0","0","0","0","6","0","","02","4","2020","2","40.396111","-79.821111","0817","11","0","0","0","0","0","1","1","0","","0","0","0","","","0","N","0","","40 23:46.000","6","0","79 49:16.000","0","0","0","0","2111","0","0","0","N","0","0","0","3","02111","0","","1.0","909.0","9","N","N","N","0","","0","0","0","","0","Y","","2","0","0","0","0","0","0","2","0","2","","","","N","","","","","","","","","",""
"2020063887","0921","2","0","0","0","0","0","0","0","0","1","0","","02","8","2020","2","40.511928","-80.102802","0919","11","0","0","0","0","0","0","1","0","","0","0","0","","","0","N","2","","40 30:42.940","1","0","80 06:10.088","0","0","0","0","2429","0","0","0","N","0","0","0","3","02215","0","","1.0","955.0","1","N","N","N","1","","0","0","0","","0","N","","3","0","0","0","0","0","0","2","0","3","","03","","N","","","","","","","","","",""
"2020064231","0051","2","0","0","0","0","0","0","0","0","4","0","","02","8","2020","7","40.490231","-80.12538","0043","11","0","0","0","0","0","0","1","0","","0","0","0","","","2","N","0","","40 29:24.831","1","0","80 07:31.369","3","0","0","0","2126","0","0","0","N","0","0","0","2","68B03","0","","1.0","140.0","1","N","N","N","0","","2","0","0","","0","N","","2","2","0","0","0","0","0","2","0","2","","03","","N","","","","","","","","","",""
"2020065727","2121","2","0","0","0","0","0","0","0","0","3","0","","02","8","2020","7","40.471525","-79.868605","2116","11","0","0","0","0","0","0","0","0","","0","0","0","","","0","N","0","","40 28:17.491","","0","79 52:06.977","0","0","0","0","2113","0","0","0","N","0","0","0","2","02113","0","","1.0","","1","N","N","N","0","","0","0","0","","0","","","2","0","2","0","0","0","0","2","0","2","","03","","N","","","","","","","","","",""
"2020044480","2225","1","0","0","0","0","0","0","0","0","7","0","","02","6","2020","1","40.444469","-80.099084","2221","11","0","0","0","0","0","0","0","0","","0","0","0","","","1","N","0","","40 26:40.090","","0","80 05:56.703","8","0","0","0","2115","0","0","0","N","0","0","0","2","02115","0","","5.0","","1","N","N","N","0","","0","0","0","","0","N","","1","1","0","0","0","1","0","2","0","1","","","","N","","","","","","","","","",""
"2020065655","1609","1","0","0","0","0","0","0","0","0","8","0","","02","8","2020","6","40.350278","-79.856272","1607","11","0","0","0","0","0","0","0","0","","0","0","0","","","1","N","1","","40 21:01.000","","0","79 51:22.579","2","0","0","0","2304","1","0","1","N","1","0","1","3","02304","0","","1.0","","1","N","N","N","0","","0","1","0","","3","","","2","1","0","0","0","0","0","2","0","1","","03","","N","","","","","","","","","",""
"2020064349","2116","0","0","0","0","0","0","0","0","0","4","0","","02","8","2020","2","40.41761","-79.975583","2114","11","0","0","0","0","0","0","0","0","","0","0","0","","","0","N","0","","40 25:03.397","","0","79 58:32.100","0","0","0","0","2301","0","0","0","N","0","0","0","1","02301","0","","1.0","","1","N","N","N","0","","0","0","2","","0","","","2","0","0","0","0","0","0","2","0","2","","","","N","","","","","","","","","",""
"2020063327","0752","2","0","0","0","0","0","0","0","0","4","1","","02","8","2020","6","40.34889","-79.939012","0750","11","0","0","0","0","0","1","0","0","","0","1","0","","","0","","2","","40 20:56.003","4","0","79 56:20.443","0","0","0","0","2473","0","0","0","N","0","0","0","4","02473","0","","1.0","1004.0","1","N","N","Y","0","","0","0","0","","2","Y","","3","0","0","0","0","0","0","2","0","3","","03","","N","","","","","","","","","",""
"2020032200","1533","2","0","0","0","0","0","0","0","0","1","0","","02","4","2020","6","40.422483","-80.003888","1529","11","0","0","0","0","1","0","0","0","","0","0","0","","","0","N","0","","40 25:20.937","","4","80 00:13.997","0","0","0","0","2301","0","0","0","N","0","0","0","2","02301","0","","1.0","","1","N","N","N","0","","0","0","0","","2","","","2","0","0","0","0","0","0","2","0","2","","","","N","","","","","","","","","",""
"2020032936","1337","1","0","0","0","0","0","0","0","0","4","0","","02","4","2020","3","40.408918","-79.905039","1334","11","0","0","0","0","0","1","0","0","","0","0","0","","","0","N","0","","40 24:32.103","2","7","79 54:18.142","0","0","0","0","2448","0","0","0","N","0","0","0","2","02448","0","","1.0","1355.0","1","N","N","N","0","","0","0","1","","0","N","","2","0","0","0","0","0","0","2","0","2","","04","","N","","","","","","","","","",""
"2020030372","0213","1","0","0","0","0","0","0","0","0","7","0","","02","3","2020","7","40.49165","-79.891929","0146","11","0","0","0","0","0","1","0","0","","0","0","0","","","1","N","0","","40 29:29.940","","0","79 53:30.943","4","0","0","0","2301","0","0","0","N","0","0","0","1","68D02","1","","4.0","","9","N","N","N","0","","0","0","0","","0","","","1","1","0","0","0","0","0","2","0","1","","","","N","","","","","","","","","",""
"2020051286","2315","2","0","0","0","0","0","0","0","0","2","0","","02","6","2020","3","40.525148","-79.839089","2314","11","0","0","0","0","0","0","0","0","","0","0","0","","","0","N","0","","40 31:30.531","","0","79 50:20.720","0","0","0","0","2451","0","0","0","N","0","0","0","1","02451","0","","5.0","","1","N","N","N","0","","0","0","1","","0","","","3","0","0","0","0","0","0","2","0","3","","","","N","","","","","","","","","",""
"2020064442","2050","0","0","0","0","0","0","0","0","0","98","0","","02","8","2020","3","40.313755","-80.089712","2048","11","0","0","0","0","0","0","0","0","","0","1","0","","","0","N","1","","40 18:49.517","","0","80 05:22.963","0","0","0","0","2123","0","0","0","N","0","0","0","2","02123","0","","1.0","","1","N","N","N","0","","0","0","0","","0","","","1","0","0","0","0","0","0","2","0","1","","","","N","","","","","","","","","",""
"2020066988","1535","1","0","0","0","0","0","0","0","0","0","0","","02","8","2020","3","40.614502","-79.974488","1530","11","0","0","0","0","0","0","0","0","","0","0","0","","","1","N","0","","40 36:52.208","","0","79 58:28.155","8","0","0","0","2217","0","0","0","N","0","0","0","1","68T02","0","","1.0","","1","N","N","N","0","","0","0","0","","0","","","1","1","0","0","0","1","0","2","0","1","","03","","N","","","","","","","","","",""
"2020064868","1150","0","0","0","0","0","0","0","0","0","0","2","55","02","8","2020","4","40.489576","-79.781013","1128","11","0","0","0","0","0","1","0","0","","0","2","0","","","0","N","0","","40 29:22.473","","0","79 46:51.647","0","0","0","0","2466","0","0","0","N","0","0","0","5","68T02","0","","1.0","","1","N","N","N","0","","0","0","1","","8","","","5","0","0","0","0","0","0","2","1","4","","","Y","Y","4","1","N","N","N","N","N","N","Y","N"
"2020028832","2246","0","0","0","0","0","0","0","0","0","7","0","","02","3","2020","6","40.222569","-79.964268","2234","11","0","0","0","0","0","0","0","0","","0","0","0","","","5","N","0","","40 13:21.250","5","0","79 57:51.364","2","0","0","0","2204","0","0","0","N","0","0","0","6","02204","0","","5.0","23.0","9","N","N","N","1","","2","2","0","","0","Y","","1","5","0","0","0","1","0","1","0","1","","","","N","","","","","","","","","",""
"2020061447","1850","1","0","0","0","0","0","0","0","0","1","1","","02","8","2020","1","40.458242","-79.999272","1812","11","0","0","0","0","0","1","1","0","","0","1","0","","","0","N","6","","40 27:29.672","","2","79 59:57.378","0","0","0","0","2301","0","0","0","N","0","0","0","2","02301","0","","1.0","","1","N","N","N","0","","0","0","0","","3","","","2","0","0","0","0","0","0","2","0","2","","","","N","","","","","","","","","",""
"2020066028","1800","2","0","0","0","0","0","0","0","0","4","0","","02","8","2020","1","40.442354","-79.760074","1753","11","0","1","0","1","0","0","0","0","","0","0","0","","","0","N","3","","40 26:32.474","","0","79 45:36.267","0","0","0","0","2446","0","0","0","N","0","0","0","3","02446","0","","1.0","","1","N","N","N","0","","0","0","0","","3","","","2","0","0","0","0","0","0","2","0","2","","03","","N","","","","","","","","","",""
"2020065136","2010","1","0","0","0","0","0","0","0","0","7","0","","02","8","2020","4","40.468696","-79.962271","2001","11","0","0","0","0","0","0","0","0","","0","0","0","","","0","N","1","","40 28:07.304","","7","79 57:44.174","0","0","0","0","2301","0","0","0","N","0","0","0","2","02301","0","","2.0","","1","N","N","N","1","","0","0","0","","2","N","","2","0","0","0","0","0","0","2","0","2","","03","","N","","","","","","","","","",""
"2020031465","0841","1","0","0","0","0","0","0","0","0","7","0","","02","4","2020","3","40.354286","-79.836504","0840","11","0","0","0","0","0","0","0","0","","0","0","0","","","1","Y","0","","40 21:15.428","4","0","79 50:11.414","4","0","0","0","2304","0","0","0","N","0","0","0","1","02304","1","","2.0","849.0","1","N","N","N","0","","0","0","0","","0","Y","","1","1","0","0","0","0","0","2","0","1","","03","","N","","","","","","","","","",""
"2020063086","1344","2","0","0","0","0","0","0","0","0","1","1","","02","8","2020","6","40.428658","-79.930829","1337","11","0","0","0","0","0","0","0","0","","0","1","0","","","2","N","0","","40 25:43.168","","2","79 55:50.986","3","0","0","0","2301","0","0","0","N","0","0","0","4","02301","0","","1.0","","1","N","N","N","0","","2","0","0","","4","","","3","2","0","0","0","0","0","2","0","3","","03","","N","","","","","","","","","",""
"2020028880","0917","0","0","0","0","0","0","0","0","0","4","0","","02","3","2020","3","40.321064","-79.893413","0915","11","0","0","0","0","0","1","0","0","","0","0","0","","","0","","11","","40 19:15.830","","0","79 53:36.286","0","0","0","0","2433","0","0","0","N","0","0","0","1","02433","0","","1.0","","1","N","N","N","1","","0","0","0","","9","","","2","0","0","0","0","0","0","2","0","1","","04","","N","","","","","","","","","",""
"2020065660","2040","0","0","0","0","0","0","0","0","0","0","0","","02","8","2020","6","40.367869","-80.039221","2040","11","0","0","0","0","0","0","0","0","","0","0","0","","","0","N","0","","40 22:04.327","","0","80 02:21.196","0","0","0","0","2109","0","0","0","N","0","0","0","2","02109","0","","1.0","","1","N","N","N","0","","0","0","1","","0","","","1","0","0","0","0","0","0","2","0","1","","03","","N","","","","","","","","","",""
"2020033977","2018","1","0","0","0","0","0","0","0","0","7","0","","02","4","2020","2","40.35335","-79.844728","2013","11","0","0","0","0","0","0","0","0","","0","0","0","","","0","Y","0","","40 21:12.059","","0","79 50:41.020","0","0","0","0","2304","0","0","0","N","0","0","0","1","02304","0","","4.0","","1","N","N","N","0","","0","0","0","","0","","","1","0","0","0","0","0","0","2","0","1","","03","","N","","","","","","","","","",""
"2020062074","0925","0","0","0","0","0","0","0","0","0","0","1","","02","8","2020","2","40.280239","-80.001283","0910","11","0","0","0","0","0","1","0","0","","0","1","0","","","1","","2","","40 16:48.861","4","0","80 00:04.618","3","0","0","0","2219","0","0","0","N","0","0","0","1","02219","0","","1.0","1220.0","1","N","N","N","0","","1","0","0","","0","N","","1","1","0","0","0","0","0","2","0","1","","","","N","","","","","","","","","",""
"2020030552","1247","1","0","0","0","0","0","0","0","0","1","0","","02","4","2020","4","40.334977","-79.81154","1244","11","0","0","0","0","0","1","1","0","","0","0","0","","","0","N","2","","40 20:05.917","1","0","79 48:41.544","0","0","0","0","2477","0","0","0","N","0","0","0","2","02477","0","","1.0","1300.0","1","N","N","N","0","","0","0","1","","0","N","","2","0","0","0","0","0","0","2","0","2","","","","N","","","","","","","","","",""
"2020032135","2329","1","0","0","0","0","0","0","0","0","7","0","","02","4","2020","6","40.46212","-80.030732","2323","11","0","0","0","0","0","0","0","0","","0","0","0","","","0","N","1","","40 27:43.633","1","2","80 01:50.635","9","0","0","0","2301","0","0","0","Y","0","0","0","1","02301","0","","2.0","2357.0","1","N","N","N","0","","0","0","0","","2","N","","1","0","0","0","0","0","1","2","0","1","","03","","N","","","","","","","","","",""
"2020043571","1553","0","0","0","0","0","0","0","0","0","1","0","","02","4","2020","5","40.550828","-80.088012","1545","11","0","0","0","0","1","0","0","0","","0","0","0","","","0","N","2","","40 33:02.982","3","0","80 05:16.843","0","0","0","0","2215","0","0","0","N","0","0","0","2","02215","0","","1.0","1625.0","1","N","N","N","0","","0","0","2","","0","N","","2","0","0","0","0","0","0","2","0","2","","03","","N","","","","","","","","","",""
"2020040985","0418","0","0","0","0","0","0","0","0","0","7","0","","02","4","2020","3","40.573554","-80.219237","0416","11","0","0","0","1","0","0","0","0","","0","0","0","","","0","N","0","","40 34:24.794","2","0","80 13:09.253","0","0","0","0","2441","0","0","0","N","0","0","0","1","02441","0","","2.0","437.0","1","N","N","N","0","","0","0","1","","0","N","","1","0","0","0","0","0","0","2","0","1","","03","","N","","","","","","","","","",""
"2020047973","1452","1","0","0","0","0","0","0","0","0","7","0","","02","6","2020","6","40.57086","-79.995921","1445","11","0","0","0","0","0","0","0","0","","0","0","0","","","0","N","0","","40 34:15.096","","0","79 59:45.317","0","0","0","0","2108","0","0","0","N","0","0","0","1","02108","0","","2.0","","1","N","N","N","0","","0","0","0","","0","","","1","0","0","0","0","0","0","2","0","1","","03","","N","","","","","","","","","",""
"2020066993","0611","1","0","0","0","0","0","0","0","0","1","0","","02","5","2020","5","40.425743","-79.901524","0547","11","0","0","0","1","0","0","0","0","","1","0","0","","","2","N","0","","40 25:32.673","3","0","79 54:05.487","1","0","0","0","2301","0","0","0","N","0","0","0","4","68B03","0","2","1.0","942.0","9","N","N","N","1","0","2","0","0","","0","Y","","2","2","0","0","0","0","0","2","0","2","","","","N","","","","","","","","","",""
"2020033501","2123","2","0","0","0","0","0","0","0","0","2","0","","02","4","2020","7","40.468008","-79.990342","2113","11","0","0","0","0","0","0","0","0","","0","0","0","","","0","Y","0","","40 28:04.830","","0","79 59:25.230","0","0","0","0","2301","0","0","0","N","0","0","0","2","02301","0","","6.0","","1","N","N","N","0","","0","0","0","","0","","","2","0","2","0","0","0","0","2","0","2","","03","","N","","","","","","","","","",""
"2020066415","0850","2","0","0","0","0","0","0","0","0","4","0","","02","8","2020","2","40.380517","-79.808018","0847","11","0","0","0","0","0","0","0","0","","0","0","0","","","0","","1","","40 22:49.861","","0","79 48:28.864","0","0","0","0","2424","0","0","0","N","0","0","0","3","02424","0","","1.0","","1","N","N","N","0","","0","0","0","","3","N","","2","0","0","0","0","0","0","2","0","2","","","","N","","","","","","","","","",""
"2020030625","1904","0","0","0","0","0","0","0","0","0","4","0","","02","4","2020","4","40.464797","-79.894969","1854","11","0","1","1","0","0","0","0","0","","0","0","0","","","3","N","0","","40 27:53.270","6","0","79 53:41.890","3","0","0","1","2301","0","0","0","N","0","0","0","3","02301","0","","1.0","1935.0","1","N","N","N","0","","2","0","1","","0","Y","","2","3","0","0","0","1","0","2","0","2","","03","","N","","","","","","","","","",""
"2020030838","0219","0","0","0","0","0","0","0","0","0","7","0","","02","4","2020","6","40.445567","-80.030237","0212","11","0","0","0","0","0","0","0","0","","0","0","0","","","0","N","0","","40 26:44.042","6","0","80 01:48.852","0","0","0","0","2301","0","0","0","N","0","0","0","1","02301","0","","2.0","236.0","1","N","N","N","0","","0","0","1","","0","N","","1","0","0","0","0","0","0","2","0","1","","03","","N","","","","","","","","","",""
"2020033409","0720","1","0","0","0","0","0","0","0","0","7","0","","02","4","2020","7","40.415858","-79.974575","0713","11","0","0","0","0","0","0","0","0","","0","0","0","","","0","N","0","","40 24:57.090","7","99","79 58:28.470","0","0","0","0","2301","0","0","0","N","0","0","0","1","02301","0","","5.0","750.0","1","N","N","N","0","","0","0","0","","3","N","","1","0","0","0","0","0","0","2","0","1","","04","","N","","","","","","","","","",""
"2020065086","1252","0","0","0","0","0","0","0","0","0","4","0","","02","8","2020","5","40.637998","-80.06342","1249","11","0","0","0","0","0","0","1","0","","0","0","0","","","1","","1","","40 38:16.792","1","0","80 03:48.312","8","0","0","0","2216","0","0","0","N","0","0","0","2","02505","0","","1.0","1315.0","1","N","N","N","0","","0","0","2","","2","Y","","2","1","0","0","0","1","1","2","0","2","","","","N","","","","","","","","","",""
"2020063099","1513","0","0","0","0","0","0","0","0","0","7","0","","02","8","2020","6","40.353225","-79.837325","1511","11","0","0","0","0","0","0","0","0","","0","0","0","","","0","N","2","","40 21:11.610","4","0","79 50:14.369","0","0","0","0","2304","0","0","0","N","0","0","0","2","02304","0","","2.0","1536.0","1","N","N","N","0","","0","0","1","","2","N","","1","0","0","0","0","0","0","2","0","1","","03","","N","","","","","","","","","",""
"2020037179","1811","1","0","0","0","0","0","0","0","0","4","0","","02","4","2020","6","40.500108","-80.219302","1809","11","0","0","0","0","0","0","0","0","","0","0","0","","","2","N","1","","40 30:00.389","4","0","80 13:09.486","3","0","0","0","2213","0","0","0","N","0","0","0","2","02213","0","","1.0","1847.0","9","N","N","N","0","","2","0","0","","2","Y","","2","2","0","0","0","0","0","2","1","2","","","","N","","","","","","","","","",""
"2020029925","0110","0","0","0","0","0","0","0","0","0","7","0","","02","3","2020","1","40.434607","-79.995371","0108","11","0","0","0","0","0","1","0","0","","0","0","0","","","2","N","0","","40 26:04.585","1","8","79 59:43.334","3","0","0","0","2301","0","0","0","Y","0","0","0","2","02301","0","","3.0","138.0","9","N","N","N","0","","2","0","1","","0","N","","1","2","1","0","0","0","0","2","0","1","","98","","N","","","","","","","","","",""
"2020066929","1601","1","0","0","0","0","0","0","0","0","4","0","","02","8","2020","4","40.239195","-79.866337","1601","11","0","0","0","0","0","0","0","0","","0","0","0","","","3","N","2","","40 14:21.101","1","0","79 51:58.813","3","0","0","0","2204","0","0","0","N","0","0","0","6","02105","0","","1.0","1650.0","1","N","N","N","0","","3","0","1","","0","Y","","2","3","0","0","0","0","2","1","0","2","","03","","N","","","","","","","","","",""
"2020031860","1304","1","0","0","0","0","0","0","0","0","7","0","","02","4","2020","4","40.354447","-79.814486","1301","11","0","0","0","0","0","0","0","0","","0","0","0","","","0","N","0","","40 21:16.010","","0","79 48:52.150","0","0","0","0","2477","0","0","0","N","0","0","0","1","02477","0","","5.0","","1","N","N","N","0","","0","0","0","","0","","","1","0","0","0","0","0","0","2","0","1","","","","N","","","","","","","","","",""
"2020065602","0917","0","0","0","0","0","0","0","0","0","7","1","90","02","8","2020","7","40.423854","-80.017854","0905","11","0","0","0","0","0","1","0","0","","0","1","0","","","1","N","0","","40 25:25.875","","0","80 01:04.276","4","0","0","0","2301","0","0","0","N","0","0","0","1","02301","1","","4.0","","1","N","N","Y","0","","0","0","0","","0","","","1","1","0","0","0","0","0","2","0","1","","03","N","Y","5","2","","","N","","","","","N"
"2020034145","0846","0","0","0","0","0","0","0","0","0","1","0","","02","4","2020","3","40.406379","-79.826847","0844","11","0","0","0","0","0","1","0","0","","0","0","0","","","2","N","1","","40 24:22.965","","0","79 49:36.649","8","0","0","0","2467","0","0","0","N","0","0","0","2","02467","0","","1.0","","1","N","N","N","0","","0","0","2","","2","","","2","2","0","0","0","2","0","2","0","2","","","","N","","","","","","","","","",""
"2020048438","1840","1","0","0","0","0","0","0","0","0","4","0","","02","6","2020","1","40.454141","-79.906256","1838","11","0","0","0","0","0","1","0","0","","0","0","0","","","1","N","1","","40 27:14.906","","0","79 54:22.522","4","0","0","0","2301","0","0","0","N","0","0","0","3","02301","1","","1.0","","1","N","N","N","0","","0","0","1","","3","","","2","1","0","0","0","0","0","2","0","2","","03","","N","","","","","","","","","",""
"2020052243","1915","1","0","0","0","0","0","0","0","0","1","0","","02","6","2020","7","40.460054","-79.945995","1910","11","0","0","0","0","0","1","0","0","","0","0","0","","","0","","1","","40 27:36.194","","0","79 56:45.582","9","0","0","0","2301","0","0","0","N","0","0","0","2","02301","0","","1.0","","1","N","N","N","0","","0","0","1","","2","","","2","0","0","0","0","0","1","2","0","2","","03","","N","","","","","","","","","",""
"2020063656","1228","2","0","0","0","0","0","0","0","0","4","0","","02","8","2020","1","40.597126","-79.930321","1226","11","0","1","0","0","0","0","0","0","","0","0","0","","","0","","2","","40 35:49.652","1","0","79 55:49.157","0","0","0","0","2207","0","0","0","N","0","0","0","2","02207","0","","1.0","1308.0","1","N","N","N","0","","0","0","0","","3","Y","","2","0","0","0","0","0","0","1","0","2","","03","","N","","","","","","","","","",""
"2020037812","1533","0","0","0","0","0","0","0","0","0","7","0","","02","4","2020","4","40.434443","-79.989452","1525","11","0","0","0","0","0","0","0","0","","0","0","0","","","0","N","0","","40 26:03.993","4","0","79 59:22.026","0","0","0","0","2301","0","0","0","N","0","0","0","1","68B03","0","","5.0","1555.0","1","N","N","N","0","","0","0","1","","0","N","","1","0","0","0","0","0","0","2","0","1","","03","","N","","","","","","","","","",""
"2020059913","2040","2","0","0","0","0","0","0","0","0","1","0","","02","7","2020","3","40.443121","-79.978935","2034","11","0","0","0","0","0","0","0","0","","0","0","0","","","0","N","0","","40 26:35.236","","0","79 58:44.166","9","0","0","0","2301","0","0","0","N","0","0","0","1","02301","0","","1.0","","1","N","Y","N","0","","0","0","0","","0","","","2","0","0","0","0","0","1","2","0","2","","03","","N","","","","","","","","","",""
"2020064117","1805","2","0","0","0","0","0","0","0","0","1","0","","02","8","2020","1","40.463558","-79.930643","1756","11","0","0","0","0","0","1","0","0","","0","0","0","","","0","N","1","","40 27:48.808","4","0","79 55:50.314","0","0","0","0","2301","0","0","0","N","0","0","0","2","02301","0","","1.0","1815.0","1","N","N","N","0","","0","0","0","","2","Y","","2","0","0","0","0","0","0","2","0","2","","03","","N","","","","","","","","","",""
"2020033554","1236","1","0","0","0","0","0","0","0","0","4","0","","02","4","2020","5","40.463558","-79.930643","1236","11","0","0","0","0","0","0","0","0","","0","0","0","","","1","","1","","40 27:48.808","","0","79 55:50.314","3","0","0","0","2301","0","0","0","N","0","0","0","2","02301","0","","1.0","","1","N","N","N","0","","1","0","1","","2","","","2","1","0","0","0","0","0","2","0","2","","03","","N","","","","","","","","","",""
"2020032365","2141","4","0","0","0","0","0","0","0","0","1","0","","02","4","2020","7","40.405817","-80.091897","2138","11","0","0","0","0","0","0","0","0","","0","0","0","","","0","N","0","","40 24:20.940","","0","80 05:30.830","0","0","0","0","2415","0","0","0","N","0","0","0","2","02415","0","","1.0","","1","N","N","N","0","","0","0","0","","0","","","4","0","0","0","0","0","0","2","0","4","","03","","N","","","","","","","","","",""
"2020064941","1721","2","0","0","0","0","0","0","0","0","4","0","","02","8","2020","7","40.553334","-79.805457","1717","11","0","0","0","0","0","1","0","0","","0","0","0","","","0","N","0","","40 33:12.002","","0","79 48:19.646","0","0","0","0","2121","0","0","0","N","0","0","0","3","02514","0","","1.0","","1","N","N","N","0","","0","0","0","","0","","","2","0","1","0","0","0","0","2","0","2","","","","N","","","","","","","","","",""
"2020030811","2239","2","0","0","0","0","0","0","0","0","4","0","","02","4","2020","4","40.310368","-79.915787","2237","11","0","0","0","0","0","0","0","0","","0","0","0","","","1","N","3","","40 18:37.324","5","0","79 54:56.833","8","0","0","0","2440","0","0","0","N","0","0","0","2","02440","0","","1.0","2315.0","1","N","N","N","0","","0","0","0","","3","Y","","2","1","0","0","0","1","0","2","0","2","","","","N","","","","","","","","","",""
"2020062273","1600","1","0","0","0","0","0","0","0","0","4","0","","02","8","2020","3","40.623072","-79.922894","1555","11","0","0","0","0","0","2","0","0","","0","0","0","","","1","N","1","","40 37:23.058","3","0","79 55:22.418","8","0","0","0","2217","0","0","0","N","0","0","0","2","02505","0","","1.0","1621.0","9","N","N","N","1","","0","0","0","","2","N","","2","1","0","0","0","1","0","2","0","2","","","","N","","","","","","","","","",""
"2020029686","1527","1","0","0","0","0","0","0","0","0","8","0","","02","3","2020","6","40.428211","-79.971184","1523","11","0","0","0","0","0","0","0","1","","0","0","0","","","1","N","1","","40 25:41.561","","0","79 58:16.263","3","0","0","0","2301","1","0","0","N","1","0","0","2","02301","0","","1.0","","1","N","N","N","0","","1","0","0","","0","","","2","1","0","0","0","0","0","2","0","1","","03","","N","","","","","","","","","",""
"2020029940","1346","1","0","0","0","0","0","0","0","0","1","0","","02","3","2020","7","40.332513","-79.94608","1344","11","0","0","0","0","0","0","0","0","","0","0","0","","","1","Y","0","","40 19:57.045","2","0","79 56:45.888","8","0","0","0","2454","0","0","0","N","0","0","0","4","02454","0","","1.0","1408.0","1","N","N","N","2","","0","0","0","","2","Y","","3","1","0","0","0","1","0","2","0","3","","03","","N","","","","","","","","","",""
"2020064195","0957","0","0","0","0","0","0","0","0","0","1","0","","02","8","2020","3","40.42764","-80.054123","0952","11","0","0","0","0","0","0","0","0","","0","0","0","","","1","Y","0","","40 25:39.504","","0","80 03:14.843","3","0","0","0","2435","0","0","0","N","0","0","0","3","02435","0","","1.0","","1","N","N","N","0","","1","0","2","","7","","","2","1","0","0","0","0","0","2","0","2","","","","N","","","","","","","","","",""