"CRN","ARRIVAL_TM","AUTOMOBILE_COUNT","BELTED_DEATH_COUNT","BELTED_SUSP_SERIOUS_INJ_COUNT","BICYCLE_COUNT","BICYCLE_DEATH_COUNT","BICYCLE_SUSP_SERIOUS_INJ_COUNT","BUS_COUNT","CHLDPAS_DEATH_COUNT","CHLDPAS_SUSP_SERIOUS_INJ_COUNT","COLLISION_TYPE","COMM_VEH_COUNT","CONS_ZONE_SPD_LIM","COUNTY","CRASH_MONTH","CRASH_YEAR","DAY_OF_WEEK","DEC_LATITUDE","DEC_LONGITUDE","DISPATCH_TM","DISTRICT","DRIVER_COUNT_16YR","DRIVER_COUNT_17YR","DRIVER_COUNT_18YR","DRIVER_COUNT_19YR","DRIVER_COUNT_20YR","DRIVER_COUNT_50_64YR","DRIVER_COUNT_65_74YR","DRIVER_COUNT_75PLUS","EST_HRS_CLOSED","FATAL_COUNT","HEAVY_TRUCK_COUNT","HORSE_BUGGY_COUNT","HOUR_OF_DAY","ILLUMINATION","INJURY_COUNT","INTERSECTION_RELATED","INTERSECT_TYPE","LANE_CLOSED","LATITUDE","LN_CLOSE_DIR","LOCATION_TYPE","LONGITUDE","MAX_SEVERITY_LEVEL","MCYCLE_DEATH_COUNT","MCYCLE_SUSP_SERIOUS_INJ_COUNT","MOTORCYCLE_COUNT","MUNICIPALITY","NONMOTR_COUNT","NONMOTR_DEATH_COUNT","NONMOTR_SUSP_SERIOUS_INJ_COUNT","NTFY_HIWY_MAINT","PED_COUNT","PED_DEATH_COUNT","PED_SUSP_SERIOUS_INJ_COUNT","PERSON_COUNT","POLICE_AGCY","POSSIBLE_INJ_COUNT","RDWY_SURF_TYPE_CD","RELATION_TO_ROAD","ROADWAY_CLEARED","ROAD_CONDITION","SCH_BUS_IND","SCH_ZONE_IND","SECONDARY_CRASH","SMALL_TRUCK_COUNT","SPEC_JURIS_CD","SUSP_MINOR_INJ_COUNT","SUSP_SERIOUS_INJ_COUNT","SUV_COUNT","TCD_FUNC_CD","TCD_TYPE","TFC_DETOUR_IND","TIME_OF_DAY","TOTAL_UNITS","TOT_INJ_COUNT","UNBELTED_OCC_COUNT","UNB_DEATH_COUNT","UNB_SUSP_SERIOUS_INJ_COUNT","UNK_INJ_DEG_COUNT","UNK_INJ_PER_COUNT","URBAN_RURAL","VAN_COUNT","VEHICLE_COUNT","WEATHER1","WEATHER2","WORKERS_PRES","WORK_ZONE_IND","WORK_ZONE_LOC","WORK_ZONE_TYPE","WZ_CLOSE_DETOUR","WZ_FLAGGER","WZ_LAW_OFFCR_IND","WZ_LN_CLOSURE","WZ_MOVING","WZ_OTHER","WZ_SHLDER_MDN","WZ_WORKERS_INJ_KILLED"
"2020062990","1135","1","0","0","0","0","0","0","0","0","4","0","","02","8","2020","5","40.465998","-80.137666","1130","11","0","0","0","0","0","1","1","0","","0","0","0","","","2","","1","","40 27:57.592","","0","80 08:15.597","4","0","0","0","2115","0","0","0","N","0","0","0","2","02115","2","","1.0","","1","N","N","N","0","","0","0","1","","2","N","","2","2","0","0","0","0","0","2","0","2","","","","N","","","","","","","","","",""
"2020063885","1133","0","0","0","0","0","0","0","0","0","1","0","","02","8","2020","2","40.663893","-79.934287","1129","11","0","0","0","0","0","0","0","0","","0","0","0","","","1","Y","0","","40 39:50.014","1","0","79 56:03.434","3","0","0","0","2217","0","0","0","N","0","0","0","2","02505","0","","1.0","1255.0","1","N","N","N","1","","1","0","1","","2","Y","","2","1","0","0","0","0","0","2","0","2","","","","N","","","","","","","","","",""
"2020031619","1046","1","0","0","0","0","0","0","0","0","7","0","","02","4","2020","3","40.591203","-80.096863","1037","11","0","0","0","0","0","0","0","0","","0","0","0","","","0","N","0","","40 35:28.332","","0","80 05:48.705","0","0","0","0","2481","0","0","0","N","0","0","0","1","68B03","0","","4.0","","9","N","N","N","0","","0","0","0","","0","","","1","0","0","0","0","0","0","2","0","1","","","","N","","","","","","","","","",""
"2020032150","1318","1","0","0","0","0","0","0","0","0","4","0","","02","4","2020","3","40.454739","-79.932547","1311","11","0","0","0","0","0","0","0","0","","0","0","0","","","0","N","1","","40 27:17.060","","0","79 55:57.169","0","0","0","0","2301","0","0","0","N","0","0","0","2","02301","0","","1.0","","1","N","N","N","1","","0","0","0","","2","","","2","0","0","0","0","0","0","2","0","2","","03","","N","","","","","","","","","",""
"2020034288","1424","1","0","0","0","0","0","0","0","0","4","0","","02","4","2020","2","40.356901","-80.113065","1420","11","0","0","0","0","0","0","0","0","","0","0","0","","","0","N","2","","40 21:24.845","","0","80 06:47.034","0","0","0","0","2414","0","0","0","N","0","0","0","2","02414","0","","1.0","","1","N","N","N","0","","0","0","0","","4","","","2","0","0","0","0","0","0","2","1","2","","","","N","","","","","","","","","",""
"2020006393","1920","1","0","0","0","0","0","0","0","0","7","0","","02","1","2020","6","40.434777","-80.008605","1912","11","0","0","0","0","0","0","0","0","","0","0","0","","","0","N","0","","40 26:05.197","4","0","80 00:30.979","9","0","0","0","2301","0","0","0","N","0","0","0","1","02301","0","","5.0","1935.0","1","N","N","N","0","","0","0","0","","0","Y","","1","0","0","0","0","0","1","2","0","1","","","","N","","","","","","","","","",""
"2020005999","0224","1","0","0","0","0","0","0","0","0","7","0","","02","1","2020","5","40.481957","-79.940655","0217","11","0","0","0","0","0","1","0","0","","0","0","0","","","1","N","2","","40 28:55.045","","0","79 56:26.357","2","0","0","0","2301","0","0","0","Y","0","0","0","1","02301","0","","5.0","","1","N","N","N","0","","0","1","0","","3","","","1","1","0","0","0","0","0","2","0","1","","","","N","","","","","","","","","",""
"2020058600","2008","1","0","0","0","0","0","0","0","0","7","0","","02","7","2020","6","40.413118","-79.84513","2006","11","0","0","0","0","0","1","0","0","","0","0","0","","","1","","2","","40 24:47.225","6","0","79 50:42.467","3","0","0","0","2431","0","0","0","N","0","0","0","1","02431","0","","3.0","2039.0","1","N","N","N","0","","1","0","0","","2","N","","1","1","0","0","0","0","0","2","0","1","","","","N","","","","","","","","","",""
"2020008316","0657","2","0","0","0","0","0","0","0","0","1","0","","02","1","2020","4","40.473584","-79.972298","0652","11","0","0","0","0","0","0","0","0","","0","0","0","","","0","N","6","","40 28:24.903","2","2","79 58:20.273","0","0","0","0","2445","0","0","0","N","0","0","0","2","02445","0","","7.0","736.0","1","N","N","N","0","","0","0","0","","4","N","","2","0","0","0","0","0","0","2","0","2","","03","","N","","","","","","","","","",""
"2020050399","0910","2","0","0","0","0","0","0","0","0","4","0","","02","6","2020","1","40.576126","-80.014771","0908","11","0","0","0","0","0","0","0","0","","0","0","0","","","1","N","2","","40 34:34.053","3","0","80 00:53.176","8","0","0","0","2108","0","0","0","N","0","0","0","2","02108","0","","1.0","1000.0","1","N","N","N","0","","0","0","0","","0","Y","","2","1","0","0","0","1","0","2","0","2","","03","","N","","","","","","","","","",""
"2020006552","1215","0","0","0","0","0","0","0","0","0","7","0","","02","1","2020","7","40.577179","-80.026459","1206","11","0","0","0","0","0","0","0","0","","0","0","0","","","1","N","0","","40 34:37.846","","0","80 01:35.252","3","0","0","0","2108","0","0","0","N","0","0","0","2","02108","0","","1.0","","6","N","N","N","0","","1","0","1","","0","N","","1","1","0","0","0","0","0","2","0","1","","07","","N","","","","","","","","","",""
"2020011064","1317","2","0","0","0","0","0","0","0","0","4","0","","02","1","2020","3","40.493873","-80.063831","1314","11","0","0","0","0","0","1","1","0","","0","0","0","","","2","N","0","","40 29:37.943","1","7","80 03:49.791","4","0","0","0","2402","0","0","0","N","0","0","0","4","02402","1","","1.0","1327.0","1","N","N","N","0","","0","0","0","","8","N","","2","2","0","0","0","1","0","2","0","2","","","","N","","","","","","","","","",""
"2020050114","1842","0","0","0","1","0","0","0","0","0","8","0","","02","6","2020","6","40.479723","-79.842239","1839","11","0","0","0","0","0","0","0","0","","0","0","0","","","1","","2","","40 28:47.002","","0","79 50:32.060","8","0","0","0","2113","1","0","0","N","0","0","0","2","02113","0","","1.0","","1","N","N","N","1","","0","0","0","","3","","","2","1","0","0","0","1","0","2","0","1","","03","","N","","","","","","","","","",""
"2020050606","2101","1","0","0","0","0","0","0","0","0","4","0","","02","6","2020","5","40.367964","-79.779834","2100","11","0","0","0","0","0","1","0","0","","0","0","0","","","4","N","1","","40 22:04.670","7","0","79 46:47.401","2","0","0","0","2111","0","0","0","N","0","0","0","4","02111","0","","1.0","2240.0","1","N","N","N","1","","1","1","0","","2","Y","","2","4","1","0","1","2","0","2","0","2","","03","","N","","","","","","","","","",""
"2020023968","1543","1","0","0","0","0","0","0","0","0","4","0","","02","3","2020","6","40.454076","-79.996814","1524","11","0","0","0","0","0","0","0","0","","0","0","0","","","1","","1","","40 27:14.672","","2","79 59:48.532","3","0","0","0","2301","0","0","0","N","0","0","0","4","02301","0","","1.0","","1","N","N","N","0","","1","0","1","","2","","","2","1","0","0","0","0","1","2","0","2","","","","N","","","","","","","","","",""
"2020012095","1939","2","0","0","0","0","0","0","0","0","2","0","","02","1","2020","6","40.421285","-79.993725","1934","11","0","0","0","0","0","0","0","0","","0","0","0","","","0","N","1","","40 25:16.626","","0","79 59:37.410","0","0","0","0","2301","0","0","0","N","0","0","0","2","02301","0","","1.0","","9","N","N","N","0","","0","0","0","","3","","","2","0","0","0","0","0","0","2","0","2","","","","N","","","","","","","","","",""
"2020043485","0817","0","1","0","0","0","0","0","0","0","2","0","","02","6","2020","4","40.314597","-79.953478","0816","11","0","0","0","0","0","1","0","0","","1","0","0","","","1","N","0","","40 18:52.550","5","0","79 57:12.520","1","0","0","0","2440","0","0","0","N","0","0","0","2","02440","0","2","1.0","1235.0","1","N","N","N","1","0","0","1","1","","0","Y","","2","1","1","0","1","0","0","2","0","2","","","","N","","","","","","","","","",""
"2020010407","0604","1","0","0","0","0","0","0","0","0","7","0","","02","1","2020","7","40.426186","-79.895021","0556","11","0","0","0","0","0","0","0","0","","0","0","0","","","0","N","0","","40 25:34.270","4","0","79 53:42.075","0","0","0","0","2301","0","0","0","N","0","0","0","1","68B03","0","","3.0","620.0","9","N","N","N","0","","0","0","0","","0","N","","1","0","0","0","0","0","0","2","0","1","","03","","N","","","","","","","","","",""
"2020007369","1030","2","0","0","0","0","0","0","0","0","4","0","","02","1","2020","2","40.429247","-79.999266","1021","11","0","0","0","0","0","1","0","0","","0","0","0","","","0","N","1","","40 25:45.290","","3","79 59:57.359","0","0","0","0","2301","0","0","0","N","0","0","0","2","02301","0","","1.0","","1","N","N","N","0","","0","0","0","","0","","","2","0","0","0","0","0","0","2","0","2","","03","","N","","","","","","","","","",""
"2020051504","1220","2","0","0","0","0","0","0","0","0","1","0","","02","7","2020","4","40.434579","-79.924459","1203","11","0","0","0","0","0","0","1","0","","0","0","0","","","3","N","0","","40 26:04.483","","0","79 55:28.051","4","0","0","0","2301","0","0","0","N","0","0","0","3","02301","1","","1.0","","1","N","N","N","0","","0","0","0","","0","N","","2","3","0","0","0","2","0","2","0","2","","03","","N","","","","","","","","","",""
"2020051170","1741","2","0","0","0","0","0","0","0","0","2","0","","02","6","2020","3","40.540788","-79.816503","1733","11","0","0","0","0","0","0","0","0","","0","0","0","","","0","N","0","","40 32:26.838","5","7","79 48:59.411","0","0","0","0","2208","0","0","0","N","0","0","0","2","02208","0","","1.0","1810.0","1","N","N","N","0","","0","0","0","","0","Y","","2","0","1","0","0","0","0","2","0","2","","03","","N","","","","","","","","","",""
"2020012706","0226","0","0","0","0","0","0","0","0","0","2","0","","02","2","2020","1","40.430632","-79.981858","0226","11","0","0","0","0","0","0","0","0","","0","0","0","","","0","N","2","","40 25:50.275","2","0","79 58:54.689","0","0","0","0","2301","0","0","0","N","0","0","0","1","02301","0","","1.0","245.0","1","N","N","N","0","","0","0","1","","3","N","","1","0","0","0","0","0","0","2","0","1","","03","","N","","","","","","","","","",""
"2020011997","1632","1","0","0","0","0","0","0","0","0","1","0","","02","1","2020","6","40.431684","-79.997572","1621","11","0","0","0","0","0","1","0","0","","0","0","0","","","0","N","0","","40 25:54.064","2","3","79 59:51.260","0","0","0","0","2301","0","0","0","N","0","0","0","5","02301","0","","1.0","1726.0","9","N","N","Y","0","","0","0","2","","2","Y","","3","0","0","0","0","0","0","2","0","3","","04","","N","","","","","","","","","",""
"2020011642","1543","1","0","0","0","0","0","0","0","0","7","0","","02","1","2020","5","40.288525","-79.842156","1540","11","0","0","0","0","0","0","0","1","","0","0","0","","","1","N","0","","40 17:18.690","5","0","79 50:31.760","3","0","0","0","2443","0","0","0","N","0","0","0","1","02443","0","","2.0","1633.0","1","N","N","N","0","","1","0","0","","0","Y","","1","1","0","0","0","0","0","1","0","1","","","","N","","","","","","","","","",""
"2020017479","1923","1","0","0","0","0","0","0","0","0","1","0","","02","1","2020","3","40.429812","-80.027949","1908","11","0","0","0","0","0","1","0","0","","0","0","0","","","5","N","0","","40 25:47.324","3","0","80 01:40.618","3","0","0","0","2301","0","0","0","N","0","0","0","14","68B03","0","","1.0","2024.0","1","N","N","N","1","","5","0","2","","0","Y","","4","5","1","0","0","0","0","2","0","4","","","","N","","","","","","","","","",""
"2020024087","2035","1","0","0","0","0","0","0","0","0","2","0","","02","3","2020","6","40.503952","-79.88369","2030","11","0","0","0","0","0","0","0","1","","0","0","0","","","0","N","3","","40 30:14.227","1","0","79 53:01.284","0","0","0","0","2432","0","0","0","N","0","0","0","1","02432","0","","2.0","2115.0","9","N","N","N","0","","0","0","0","","0","Y","","1","0","0","0","0","0","0","2","0","1","","","","N","","","","","","","","","",""
"2020050822","1204","1","0","0","0","0","0","0","0","0","7","0","","02","6","2020","2","40.360513","-80.114422","1200","11","0","0","0","0","0","0","0","1","","0","0","0","","","1","N","0","","40 21:37.848","6","0","80 06:51.918","8","0","0","0","2414","0","0","0","N","0","0","0","1","02414","0","","5.0","1328.0","1","N","N","N","0","","0","0","1","","3","U","","2","1","0","0","0","1","0","2","0","2","","","","N","","","","","","","","","",""
"2020012338","2000","1","0","0","0","0","0","0","0","0","7","0","","02","2","2020","7","40.378369","-79.922313","1953","11","0","0","0","0","0","0","0","0","","0","0","0","","","0","N","0","","40 22:42.128","","0","79 55:20.327","0","0","0","0","2301","0","0","0","N","0","0","0","2","02301","0","","5.0","","9","N","N","N","0","","0","0","0","","0","","","2","0","0","0","0","0","0","2","0","1","","98","","N","","","","","","","","","",""
"2020053341","1158","1","0","0","0","0","0","0","0","0","1","0","","02","6","2020","4","40.54532","-80.037722","1152","11","0","1","0","0","0","1","0","0","","0","0","0","","","0","","2","","40 32:43.151","4","0","80 02:15.800","0","0","0","0","2116","0","0","0","N","0","0","0","5","02116","0","","1.0","1219.0","1","N","N","N","0","","0","0","1","","0","Y","","2","0","0","0","0","0","0","2","0","2","","","","N","","","","","","","","","",""
"2020006074","0653","1","0","0","0","0","0","0","0","0","8","0","","02","1","2020","6","40.397583","-79.902289","0649","11","0","0","0","0","0","0","0","0","","0","0","0","","","1","N","0","","40 23:51.300","4","0","79 54:08.240","2","0","0","0","2448","1","0","1","N","1","0","1","4","02448","0","","1.0","728.0","1","N","N","N","0","","0","1","0","","0","N","","2","1","0","0","0","0","0","2","0","1","","04","","N","","","","","","","","","",""
"2020013123","0634","2","0","0","0","0","0","0","0","0","1","0","","02","2","2020","2","40.429364","-79.999101","0627","11","0","0","0","0","0","0","0","0","","0","0","0","","","0","N","1","","40 25:45.712","5","3","79 59:56.762","0","0","0","0","2301","0","0","0","N","0","0","0","3","02301","0","","1.0","730.0","1","N","N","N","0","","0","0","1","","4","Y","","3","0","0","0","0","0","0","2","0","3","","03","","N","","","","","","","","","",""
"2020014650","2209","0","0","0","0","0","0","0","0","0","0","0","","02","2","2020","3","40.363711","-80.047652","2204","11","0","0","0","0","0","0","0","0","","0","0","0","","","0","N","0","","40 21:49.361","1","0","80 02:51.548","0","0","0","0","2109","0","0","0","N","0","0","0","1","02109","0","","1.0","2240.0","9","N","N","N","0","","0","0","1","","0","N","","1","0","0","0","0","0","0","2","0","1","","","","N","","","","","","","","","",""
"2020051143","1457","1","0","0","0","0","0","0","0","0","1","1","","02","6","2020","3","40.532984","-80.187834","1457","11","0","0","0","0","0","0","0","0","","0","1","0","","","0","N","0","","40 31:58.744","2","3","80 11:16.204","0","0","0","0","2213","0","0","0","N","0","0","0","2","02213","0","","1.0","30.0","1","N","N","N","0","","0","0","0","","0","N","","2","0","0","0","0","0","0","2","0","2","","03","","N","","","","","","","","","",""
"2020013425","1743","2","0","0","0","0","0","0","0","0","4","0","","02","2","2020","3","40.438681","-79.953375","1740","11","0","0","0","0","0","0","0","0","","0","0","0","","","0","N","1","","40 26:19.251","","0","79 57:12.151","0","0","0","0","2301","0","0","0","N","0","0","0","3","02301","0","","1.0","","9","N","N","N","0","","0","0","0","","0","","","2","0","0","0","0","0","0","2","0","2","","07","","N","","","","","","","","","",""
"2020003511","1238","1","0","0","0","0","0","0","0","0","7","0","","02","1","2020","6","40.346286","-80.146875","1233","11","0","0","0","0","1","0","0","0","","0","0","0","","","0","N","0","","40 20:46.631","","0","80 08:48.750","0","0","0","0","2119","0","0","0","N","0","0","0","1","02119","0","","4.0","","9","N","N","N","0","","0","0","0","","0","","","1","0","0","0","0","0","0","2","0","1","","","","N","","","","","","","","","",""
"2020026030","2240","2","0","0","0","0","0","0","0","0","5","0","","02","3","2020","1","40.464223","-79.963592","2220","11","0","0","0","0","0","0","0","0","","0","0","0","","","0","N","0","","40 27:51.202","","0","79 57:48.931","0","0","0","0","2301","0","0","0","N","0","0","0","1","02301","0","","2.0","","1","N","N","N","0","","0","0","0","","0","","","2","0","0","0","0","0","0","2","0","2","","","","N","","","","","","","","","",""
"2020005449","1831","2","0","0","0","0","0","0","0","0","4","0","","02","1","2020","4","40.451215","-79.925799","1831","11","0","0","0","1","0","0","0","0","","0","0","0","","","0","N","2","","40 27:04.374","2","0","79 55:32.876","0","0","0","0","2301","0","0","0","N","0","0","0","2","02301","0","","1.0","1855.0","1","N","N","N","0","","0","0","0","","0","Y","","2","0","0","0","0","0","0","2","0","2","","","","N","","","","","","","","","",""
"2020009376","2149","1","0","0","0","0","0","0","0","0","4","0","","02","1","2020","5","40.650984","-79.934234","2137","11","0","0","0","0","0","0","0","1","","0","0","0","","","0","","1","","40 39:03.544","","0","79 56:03.242","0","0","0","0","2217","0","0","0","N","0","0","0","2","02220","0","","1.0","","1","N","N","N","1","","0","0","0","","3","","","2","0","0","0","0","0","0","2","0","2","","","","N","","","","","","","","","",""
"2020010057","2013","2","0","0","0","0","0","0","0","0","1","0","","02","1","2020","6","40.439819","-80.077729","2011","11","0","0","0","0","1","0","0","0","","0","0","0","","","0","","2","","40 26:23.348","","7","80 04:39.823","0","0","0","0","2421","0","0","0","N","0","0","0","2","02421","0","","1.0","","9","N","N","N","0","","0","0","0","","0","","","2","0","1","0","0","0","0","2","0","2","","","","N","","","","","","","","","",""
"2020004313","0728","2","0","0","0","0","0","0","0","0","1","0","","02","1","2020","2","40.487363","-79.918129","0719","11","0","0","0","0","0","0","0","0","","0","0","0","","","0","N","2","","40 29:14.506","","0","79 55:05.263","0","0","0","0","2301","0","0","0","N","0","0","0","2","02301","0","","1.0","","1","N","N","N","0","","0","0","0","","2","","","2","0","0","0","0","0","0","2","0","2","","03","","N","","","","","","","","","",""
"2020009377","2150","0","0","0","0","0","0","0","0","0","5","0","","02","1","2020","5","40.343064","-79.891515","2147","11","0","0","0","0","0","0","0","0","","0","0","0","","","1","N","2","","40 20:35.030","6","0","79 53:29.455","3","0","0","0","2423","0","0","0","N","0","0","0","2","02304","0","","1.0","2225.0","1","N","N","N","0","","1","0","2","","3","Y","","2","1","1","0","0","0","0","2","0","2","","98","","N","","","","","","","","","",""
"2020006517","0936","2","0","0","0","0","0","0","0","0","6","0","","02","1","2020","7","40.482274","-79.972752","0932","11","0","0","0","0","0","0","0","0","","0","0","0","","","0","N","0","","40 28:56.187","5","0","79 58:21.906","0","0","0","0","2445","0","0","0","N","0","0","0","2","02445","0","","1.0","1001.0","2","N","N","N","0","","0","0","0","","0","Y","","2","0","0","0","0","0","0","2","0","2","","","","N","","","","","","","","","",""
"2020027675","1611","0","0","0","0","0","0","0","0","0","7","0","","02","3","2020","4","40.408979","-79.904111","1605","11","0","0","0","0","0","0","0","0","","0","0","0","","","0","N","2","","40 24:32.323","","0","79 54:14.799","9","0","0","0","2448","0","0","0","N","0","0","0","1","02438","0","","2.0","","1","N","N","N","0","","0","0","1","","0","","","1","0","0","0","0","0","1","2","0","1","","03","","N","","","","","","","","","",""
"2020032984","2121","0","0","0","0","0","0","0","0","0","4","0","","02","3","2020","1","40.435511","-79.967775","2110","11","0","0","0","0","0","0","0","0","","0","0","0","","","0","N","0","","40 26:07.839","4","0","79 58:03.990","0","0","0","0","2301","0","0","0","N","0","0","0","3","68B03","0","","1.0","2135.0","1","N","N","N","0","","0","0","2","","0","N","","2","0","0","0","0","0","0","2","0","2","","03","","N","","","","","","","","","",""
"2020008684","1253","2","0","0","0","0","0","0","0","0","7","0","","02","1","2020","6","40.443559","-80.009078","1217","11","0","0","0","0","0","1","0","0","","0","0","0","","","0","N","7","","40 26:36.812","2","8","80 00:32.681","0","0","0","0","2301","0","0","0","Y","0","0","0","2","68B03","0","","4.0","1218.0","1","N","N","N","0","","0","0","0","","0","N","","2","0","0","0","0","0","0","2","0","2","","03","","N","","","","","","","","","",""
"2020046807","0415","1","0","0","0","0","0","0","0","0","0","0","","02","6","2020","3","40.43804","-79.994361","0412","11","0","0","0","0","0","1","0","0","","0","0","0","","","0","","1","","40 26:16.943","1","2","79 59:39.699","0","0","0","0","2301","0","0","0","N","0","0","0","1","02301","0","","1.0","420.0","1","N","N","N","0","","0","0","0","","2","N","","1","0","0","0","0","0","0","2","0","1","","03","","N","","","","","","","","","",""
"2020051095","1316","0","0","0","0","0","0","0","0","0","2","0","","02","6","2020","3","40.425765","-80.01976","1310","11","0","0","0","0","0","0","0","0","","0","0","0","","","0","N","1","","40 25:32.754","","99","80 01:11.135","0","0","0","0","2301","0","0","0","N","0","0","0","2","02301","0","","1.0","","1","N","N","N","1","","0","0","1","","2","","","2","0","0","0","0","0","0","2","0","2","","","","N","","","","","","","","","",""
"2020006839","1902","1","0","0","0","0","0","0","0","0","4","0","","02","1","2020","2","40.596863","-79.947586","1847","11","0","0","0","0","0","0","0","0","","0","0","0","","","0","Y","0","","40 35:48.705","","7","79 56:51.308","0","0","0","0","2207","0","0","0","N","0","0","0","2","02207","0","","1.0","","1","N","N","N","0","","0","0","1","","0","","","2","0","1","0","0","0","0","2","0","2","","","","N","","","","","","","","","",""
"2020012236","1358","2","0","0","0","0","0","0","0","0","1","0","","02","2","2020","7","40.435866","-79.961346","1353","11","0","0","0","0","0","0","1","0","","0","0","0","","","0","N","1","","40 26:09.118","2","0","79 57:40.847","0","0","0","0","2301","0","0","0","N","0","0","0","2","02301","0","","1.0","1415.0","1","N","N","N","0","","0","0","0","","0","N","","2","0","0","0","0","0","0","2","0","2","","98","","N","","","","","","","","","",""
"2020040428","1601","2","0","0","0","0","0","0","0","0","4","0","","02","5","2020","1","40.535908","-80.183014","1548","11","0","0","1","0","0","1","0","0","","0","0","0","","","0","N","1","","40 32:09.267","","0","80 10:58.852","9","0","0","0","2458","0","0","0","N","0","0","0","2","02458","0","","1.0","","1","N","N","N","0","","0","0","0","","2","","","2","0","0","0","0","0","1","2","0","2","","03","","N","","","","","","","","","",""
"2020020347","2000","0","0","0","0","0","0","0","0","0","7","0","","02","2","2020","7","40.553324","-80.086266","1750","11","0","0","0","0","0","0","0","0","","0","0","0","","","0","N","0","","40 33:11.965","2","0","80 05:10.558","0","0","0","0","2215","0","0","0","Y","0","0","0","1","68B03","0","","1.0","2100.0","2","N","N","N","1","","0","0","0","","0","Y","","1","0","0","0","0","0","0","2","0","1","","","","N","","","","","","","","","",""
"2020005134","1855","2","0","0","0","0","0","0","0","0","1","0","","02","1","2020","3","40.454597","-79.9945","1833","11","0","0","0","0","0","0","0","0","","0","0","0","","","0","N","0","","40 27:16.549","2","0","79 59:40.199","0","0","0","0","2301","0","0","0","N","0","0","0","6","02301","0","","1.0","1915.0","1","N","N","N","0","","0","0","0","","0","N","","2","0","0","0","0","0","0","2","0","2","","03","","N","","","","","","","","","",""
"2020055323","1724","0","0","0","0","0","0","0","0","0","2","0","","02","7","2020","3","40.304143","-79.993516","1720","11","0","0","0","0","0","0","1","0","","0","0","0","","","0","N","1","","40 18:14.914","","0","79 59:36.657","0","0","0","0","2219","0","0","0","N","0","0","0","1","02501","0","","1.0","","1","N","N","N","0","","0","0","1","","3","","","1","0","0","0","0","0","0","2","0","1","","","","N","","","","","","","","","",""
"2020009081","1720","1","0","0","0","0","0","0","0","0","8","0","","02","1","2020","5","40.460231","-79.907319","1718","11","0","0","0","0","0","1","0","0","","0","0","0","","","1","Y","0","","40 27:36.830","","0","79 54:26.350","8","0","0","0","2301","1","0","0","N","1","0","0","2","02301","0","","1.0","","1","N","Y","N","0","","0","0","0","","0","","","2","1","0","0","0","1","0","2","0","1","","03","","N","","","","","","","","","",""
"2020011258","1757","2","0","0","0","0","0","0","0","0","4","0","","02","1","2020","2","40.34466","-80.031162","1752","11","0","0","0","1","0","1","0","0","","0","0","0","","","0","N","2","","40 20:40.775","","0","80 01:52.182","0","0","0","0","2407","0","0","0","N","0","0","0","2","02407","0","","1.0","","1","N","N","N","0","","0","0","0","","0","","","2","0","0","0","0","0","0","2","0","2","","","","N","","","","","","","","","",""
"2020015238","0942","0","0","0","0","0","0","0","0","0","7","0","","02","1","2020","7","40.44095","-80.008821","0922","11","0","0","0","0","0","0","0","0","","0","0","0","","","1","N","0","","40 26:27.421","","0","80 00:31.757","4","0","0","0","2301","0","0","0","N","0","0","0","1","68B03","1","","5.0","","2","N","N","N","0","","0","0","1","","0","","","1","1","0","0","0","0","0","2","0","1","","09","","N","","","","","","","","","",""
"2020009507","0051","1","0","0","0","0","0","0","0","0","7","0","","02","1","2020","7","40.421533","-79.887581","0051","11","1","0","0","0","0","0","0","0","","0","0","0","","","0","N","0","","40 25:17.520","3","0","79 53:15.290","0","0","0","0","2463","0","0","0","N","0","0","0","1","02463","0","","5.0","126.0","9","N","N","N","0","","0","0","0","","0","N","","1","0","0","0","0","0","0","2","0","1","","","","N","","","","","","","","","",""
"2020058037","0741","1","0","0","0","0","0","0","0","0","4","0","","02","7","2020","5","40.451498","-80.018908","0727","11","0","0","0","0","0","0","0","0","","0","0","0","","","3","","1","","40 27:05.392","","0","80 01:08.070","8","0","0","0","2301","0","0","0","N","0","0","0","3","02301","0","","1.0","","9","N","N","Y","1","","0","0","0","","2","","","2","3","2","0","0","3","0","2","0","2","","03","","N","","","","","","","","","",""
"2020050503","1820","2","0","0","0","0","0","0","0","0","0","0","","02","6","2020","4","40.520351","-80.062999","1725","11","0","0","0","0","0","0","0","0","","0","0","0","","","0","N","0","","40 31:13.262","","0","80 03:46.797","0","0","0","0","2215","0","0","0","N","0","0","0","2","68B03","0","","1.0","","1","N","N","N","0","","0","0","0","","0","","","2","0","0","0","0","0","0","2","0","2","","03","","N","","","","","","","","","",""
"2020006428","0310","1","0","0","0","0","0","0","0","0","7","0","","02","1","2020","7","40.436736","-80.000888","0300","11","0","0","0","0","0","0","0","0","","0","0","0","","","0","N","1","","40 26:12.250","","0","80 00:03.198","0","0","0","0","2301","0","0","0","N","0","0","0","1","02301","0","","2.0","","9","N","N","N","0","","0","0","0","","2","","","1","0","0","0","0","0","0","2","0","1","","","","N","","","","","","","","","",""
"2020052310","1810","0","0","0","0","0","0","0","0","0","7","0","","02","7","2020","4","40.53561","-80.050942","1809","11","0","0","0","0","0","0","0","0","","0","0","0","","","1","N","0","","40 32:08.195","","0","80 03:03.392","8","0","0","0","2116","0","0","0","N","0","0","0","1","02116","0","","5.0","","1","N","N","N","0","","0","0","1","","0","","","1","1","0","0","0","1","0","2","0","1","","03","","N","","","","","","","","","",""