"CRN","ARRIVAL_TM","AUTOMOBILE_COUNT","BELTED_DEATH_COUNT","BELTED_SUSP_SERIOUS_INJ_COUNT","BICYCLE_COUNT","BICYCLE_DEATH_COUNT","BICYCLE_SUSP_SERIOUS_INJ_COUNT","BUS_COUNT","CHLDPAS_DEATH_COUNT","CHLDPAS_SUSP_SERIOUS_INJ_COUNT","COLLISION_TYPE","COMM_VEH_COUNT","CONS_ZONE_SPD_LIM","COUNTY","CRASH_MONTH","CRASH_YEAR","DAY_OF_WEEK","DEC_LATITUDE","DEC_LONGITUDE","DISPATCH_TM","DISTRICT","DRIVER_COUNT_16YR","DRIVER_COUNT_17YR","DRIVER_COUNT_18YR","DRIVER_COUNT_19YR","DRIVER_COUNT_20YR","DRIVER_COUNT_50_64YR","DRIVER_COUNT_65_74YR","DRIVER_COUNT_75PLUS","EST_HRS_CLOSED","FATAL_COUNT","HEAVY_TRUCK_COUNT","HORSE_BUGGY_COUNT","HOUR_OF_DAY","ILLUMINATION","INJURY_COUNT","INTERSECTION_RELATED","INTERSECT_TYPE","LANE_CLOSED","LATITUDE","LN_CLOSE_DIR","LOCATION_TYPE","LONGITUDE","MAX_SEVERITY_LEVEL","MCYCLE_DEATH_COUNT","MCYCLE_SUSP_SERIOUS_INJ_COUNT","MOTORCYCLE_COUNT","MUNICIPALITY","NONMOTR_COUNT","NONMOTR_DEATH_COUNT","NONMOTR_SUSP_SERIOUS_INJ_COUNT","NTFY_HIWY_MAINT","PED_COUNT","PED_DEATH_COUNT","PED_SUSP_SERIOUS_INJ_COUNT","PERSON_COUNT","POLICE_AGCY","POSSIBLE_INJ_COUNT","RDWY_SURF_TYPE_CD","RELATION_TO_ROAD","ROADWAY_CLEARED","ROAD_CONDITION","SCH_BUS_IND","SCH_ZONE_IND","SECONDARY_CRASH","SMALL_TRUCK_COUNT","SPEC_JURIS_CD","SUSP_MINOR_INJ_COUNT","SUSP_SERIOUS_INJ_COUNT","SUV_COUNT","TCD_FUNC_CD","TCD_TYPE","TFC_DETOUR_IND","TIME_OF_DAY","TOTAL_UNITS","TOT_INJ_COUNT","UNBELTED_OCC_COUNT","UNB_DEATH_COUNT","UNB_SUSP_SERIOUS_INJ_COUNT","UNK_INJ_DEG_COUNT","UNK_INJ_PER_COUNT","URBAN_RURAL","VAN_COUNT","VEHICLE_COUNT","WEATHER1","WEATHER2","WORKERS_PRES","WORK_ZONE_IND","WORK_ZONE_LOC","WORK_ZONE_TYPE","WZ_CLOSE_DETOUR","WZ_FLAGGER","WZ_LAW_OFFCR_IND","WZ_LN_CLOSURE","WZ_MOVING","WZ_OTHER","WZ_SHLDER_MDN","WZ_WORKERS_INJ_KILLED"
"2020049658","1208","2","0","0","0","0","0","0","0","0","5","0","","02","6","2020","5","40.35273","-79.838069","1207","11","0","0","0","0","0","0","0","0","","0","0","0","","","0","N","0","","40 21:09.829","4","0","79 50:17.047","0","0","0","0","2304","0","0","0","N","0","0","0","4","02304","0","","1.0","1235.0","1","N","N","N","0","","0","0","0","","0","N","","2","0","0","0","0","0","0","2","0","2","","","","N","","","","","","","","","",""
"2020050198","1350","2","0","0","0","0","0","0","0","0","4","0","","02","6","2020","6","40.449135","-80.119361","1350","11","0","0","0","0","0","0","1","0","","0","0","0","","","2","N","1","","40 26:56.886","","0","80 07:09.698","8","0","0","0","2115","0","0","0","N","0","0","0","3","02115","0","","1.0","","1","N","N","N","0","","0","0","0","","0","","","2","2","0","0","0","2","0","2","0","2","","","","N","","","","","","","","","",""
"2020005197","0642","1","0","0","0","0","0","0","0","0","1","0","","02","1","2020","2","40.479973","-79.965734","0638","11","0","0","0","0","0","0","0","0","","0","0","0","","","1","N","0","","40 28:47.904","2","0","79 57:56.641","8","0","0","0","2118","0","0","0","N","0","0","0","3","02118","0","","1.0","742.0","1","N","N","N","0","","0","0","1","","0","Y","","2","1","0","0","0","1","0","2","0","2","","04","","N","","","","","","","","","",""
"2020007502","1617","1","0","0","0","0","0","0","0","0","1","0","","02","1","2020","2","40.401739","-80.022222","1612","11","0","0","0","0","0","0","0","0","","0","0","0","","","1","N","2","","40 24:06.259","","0","80 01:19.998","3","0","0","0","2301","0","0","0","N","0","0","0","2","02301","0","","1.0","","1","N","N","N","0","","1","0","1","","2","","","2","1","0","0","0","0","0","2","0","2","","","","N","","","","","","","","","",""
"2020038984","2336","0","0","0","0","0","0","0","0","0","7","0","","02","5","2020","6","40.450624","-79.97838","2326","11","0","0","0","0","0","0","0","0","","0","0","0","","","0","N","0","","40 27:02.245","","1","79 58:42.168","0","0","0","0","2301","0","0","0","N","0","0","0","1","02301","0","","2.0","","9","N","N","N","0","","0","0","1","","0","","","1","0","0","0","0","0","0","2","0","1","","","","N","","","","","","","","","",""
"2020025532","1932","1","0","0","0","0","0","0","0","0","4","0","","02","3","2020","4","40.438811","-79.990942","1927","11","0","0","0","0","0","2","0","0","","0","0","0","","","0","N","1","","40 26:19.719","3","0","79 59:27.392","0","0","0","0","2301","0","0","0","N","0","0","0","2","02301","0","","1.0","1945.0","1","N","N","N","0","","0","0","1","","2","N","","2","0","0","0","0","0","0","2","0","2","","03","","N","","","","","","","","","",""
"2020028821","1510","1","0","0","0","0","0","0","0","0","7","0","","02","3","2020","2","40.585242","-79.898133","1503","11","1","0","0","0","0","0","0","0","","0","0","0","","","0","N","0","","40 35:06.870","","0","79 53:53.280","0","0","0","0","2209","0","0","0","N","0","0","0","2","02209","0","","5.0","","1","N","N","N","0","","0","0","0","","0","","","1","0","0","0","0","0","0","2","0","1","","03","","N","","","","","","","","","",""
"2020015024","2310","1","0","0","0","0","0","0","0","0","7","0","","02","2","2020","4","40.455856","-80.080206","2254","11","0","0","0","0","0","0","0","0","","0","0","0","","","1","N","0","","40 27:21.080","2","0","80 04:48.740","3","0","0","0","2301","0","0","0","Y","0","0","0","1","02301","0","","5.0","0.0","9","N","N","N","0","","1","0","0","","0","N","","1","1","0","0","0","0","0","2","0","1","","07","","N","","","","","","","","","",""
"2020048933","0724","2","0","0","0","0","0","0","0","0","4","0","","02","6","2020","6","40.444025","-79.926033","0719","11","0","0","0","0","0","0","0","0","","0","0","0","","","0","N","1","","40 26:38.490","4","0","79 55:33.717","0","0","0","0","2301","0","0","0","N","0","0","0","2","02301","0","","1.0","731.0","1","N","N","N","0","","0","0","0","","2","N","","2","0","0","0","0","0","0","2","0","2","","","","N","","","","","","","","","",""
"2020044414","0958","1","0","0","0","0","0","0","0","0","7","0","","02","6","2020","2","40.403731","-80.029081","0946","11","0","0","0","0","0","0","0","1","","0","0","0","","","1","N","0","","40 24:13.430","2","0","80 01:44.692","8","0","0","0","2301","0","0","0","N","0","0","0","1","02301","0","","5.0","1030.0","1","N","N","N","0","","0","0","0","","0","N","","1","1","1","0","0","1","0","2","0","1","","03","","N","","","","","","","","","",""
"2020008898","1755","2","0","0","0","0","0","0","0","0","1","0","","02","1","2020","4","40.609934","-80.094586","1746","11","0","0","0","0","0","2","0","0","","0","0","0","","","0","N","0","","40 36:35.764","","0","80 05:40.509","0","0","0","0","2481","0","0","0","N","0","0","0","4","68B03","0","","1.0","","1","N","N","N","0","","0","0","2","","0","","","4","0","0","0","0","0","0","2","0","4","","03","","N","","","","","","","","","",""
"2020012134","0657","3","0","0","0","0","0","0","0","0","1","0","","02","1","2020","6","40.477735","-80.042087","0654","11","0","0","0","0","0","0","0","0","","0","0","0","","","2","N","0","","40 28:39.847","1","0","80 02:31.514","3","0","0","0","2301","0","0","0","N","0","0","0","3","02301","1","","1.0","718.0","1","N","N","N","0","","1","0","0","","0","N","","3","2","0","0","0","0","0","2","0","3","","04","","N","","","","","","","","","",""
"2020051808","0447","1","0","0","0","0","0","0","0","0","1","1","","02","6","2020","6","40.417473","-80.056093","0437","11","0","0","0","0","0","1","0","0","","0","1","0","","","1","N","0","","40 25:02.902","3","0","80 03:21.936","4","0","0","0","2435","0","0","0","N","0","0","0","2","68B03","1","","1.0","520.0","1","N","N","N","0","","0","0","0","","0","N","","2","1","0","0","0","0","0","2","0","2","","","","N","","","","","","","","","",""
"2020047843","0048","1","0","0","0","0","0","0","0","0","4","0","","02","6","2020","6","40.468696","-79.962271","0040","11","0","0","0","0","0","1","0","0","","0","0","0","","","0","","1","","40 28:07.304","3","0","79 57:44.174","0","0","0","0","2301","0","0","0","N","0","0","0","2","02301","0","","1.0","120.0","1","N","N","N","1","","0","0","0","","2","N","","2","0","0","0","0","0","0","2","0","2","","03","","N","","","","","","","","","",""
"2020012609","1652","1","0","0","0","0","0","0","0","0","1","0","","02","1","2020","6","40.426378","-79.915854","1644","11","0","0","0","0","0","0","0","0","","0","0","0","","","1","N","0","","40 25:34.961","","4","79 54:57.074","3","0","0","0","2301","0","0","0","N","0","0","0","4","68B03","0","","1.0","","9","N","N","N","1","","1","0","1","","0","","","3","1","0","0","0","0","0","2","0","3","","","","N","","","","","","","","","",""
"2020051022","1030","1","0","0","0","0","0","0","0","0","4","0","","02","6","2020","2","40.529711","-79.952485","1020","11","0","0","0","0","0","0","1","1","","0","0","0","","","0","","2","","40 31:46.958","1","0","79 57:08.947","0","0","0","0","2118","0","0","0","N","0","0","0","3","02118","0","","1.0","1100.0","1","N","N","N","0","","0","0","1","","3","N","","2","0","0","0","0","0","0","2","0","2","","03","","N","","","","","","","","","",""
"2020046267","1047","3","0","0","0","0","0","0","0","0","1","0","","02","6","2020","6","40.287391","-80.002709","1044","11","0","0","0","1","0","1","1","0","","0","0","0","","","0","N","0","","40 17:14.608","","0","80 00:09.754","0","0","0","0","2219","0","0","0","N","0","0","0","3","02219","0","","1.0","","1","N","N","N","0","","0","0","0","","0","N","","3","0","0","0","0","0","0","2","0","3","","03","","N","","","","","","","","","",""
"2020024706","0725","1","0","0","0","0","0","0","0","0","4","0","","02","3","2020","2","40.50385","-80.135282","0713","11","0","0","0","0","0","2","0","0","","0","0","0","","","1","N","2","","40 30:13.860","4","2","80 08:07.016","8","0","0","0","2115","0","0","0","N","0","0","0","2","02115","0","","1.0","800.0","1","N","N","N","1","","0","0","0","","3","N","","2","1","0","0","0","1","0","2","0","2","","03","","N","","","","","","","","","",""
"2020058858","0016","2","0","0","0","0","0","0","0","0","6","0","","02","7","2020","1","40.466964","-79.872318","0006","11","0","0","0","0","0","0","0","0","","0","0","0","","","0","N","0","","40 28:01.071","","0","79 52:20.343","9","0","0","0","2113","0","0","0","N","0","0","0","2","02113","0","","1.0","","1","N","N","Y","0","","0","0","1","","0","","","3","0","0","0","0","0","1","2","0","3","","","","N","","","","","","","","","",""
"2020013213","2354","0","0","0","0","0","0","0","0","0","5","0","","02","2","2020","2","40.497049","-79.944469","2347","11","0","0","0","0","0","0","0","0","","0","0","0","","","0","N","0","","40 29:49.378","","0","79 56:40.087","0","0","0","0","2430","0","0","0","N","0","0","0","2","02430","0","","1.0","","1","N","N","N","0","","0","0","2","","0","","","2","0","1","0","0","0","0","2","0","2","","","","N","","","","","","","","","",""
"2020047991","1732","1","0","0","0","0","0","0","0","0","2","0","","02","6","2020","3","40.370184","-80.100779","1654","11","0","0","0","0","0","0","0","0","","0","0","0","","","1","N","1","","40 22:12.663","6","0","80 06:02.806","2","0","1","1","2102","0","0","0","N","0","0","0","2","02102","0","","1.0","1715.0","1","N","N","N","0","","0","1","0","","2","N","","2","1","0","0","0","0","0","2","0","2","","","","N","","","","","","","","","",""
"2020005275","1155","1","0","0","0","0","0","0","0","0","1","0","","02","1","2020","4","40.514083","-79.951706","1153","11","0","0","0","0","0","0","1","0","","0","0","0","","","1","N","0","","40 30:50.699","5","7","79 57:06.140","8","0","0","0","2118","0","0","0","N","0","0","0","2","02118","0","","1.0","1232.0","1","N","N","N","1","","0","0","0","","0","N","","2","1","0","0","0","1","0","2","0","2","","03","","N","","","","","","","","","",""
"2020011120","1506","0","0","0","0","0","0","0","0","0","4","0","","02","1","2020","3","40.403362","-80.089786","1501","11","0","0","0","0","0","1","1","0","","0","0","0","","","0","","1","","40 24:12.103","","0","80 05:23.229","0","0","0","0","2415","0","0","0","N","0","0","0","3","02415","0","","1.0","","9","N","N","N","0","","0","0","2","","3","","","2","0","0","0","0","0","0","2","0","2","","","","N","","","","","","","","","",""
"2020003722","0219","1","0","0","0","0","0","0","0","0","8","0","","02","1","2020","7","40.447247","-79.978142","0217","11","0","0","0","0","0","0","0","0","","0","0","0","","","1","N","0","","40 26:50.090","1","0","79 58:41.310","3","0","0","0","2301","1","0","0","N","1","0","0","2","02301","0","","1.0","240.0","1","N","N","N","0","","1","0","0","","0","N","","2","1","0","0","0","0","1","2","0","1","","","","N","","","","","","","","","",""
"2020008209","1051","1","0","0","0","0","0","0","0","0","7","0","","02","1","2020","7","40.544466","-79.835941","1051","11","0","0","0","0","0","0","0","0","","0","0","0","","","0","N","0","","40 32:40.078","","0","79 50:09.388","9","0","0","0","2208","0","0","0","N","0","0","0","3","68D02","0","","3.0","","2","N","N","N","0","","0","0","0","","0","","","1","0","0","0","0","0","1","2","0","1","","06","","N","","","","","","","","","",""
"2020025255","2001","1","0","0","0","0","0","0","0","0","7","0","","02","3","2020","3","40.445668","-79.855259","2001","11","0","0","0","0","0","0","0","0","","0","0","0","","","0","N","2","","40 26:44.405","","0","79 51:18.932","0","0","0","0","2419","0","0","0","Y","0","0","0","1","02419","0","","2.0","","1","N","N","N","0","","0","0","0","","0","N","","1","0","1","0","0","0","0","2","0","1","","03","","N","","","","","","","","","",""
"2020008206","1013","0","0","0","0","0","0","0","0","0","7","0","","02","1","2020","7","40.590291","-79.88862","1001","11","0","0","0","0","0","1","0","0","","0","0","0","","","0","N","0","","40 35:25.046","4","0","79 53:19.033","0","0","0","0","2209","0","0","0","N","0","0","0","2","68T02","0","","4.0","1040.0","6","N","N","N","0","","0","0","1","","0","N","","1","0","0","0","0","0","0","1","0","1","","06","","N","","","","","","","","","",""
"2020017091","1625","3","0","0","0","0","0","0","0","0","1","0","","02","2","2020","4","40.428298","-79.9274","1616","11","0","0","0","0","0","0","0","0","","0","0","0","","","0","N","0","","40 25:41.874","","4","79 55:38.639","9","0","0","0","2301","0","0","0","N","0","0","0","5","68B03","0","","1.0","","1","N","N","N","0","","0","0","0","","0","","","4","0","0","0","0","0","1","2","0","4","","03","","N","","","","","","","","","",""
"2020006499","0947","1","0","0","0","0","0","0","0","0","7","0","","02","1","2020","7","40.390547","-79.959791","0945","11","0","0","0","0","0","0","0","0","","0","0","0","","","0","N","0","","40 23:25.968","5","0","79 57:35.247","0","0","0","0","2403","0","0","0","N","0","0","0","1","02403","0","","2.0","1100.0","2","N","N","N","0","","0","0","0","","0","Y","","1","0","0","0","0","0","0","2","0","1","","04","","N","","","","","","","","","",""
"2020048352","1544","2","0","0","0","0","0","0","0","0","4","0","","02","6","2020","7","40.590297","-79.948359","1540","11","0","1","0","0","0","1","0","0","","0","0","0","","","0","","1","","40 35:25.068","","0","79 56:54.093","0","0","0","0","2207","0","0","0","N","0","0","0","2","02207","0","","1.0","","1","N","N","N","0","","0","0","0","","2","","","2","0","0","0","0","0","0","2","0","2","","03","","N","","","","","","","","","",""
"2020026451","0330","1","0","0","0","0","0","0","0","0","1","1","","02","3","2020","1","40.449562","-80.026261","0324","11","0","0","0","0","0","0","0","0","","0","1","0","","","0","","7","","40 26:58.423","","2","80 01:34.541","0","0","0","0","2301","0","0","0","N","0","0","0","2","02301","0","","2.0","","9","N","N","N","0","","0","0","0","","0","","","2","0","0","0","0","0","0","2","0","2","","03","","N","","","","","","","","","",""
"2020010740","0610","0","0","0","0","0","0","0","0","0","7","0","","02","1","2020","3","40.420742","-80.031924","0610","11","0","0","0","0","1","0","0","0","","0","0","0","","","0","N","0","","40 25:14.672","4","0","80 01:54.927","0","0","0","0","2301","0","0","0","N","0","0","0","1","68B01","0","","5.0","40.0","1","N","N","N","1","","0","0","0","","0","N","","1","0","1","0","0","0","0","2","0","1","","","","N","","","","","","","","","",""
"2020012737","0814","1","0","0","0","0","0","0","0","0","4","0","","02","2","2020","2","40.293641","-79.995773","0811","11","0","0","0","0","0","0","0","0","","0","0","0","","","0","N","2","","40 17:37.108","","0","79 59:44.784","0","0","0","0","2219","0","0","0","N","0","0","0","2","02219","0","","1.0","","1","N","N","N","0","","0","0","0","","3","","","2","0","0","0","0","0","0","2","1","2","","03","","N","","","","","","","","","",""
"2020005650","1448","0","0","0","0","0","0","0","0","0","1","0","","02","1","2020","4","40.443408","-79.959586","1432","11","0","0","0","0","0","0","1","0","","0","0","0","","","2","Y","0","","40 26:36.270","4","0","79 57:34.510","8","0","0","0","2301","0","0","0","N","0","0","0","3","02301","0","","1.0","1500.0","1","N","N","N","0","","0","0","2","","0","N","","2","2","0","0","0","2","0","2","0","2","","","","N","","","","","","","","","",""
"2020012501","1145","0","0","0","0","0","0","0","0","0","1","0","","02","1","2020","4","40.524238","-80.035177","1145","11","0","0","0","0","0","2","0","0","","0","0","0","","","0","N","0","","40 31:27.256","","0","80 02:06.636","0","0","0","0","2116","0","0","0","N","0","0","0","2","02116","0","","1.0","","1","","","N","1","","0","0","1","","0","","","2","0","0","0","0","0","0","2","0","2","","03","","N","","","","","","","","","",""
"2020006076","0919","0","0","0","0","0","0","0","0","0","7","0","","02","1","2020","6","40.456989","-80.195542","0916","11","0","0","0","0","0","0","0","0","","0","0","0","","","0","N","0","","40 27:25.160","","0","80 11:43.950","0","0","0","0","2203","0","0","0","N","0","0","0","1","02203","0","","2.0","","9","N","N","N","1","","0","0","0","","0","","","1","0","0","0","0","0","0","2","0","1","","","","N","","","","","","","","","",""
"2020046767","1633","0","0","0","0","0","0","0","0","0","4","0","","02","6","2020","1","40.633628","-79.938681","1630","11","0","0","0","1","0","0","0","0","","0","0","0","","","1","","1","","40 38:01.061","3","0","79 56:19.251","3","0","0","0","2217","0","0","0","N","0","0","0","4","02505","0","","1.0","1702.0","1","N","N","N","1","","1","0","1","","3","N","","2","1","0","0","0","0","0","2","0","2","","03","","N","","","","","","","","","",""
"2020011534","0841","1","0","0","0","0","0","0","0","0","8","0","","02","1","2020","5","40.455048","-79.94148","0800","11","0","0","0","0","0","1","0","0","","0","0","0","","","1","N","2","","40 27:18.172","","0","79 56:29.328","8","0","0","0","2301","1","0","0","N","1","0","0","2","02301","0","","1.0","","1","N","N","N","0","","0","0","0","","2","","","2","1","0","0","0","1","0","2","0","1","","03","","N","","","","","","","","","",""
"2020009943","2217","2","0","0","0","0","0","0","0","0","1","0","","02","1","2020","6","40.436181","-79.975205","2212","11","0","0","0","0","0","1","0","0","","0","0","0","","","0","","6","","40 26:10.252","","2","79 58:30.739","0","0","0","0","2301","0","0","0","N","0","0","0","2","02301","0","","1.0","","9","N","N","N","0","","0","0","0","","4","","","2","0","0","0","0","0","0","2","0","2","","","","N","","","","","","","","","",""
"2020012463","0942","2","0","0","0","0","0","0","0","0","4","0","","02","2","2020","1","40.482157","-79.973848","0940","11","0","0","0","0","0","0","0","1","","0","0","0","","","0","N","2","","40 28:55.764","","0","79 58:25.852","0","0","0","0","2445","0","0","0","N","0","0","0","2","02445","0","","1.0","","9","N","N","N","0","","0","0","0","","3","","","2","0","0","0","0","0","0","2","0","2","","","","N","","","","","","","","","",""
"2020007813","1007","2","0","0","0","0","0","0","0","0","1","0","","02","1","2020","3","40.443219","-80.028699","0956","11","0","0","0","0","0","1","0","0","","0","0","0","","","0","N","3","","40 26:35.588","1","0","80 01:43.318","0","0","0","0","2301","0","0","0","N","0","0","0","2","02301","0","","1.0","1020.0","1","N","N","N","0","","0","0","0","","0","N","","2","0","0","0","0","0","0","2","0","2","","03","","N","","","","","","","","","",""
"2020052280","1829","1","0","0","0","0","0","0","0","0","7","0","","02","7","2020","7","40.336697","-79.971056","1525","11","0","1","0","0","0","0","0","0","","0","0","0","","","0","Y","0","","40 20:12.108","4","0","79 58:15.802","0","0","0","0","2454","0","0","0","N","0","0","0","2","02454","0","","2.0","1919.0","1","N","N","N","0","","0","0","0","","0","N","","1","0","0","0","0","0","0","2","0","1","","","","N","","","","","","","","","",""
"2020014030","1521","2","0","0","0","0","0","0","0","0","1","0","","02","1","2020","6","40.515309","-80.198095","1519","11","0","0","0","0","0","0","0","1","","0","0","0","","","1","","2","","40 30:55.114","1","0","80 11:53.142","3","0","0","0","2213","0","0","0","N","0","0","0","2","02213","0","","1.0","1550.0","9","N","N","N","0","","1","0","0","","3","Y","","2","1","0","0","0","0","0","2","0","2","","","","N","","","","","","","","","",""
"2020004298","1231","2","0","0","0","0","0","0","0","0","2","0","","02","1","2020","1","40.524378","-80.071188","1230","11","0","0","0","0","0","0","0","0","","0","0","0","","","1","","2","","40 31:27.762","","0","80 04:16.275","8","0","0","0","2215","0","0","0","N","0","0","0","2","02215","0","","1.0","","1","N","N","N","0","","0","0","0","","2","","","2","1","0","0","0","1","0","2","0","2","","03","","N","","","","","","","","","",""
"2020013839","1805","1","0","0","0","0","0","0","0","0","8","0","","02","2","2020","4","40.454836","-79.945635","1805","11","0","0","0","0","0","1","0","0","","0","0","0","","","1","N","0","","40 27:17.409","","7","79 56:44.285","8","0","0","0","2301","1","0","0","N","1","0","0","2","02301","0","","4.0","","1","N","N","N","0","","0","0","0","","0","","","2","1","0","0","0","1","0","2","0","1","","03","","N","","","","","","","","","",""
"2020010774","1638","1","0","0","0","0","0","0","0","0","4","0","","02","1","2020","3","40.447995","-80.01784","1632","11","0","0","0","0","0","0","0","0","","0","0","0","","","0","N","1","","40 26:52.781","","0","80 01:04.225","0","0","0","0","2301","0","0","0","N","0","0","0","2","02301","0","","1.0","","1","N","N","N","0","","0","0","1","","2","","","2","0","0","0","0","0","0","2","0","2","","","","N","","","","","","","","","",""
"2020006290","1620","1","0","0","0","0","0","0","0","0","1","0","","02","1","2020","6","40.342181","-79.985239","1617","11","0","1","0","0","0","0","0","0","","0","0","0","","","0","N","0","","40 20:31.850","","7","79 59:06.860","0","0","0","0","2403","0","0","0","N","0","0","0","2","02403","0","","1.0","","1","N","N","N","0","","0","0","1","","0","N","","2","0","0","0","0","0","0","2","0","2","","","","N","","","","","","","","","",""
"2020018702","1655","2","0","0","0","0","0","0","0","0","7","0","","02","1","2020","1","40.348374","-80.052545","1651","11","0","0","0","0","0","1","0","0","","0","0","0","","","1","N","0","","40 20:54.146","","0","80 03:09.161","4","0","0","0","2407","0","0","0","N","0","0","0","4","02407","1","","1.0","","1","N","N","N","0","","0","0","0","","0","","","2","1","0","0","0","0","0","2","0","2","","03","","N","","","","","","","","","",""
"2020010551","1125","1","0","0","0","0","0","1","0","0","5","1","","02","1","2020","2","40.392029","-79.93493","1108","11","0","0","0","0","0","1","1","0","","0","0","0","","","0","N","0","","40 23:31.304","2","8","79 56:05.748","0","0","0","0","2301","0","0","0","N","0","0","0","2","02503","0","","1.0","1215.0","99","N","N","N","0","","0","0","0","","0","Y","","2","0","0","0","0","0","0","2","0","2","","98","","N","","","","","","","","","",""
"2020024107","1748","2","0","0","0","0","0","0","0","0","1","0","","02","3","2020","6","40.606168","-80.08724","1743","11","0","1","0","0","0","1","1","0","","0","0","0","","","0","N","0","","40 36:22.204","","0","80 05:14.064","0","0","0","0","2481","0","0","0","N","0","0","0","5","02481","0","","1.0","","9","N","N","N","1","","0","0","1","","0","N","","4","0","0","0","0","0","0","2","0","4","","03","","N","","","","","","","","","",""
"2020051403","0215","0","0","0","0","0","0","0","0","0","7","0","","02","6","2020","7","40.407656","-79.877781","0157","11","0","0","0","0","0","0","0","0","","0","0","0","","","0","N","0","","40 24:27.560","5","0","79 52:40.010","9","0","0","0","2456","0","0","0","N","0","0","0","1","68B03","0","","4.0","240.0","1","N","N","N","0","","0","0","1","","0","N","","1","0","1","0","0","0","1","2","0","1","","","","N","","","","","","","","","",""
"2020026195","0543","2","0","0","0","0","0","0","0","0","1","0","","02","1","2020","3","40.508145","-80.089456","0539","11","0","0","0","0","0","1","0","0","","0","0","0","","","0","N","2","","40 30:29.323","","0","80 05:22.043","0","0","0","0","2429","0","0","0","N","0","0","0","3","02215","0","","1.0","","1","N","N","N","0","","0","0","1","","0","N","","3","0","0","0","0","0","0","2","0","3","","03","","N","","","","","","","","","",""
"2020052898","1341","1","0","0","0","0","0","0","0","0","7","0","","02","6","2020","3","40.347084","-79.973727","1339","11","0","0","0","0","0","0","1","0","","0","0","0","","","0","N","0","","40 20:49.504","","7","79 58:25.416","9","0","0","0","2476","0","0","0","N","0","0","0","1","02476","0","","5.0","","1","N","N","N","0","","0","0","0","","0","","","1","0","0","0","0","0","1","2","0","1","","","","N","","","","","","","","","",""
"2020011261","2104","1","0","0","0","0","0","0","0","0","4","0","","02","1","2020","3","40.41652","-79.993095","2056","11","0","0","0","1","0","0","0","0","","0","0","0","","","0","N","1","","40 24:59.472","","0","79 59:35.141","0","0","0","0","2301","0","0","0","N","0","0","0","2","02301","0","","1.0","","1","N","N","N","0","","0","0","1","","3","","","2","0","0","0","0","0","0","2","0","2","","03","","N","","","","","","","","","",""
"2020053579","0854","1","0","0","0","0","0","0","0","0","1","0","","02","7","2020","4","40.419861","-80.051232","0840","11","0","0","0","0","0","1","0","0","","0","0","0","","","0","N","6","","40 25:11.498","","2","80 03:04.436","0","0","0","0","2435","0","0","0","N","0","0","0","2","68B03","0","","1.0","","1","N","N","N","1","","0","0","0","","0","","","2","0","0","0","0","0","0","2","0","2","","","","N","","","","","","","","","",""
"2020050202","0807","0","0","0","0","0","0","0","0","0","4","1","","02","5","2020","5","40.430616","-79.957674","0756","11","0","0","0","0","0","0","0","0","","0","1","0","","","0","N","0","","40 25:50.219","3","0","79 57:27.628","0","0","0","0","2301","0","0","0","N","0","0","0","2","68B03","0","","1.0","815.0","9","N","N","N","0","","0","0","1","","0","N","","2","0","0","0","0","0","0","2","0","2","","","","N","","","","","","","","","",""
"2020007366","2151","0","0","0","0","0","0","0","0","0","1","0","","02","1","2020","5","40.430917","-80.028636","2141","11","0","0","0","0","0","1","0","0","","0","0","0","","","1","N","0","","40 25:51.300","2","2","80 01:43.090","4","0","0","0","2301","0","0","0","N","0","0","0","3","02301","1","","1.0","2210.0","1","N","N","N","0","","0","0","2","","3","Y","","2","1","0","0","0","0","0","2","0","2","","","","N","","","","","","","","","",""
"2020004987","1734","3","0","0","0","0","0","0","0","0","1","0","","02","1","2020","2","40.42882","-79.999472","1726","11","0","0","0","0","0","0","0","1","","0","0","0","","","1","N","0","","40 25:43.752","1","4","79 59:58.099","3","0","0","0","2301","0","0","0","N","0","0","0","3","02301","0","","1.0","1757.0","1","N","N","N","0","","1","0","0","","0","N","","3","1","0","0","0","0","0","2","0","3","","03","","N","","","","","","","","","",""
"2020019811","1059","1","0","0","0","0","0","0","0","0","1","0","","02","1","2020","7","40.446332","-80.170656","1057","11","0","0","0","0","0","0","0","0","","0","0","0","","","1","N","0","","40 26:46.796","","0","80 10:14.360","3","0","0","0","2115","0","0","0","N","0","0","0","3","68B03","0","","1.0","","1","N","N","N","0","","1","0","0","","0","","","2","1","0","0","0","0","1","2","0","2","","03","","N","","","","","","","","","",""
"2020026254","0945","1","0","0","0","0","0","0","0","0","6","0","","02","3","2020","7","40.393341","-79.98204","0930","11","0","0","0","1","0","0","0","0","","0","0","0","","","0","N","1","","40 23:36.027","","0","79 58:55.343","9","0","0","0","2301","0","0","0","N","0","0","0","1","02301","0","","4.0","","99","N","N","N","0","","0","0","0","","0","","","2","0","0","0","0","0","1","2","0","2","","98","","N","","","","","","","","","",""
"2020011465","0720","1","0","0","0","0","0","0","0","0","7","0","","02","1","2020","5","40.463782","-80.022721","0715","11","0","0","0","0","0","0","0","0","","0","0","0","","","0","","3","","40 27:49.615","","0","80 01:21.795","0","0","0","0","2301","0","0","0","N","0","0","0","2","02301","0","","2.0","","1","N","Y","N","0","","0","0","0","","0","","","1","0","0","0","0","0","0","2","0","1","","","","N","","","","","","","","","",""