"CRN","ARRIVAL_TM","AUTOMOBILE_COUNT","BELTED_DEATH_COUNT","BELTED_SUSP_SERIOUS_INJ_COUNT","BICYCLE_COUNT","BICYCLE_DEATH_COUNT","BICYCLE_SUSP_SERIOUS_INJ_COUNT","BUS_COUNT","CHLDPAS_DEATH_COUNT","CHLDPAS_SUSP_SERIOUS_INJ_COUNT","COLLISION_TYPE","COMM_VEH_COUNT","CONS_ZONE_SPD_LIM","COUNTY","CRASH_MONTH","CRASH_YEAR","DAY_OF_WEEK","DEC_LATITUDE","DEC_LONGITUDE","DISPATCH_TM","DISTRICT","DRIVER_COUNT_16YR","DRIVER_COUNT_17YR","DRIVER_COUNT_18YR","DRIVER_COUNT_19YR","DRIVER_COUNT_20YR","DRIVER_COUNT_50_64YR","DRIVER_COUNT_65_74YR","DRIVER_COUNT_75PLUS","EST_HRS_CLOSED","FATAL_COUNT","HEAVY_TRUCK_COUNT","HORSE_BUGGY_COUNT","HOUR_OF_DAY","ILLUMINATION","INJURY_COUNT","INTERSECTION_RELATED","INTERSECT_TYPE","LANE_CLOSED","LATITUDE","LN_CLOSE_DIR","LOCATION_TYPE","LONGITUDE","MAX_SEVERITY_LEVEL","MCYCLE_DEATH_COUNT","MCYCLE_SUSP_SERIOUS_INJ_COUNT","MOTORCYCLE_COUNT","MUNICIPALITY","NONMOTR_COUNT","NONMOTR_DEATH_COUNT","NONMOTR_SUSP_SERIOUS_INJ_COUNT","NTFY_HIWY_MAINT","PED_COUNT","PED_DEATH_COUNT","PED_SUSP_SERIOUS_INJ_COUNT","PERSON_COUNT","POLICE_AGCY","POSSIBLE_INJ_COUNT","RDWY_SURF_TYPE_CD","RELATION_TO_ROAD","ROADWAY_CLEARED","ROAD_CONDITION","SCH_BUS_IND","SCH_ZONE_IND","SECONDARY_CRASH","SMALL_TRUCK_COUNT","SPEC_JURIS_CD","SUSP_MINOR_INJ_COUNT","SUSP_SERIOUS_INJ_COUNT","SUV_COUNT","TCD_FUNC_CD","TCD_TYPE","TFC_DETOUR_IND","TIME_OF_DAY","TOTAL_UNITS","TOT_INJ_COUNT","UNBELTED_OCC_COUNT","UNB_DEATH_COUNT","UNB_SUSP_SERIOUS_INJ_COUNT","UNK_INJ_DEG_COUNT","UNK_INJ_PER_COUNT","URBAN_RURAL","VAN_COUNT","VEHICLE_COUNT","WEATHER1","WEATHER2","WORKERS_PRES","WORK_ZONE_IND","WORK_ZONE_LOC","WORK_ZONE_TYPE","WZ_CLOSE_DETOUR","WZ_FLAGGER","WZ_LAW_OFFCR_IND","WZ_LN_CLOSURE","WZ_MOVING","WZ_OTHER","WZ_SHLDER_MDN","WZ_WORKERS_INJ_KILLED"
"2020006442","0416","1","0","0","0","0","0","0","0","0","7","0","","02","1","2020","7","40.352876","-79.837655","0412","11","0","0","0","0","0","0","0","0","","0","0","0","","","0","N","0","","40 21:10.355","","0","79 50:15.559","0","0","0","0","2304","0","0","0","N","0","0","0","1","02304","0","","5.0","","2","N","N","N","0","","0","0","0","","0","N","","1","0","0","0","0","0","0","2","0","1","","","","N","","","","","","","","","",""
"2020052208","1148","0","0","0","0","0","0","0","0","0","7","0","","02","7","2020","7","40.432372","-79.864851","1146","11","0","0","0","0","0","1","0","0","","0","0","0","","","0","","1","","40 25:56.539","4","0","79 51:53.464","0","0","0","0","2431","0","0","0","N","0","0","0","2","02431","0","","5.0","1215.0","1","N","N","N","0","","0","0","1","","2","N","","1","0","2","0","0","0","0","2","0","1","","","","N","","","","","","","","","",""
"2020013606","0700","0","0","0","0","0","0","0","0","0","1","0","","02","2","2020","4","40.438422","-79.994127","0645","11","0","0","0","0","0","2","0","0","","0","0","0","","","0","","7","","40 26:18.319","","2","79 59:38.856","0","0","0","0","2301","0","0","0","N","0","0","0","3","02301","0","","1.0","","1","N","N","N","2","","0","0","1","","0","","","3","0","0","0","0","0","0","2","0","3","","03","","N","","","","","","","","","",""
"2020026870","1532","2","0","0","0","0","0","0","0","0","6","0","","02","3","2020","2","40.466561","-80.057125","1529","11","0","0","1","0","0","0","0","0","","0","0","0","","","0","N","0","","40 27:59.620","","0","80 03:25.650","0","0","0","0","2444","0","0","0","N","0","0","0","2","02444","0","","1.0","","1","N","N","Y","0","","0","0","1","","0","","","3","0","2","0","0","0","0","2","0","3","","03","","N","","","","","","","","","",""
"2020051859","0101","1","0","0","0","0","0","0","0","0","1","0","","02","7","2020","6","40.454767","-80.014809","0100","11","0","0","0","0","0","0","0","0","","0","0","0","","","0","N","0","","40 27:17.162","","0","80 00:53.314","0","0","0","0","2301","0","0","0","N","0","0","0","1","02301","0","","6.0","","1","N","N","N","0","","0","0","1","","2","","","2","0","0","0","0","0","0","2","0","2","","03","","N","","","","","","","","","",""
"2020009475","1938","1","0","0","0","0","0","0","0","0","4","0","","02","1","2020","6","40.345385","-80.154704","1935","11","0","0","0","0","0","1","0","0","","0","0","0","","","1","","1","","40 20:43.387","","0","80 09:16.933","8","0","0","0","2119","0","0","0","N","0","0","0","2","02119","0","","1.0","","9","N","N","N","0","","0","0","1","","0","","","2","1","0","0","0","1","0","2","0","2","","07","","N","","","","","","","","","",""
"2020013080","1644","1","0","0","0","0","0","0","0","0","7","0","","02","1","2020","1","40.49586","-79.93988","1630","11","0","0","0","1","0","0","0","0","","0","0","0","","","0","N","0","","40 29:45.096","2","3","79 56:23.569","0","0","0","0","2461","0","0","0","N","0","0","0","2","68D02","0","","2.0","1705.0","1","N","N","N","0","","0","0","0","","0","N","","1","0","0","0","0","0","0","2","0","1","","","","N","","","","","","","","","",""
"2020044124","1955","2","0","0","0","0","0","0","0","0","4","0","","02","6","2020","7","40.443814","-79.974716","1953","11","0","0","0","0","0","0","0","0","","0","0","0","","","1","N","0","","40 26:37.729","6","0","79 58:28.976","3","0","0","0","2301","0","0","0","N","0","0","0","1","02301","0","","4.0","2037.0","1","N","N","N","0","","1","0","1","","0","Y","","3","1","0","0","0","0","0","2","0","3","","03","","N","","","","","","","","","",""
"2020006547","0706","1","0","0","0","0","0","0","0","0","7","0","","02","1","2020","7","40.506739","-80.006878","0656","11","0","0","0","0","0","0","0","0","","0","0","0","","","0","","2","","40 30:24.261","","0","80 00:24.762","0","0","0","0","2116","0","0","0","N","0","0","0","1","02116","0","","4.0","","2","N","N","N","0","","0","0","0","","0","","","1","0","0","0","0","0","0","2","0","1","","10","","N","","","","","","","","","",""
"2020008492","1157","1","0","0","0","0","0","0","0","0","7","0","","02","1","2020","4","40.360128","-79.960403","1150","11","0","0","0","0","0","0","1","0","","0","0","0","","","1","N","0","","40 21:36.460","5","0","79 57:37.450","3","0","0","0","2403","0","0","0","N","0","0","0","2","02403","0","","4.0","1255.0","1","N","N","N","0","","1","0","1","","0","Y","","2","1","1","0","0","0","0","2","0","2","","03","","N","","","","","","","","","",""
"2020025846","1604","1","0","0","0","0","0","0","0","0","7","0","","02","3","2020","1","40.379474","-79.807395","1602","11","0","0","0","1","0","0","0","0","","0","0","0","","","0","N","0","","40 22:46.105","","0","79 48:26.623","0","0","0","0","2111","0","0","0","N","0","0","0","1","02111","0","","5.0","","1","N","N","N","0","","0","0","0","","0","","","1","0","0","0","0","0","0","2","0","1","","03","","N","","","","","","","","","",""
"2020013427","1637","1","0","0","0","0","0","0","0","0","4","0","","02","2","2020","3","40.34966","-79.849625","1636","11","0","0","0","0","0","0","0","0","","0","0","0","","","0","N","2","","40 20:58.777","","0","79 50:58.651","0","0","0","0","2304","0","0","0","N","0","0","0","3","02304","0","","1.0","","9","N","N","N","0","","0","0","1","","3","","","2","0","0","0","0","0","0","2","0","2","","","","N","","","","","","","","","",""
"2020004774","0835","1","0","0","0","0","0","0","0","0","1","0","","02","1","2020","3","40.434472","-79.987439","0815","11","0","0","0","0","0","0","0","0","","0","0","0","","","0","N","0","","40 26:04.100","3","7","79 59:14.780","0","0","0","0","2301","0","0","0","N","0","0","0","2","02301","0","","1.0","900.0","1","N","N","N","1","","0","0","0","","2","N","","2","0","0","0","0","0","0","2","0","2","","03","","N","","","","","","","","","",""
"2020025045","1542","1","0","0","0","0","0","0","0","0","7","0","","02","3","2020","3","40.299469","-79.921519","1540","11","0","0","0","0","0","0","0","0","","0","0","0","","","0","N","0","","40 17:58.089","2","0","79 55:17.467","0","0","0","0","2440","0","0","0","N","0","0","0","1","02440","0","","2.0","1615.0","9","N","N","N","0","","0","0","0","","0","N","","1","0","0","0","0","0","0","2","0","1","","04","","N","","","","","","","","","",""
"2020010132","0720","0","0","0","0","0","0","0","0","0","7","0","","02","1","2020","2","40.456356","-79.99085","0715","11","0","0","0","0","0","1","0","0","","0","0","0","","","1","N","7","","40 27:22.881","","2","79 59:27.059","3","0","0","0","2301","0","0","0","Y","0","0","0","1","02301","0","","2.0","","2","N","N","N","0","","1","0","1","","0","","","2","1","0","0","0","0","0","2","0","1","","06","","N","","","","","","","","","",""
"2020016630","0109","1","0","0","0","0","0","0","0","0","7","0","","02","2","2020","7","40.442725","-79.772853","0104","11","0","0","0","0","0","0","0","0","","0","0","0","","","0","N","0","","40 26:33.810","","0","79 46:22.270","0","0","0","0","2446","0","0","0","N","0","0","0","1","02446","0","","4.0","","9","N","N","N","0","","0","0","0","","0","","","1","0","0","0","0","0","0","2","0","1","","03","","N","","","","","","","","","",""
"2020011023","0422","1","0","0","0","0","0","0","0","0","7","0","","02","1","2020","4","40.434917","-79.917548","0412","11","0","0","0","0","0","1","0","0","","0","0","0","","","0","N","0","","40 26:05.701","","0","79 55:03.174","0","0","0","0","2301","0","0","0","N","0","0","0","1","02301","0","","5.0","","2","N","N","N","0","","0","0","0","","0","","","1","0","0","0","0","0","0","2","0","1","","98","","N","","","","","","","","","",""
"2020015176","0941","1","0","0","0","0","0","0","0","0","4","0","","02","2","2020","2","40.391169","-80.072578","0939","11","0","0","0","0","0","1","0","0","","0","0","0","","","1","N","0","","40 23:28.208","4","7","80 04:21.279","3","0","0","0","2117","0","0","0","N","0","0","0","2","02117","0","","1.0","1010.0","1","N","N","N","0","","1","0","1","","0","N","","2","1","0","0","0","0","0","2","0","2","","","","N","","","","","","","","","",""
"2020011332","0030","1","0","0","0","0","0","0","0","0","4","0","","02","1","2020","1","40.475987","-80.00753","0009","11","0","0","0","0","0","1","0","0","","0","0","0","","","1","N","0","","40 28:33.552","","0","80 00:27.109","3","0","0","0","2301","0","0","0","N","0","0","0","2","68B03","0","","1.0","","9","N","N","N","0","","1","0","1","","0","","","2","1","0","0","0","0","0","2","0","2","","","","N","","","","","","","","","",""
"2020024441","1141","4","0","0","0","0","0","0","0","0","6","0","","02","3","2020","1","40.363","-79.8516","1140","11","0","0","0","0","0","1","0","0","","0","0","0","","","1","N","0","","40 21:46.800","7","0","79 51:05.760","3","0","0","0","2303","0","0","0","N","0","0","0","3","02303","0","","1.0","1233.0","1","N","N","N","0","","1","0","0","","0","Y","","4","1","1","0","0","0","0","2","0","4","","03","","N","","","","","","","","","",""
"2020013833","1755","0","0","0","0","0","0","0","0","0","1","0","","02","2","2020","3","40.348809","-79.940065","1750","11","0","0","0","0","0","0","0","0","","0","0","0","","","2","N","0","","40 20:55.714","4","0","79 56:24.234","8","0","0","0","2473","0","0","0","N","0","0","0","3","02473","0","","1.0","1825.0","9","N","N","N","1","","0","0","1","","0","N","","2","2","0","0","0","2","0","2","0","2","","04","","N","","","","","","","","","",""
"2020005679","1025","2","0","0","0","0","0","0","0","0","1","0","","02","1","2020","5","40.49054","-79.868961","1020","11","0","0","0","0","0","1","0","0","","0","0","0","","","1","N","2","","40 29:25.945","","0","79 52:08.261","8","0","0","0","2112","0","0","0","N","0","0","0","2","02112","0","","1.0","","1","N","N","N","0","","0","0","0","","3","N","","2","1","0","0","0","1","0","2","0","2","","","","N","","","","","","","","","",""
"2020009774","1341","2","0","0","0","0","0","0","0","0","4","0","","02","1","2020","1","40.339573","-79.952862","1339","11","0","1","0","0","0","0","0","0","","0","0","0","","","1","N","0","","40 20:22.463","6","7","79 57:10.303","4","0","0","0","2473","0","0","0","N","0","0","0","4","02473","1","","1.0","1410.0","1","N","N","N","0","","0","0","0","","2","N","","2","1","0","0","0","0","0","2","0","2","","03","","N","","","","","","","","","",""
"2020036837","0440","1","0","0","0","0","0","0","0","0","7","0","","02","2","2020","1","40.43953","-80.009852","0422","11","0","0","0","0","0","0","0","0","","0","0","0","","","1","N","0","","40 26:22.309","3","2","80 00:35.466","8","0","0","0","2301","0","0","0","N","0","0","0","1","68B03","0","","4.0","515.0","1","N","N","N","0","","0","0","0","","0","Y","","1","1","1","0","0","1","0","2","0","1","","03","","N","","","","","","","","","",""
"2020049430","1736","0","0","0","0","0","0","0","0","0","8","0","","02","5","2020","3","40.463196","-79.904476","1735","11","0","0","0","0","0","0","0","0","","0","0","0","","","1","N","2","","40 27:47.505","","0","79 54:16.113","3","0","0","0","2301","1","0","0","N","1","0","0","2","02301","0","","1.0","","1","N","N","N","1","","1","0","0","","0","","","2","1","0","0","0","0","0","2","0","1","","03","","N","","","","","","","","","",""
"2020051908","1118","1","0","0","0","0","0","0","0","0","4","0","","02","7","2020","5","40.532202","-80.175436","1117","11","0","0","0","0","0","1","0","1","","0","0","0","","","1","","1","","40 31:55.927","2","0","80 10:31.570","4","0","0","0","2452","0","0","0","N","0","0","0","2","02458","1","","1.0","1142.0","1","N","N","N","1","","0","0","0","","3","Y","","2","1","0","0","0","0","0","2","0","2","","03","","N","","","","","","","","","",""
"2020006267","1706","3","0","0","0","0","0","0","0","0","4","0","","02","1","2020","4","40.399425","-79.989003","1706","11","0","0","0","0","0","0","2","0","","0","0","0","","","0","N","0","","40 23:57.930","","0","79 59:20.410","0","0","0","0","2301","0","0","0","N","0","0","0","2","02301","0","","1.0","","1","N","N","N","1","","0","0","0","","0","","","4","0","0","0","0","0","0","2","0","4","","03","","N","","","","","","","","","",""
"2020052249","1631","2","0","0","0","0","0","0","0","0","4","0","","02","7","2020","7","40.465022","-79.954306","1631","11","0","0","0","0","0","1","0","0","","0","0","0","","","0","N","2","","40 27:54.078","1","0","79 57:15.501","0","0","0","0","2301","0","0","0","N","0","0","0","2","02301","0","","1.0","1648.0","1","N","N","N","0","","0","0","0","","3","N","","2","0","0","0","0","0","0","2","0","2","","","","N","","","","","","","","","",""
"2020010645","1028","0","0","0","0","0","0","0","0","0","7","0","","02","1","2020","3","40.388539","-79.830875","1024","11","0","0","0","0","0","0","0","0","","0","0","0","","","0","N","0","","40 23:18.740","5","0","79 49:51.150","0","0","0","0","2111","0","0","0","N","0","0","0","1","02111","0","","5.0","1054.0","1","N","N","N","0","","0","0","1","","0","Y","","1","0","0","0","0","0","0","2","0","1","","","","N","","","","","","","","","",""
"2020010963","0051","1","0","0","0","0","0","0","0","0","7","0","","02","1","2020","1","40.425732","-79.903942","0045","11","0","0","0","0","0","0","0","0","","0","0","0","","","1","N","0","","40 25:32.635","4","0","79 54:14.192","3","0","0","0","2301","0","0","0","Y","0","0","0","2","68B03","0","","2.0","100.0","9","N","N","N","0","","1","0","0","","0","N","","1","1","2","0","0","0","0","2","0","1","","","","N","","","","","","","","","",""
"2020025969","2115","1","0","0","0","0","0","0","0","0","1","0","","02","2","2020","5","40.425585","-79.90935","2105","11","0","0","0","0","0","1","0","0","","0","0","0","","","1","N","0","","40 25:32.105","","0","79 54:33.659","8","0","0","0","2301","0","0","0","N","0","0","0","2","68B03","0","","1.0","","1","N","N","N","0","","0","0","1","","0","","","2","1","0","0","0","1","0","2","0","2","","02","","N","","","","","","","","","",""
"2020003970","2211","1","0","0","0","0","0","0","0","0","2","0","","02","1","2020","7","40.440032","-80.009657","2151","11","0","0","0","0","0","0","0","0","","0","0","0","","","0","N","0","","40 26:24.116","4","0","80 00:34.766","0","0","0","0","2301","0","0","0","N","0","0","0","1","02301","0","","1.0","2229.0","9","N","N","N","0","","0","0","0","","0","Y","","1","0","0","0","0","0","0","2","0","1","","07","","N","","","","","","","","","",""
"2020010769","2235","0","0","0","0","0","0","0","0","0","4","0","","02","1","2020","7","40.453452","-79.931789","2230","11","0","0","0","0","0","0","0","0","","0","0","0","","","0","N","1","","40 27:12.427","","0","79 55:54.440","0","0","0","0","2301","0","0","0","N","0","0","0","3","02301","0","","1.0","","9","N","N","N","0","","0","0","2","","3","","","2","0","0","0","0","0","0","2","0","2","","07","","N","","","","","","","","","",""
"2020049845","1754","0","0","0","0","0","0","0","0","0","7","1","","02","6","2020","5","40.334514","-80.172606","1749","11","0","0","0","0","0","0","0","0","","0","1","0","","","0","N","0","","40 20:04.250","5","0","80 10:21.380","0","0","0","0","2119","0","0","0","N","0","0","0","1","02119","0","","2.0","2030.0","9","N","N","N","0","","0","0","0","","0","Y","","1","0","0","0","0","0","0","2","0","1","","","","N","","","","","","","","","",""
"2020049954","1327","0","0","0","0","0","0","0","0","0","0","0","","02","6","2020","3","40.563061","-80.060543","1319","11","0","0","0","0","1","0","0","0","","0","0","0","","","1","","2","","40 33:47.018","","0","80 03:37.954","8","0","0","1","2108","0","0","0","N","0","0","0","2","02108","0","","1.0","","1","N","N","Y","1","","0","0","0","","3","","","2","1","0","0","0","1","0","2","0","2","","","","N","","","","","","","","","",""
"2020048530","2339","1","0","0","0","0","0","0","0","0","1","0","","02","6","2020","1","40.54287","-80.184064","2337","11","0","0","0","0","0","0","0","0","","0","0","0","","","0","N","0","","40 32:34.332","2","0","80 11:02.631","0","0","0","0","2458","0","0","0","N","0","0","0","1","02458","0","","1.0","5.0","1","N","N","N","0","","0","0","1","","0","N","","2","0","0","0","0","0","0","2","0","2","","","","N","","","","","","","","","",""
"2020059786","1609","0","0","0","0","0","0","0","0","0","7","1","","02","7","2020","3","40.418798","-80.201666","1607","11","0","0","0","0","0","0","0","0","","0","1","0","","","2","","2","","40 25:07.672","6","3","80 12:05.999","8","0","0","0","2214","0","0","0","Y","0","0","0","2","02214","0","","2.0","1903.0","1","N","N","N","0","","0","0","0","","0","N","","1","2","0","0","0","2","0","1","0","1","","","","N","","","","","","","","","",""
"2020050120","0641","2","0","0","0","0","0","0","0","0","4","0","","02","6","2020","6","40.448186","-80.010448","0639","11","0","0","0","0","0","0","1","0","","0","0","0","","","0","","1","","40 26:53.471","","0","80 00:37.614","0","0","0","0","2301","0","0","0","N","0","0","0","2","02301","0","","1.0","","1","N","N","N","0","","0","0","0","","0","","","2","0","2","0","0","0","0","2","0","2","","03","","N","","","","","","","","","",""
"2020051400","0042","1","0","1","0","0","0","0","0","0","1","1","","02","6","2020","4","40.433423","-80.14191","0026","11","0","0","0","0","0","0","0","0","","0","1","0","","","2","N","0","","40 26:00.324","4","0","80 08:30.875","2","0","0","0","2115","0","0","0","N","0","0","0","3","68B03","0","","1.0","145.0","1","N","N","N","0","","1","1","0","","0","Y","","2","2","0","0","0","0","0","2","0","2","","","","N","","","","","","","","","",""
"2020012596","2200","2","0","0","0","0","0","0","0","0","4","0","","02","1","2020","4","40.430229","-79.881253","2156","11","0","0","0","0","0","0","1","0","","0","0","0","","","0","N","0","","40 25:48.823","4","0","79 52:52.509","9","0","0","0","2426","0","0","0","N","0","0","0","2","68B03","0","","1.0","2300.0","1","N","N","N","0","","0","0","1","","0","Y","","3","0","0","0","0","0","2","2","0","3","","","","N","","","","","","","","","",""
"2020012107","1843","1","0","0","0","0","0","0","0","0","1","0","","02","1","2020","6","40.456323","-79.991017","1825","11","0","0","0","0","0","1","0","0","","0","0","0","","","0","N","7","","40 27:22.762","1","2","79 59:27.661","0","0","0","0","2301","0","0","0","N","0","0","0","3","02301","0","","1.0","1908.0","9","N","N","N","0","","0","0","2","","0","Y","","3","0","0","0","0","0","0","2","0","3","","","","N","","","","","","","","","",""
"2020008207","1041","1","0","0","0","0","0","0","0","0","7","0","","02","1","2020","7","40.579444","-79.869197","1040","11","0","0","0","0","0","0","0","0","","0","0","0","","","0","N","0","","40 34:45.998","","0","79 52:09.110","0","0","0","0","2209","0","0","0","N","0","0","0","1","68T02","0","","4.0","","9","N","N","N","0","","0","0","0","","0","","","1","0","0","0","0","0","0","2","0","1","","06","","N","","","","","","","","","",""
"2020017496","1644","2","0","0","0","0","0","0","0","0","4","0","","02","2","2020","2","40.321405","-80.058138","1635","11","0","1","0","0","0","0","0","0","","0","0","0","","","1","N","2","","40 19:17.059","7","0","80 03:29.298","4","0","0","0","2407","0","0","0","N","0","0","0","2","02407","1","","1.0","1750.0","1","N","N","N","0","","0","0","0","","3","Y","","2","1","0","0","0","0","0","2","0","2","","","","N","","","","","","","","","",""
"2020008771","0808","1","0","0","0","0","0","0","0","0","4","0","","02","1","2020","4","40.51225","-79.957936","0808","11","0","0","0","0","0","1","0","0","","0","0","0","","","0","","2","","40 30:44.099","","0","79 57:28.568","0","0","0","0","2118","0","0","0","N","0","0","0","3","02118","0","","1.0","","1","N","N","N","0","","0","0","1","","3","N","","2","0","0","0","0","0","0","2","0","2","","","","N","","","","","","","","","",""
"2020052943","2126","0","0","0","0","0","0","0","0","0","8","0","99","02","7","2020","2","40.457591","-79.936244","2125","11","0","0","0","0","0","0","0","0","","0","0","0","","","1","N","0","","40 27:27.326","","0","79 56:10.478","8","0","0","0","2301","1","0","0","N","1","0","0","3","02301","0","","1.0","","1","N","N","N","0","","0","0","1","","0","","","2","1","0","0","0","1","2","2","0","1","","03","Y","Y","3","1","","Y","Y","Y","Y","","","Y"
"2020051514","1751","2","0","0","0","0","0","0","0","0","4","0","","02","7","2020","4","40.461197","-79.920798","1742","11","0","0","0","0","0","0","0","1","","0","0","0","","","0","N","2","","40 27:40.309","4","0","79 55:14.872","0","0","0","0","2301","0","0","0","N","0","0","0","4","02301","0","","1.0","1755.0","1","N","N","N","0","","0","0","0","","2","N","","2","0","0","0","0","0","0","2","0","2","","03","","N","","","","","","","","","",""
"2020048919","0502","0","0","0","0","0","0","0","0","0","7","0","","02","6","2020","7","40.377359","-79.920862","0455","11","0","0","0","0","0","0","0","0","","0","0","0","","","0","N","0","","40 22:38.493","2","0","79 55:15.103","0","0","0","0","2301","0","0","0","N","0","0","0","1","02301","0","","5.0","515.0","1","N","N","N","0","","0","0","1","","0","N","","1","0","0","0","0","0","0","2","0","1","","","","N","","","","","","","","","",""
"2020009181","1900","2","0","0","0","0","0","0","0","0","4","0","","02","1","2020","5","40.432842","-79.936554","1857","11","0","0","0","0","0","0","0","0","","0","0","0","","","0","N","1","","40 25:58.231","","0","79 56:11.594","0","0","0","0","2301","0","0","0","N","0","0","0","2","02301","0","","1.0","","1","N","N","N","0","","0","0","0","","2","","","2","0","0","0","0","0","0","2","0","2","","","","N","","","","","","","","","",""
"2020006800","1634","1","0","0","0","0","0","0","0","0","2","0","","02","1","2020","6","40.604107","-80.050414","1628","11","0","0","0","0","0","0","0","0","","0","0","0","","","3","N","0","","40 36:14.786","5","7","80 03:01.490","4","0","0","0","2108","0","0","0","N","0","0","0","3","02108","2","","1.0","1715.0","1","N","N","N","1","","0","0","0","","0","N","","2","3","2","0","0","1","0","2","0","2","","","","N","","","","","","","","","",""
"2020025438","1620","0","0","0","0","0","0","0","0","0","1","0","","02","3","2020","2","40.529456","-79.954226","1615","11","0","0","0","0","0","1","0","0","","0","0","0","","","0","N","2","","40 31:46.040","","0","79 57:15.212","0","0","0","0","2118","0","0","0","N","0","0","0","2","02118","0","","1.0","","1","N","N","N","0","","0","0","2","","0","","","2","0","1","0","0","0","0","2","0","2","","03","","N","","","","","","","","","",""
"2020009769","1928","2","0","0","0","0","0","0","0","0","1","0","","02","1","2020","6","40.421801","-79.993006","1928","11","0","0","0","0","0","0","0","0","","0","0","0","","","1","N","0","","40 25:18.484","1","0","79 59:34.822","3","0","0","0","2301","0","0","0","N","0","0","0","4","02301","0","","1.0","1950.0","9","N","N","N","0","","1","0","1","","0","N","","3","1","0","0","0","0","0","2","0","3","","07","","N","","","","","","","","","",""
"2020048318","2326","1","0","0","0","0","0","0","0","0","7","0","","02","6","2020","7","40.471422","-79.895462","2320","11","0","0","0","0","0","0","0","0","","0","0","0","","","1","N","0","","40 28:17.119","","0","79 53:43.663","3","0","0","0","2301","0","0","0","N","0","0","0","1","02301","0","","5.0","","1","N","N","N","0","","1","0","0","","0","","","1","1","0","0","0","0","0","2","0","1","","03","","N","","","","","","","","","",""
"2020008738","2125","1","0","0","0","0","0","0","0","0","6","0","","02","1","2020","4","40.465334","-79.807","2114","11","0","0","0","0","0","1","0","0","","0","0","0","","","0","N","0","","40 27:55.203","7","0","79 48:25.201","0","0","0","0","2113","0","0","0","N","0","0","0","1","02113","0","","2.0","2215.0","1","N","N","Y","0","","0","0","2","","0","N","","3","0","0","0","0","0","0","2","0","3","","03","","N","","","","","","","","","",""
"2020051146","1320","1","0","0","0","0","0","0","0","0","7","0","","02","6","2020","7","40.482266","-80.201627","1317","11","0","0","0","0","0","0","0","0","","0","0","0","","","0","N","0","","40 28:56.157","","0","80 12:05.857","0","0","0","0","2213","0","0","0","N","0","0","0","1","02213","0","","5.0","","8","N","N","N","0","","0","0","0","","0","","","1","0","0","0","0","0","0","2","0","1","","","","N","","","","","","","","","",""
"2020015023","2243","1","0","0","0","0","0","0","0","0","4","0","","02","2","2020","4","40.450916","-79.943053","2241","11","0","0","0","0","0","1","0","0","","0","0","0","","","0","N","1","","40 27:03.297","1","0","79 56:34.990","0","0","0","0","2301","0","0","0","N","0","0","0","4","02301","0","","1.0","2258.0","9","N","N","N","0","","0","0","1","","2","N","","2","0","0","0","0","0","0","2","0","2","","","","N","","","","","","","","","",""
"2020050772","1457","2","0","0","0","0","0","0","0","0","2","0","","02","6","2020","2","40.302347","-79.995423","1451","11","0","0","0","1","0","0","0","1","","0","0","0","","","3","N","2","","40 18:08.450","7","0","79 59:43.524","8","0","0","0","2219","0","0","0","N","0","0","0","4","02219","0","","1.0","1548.0","1","N","N","N","0","","0","0","0","","2","Y","","2","3","0","0","0","3","0","2","0","2","","","","N","","","","","","","","","",""
"2020008867","1305","1","0","0","0","0","0","0","0","0","1","0","","02","1","2020","1","40.535317","-79.970245","1303","11","0","0","0","0","1","0","0","0","","0","0","0","","","1","N","0","","40 32:07.141","","0","79 58:12.881","3","0","0","0","2118","0","0","0","N","0","0","0","4","02118","0","","1.0","","9","N","N","N","0","","1","0","2","","0","","","3","1","0","0","0","0","0","2","0","3","","04","","N","","","","","","","","","",""
"2020006022","1207","2","0","0","0","0","0","0","0","0","4","0","","02","1","2020","5","40.368466","-79.779262","1201","11","0","0","0","1","0","0","0","0","","0","0","0","","","0","N","0","","40 22:06.479","","7","79 46:45.343","0","0","0","0","2111","0","0","0","N","0","0","0","2","02111","0","","1.0","","1","N","N","N","0","","0","0","0","","0","","","2","0","0","0","0","0","0","2","0","2","","03","","N","","","","","","","","","",""
"2020003900","1831","3","0","0","0","0","0","0","0","0","4","0","","02","1","2020","6","40.438869","-79.760496","1830","11","0","0","0","0","0","2","0","0","","0","0","0","","","0","N","1","","40 26:19.929","2","0","79 45:37.786","0","0","0","0","2446","0","0","0","N","0","0","0","15","02446","0","","1.0","1927.0","9","N","N","N","0","","0","0","0","","2","N","","4","0","10","0","0","0","0","2","1","4","","","","N","","","","","","","","","",""
"2020012119","0014","1","0","0","0","0","0","0","0","0","98","0","","02","1","2020","6","40.438064","-79.905848","0005","11","0","0","0","0","0","1","0","0","","0","0","0","","","0","N","0","","40 26:17.030","","0","79 54:21.054","0","0","0","0","2301","0","0","0","N","0","0","0","1","02301","0","","1.0","","9","N","N","N","0","","0","0","0","","0","","","1","0","0","0","0","0","0","2","0","1","","05","","N","","","","","","","","","",""