"CRN","ARRIVAL_TM","AUTOMOBILE_COUNT","BELTED_DEATH_COUNT","BELTED_SUSP_SERIOUS_INJ_COUNT","BICYCLE_COUNT","BICYCLE_DEATH_COUNT","BICYCLE_SUSP_SERIOUS_INJ_COUNT","BUS_COUNT","CHLDPAS_DEATH_COUNT","CHLDPAS_SUSP_SERIOUS_INJ_COUNT","COLLISION_TYPE","COMM_VEH_COUNT","CONS_ZONE_SPD_LIM","COUNTY","CRASH_MONTH","CRASH_YEAR","DAY_OF_WEEK","DEC_LATITUDE","DEC_LONGITUDE","DISPATCH_TM","DISTRICT","DRIVER_COUNT_16YR","DRIVER_COUNT_17YR","DRIVER_COUNT_18YR","DRIVER_COUNT_19YR","DRIVER_COUNT_20YR","DRIVER_COUNT_50_64YR","DRIVER_COUNT_65_74YR","DRIVER_COUNT_75PLUS","EST_HRS_CLOSED","FATAL_COUNT","HEAVY_TRUCK_COUNT","HORSE_BUGGY_COUNT","HOUR_OF_DAY","ILLUMINATION","INJURY_COUNT","INTERSECTION_RELATED","INTERSECT_TYPE","LANE_CLOSED","LATITUDE","LN_CLOSE_DIR","LOCATION_TYPE","LONGITUDE","MAX_SEVERITY_LEVEL","MCYCLE_DEATH_COUNT","MCYCLE_SUSP_SERIOUS_INJ_COUNT","MOTORCYCLE_COUNT","MUNICIPALITY","NONMOTR_COUNT","NONMOTR_DEATH_COUNT","NONMOTR_SUSP_SERIOUS_INJ_COUNT","NTFY_HIWY_MAINT","PED_COUNT","PED_DEATH_COUNT","PED_SUSP_SERIOUS_INJ_COUNT","PERSON_COUNT","POLICE_AGCY","POSSIBLE_INJ_COUNT","RDWY_SURF_TYPE_CD","RELATION_TO_ROAD","ROADWAY_CLEARED","ROAD_CONDITION","SCH_BUS_IND","SCH_ZONE_IND","SECONDARY_CRASH","SMALL_TRUCK_COUNT","SPEC_JURIS_CD","SUSP_MINOR_INJ_COUNT","SUSP_SERIOUS_INJ_COUNT","SUV_COUNT","TCD_FUNC_CD","TCD_TYPE","TFC_DETOUR_IND","TIME_OF_DAY","TOTAL_UNITS","TOT_INJ_COUNT","UNBELTED_OCC_COUNT","UNB_DEATH_COUNT","UNB_SUSP_SERIOUS_INJ_COUNT","UNK_INJ_DEG_COUNT","UNK_INJ_PER_COUNT","URBAN_RURAL","VAN_COUNT","VEHICLE_COUNT","WEATHER1","WEATHER2","WORKERS_PRES","WORK_ZONE_IND","WORK_ZONE_LOC","WORK_ZONE_TYPE","WZ_CLOSE_DETOUR","WZ_FLAGGER","WZ_LAW_OFFCR_IND","WZ_LN_CLOSURE","WZ_MOVING","WZ_OTHER","WZ_SHLDER_MDN","WZ_WORKERS_INJ_KILLED"
"2020047316","1052","1","0","0","0","0","0","0","0","0","4","1","","02","6","2020","4","40.427511","-79.928148","1049","11","0","0","0","0","0","1","0","1","","0","1","0","","","0","N","2","","40 25:39.039","3","2","79 55:41.334","0","0","0","0","2301","0","0","0","N","0","0","0","2","02301","0","","1.0","1100.0","1","N","N","N","0","","0","0","0","","0","N","","2","0","0","0","0","0","0","2","0","2","","03","","N","","","","","","","","","",""
"2020053036","1721","1","0","0","0","0","0","0","0","0","98","0","","02","7","2020","6","40.442517","-79.786652","1709","11","0","0","0","0","0","0","0","0","","0","0","0","","","0","N","0","","40 26:33.061","3","0","79 47:11.947","0","0","0","0","2446","0","0","0","N","0","0","0","1","68B03","0","","1.0","1525.0","1","N","N","N","0","","0","0","0","","0","N","","1","0","0","0","0","0","0","2","0","1","","","","N","","","","","","","","","",""
"2020050392","0903","1","0","0","0","0","0","0","0","0","4","0","","02","6","2020","1","40.652869","-80.054144","0854","11","0","1","0","0","0","0","1","0","","0","0","0","","","0","N","1","","40 39:10.330","","0","80 03:14.919","0","0","0","0","2216","0","0","0","N","0","0","0","2","02505","0","","1.0","","1","N","N","N","0","","0","0","1","","2","","","2","0","0","0","0","0","0","2","0","2","","03","","N","","","","","","","","","",""
"2020016997","0506","2","0","0","0","0","0","0","0","0","1","0","","02","1","2020","3","40.384424","-79.823771","0504","11","0","0","0","0","0","1","0","0","","0","0","0","","","0","Y","0","","40 23:03.927","","0","79 49:25.577","0","0","0","0","2111","0","0","0","N","0","0","0","2","02111","0","","1.0","","1","N","N","N","0","","0","0","0","","2","","","2","0","0","0","0","0","0","2","0","2","","","","N","","","","","","","","","",""
"2020048240","1800","1","0","0","0","0","0","0","0","0","7","0","","02","6","2020","7","40.369338","-79.910621","1748","11","0","0","0","0","0","1","0","0","","0","0","0","","","1","N","2","","40 22:09.618","","0","79 54:38.235","3","0","0","0","2301","0","0","0","N","0","0","0","1","02301","0","","4.0","","1","N","N","N","0","","1","0","0","","0","","","1","1","0","0","0","0","0","2","0","1","","03","","N","","","","","","","","","",""
"2020004904","1157","1","0","0","0","0","0","0","0","0","8","0","","02","1","2020","3","40.442069","-80.002891","1150","11","0","0","0","0","0","0","0","0","","0","0","0","","","1","N","2","","40 26:31.450","","0","80 00:10.407","8","0","0","0","2301","1","0","0","N","1","0","0","2","02301","0","","1.0","","1","N","N","N","0","","0","0","0","","0","","","2","1","0","0","0","1","0","2","0","1","","","","N","","","","","","","","","",""
"2020009194","0315","1","0","0","0","0","0","0","0","0","98","0","","02","1","2020","6","40.461815","-80.030629","0300","11","0","0","0","0","0","0","0","0","","0","0","0","","","0","N","0","","40 27:42.533","","2","80 01:50.263","9","0","0","0","2301","0","0","0","N","0","0","0","1","02301","0","","4.0","","1","N","N","N","0","","0","0","0","","0","","","1","0","0","0","0","0","1","2","0","1","","","","N","","","","","","","","","",""
"2020048333","0910","1","0","0","0","0","0","0","0","0","4","0","","02","6","2020","6","40.350642","-79.924537","0904","11","0","0","0","0","0","1","0","0","","0","0","0","","","1","N","2","","40 21:02.311","4","0","79 55:28.332","3","0","0","0","2473","0","0","0","N","0","0","0","3","02473","0","","1.0","930.0","1","Y","N","N","1","","1","0","0","","0","N","","2","1","0","0","0","0","0","2","0","2","","03","","N","","","","","","","","","",""
"2020051669","0950","0","0","0","0","0","0","0","0","0","8","0","","02","7","2020","5","40.378135","-79.914414","0941","11","0","0","0","0","0","0","0","0","","0","0","0","","","1","N","1","","40 22:41.285","","0","79 54:51.890","3","0","0","0","2301","1","0","0","N","1","0","0","4","02301","0","","1.0","","1","N","N","N","0","","1","0","1","","0","","","2","1","0","0","0","0","0","2","0","1","","03","","N","","","","","","","","","",""
"2020050594","2321","1","0","0","0","0","0","0","0","0","7","0","","02","6","2020","1","40.464868","-80.024076","2321","11","0","0","0","0","0","0","0","0","","0","0","0","","","1","N","0","","40 27:53.525","","0","80 01:26.673","3","0","0","0","2301","0","0","0","N","0","0","0","1","02301","0","","4.0","","1","N","N","N","0","","1","0","0","","0","","","1","1","0","0","0","0","0","2","0","1","","03","","N","","","","","","","","","",""
"2020008260","0204","0","0","0","0","0","0","0","0","0","1","0","","02","1","2020","2","40.353899","-80.106797","0200","11","0","0","0","0","0","0","0","0","1","0","0","0","","","0","N","0","","40 21:14.037","6","0","80 06:24.469","0","0","0","0","2414","0","0","0","N","0","0","0","2","02414","0","","2.0","9999.0","1","N","N","N","2","","0","0","1","","0","N","","3","0","0","0","0","0","0","2","0","3","","","","N","","","","","","","","","",""
"2020005133","1932","1","0","0","0","0","0","0","0","0","7","0","","02","1","2020","3","40.460183","-79.809603","1928","11","0","0","1","0","0","0","0","0","","0","0","0","","","2","N","0","","40 27:36.660","6","0","79 48:34.570","3","0","0","0","2113","0","0","0","N","0","0","0","2","02113","0","","2.0","2004.0","1","N","N","N","0","","2","0","0","","0","Y","","1","2","0","0","0","0","0","2","0","1","","","","N","","","","","","","","","",""
"2020006530","1033","1","0","0","0","0","0","0","0","0","7","0","","02","1","2020","7","40.566591","-80.043765","1022","11","0","0","0","0","0","0","0","0","","0","0","0","","","0","N","0","","40 33:59.727","1","0","80 02:37.554","0","0","0","0","2108","0","0","0","N","0","0","0","3","02108","0","","2.0","1500.0","2","N","N","N","0","","0","0","0","","0","Y","","1","0","0","0","0","0","0","2","0","1","","10","","N","","","","","","","","","",""
"2020006396","1951","1","0","0","0","0","0","0","0","0","1","0","","02","1","2020","3","40.402106","-80.188856","1949","11","0","0","1","0","0","0","0","0","","0","0","0","","","2","Y","0","","40 24:07.580","","0","80 11:19.882","3","0","0","0","2450","0","0","0","N","0","0","0","2","02450","0","","1.0","","2","N","N","N","1","","2","0","0","","0","","","2","2","0","0","0","0","0","2","0","2","","","","N","","","","","","","","","",""
"2020048186","1648","0","0","0","0","0","0","0","0","0","7","1","","02","6","2020","6","40.549383","-80.086263","1635","11","0","0","0","0","0","0","0","0","","0","1","0","","","0","N","0","","40 32:57.779","2","0","80 05:10.548","0","0","0","0","2215","0","0","0","Y","0","0","0","1","68B03","0","","4.0","1820.0","9","N","N","N","0","","0","0","0","","0","N","","1","0","1","0","0","0","0","2","0","1","","","","N","","","","","","","","","",""
"2020014031","1846","2","0","0","0","0","0","0","0","0","4","0","","02","1","2020","7","40.519061","-80.188424","1842","11","0","1","0","0","0","1","0","0","","0","0","0","","","2","","2","","40 31:08.618","5","0","80 11:18.327","3","0","0","0","2213","0","0","0","N","0","0","0","4","02213","1","","1.0","1945.0","9","N","N","N","0","","1","0","0","","3","N","","2","2","0","0","0","0","0","2","0","2","","","","N","","","","","","","","","",""
"2020052409","2247","1","0","0","0","0","0","0","0","0","2","0","","02","7","2020","7","40.469171","-79.900358","2211","11","0","0","0","0","0","0","0","0","","0","0","0","","","1","N","0","","40 28:09.015","","0","79 54:01.290","8","0","0","1","2301","0","0","0","N","0","0","0","2","02301","0","","1.0","","1","N","N","N","0","","0","0","1","","0","","","3","1","0","0","0","1","0","2","0","3","","","","N","","","","","","","","","",""
"2020004107","1852","1","0","0","0","0","0","0","0","0","7","0","","02","1","2020","7","40.31915","-79.890705","1851","11","0","0","0","0","0","0","0","0","","0","0","0","","","0","N","2","","40 19:08.940","","0","79 53:26.537","0","0","0","0","2433","0","0","0","N","0","0","0","1","02433","0","","5.0","","1","N","N","N","0","","0","0","0","","3","","","1","0","0","0","0","0","0","2","0","1","","04","","N","","","","","","","","","",""
"2020013916","1209","0","0","0","0","0","0","0","0","0","7","0","","02","2","2020","3","40.439026","-80.011101","1153","11","0","0","0","0","0","0","0","0","","0","0","0","","","1","N","0","","40 26:20.495","4","3","80 00:39.963","4","0","0","0","2301","0","0","0","N","0","0","0","1","68B03","1","","4.0","1245.0","1","N","N","N","0","","0","0","1","","0","N","","1","1","0","0","0","0","0","2","0","1","","","","N","","","","","","","","","",""
"2020012409","1255","2","0","0","0","0","0","0","0","0","1","0","","02","2","2020","7","40.381866","-79.976443","1248","11","0","0","0","0","0","0","0","0","","0","0","0","","","0","N","0","","40 22:54.718","5","0","79 58:35.196","0","0","0","0","2413","0","0","0","N","0","0","0","2","02413","0","","1.0","1332.0","1","N","N","N","0","","0","0","0","","0","N","","2","0","0","0","0","0","0","2","0","2","","","","N","","","","","","","","","",""
"2020011188","1246","1","0","0","0","0","0","0","0","0","7","0","","02","1","2020","3","40.389745","-80.04762","1244","11","0","0","0","0","0","0","0","1","","0","0","0","","","1","","2","","40 23:23.081","3","0","80 02:51.431","4","0","0","0","2109","0","0","0","N","0","0","0","2","02109","1","","2.0","30.0","1","N","N","N","0","","0","0","0","","3","N","","1","1","2","0","0","0","0","2","0","1","","03","","N","","","","","","","","","",""
"2020010597","0818","1","0","0","0","0","0","0","0","0","6","0","","02","1","2020","7","40.291929","-80.030214","0812","11","0","0","0","0","0","1","0","0","","0","0","0","","","0","N","0","","40 17:30.943","","0","80 01:48.770","0","0","0","0","2407","0","0","0","N","0","0","0","2","02407","0","","1.0","","9","N","N","N","0","","0","0","1","","0","","","2","0","0","0","0","0","0","2","0","2","","","","N","","","","","","","","","",""
"2020004488","2152","1","0","0","0","0","0","0","0","0","7","0","","02","1","2020","6","40.46106","-79.871465","2137","11","0","0","0","0","0","1","0","0","","0","0","0","","","0","N","0","","40 27:39.816","3","0","79 52:17.275","0","0","0","0","2301","0","0","0","N","0","0","0","1","02301","0","","2.0","2300.0","1","N","N","N","0","","0","0","0","","0","Y","","1","0","0","0","0","0","0","2","0","1","","03","","N","","","","","","","","","",""
"2020012462","1135","3","0","0","0","0","0","0","0","0","1","0","","02","2","2020","1","40.442168","-79.994957","1130","11","0","0","0","0","0","1","0","0","","0","0","0","","","4","N","1","","40 26:31.803","","0","79 59:41.846","3","0","0","0","2301","0","0","0","N","0","0","0","6","02301","0","","1.0","","1","N","N","N","0","","4","0","0","","2","","","3","4","0","0","0","0","1","2","0","3","","03","","N","","","","","","","","","",""
"2020012031","1818","1","0","0","0","0","0","0","0","0","98","0","","02","1","2020","6","40.411803","-80.041364","1808","11","0","0","0","0","0","0","1","0","","0","0","0","","","0","N","0","","40 24:42.490","4","0","80 02:28.910","0","0","0","0","2301","0","0","0","N","0","0","0","1","02301","0","","5.0","1854.0","9","N","N","N","0","","0","0","0","","0","Y","","1","0","0","0","0","0","0","2","0","1","","07","","N","","","","","","","","","",""
"2020049169","1656","1","0","0","0","0","0","0","0","0","7","0","","02","6","2020","3","40.444827","-80.211769","1654","11","0","0","0","0","0","0","0","0","","0","0","0","","","0","N","0","","40 26:41.378","5","0","80 12:42.367","0","0","0","0","2214","0","0","0","N","0","0","0","1","02214","0","","2.0","1730.0","9","N","N","N","0","","0","0","0","","0","Y","","1","0","0","0","0","0","0","2","0","1","","04","","N","","","","","","","","","",""
"2020008062","1728","2","0","0","0","0","0","0","0","0","1","0","","02","1","2020","3","40.493884","-80.063846","1726","11","0","0","0","0","0","2","0","0","","0","0","0","","","1","N","0","","40 29:37.984","2","7","80 03:49.847","8","0","0","0","2402","0","0","0","N","0","0","0","3","02402","0","","1.0","1758.0","1","N","N","N","0","","0","0","0","","0","N","","2","1","0","0","0","1","0","2","0","2","","03","","N","","","","","","","","","",""
"2020015302","2014","2","0","0","0","0","0","0","0","0","1","0","","02","2","2020","1","40.429364","-79.999101","2006","11","0","0","0","0","0","0","0","0","","0","0","0","","","2","N","1","","40 25:45.712","1","4","79 59:56.762","3","0","0","0","2301","0","0","0","N","0","0","0","3","02301","0","","1.0","2047.0","1","N","N","Y","0","","2","0","0","","0","N","","2","2","0","0","0","0","0","2","0","2","","03","","N","","","","","","","","","",""
"2020051112","1746","1","0","0","0","0","0","0","0","0","1","0","","02","6","2020","6","40.443115","-79.953806","1746","11","0","0","0","0","0","0","0","0","","0","0","0","","","0","N","0","","40 26:35.213","","0","79 57:13.702","0","0","0","0","2301","0","0","0","N","0","0","0","2","02506","0","","1.0","","1","N","N","N","1","","0","0","0","","0","N","","2","0","0","0","0","0","0","2","0","2","","03","","N","","","","","","","","","",""
"2020003706","0130","1","0","0","0","0","0","0","0","0","7","0","","02","1","2020","7","40.429364","-79.999101","0128","11","0","0","0","0","0","0","0","0","","0","0","0","","","1","","1","","40 25:45.712","1","3","79 59:56.762","3","0","0","0","2301","0","0","0","Y","0","0","0","1","02301","0","","3.0","143.0","9","N","N","N","0","","1","0","0","","2","N","","1","1","0","0","0","0","0","2","0","1","","03","","N","","","","","","","","","",""
"2020007866","1046","1","0","0","0","0","0","0","0","0","1","0","","02","1","2020","2","40.371967","-80.078078","1042","11","0","0","0","0","0","1","0","0","","0","0","0","","","2","","2","","40 22:19.080","3","0","80 04:41.081","3","0","0","0","2109","0","0","0","N","0","0","0","3","02109","0","","1.0","1042.0","1","N","N","N","0","","2","0","1","","2","N","","2","2","0","0","0","0","0","2","0","2","","","","N","","","","","","","","","",""
"2020004775","0842","1","0","0","0","0","0","0","0","0","6","0","","02","1","2020","3","40.458417","-80.016111","0840","11","0","0","0","0","0","1","0","1","","0","0","0","","","0","N","0","","40 27:30.300","1","0","80 00:58.000","0","0","0","0","2301","0","0","0","N","0","0","0","2","02301","0","","1.0","950.0","1","N","N","N","0","","0","0","1","","0","Y","","2","0","0","0","0","0","0","2","0","2","","03","","N","","","","","","","","","",""
"2020006905","1853","1","0","0","0","0","0","0","0","0","2","0","","02","1","2020","7","40.298545","-79.875462","1850","11","0","0","0","0","0","0","0","0","","0","0","0","","","0","N","1","","40 17:54.763","1","0","79 52:31.663","0","0","0","0","2302","0","0","0","N","0","0","0","2","02302","0","","1.0","1900.0","9","N","N","N","0","","0","0","0","","2","N","","2","0","0","0","0","0","0","2","1","2","","09","","N","","","","","","","","","",""
"2020011187","1540","1","0","0","0","0","0","0","0","0","7","0","","02","1","2020","2","40.378444","-80.060522","1535","11","0","0","0","0","0","0","0","0","","0","0","0","","","1","N","0","","40 22:42.400","6","0","80 03:37.880","8","0","0","0","2109","0","0","0","N","0","0","0","1","02109","0","","5.0","1615.0","9","N","N","N","0","","0","0","0","","0","Y","","1","1","0","0","0","1","0","2","0","1","","07","","N","","","","","","","","","",""
"2020051844","1742","2","0","0","0","0","0","0","0","0","1","0","","02","7","2020","5","40.257858","-79.84718","1740","11","0","0","0","0","0","0","1","0","","0","0","0","","","1","Y","0","","40 15:28.287","","0","79 50:49.847","8","0","0","0","2105","0","0","0","N","0","0","0","3","02105","0","","1.0","","1","N","N","N","0","","0","0","0","","0","","","2","1","1","0","0","1","0","1","0","2","","03","","N","","","","","","","","","",""
"2020004767","1400","0","0","0","0","0","0","0","0","0","1","0","","02","1","2020","2","40.496407","-79.88238","1400","11","0","0","0","0","0","1","0","0","","0","0","0","","","0","N","0","","40 29:47.064","","0","79 52:56.568","0","0","0","0","2112","0","0","0","N","0","0","0","2","02112","0","","1.0","","99","N","N","N","0","","0","0","2","","0","","","2","0","0","0","0","0","0","2","0","2","","","","N","","","","","","","","","",""
"2020051164","1730","0","0","0","0","0","0","0","0","0","4","0","","02","6","2020","3","40.48496","-79.817703","1725","11","0","0","0","0","0","1","0","0","","0","0","0","","","1","N","0","","40 29:05.855","4","6","79 49:03.731","8","0","0","0","2113","0","0","0","N","0","0","0","2","02113","0","","1.0","1810.0","1","N","N","N","1","","0","0","1","","0","N","","2","1","0","0","0","1","0","2","0","2","","03","","N","","","","","","","","","",""
"2020051329","1459","3","0","1","0","0","0","0","0","0","4","0","","02","6","2020","6","40.357451","-80.065624","1457","11","0","0","0","0","0","0","0","1","","0","0","0","","","5","","2","","40 21:26.824","7","0","80 03:56.247","2","0","0","0","2123","0","0","0","N","0","0","0","5","02123","2","","1.0","1547.0","1","N","N","N","0","","2","1","0","","0","Y","","3","5","0","0","0","0","0","2","0","3","","","","N","","","","","","","","","",""
"2020025361","0716","1","0","0","0","0","0","0","0","0","4","0","","02","1","2020","4","40.331276","-80.052771","0710","11","0","0","0","0","0","0","0","0","","0","0","0","","","1","N","2","","40 19:52.594","","0","80 03:09.976","4","0","0","0","2407","0","0","0","N","0","0","0","2","02407","1","","1.0","","1","N","Y","N","0","","0","0","1","","0","","","2","1","0","0","0","0","0","2","0","2","","","","N","","","","","","","","","",""
"2020003724","0147","3","0","0","0","0","0","0","0","0","2","0","","02","1","2020","7","40.288957","-79.882504","0144","11","0","0","0","0","0","0","0","0","","0","0","0","","","0","N","0","","40 17:20.245","3","0","79 52:57.015","9","0","0","0","2302","0","0","0","N","0","0","0","1","02302","0","","6.0","230.0","9","N","N","N","0","","0","0","0","","0","N","","3","0","1","0","0","0","1","2","0","3","","","","N","","","","","","","","","",""
"2020049945","1122","2","0","0","0","0","0","0","0","0","4","0","","02","6","2020","5","40.348259","-79.947345","1116","11","1","0","0","0","0","0","0","0","","0","0","0","","","0","","1","","40 20:53.731","3","1","79 56:50.441","0","0","0","0","2473","0","0","0","N","0","0","0","2","02473","0","","1.0","1150.0","1","N","N","N","0","","0","0","0","","2","N","","2","0","0","0","0","0","0","2","0","2","","03","","N","","","","","","","","","",""
"2020008480","1330","2","0","0","0","0","0","0","0","0","4","0","","02","1","2020","4","40.353608","-79.837822","1328","11","0","0","0","0","0","0","0","0","","0","0","0","","","0","N","0","","40 21:12.990","","7","79 50:16.160","0","0","0","0","2304","0","0","0","N","0","0","0","3","02304","0","","1.0","","1","N","N","N","0","","0","0","0","","2","","","2","0","0","0","0","0","0","2","0","2","","03","","N","","","","","","","","","",""
"2020048063","1740","0","0","0","0","0","0","0","0","0","7","0","","02","6","2020","5","40.659301","-79.882772","1732","11","0","0","0","0","0","0","0","0","","0","0","0","","","1","N","0","","40 39:33.482","4","0","79 52:57.979","4","0","0","0","2220","0","0","0","Y","0","0","0","1","02220","1","","4.0","1825.0","1","N","N","N","0","","0","0","1","","0","Y","","1","1","0","0","0","0","0","1","0","1","","","","N","","","","","","","","","",""
"2020020350","0740","2","0","0","0","0","0","0","0","0","1","0","","02","2","2020","2","40.593723","-79.771734","0716","11","0","0","0","0","0","1","1","0","","0","0","0","","","0","N","0","","40 35:37.402","2","0","79 46:18.241","0","0","0","0","2104","0","0","0","N","0","0","0","2","68D02","0","","1.0","837.0","1","N","N","N","0","","0","0","0","","0","N","","2","0","0","0","0","0","0","1","0","2","","","","N","","","","","","","","","",""
"2020012448","0345","2","0","0","0","0","0","0","0","0","4","0","","02","1","2020","4","40.51388","-79.951465","0340","11","0","0","0","0","0","0","0","1","","0","0","0","","","0","","1","","40 30:49.967","","0","79 57:05.273","0","0","0","0","2118","0","0","0","N","0","0","0","2","02118","0","","1.0","","1","N","N","N","0","","0","0","0","","2","N","","2","0","0","0","0","0","0","2","0","2","","03","","N","","","","","","","","","",""
"2020004330","1309","2","0","0","0","0","0","0","0","0","4","0","","02","1","2020","1","40.450547","-79.930075","1306","11","0","0","0","0","0","0","0","0","","0","0","0","","","0","N","1","","40 27:01.969","","0","79 55:48.270","0","0","0","0","2301","0","0","0","N","0","0","0","2","02301","0","","1.0","","1","N","N","N","0","","0","0","0","","0","","","2","0","0","0","0","0","0","2","0","2","","98","","N","","","","","","","","","",""
"2020013358","1053","0","0","0","0","0","0","0","0","0","1","0","","02","2","2020","3","40.5034","-80.025118","1051","11","0","0","0","0","0","1","0","0","","0","0","0","","","0","","1","","40 30:12.241","","0","80 01:30.426","0","0","0","0","2116","0","0","0","N","0","0","0","2","02116","0","","1.0","","9","N","N","N","2","","0","0","0","","2","","","2","0","0","0","0","0","0","2","0","2","","","","N","","","","","","","","","",""
"2020012230","0324","2","0","0","0","0","0","0","0","0","1","0","","02","1","2020","1","40.434081","-79.995705","0308","11","0","0","0","0","0","0","0","0","","0","0","0","","","0","N","6","","40 26:02.693","","0","79 59:44.538","0","0","0","0","2301","0","0","0","N","0","0","0","5","68B03","0","","1.0","","1","N","N","N","0","","0","0","0","","4","","","2","0","0","0","0","0","0","2","0","2","","","","N","","","","","","","","","",""
"2020051466","1615","1","0","0","0","0","0","0","0","0","1","0","","02","7","2020","4","40.414295","-79.99302","1606","11","0","0","0","0","0","1","0","0","","0","0","0","","","1","N","1","","40 24:51.461","","0","79 59:34.871","3","0","0","0","2301","0","0","0","N","0","0","0","2","02301","0","","1.0","","1","N","N","N","0","","1","0","1","","3","","","2","1","0","0","0","0","0","2","0","2","","03","","N","","","","","","","","","",""
"2020005813","1450","3","0","0","0","0","0","0","0","0","1","0","","02","1","2020","5","40.452327","-79.996223","1445","11","0","0","0","0","0","1","0","0","","0","0","0","","","1","N","7","","40 27:08.377","","2","79 59:46.403","4","0","0","0","2301","0","0","0","N","0","0","0","4","02301","1","","1.0","","9","N","N","Y","0","","0","0","0","","0","","","3","1","0","0","0","0","0","2","0","3","","","","N","","","","","","","","","",""
"2020009775","1640","1","0","0","0","0","0","0","0","0","7","0","","02","1","2020","7","40.415824","-80.012993","1636","11","0","0","0","1","0","0","0","0","","0","0","0","","","0","N","2","","40 24:56.966","","0","80 00:46.774","0","0","0","0","2301","0","0","0","N","0","0","0","1","02301","0","","2.0","","1","N","N","N","0","","0","0","0","","3","","","1","0","0","0","0","0","0","2","0","1","","03","","N","","","","","","","","","",""
"2020012693","2237","0","0","0","0","0","0","0","0","0","7","0","","02","1","2020","6","40.371283","-79.957942","2235","11","0","0","0","0","0","0","0","0","","0","0","0","","","1","N","0","","40 22:16.620","","0","79 57:28.590","3","0","0","0","2403","0","0","0","N","0","0","0","3","02403","0","","2.0","","9","N","N","N","0","","1","0","1","","0","","","1","1","0","0","0","0","0","2","0","1","","","","N","","","","","","","","","",""
"2020009877","0956","0","0","0","0","0","0","0","0","0","2","0","","02","1","2020","1","40.429247","-79.999266","0947","11","0","0","0","0","0","0","0","0","","0","0","0","","","1","N","1","","40 25:45.290","1","4","79 59:57.359","3","0","0","0","2301","0","0","0","N","0","0","0","1","02301","0","","4.0","1015.0","1","N","N","N","0","","1","0","1","","2","Y","","1","1","0","0","0","0","0","2","0","1","","03","","N","","","","","","","","","",""
"2020051869","1752","0","0","0","0","0","0","0","0","0","0","0","","02","6","2020","3","40.346483","-80.146398","1748","11","0","0","0","0","0","1","0","0","","0","0","0","","","1","N","0","","40 20:47.338","3","0","80 08:47.033","3","0","0","1","2119","0","0","0","N","0","0","0","1","02119","0","","1.0","1820.0","9","N","N","N","0","","1","0","0","","0","Y","","1","1","0","0","0","0","0","2","0","1","","","","N","","","","","","","","","",""
"2020050627","0749","2","0","0","0","0","0","0","0","0","4","0","","02","1","2020","3","40.433975","-79.883877","0749","11","0","0","0","0","0","0","0","0","","0","0","0","","","0","","1","","40 26:02.310","1","0","79 53:01.957","0","0","0","0","2426","0","0","0","N","0","0","0","2","02426","0","","1.0","816.0","1","N","Y","N","0","","0","0","0","","3","N","","2","0","0","0","0","0","0","2","0","2","","04","","N","","","","","","","","","",""
"2020013090","1836","0","0","0","0","0","0","0","0","0","7","0","","02","2","2020","2","40.466574","-80.033778","1836","11","0","0","0","0","0","1","1","0","","0","0","0","","","4","N","5","","40 27:59.666","1","0","80 02:01.600","3","0","0","0","2301","0","0","0","N","0","0","0","4","02301","0","","4.0","1930.0","1","N","N","N","0","","4","0","2","","3","N","","2","4","0","0","0","0","0","2","0","2","","03","","N","","","","","","","","","",""
"2020005792","1256","1","0","0","0","0","0","0","0","0","1","0","","02","1","2020","4","40.323624","-79.788332","1256","11","0","0","0","0","0","1","0","0","","0","0","0","","","1","Y","0","","40 19:25.048","2","0","79 47:17.995","3","0","0","0","2477","0","0","0","N","0","0","0","2","02477","0","","1.0","9999.0","1","N","N","N","0","","1","0","1","","0","N","","2","1","0","0","0","0","0","2","0","2","","","","N","","","","","","","","","",""
"2020033993","2226","2","0","0","0","0","0","0","0","0","4","0","","02","1","2020","1","40.514645","-80.156828","2223","11","0","0","0","0","0","0","0","0","","0","0","0","","","0","N","0","","40 30:52.723","3","0","80 09:24.580","0","0","0","0","2420","0","0","0","N","0","0","0","1","02420","0","","6.0","2254.0","1","N","N","N","0","","0","0","0","","0","N","","2","0","0","0","0","0","0","2","0","2","","04","","N","","","","","","","","","",""
"2020051925","1240","1","0","0","0","0","0","0","0","0","7","0","","02","7","2020","6","40.350872","-79.865844","1240","11","0","0","0","0","0","0","0","0","","0","0","0","","","0","Y","0","","40 21:03.139","3","7","79 51:57.038","0","0","0","0","2304","0","0","0","N","0","0","0","4","02304","0","","5.0","1300.0","1","N","N","N","0","","0","0","0","","0","Y","","1","0","0","0","0","0","0","2","0","1","","03","","N","","","","","","","","","",""
"2020008199","0947","1","0","0","0","0","0","0","0","0","7","0","","02","1","2020","7","40.520324","-80.062892","0926","11","0","0","0","0","0","0","0","0","","0","0","0","","","0","N","0","","40 31:13.168","1","3","80 03:46.411","0","0","0","0","2116","0","0","0","Y","0","0","0","1","68B03","0","","3.0","950.0","6","N","N","N","0","","0","0","0","","0","N","","1","0","0","0","0","0","0","2","0","1","","","","N","","","","","","","","","",""