"CRN","ARRIVAL_TM","AUTOMOBILE_COUNT","BELTED_DEATH_COUNT","BELTED_SUSP_SERIOUS_INJ_COUNT","BICYCLE_COUNT","BICYCLE_DEATH_COUNT","BICYCLE_SUSP_SERIOUS_INJ_COUNT","BUS_COUNT","CHLDPAS_DEATH_COUNT","CHLDPAS_SUSP_SERIOUS_INJ_COUNT","COLLISION_TYPE","COMM_VEH_COUNT","CONS_ZONE_SPD_LIM","COUNTY","CRASH_MONTH","CRASH_YEAR","DAY_OF_WEEK","DEC_LATITUDE","DEC_LONGITUDE","DISPATCH_TM","DISTRICT","DRIVER_COUNT_16YR","DRIVER_COUNT_17YR","DRIVER_COUNT_18YR","DRIVER_COUNT_19YR","DRIVER_COUNT_20YR","DRIVER_COUNT_50_64YR","DRIVER_COUNT_65_74YR","DRIVER_COUNT_75PLUS","EST_HRS_CLOSED","FATAL_COUNT","HEAVY_TRUCK_COUNT","HORSE_BUGGY_COUNT","HOUR_OF_DAY","ILLUMINATION","INJURY_COUNT","INTERSECTION_RELATED","INTERSECT_TYPE","LANE_CLOSED","LATITUDE","LN_CLOSE_DIR","LOCATION_TYPE","LONGITUDE","MAX_SEVERITY_LEVEL","MCYCLE_DEATH_COUNT","MCYCLE_SUSP_SERIOUS_INJ_COUNT","MOTORCYCLE_COUNT","MUNICIPALITY","NONMOTR_COUNT","NONMOTR_DEATH_COUNT","NONMOTR_SUSP_SERIOUS_INJ_COUNT","NTFY_HIWY_MAINT","PED_COUNT","PED_DEATH_COUNT","PED_SUSP_SERIOUS_INJ_COUNT","PERSON_COUNT","POLICE_AGCY","POSSIBLE_INJ_COUNT","RDWY_SURF_TYPE_CD","RELATION_TO_ROAD","ROADWAY_CLEARED","ROAD_CONDITION","SCH_BUS_IND","SCH_ZONE_IND","SECONDARY_CRASH","SMALL_TRUCK_COUNT","SPEC_JURIS_CD","SUSP_MINOR_INJ_COUNT","SUSP_SERIOUS_INJ_COUNT","SUV_COUNT","TCD_FUNC_CD","TCD_TYPE","TFC_DETOUR_IND","TIME_OF_DAY","TOTAL_UNITS","TOT_INJ_COUNT","UNBELTED_OCC_COUNT","UNB_DEATH_COUNT","UNB_SUSP_SERIOUS_INJ_COUNT","UNK_INJ_DEG_COUNT","UNK_INJ_PER_COUNT","URBAN_RURAL","VAN_COUNT","VEHICLE_COUNT","WEATHER1","WEATHER2","WORKERS_PRES","WORK_ZONE_IND","WORK_ZONE_LOC","WORK_ZONE_TYPE","WZ_CLOSE_DETOUR","WZ_FLAGGER","WZ_LAW_OFFCR_IND","WZ_LN_CLOSURE","WZ_MOVING","WZ_OTHER","WZ_SHLDER_MDN","WZ_WORKERS_INJ_KILLED"
"2020008290","0720","0","0","0","0","0","0","0","0","0","1","0","","02","1","2020","3","40.476095","-79.96997","0710","11","0","0","0","0","0","0","0","0","","0","0","0","","","0","N","0","","40 28:33.941","2","0","79 58:11.893","9","0","0","0","2445","0","0","0","N","0","0","0","3","02118","0","","1.0","22.0","1","N","N","N","0","","0","0","2","","0","Y","","3","0","0","0","0","0","1","2","0","3","","04","","N","","","","","","","","","",""
"2020047994","1552","1","0","0","0","0","0","0","0","0","1","0","","02","6","2020","6","40.345567","-79.846894","1546","11","0","0","0","0","0","1","0","0","","0","0","0","","","1","N","0","","40 20:44.041","7","7","79 50:48.818","8","0","0","0","2304","0","0","0","N","0","0","0","1","02304","0","","2.0","1630.0","1","N","N","N","0","","0","0","1","","0","N","","2","1","1","0","0","1","0","2","0","2","","","","N","","","","","","","","","",""
"2020008197","0700","1","0","0","0","0","0","0","0","0","7","0","","02","1","2020","7","40.427392","-79.952119","0640","11","0","0","0","0","0","0","0","0","","0","0","0","","","0","N","0","","40 25:38.611","3","0","79 57:07.627","0","0","0","0","2301","0","0","0","N","0","0","0","1","68B03","0","","2.0","30.0","9","N","N","N","0","","0","0","0","","0","N","","1","0","0","0","0","0","0","2","0","1","","","","N","","","","","","","","","",""
"2020017088","1036","0","0","0","0","0","0","0","0","0","1","0","","02","2","2020","3","40.426154","-80.030875","1035","11","0","0","0","0","0","1","0","0","","0","0","0","","","0","N","0","","40 25:34.156","","0","80 01:51.149","0","0","0","0","2301","0","0","0","N","0","0","0","3","68B03","0","","1.0","","1","N","N","N","1","","0","0","1","","0","","","2","0","0","0","0","0","0","2","0","2","","","","N","","","","","","","","","",""
"2020052928","0939","0","0","0","0","0","0","0","0","0","4","0","","02","7","2020","3","40.448804","-79.987505","0729","11","0","0","0","0","0","2","0","0","","0","0","0","","","1","","1","","40 26:55.694","","0","79 59:15.019","8","0","0","0","2301","0","0","0","N","0","0","0","2","02301","0","","1.0","","1","N","N","Y","1","","0","0","1","","1","N","","2","1","0","0","0","1","0","2","0","2","","03","","N","","","","","","","","","",""
"2020029284","1410","1","0","0","0","0","0","0","0","0","7","0","","02","1","2020","7","40.428091","-79.948506","1339","11","0","0","0","0","0","1","0","0","","0","0","0","","","0","N","0","","40 25:41.127","4","3","79 56:54.623","0","0","0","0","2301","0","0","0","N","0","0","0","1","68B03","0","","3.0","1415.0","1","N","N","N","0","","0","0","0","","0","N","","1","0","0","0","0","0","0","2","0","1","","","","N","","","","","","","","","",""
"2020005960","2030","2","0","0","0","0","0","0","0","0","4","0","","02","1","2020","4","40.349337","-80.100218","2030","11","0","0","0","0","0","0","0","1","","0","0","0","","","0","","2","","40 20:57.612","","0","80 06:00.785","0","0","0","0","2123","0","0","0","N","0","0","0","2","02414","0","","1.0","","9","N","N","N","0","","0","0","0","","0","","","2","0","0","0","0","0","0","2","0","2","","","","N","","","","","","","","","",""
"2020009482","2106","1","0","0","0","0","0","0","0","0","5","0","","02","1","2020","6","40.447975","-80.026125","2102","11","0","0","0","0","0","0","0","0","","0","0","0","","","0","N","0","","40 26:52.711","5","3","80 01:34.051","0","0","0","0","2301","0","0","0","N","0","0","0","3","02301","0","","1.0","2138.0","9","N","N","N","0","","0","0","1","","0","Y","","2","0","0","0","0","0","0","2","0","2","","","","N","","","","","","","","","",""
"2020016534","2101","0","0","0","0","0","0","0","0","0","7","0","","02","2","2020","7","40.491851","-79.895022","2052","11","0","0","0","0","0","0","0","0","","0","0","0","","","0","N","0","","40 29:30.663","1","2","79 53:42.080","0","0","0","0","2301","0","0","0","Y","0","0","0","1","68D02","0","","4.0","1730.0","9","N","N","N","1","","0","0","0","","0","Y","","1","0","0","0","0","0","0","2","0","1","","","","N","","","","","","","","","",""
"2020004169","1823","2","0","0","0","0","0","0","0","0","4","0","","02","1","2020","6","40.34512","-80.029669","1822","11","0","0","0","0","0","1","0","0","","0","0","0","","","1","N","2","","40 20:42.431","","0","80 01:46.808","4","0","0","0","2407","0","0","0","N","0","0","0","2","02407","1","","1.0","","9","N","N","N","0","","0","0","0","","0","","","2","1","0","0","0","0","0","2","0","2","","","","N","","","","","","","","","",""
"2020012372","2338","1","0","0","0","0","0","0","0","0","7","0","","02","2","2020","7","40.492722","-79.910268","2333","11","0","0","0","0","0","1","0","0","","0","0","0","","","1","Y","0","","40 29:33.800","2","3","79 54:36.964","3","0","0","0","2112","0","0","0","N","0","0","0","2","02112","0","","1.0","20.0","9","N","N","N","0","","1","0","0","","0","N","","1","1","0","0","0","0","0","2","0","1","","09","","N","","","","","","","","","",""
"2020021135","0856","2","0","0","0","0","0","0","0","0","4","0","","02","2","2020","4","40.439861","-79.965542","0849","11","0","0","0","0","0","0","0","0","","0","0","0","","","0","N","0","","40 26:23.500","","0","79 57:55.950","0","0","0","0","2301","0","0","0","N","0","0","0","1","02301","0","","2.0","","1","N","N","N","0","","0","0","0","","0","","","2","0","1","0","0","0","0","2","0","2","","03","","N","","","","","","","","","",""
"2020051257","1218","0","0","0","0","0","0","0","0","0","7","0","75","02","6","2020","4","40.438816","-79.752979","1213","11","0","0","0","0","0","0","1","0","","0","0","0","","","1","N","0","","40 26:19.739","","0","79 45:10.725","3","0","0","0","2446","0","0","0","Y","0","0","0","1","02446","0","","3.0","","1","N","N","N","0","","1","0","1","","0","N","","1","1","0","0","0","0","0","2","0","1","","03","Y","Y","4","1","","","N","Y","Y","","","N"
"2020004782","1402","1","0","0","1","0","0","0","0","0","8","0","","02","1","2020","2","40.448072","-79.952614","1359","11","0","0","0","0","0","0","0","0","","0","0","0","","","1","N","0","","40 26:53.060","2","0","79 57:09.410","3","0","0","0","2301","1","0","0","N","0","0","0","2","02301","0","","1.0","1422.0","1","N","N","N","0","","1","0","0","","0","Y","","2","1","0","0","0","0","0","2","0","1","","98","","N","","","","","","","","","",""
"2020095016","2215","1","0","0","0","0","0","0","0","0","98","0","","02","11","2020","7","40.623452","-80.053788","2209","11","0","0","0","0","0","0","0","0","","0","0","0","","","0","N","0","","40 37:24.426","","0","80 03:13.635","0","0","0","0","2216","0","0","0","N","0","0","0","5","02505","0","","1.0","","1","N","N","N","0","","0","0","0","","0","","","1","0","0","0","0","0","0","2","0","1","","","","N","","","","","","","","","",""
"2020048227","1525","1","0","0","0","0","0","0","0","0","6","0","","02","6","2020","7","40.282315","-80.002015","1521","11","0","0","0","0","0","0","1","1","","0","0","0","","","1","","2","","40 16:56.335","2","0","80 00:07.254","3","0","0","0","2219","0","0","0","N","0","0","0","2","02219","0","","1.0","1557.0","1","N","N","N","1","","1","0","0","","0","N","","2","1","0","0","0","0","0","2","0","2","","03","","N","","","","","","","","","",""
"2020012126","0233","1","0","0","0","0","0","0","0","0","7","0","","02","2","2020","7","40.478908","-80.043019","0229","11","0","0","0","0","0","0","0","0","","0","0","0","","","1","N","1","","40 28:44.067","1","3","80 02:34.868","4","0","0","0","2301","0","0","0","N","0","0","0","1","02301","1","","3.0","400.0","9","N","N","N","0","","0","0","0","","2","N","","1","1","0","0","0","0","0","2","0","1","","","","N","","","","","","","","","",""
"2020046350","1023","0","0","0","0","0","0","0","0","0","2","0","","02","6","2020","3","40.549582","-79.914118","1018","11","0","0","0","0","0","1","0","1","","0","0","0","","","1","","1","","40 32:58.496","","0","79 54:50.825","3","0","0","0","2209","0","0","0","N","0","0","0","2","02209","0","","1.0","","1","N","N","N","1","","1","0","1","","2","","","2","1","0","0","0","0","0","2","0","2","","03","","N","","","","","","","","","",""
"2020054091","1434","0","0","0","0","0","0","0","0","0","7","1","","02","7","2020","5","40.587119","-80.099886","1353","11","0","0","0","0","0","0","0","0","","0","1","0","","","0","N","0","","40 35:13.628","2","0","80 05:59.590","0","0","0","0","2481","0","0","0","Y","0","0","0","1","68B03","0","","4.0","1600.0","9","N","N","N","0","","0","0","0","","0","N","","1","0","0","0","0","0","0","2","0","1","","","","N","","","","","","","","","",""
"2020051083","1748","1","0","0","0","0","0","0","0","0","4","0","","02","6","2020","5","40.550711","-80.086476","1748","11","0","0","0","0","0","0","0","0","","0","0","0","","","1","N","0","","40 33:02.558","","3","80 05:11.315","3","0","0","0","2215","0","0","0","N","0","0","0","1","68B03","0","","4.0","","9","N","N","N","0","","1","0","0","","0","","","1","1","0","0","0","0","0","2","0","1","","","","N","","","","","","","","","",""
"2020002015","0754","2","0","0","0","0","0","0","0","0","1","0","","02","1","2020","3","40.279605","-79.836244","0747","11","0","0","0","0","0","1","0","0","","0","0","0","","","0","N","0","","40 16:46.578","1","0","79 50:10.479","0","0","0","0","2105","0","0","0","N","0","0","0","4","02105","0","","1.0","829.0","1","N","N","N","0","","0","0","1","","0","N","","3","0","0","0","0","0","0","2","0","3","","03","","N","","","","","","","","","",""
"2020004764","0806","0","0","0","0","0","0","0","0","0","1","1","","02","1","2020","3","40.499538","-79.852904","0802","11","0","0","0","0","0","2","0","0","","0","1","0","","","0","","2","","40 29:58.338","","0","79 51:10.455","0","0","0","0","2112","0","0","0","N","0","0","0","3","02112","0","","1.0","","1","N","N","N","1","","0","0","0","","0","","","2","0","0","0","0","0","0","2","0","2","","","","N","","","","","","","","","",""
"2020015400","0512","2","0","0","0","0","0","0","0","0","4","0","","02","2","2020","1","40.411288","-79.944721","0503","11","0","0","0","0","0","0","0","0","","0","0","0","","","1","","1","","40 24:40.637","","0","79 56:40.994","4","0","0","0","2301","0","0","0","N","0","0","0","2","02301","1","","1.0","","9","N","N","N","0","","0","0","0","","2","","","2","1","0","0","0","0","0","2","0","2","","","","N","","","","","","","","","",""
"2020007074","1308","0","0","0","0","0","0","0","0","0","7","0","","02","1","2020","1","40.456908","-80.017564","1308","11","0","0","0","0","0","0","0","0","","0","0","0","","","0","","11","","40 27:24.868","4","0","80 01:03.230","0","0","0","0","2301","0","0","0","N","0","0","0","0","02301","0","","2.0","1336.0","1","N","N","N","0","","0","0","1","","0","N","","1","0","0","0","0","0","0","2","0","1","","","","N","","","","","","","","","",""
"2020008221","1444","2","0","0","0","0","0","0","0","0","1","0","","02","1","2020","7","40.434192","-79.996399","1415","11","0","0","0","1","0","0","0","0","","0","0","0","","","0","N","6","","40 26:03.092","","2","79 59:47.036","0","0","0","0","2301","0","0","0","N","0","0","0","5","68B03","0","","1.0","","9","N","N","N","0","","0","0","0","","0","","","2","0","0","0","0","0","0","2","0","2","","","","N","","","","","","","","","",""
"2020016063","1234","1","0","0","0","0","0","0","0","0","7","0","","02","1","2020","5","40.359712","-80.00093","1231","11","0","0","0","0","0","0","0","1","","0","0","0","","","0","N","0","","40 21:34.963","2","0","80 00:03.347","0","0","0","0","2476","0","0","0","N","0","0","0","2","02476","0","","5.0","1250.0","1","N","N","N","0","","0","0","0","","3","N","","1","0","0","0","0","0","0","2","0","1","","03","","N","","","","","","","","","",""
"2020007492","1452","0","0","0","0","0","0","0","0","0","1","0","","02","1","2020","2","40.405201","-80.037957","1446","11","0","0","0","0","0","1","0","0","","0","0","0","","","0","Y","0","","40 24:18.724","","0","80 02:16.644","9","0","0","0","2301","0","0","0","N","0","0","0","4","02301","0","","1.0","","1","N","N","N","2","","0","0","1","","0","","","3","0","0","0","0","0","1","2","0","3","","","","N","","","","","","","","","",""
"2020008629","0733","2","0","0","0","0","0","0","0","0","1","0","","02","1","2020","4","40.5157","-80.052679","0718","11","1","0","0","0","0","0","0","0","","0","0","0","","","0","N","0","","40 30:56.520","","0","80 03:09.644","0","0","0","0","2116","0","0","0","N","0","0","0","2","68B03","0","","1.0","","1","N","N","N","0","","0","0","0","","0","","","2","0","0","0","0","0","0","2","0","2","","","","N","","","","","","","","","",""
"2020049598","1250","1","0","0","0","0","0","0","0","0","8","0","","02","6","2020","3","40.386329","-79.983826","1235","11","0","0","0","0","1","0","0","0","","0","0","0","","","1","","1","","40 23:10.784","7","0","79 59:01.773","2","0","0","0","2301","1","0","1","N","1","0","1","2","02301","0","","1.0","1330.0","1","N","N","N","0","","0","1","0","","3","Y","","2","1","0","0","0","0","0","2","0","1","","","","N","","","","","","","","","",""
"2020013539","2118","1","0","0","0","0","0","0","0","0","7","0","","02","2","2020","3","40.436226","-79.994753","2059","11","0","1","0","0","0","0","0","0","","0","0","0","","","0","N","0","","40 26:10.412","","2","79 59:41.112","0","0","0","0","2301","0","0","0","N","0","0","0","1","02301","0","","1.0","","2","N","N","N","0","","0","0","0","","0","","","1","0","0","0","0","0","0","2","0","1","","98","","N","","","","","","","","","",""
"2020003715","0015","2","0","0","0","0","0","0","0","0","4","0","","02","1","2020","7","40.449144","-79.985401","0012","11","0","0","0","0","0","1","0","0","","0","0","0","","","2","","2","","40 26:56.918","4","0","79 59:07.443","8","0","0","0","2301","0","0","0","N","0","0","0","2","02301","0","","1.0","57.0","1","N","N","Y","0","","0","0","0","","2","N","","2","2","0","0","0","2","0","2","0","2","","","","N","","","","","","","","","",""
"2020053577","1759","0","0","0","0","0","0","0","0","0","7","0","","02","7","2020","3","40.593878","-80.095133","1755","11","0","0","0","1","0","0","0","0","","0","0","0","","","1","N","0","","40 35:37.961","1","0","80 05:42.480","3","0","0","0","2481","0","0","0","Y","0","0","0","1","68B03","0","","2.0","1850.0","9","N","N","N","0","","1","0","1","","0","N","","1","1","0","0","0","0","0","2","0","1","","","","N","","","","","","","","","",""
"2020049556","2015","0","0","0","0","0","0","0","0","0","7","0","","02","6","2020","4","40.481099","-79.951043","2013","11","0","0","0","0","0","0","0","0","","0","0","0","","","1","","1","","40 28:51.956","","0","79 57:03.754","2","0","1","1","2301","0","0","0","N","0","0","0","1","02301","0","","4.0","","1","N","N","N","0","","0","1","0","","0","","","1","1","0","0","0","0","0","2","0","1","","","","N","","","","","","","","","",""
"2020010278","1022","2","0","0","0","0","0","0","0","0","3","0","","02","1","2020","2","40.439806","-79.9227","1021","11","0","0","0","0","0","0","0","1","","0","0","0","","","0","N","0","","40 26:23.300","","7","79 55:21.720","0","0","0","0","2301","0","0","0","N","0","0","0","2","02301","0","","1.0","","1","N","N","N","0","","0","0","0","","0","","","2","0","0","0","0","0","0","2","0","2","","","","N","","","","","","","","","",""
"2020050563","1606","0","0","0","0","0","0","0","0","0","7","0","","02","6","2020","1","40.413139","-79.74225","1602","11","0","0","0","0","0","1","0","0","","0","0","0","","","1","N","0","","40 24:47.300","","7","79 44:32.100","2","0","0","0","2446","0","0","0","N","0","0","0","1","02446","0","","5.0","","1","N","N","N","1","","0","1","0","","0","","","1","1","0","0","0","0","0","2","0","1","","","","N","","","","","","","","","",""
"2020031437","2140","1","0","0","0","0","0","0","0","0","7","0","","02","2","2020","1","40.652629","-79.908342","2135","11","0","0","0","0","0","0","0","0","","0","0","0","","","0","Y","0","","40 39:09.466","3","0","79 54:30.030","0","0","0","0","2220","0","0","0","N","0","0","0","1","02220","0","","5.0","2215.0","1","N","N","N","0","","0","0","0","","0","N","","1","0","0","0","0","0","0","1","0","1","","03","","N","","","","","","","","","",""
"2020048148","1109","1","0","0","0","0","0","0","0","0","5","0","","02","6","2020","7","40.554413","-80.038498","1109","11","0","0","0","0","0","1","0","0","","0","0","0","","","0","","1","","40 33:15.887","1","0","80 02:18.593","0","0","0","0","2216","0","0","0","N","0","0","0","2","02505","0","","1.0","1151.0","1","N","N","N","1","","0","0","0","","2","Y","","2","0","0","0","0","0","0","2","0","2","","03","","N","","","","","","","","","",""
"2020049106","0942","1","0","0","0","0","0","0","0","0","1","0","","02","6","2020","3","40.318924","-79.899115","0935","11","0","0","0","0","0","0","0","0","","0","0","0","","","1","N","0","","40 19:08.128","1","0","79 53:56.815","3","0","0","1","2440","0","0","0","N","0","0","0","2","02440","0","","1.0","1015.0","1","N","N","N","0","","1","0","0","","0","Y","","2","1","0","0","0","0","0","2","0","2","","","","N","","","","","","","","","",""
"2020049421","1721","1","0","0","0","0","0","0","0","0","7","0","","02","6","2020","7","40.365833","-79.858154","1719","11","0","0","0","0","0","0","0","0","","0","0","0","","","1","N","0","","40 21:56.999","","0","79 51:29.356","3","0","0","0","2473","0","0","0","N","0","0","0","3","02473","0","","5.0","","1","N","N","N","0","","1","0","0","","0","","","1","1","0","0","0","0","0","2","0","1","","03","","N","","","","","","","","","",""
"2020065577","0720","0","0","0","0","0","0","0","0","0","7","0","","02","8","2020","7","40.458058","-80.008685","0716","11","0","0","0","0","0","0","0","0","","0","0","0","","","0","N","0","","40 27:29.008","","0","80 00:31.267","9","0","0","0","2301","0","0","0","N","0","0","0","1","02301","0","","5.0","","1","N","N","N","0","","0","0","1","","0","","","1","0","0","0","0","0","1","2","0","1","","","","N","","","","","","","","","",""
"2020071265","2335","0","0","0","0","0","0","0","0","0","7","0","","02","8","2020","5","40.41047","-80.071735","2326","11","0","0","0","0","0","0","0","0","","0","0","0","","","2","N","0","","40 24:37.691","3","0","80 04:18.246","8","0","0","0","2117","0","0","0","Y","0","0","0","2","68B03","0","","4.0","10.0","1","N","N","N","0","","0","0","1","","0","N","","1","2","1","0","0","2","0","2","0","1","","03","","N","","","","","","","","","",""
"2020090507","1300","1","0","0","0","0","0","0","0","0","7","0","","02","10","2020","2","40.371376","-79.915532","1246","11","0","0","1","0","0","0","0","0","","0","0","0","","","2","Y","0","","40 22:16.953","","0","79 54:55.915","3","0","0","0","2301","0","0","0","N","0","0","0","2","02301","0","","5.0","","9","N","N","Y","0","","2","0","0","","0","","","1","2","0","0","0","0","0","2","0","1","","04","","N","","","","","","","","","",""
"2020096997","1720","1","0","0","0","0","0","0","0","0","7","0","","02","11","2020","6","40.415525","-80.025032","1710","11","0","0","0","0","0","0","0","0","","0","0","0","","","0","Y","0","","40 24:55.889","","0","80 01:30.114","0","0","0","0","2301","0","0","0","N","0","0","0","1","02301","0","","2.0","","1","N","N","N","0","","0","0","0","","0","","","1","0","1","0","0","0","0","2","0","1","","03","","N","","","","","","","","","",""
"2020098875","0257","1","0","0","0","0","0","0","0","0","98","0","","02","11","2020","3","40.435127","-79.966605","0257","11","0","0","0","0","0","1","0","0","","0","0","0","","","0","N","0","","40 26:06.458","4","0","79 57:59.779","0","0","0","0","2301","0","0","0","N","0","0","0","1","68B03","0","","1.0","320.0","1","N","N","N","0","","0","0","0","","0","N","","1","0","0","0","0","0","0","2","0","1","","","","N","","","","","","","","","",""
"2020096163","0334","2","0","0","0","0","0","0","0","0","2","0","","02","11","2020","7","40.475516","-80.058246","0333","11","0","0","0","1","0","0","0","0","","1","0","0","","","1","N","0","","40 28:31.856","7","3","80 03:29.684","1","0","0","0","2444","0","0","0","N","0","0","0","2","02122","0","1","1.0","804.0","1","N","N","N","0","0","0","0","0","","0","Y","","2","1","0","0","0","1","0","2","0","2","","03","","N","","","","","","","","","",""
"2020096083","1223","0","0","0","0","0","0","0","0","0","7","0","","02","11","2020","4","40.645002","-79.938798","1219","11","0","0","0","0","0","0","0","0","","0","0","0","","","0","N","0","","40 38:42.006","","0","79 56:19.671","0","0","0","0","2217","0","0","0","N","0","0","0","1","02505","0","","5.0","","9","N","N","N","0","","0","0","1","","0","","","1","0","0","0","0","0","0","2","0","1","","","","N","","","","","","","","","",""
"2020096999","1559","1","0","0","0","0","0","0","0","0","4","0","","02","11","2020","6","40.311448","-79.824682","1554","11","0","0","0","0","0","1","0","0","","0","0","0","","","1","N","2","","40 18:41.212","","0","79 49:28.856","3","0","0","1","2105","0","0","0","N","0","0","0","2","02105","0","","1.0","","1","N","N","N","0","","1","0","0","","0","N","","2","1","0","0","0","0","0","2","0","2","","03","","N","","","","","","","","","",""
"2020066331","0340","1","0","0","0","0","0","0","0","0","7","0","","02","8","2020","7","40.438408","-80.151957","0323","11","0","0","0","0","0","0","0","0","","0","0","0","","","1","N","0","","40 26:18.267","3","0","80 09:07.046","3","0","0","0","2115","0","0","0","N","0","0","0","2","68B03","0","","4.0","405.0","1","N","N","N","0","","1","0","0","","0","N","","1","1","0","0","0","0","0","2","0","1","","03","","N","","","","","","","","","",""
"2020093753","0819","3","0","0","0","0","0","0","0","0","1","0","","02","11","2020","5","40.369607","-79.912616","0755","11","0","0","0","0","0","1","0","0","","0","0","0","","","3","N","2","","40 22:10.585","4","0","79 54:45.419","3","0","0","0","2301","0","0","0","N","0","0","0","5","02301","1","","1.0","830.0","1","N","N","N","1","","2","0","0","","2","Y","","4","3","0","0","0","0","0","2","0","4","","","","N","","","","","","","","","",""
"2020096442","0716","2","0","0","0","0","0","0","0","0","4","0","","02","11","2020","5","40.367693","-79.929718","0716","11","0","0","0","0","0","0","0","0","","0","0","0","","","0","","1","","40 22:03.694","1","0","79 55:46.986","0","0","0","0","2473","0","0","0","N","0","0","0","2","02473","0","","1.0","730.0","1","N","N","N","0","","0","0","0","","2","Y","","2","0","0","0","0","0","0","2","0","2","","03","","N","","","","","","","","","",""
"2020096271","1835","0","0","0","0","0","0","0","0","0","8","0","","02","11","2020","3","40.402634","-80.031059","1823","11","0","0","0","0","0","1","0","0","","0","0","0","","","1","Y","0","","40 24:09.483","2","0","80 01:51.811","2","0","0","0","2301","1","0","1","N","1","0","1","2","02301","0","","5.0","1853.0","1","N","N","N","0","","0","1","1","","0","Y","","2","1","1","0","0","0","0","2","0","1","","03","","N","","","","","","","","","",""
"2020097281","0731","1","0","0","0","0","0","0","0","0","1","0","","02","10","2020","4","40.429668","-80.028753","0707","11","0","0","0","0","0","0","0","0","","0","0","0","","","0","N","0","","40 25:46.806","","0","80 01:43.512","9","0","0","0","2301","0","0","0","N","0","0","0","3","68B03","0","","1.0","","9","N","N","N","1","","0","0","0","","0","","","2","0","1","0","0","0","1","2","0","2","","","","N","","","","","","","","","",""
"2020098909","1515","1","0","0","0","0","0","0","0","0","4","0","","02","11","2020","3","40.385413","-79.821842","1511","11","0","0","0","0","0","1","0","0","","0","0","0","","","0","N","11","","40 23:07.485","","0","79 49:18.631","0","0","0","0","2111","0","0","0","N","0","0","0","3","02111","0","","1.0","","1","N","N","N","1","","0","0","0","","3","","","2","0","0","0","0","0","0","2","0","2","","03","","N","","","","","","","","","",""
"2020099131","0206","1","0","0","0","0","0","0","0","0","7","0","","02","11","2020","1","40.438682","-79.782687","0203","11","0","0","0","0","0","0","0","0","","0","0","0","","","0","N","0","","40 26:19.254","4","0","79 46:57.672","0","0","0","0","2446","0","0","0","N","0","0","0","1","02446","0","","2.0","300.0","1","N","N","N","0","","0","0","0","","0","N","","1","0","0","0","0","0","0","2","0","1","","03","","N","","","","","","","","","",""
"2020099150","1552","2","0","0","0","0","0","0","0","0","5","0","","02","11","2020","2","40.380956","-80.044327","1550","11","0","0","0","0","0","0","1","0","","0","0","0","","","0","N","0","","40 22:51.440","","0","80 02:39.577","0","0","0","0","2109","0","0","0","N","0","0","0","2","02109","0","","1.0","","1","N","N","N","0","","0","0","0","","0","","","2","0","1","0","0","0","0","2","0","2","","","","N","","","","","","","","","",""
"2020067238","1600","1","0","0","0","0","0","0","0","0","5","0","","02","8","2020","7","40.359969","-80.111573","1600","11","0","0","0","0","0","1","0","0","","0","0","0","","","0","","1","","40 21:35.888","","0","80 06:41.661","0","0","0","0","2414","0","0","0","N","0","0","0","2","02414","0","","1.0","9999.0","1","N","N","N","0","","0","0","0","","2","","","2","0","0","0","0","0","0","2","1","2","","","","N","","","","","","","","","",""
"2020065971","1939","0","0","0","0","0","0","0","0","0","7","0","","02","8","2020","7","40.286693","-79.997753","1935","11","0","0","0","0","0","1","0","0","","0","0","0","","","1","N","0","","40 17:12.095","2","0","79 59:51.911","3","0","0","0","2219","0","0","0","N","0","0","0","1","02219","0","","5.0","2008.0","1","N","N","N","0","","1","0","1","","0","N","","1","1","1","0","0","0","0","2","0","1","","03","","N","","","","","","","","","",""
"2020097502","0116","0","0","0","0","0","0","0","0","0","7","0","","02","11","2020","6","40.629199","-79.933178","0111","11","0","0","0","0","0","0","0","0","","0","0","0","","","1","N","2","","40 37:45.118","","0","79 55:59.441","8","0","0","0","2217","0","0","0","N","0","0","0","1","02505","0","","5.0","","1","N","N","N","0","","0","0","0","","0","","","1","1","0","0","0","1","0","2","1","1","","03","","N","","","","","","","","","",""
"2020066376","0007","2","0","0","0","0","0","0","0","0","6","0","","02","8","2020","3","40.455678","-79.992659","0002","11","0","0","0","0","0","1","0","0","","0","0","0","","","1","N","0","","40 27:20.442","","0","79 59:33.571","3","0","0","0","2301","0","0","0","N","0","0","0","4","02301","0","","1.0","","1","N","N","N","0","","1","0","0","","0","","","2","1","0","0","0","0","1","2","0","2","","03","","N","","","","","","","","","",""
"2020066936","1728","0","0","0","0","0","0","0","0","0","4","0","","02","8","2020","4","40.389098","-79.875441","1725","11","0","0","0","0","0","0","0","1","","0","0","0","","","1","","1","","40 23:20.753","","0","79 52:31.589","3","0","0","0","2473","0","0","0","N","0","0","0","2","02473","0","","1.0","","1","N","N","N","0","","1","0","2","","3","","","2","1","0","0","0","0","0","2","0","2","","03","","N","","","","","","","","","",""
"2020067300","2110","1","0","0","0","0","0","0","0","0","6","0","","02","8","2020","5","40.425711","-79.974908","2108","11","0","0","0","0","0","0","0","0","","0","0","0","","","0","","1","","40 25:32.559","","0","79 58:29.668","0","0","0","0","2301","0","0","0","N","0","0","0","2","02301","0","","1.0","","1","N","N","N","0","","0","0","1","","0","","","2","0","0","0","0","0","0","2","0","2","","03","","N","","","","","","","","","",""