"CRN","ARRIVAL_TM","AUTOMOBILE_COUNT","BELTED_DEATH_COUNT","BELTED_SUSP_SERIOUS_INJ_COUNT","BICYCLE_COUNT","BICYCLE_DEATH_COUNT","BICYCLE_SUSP_SERIOUS_INJ_COUNT","BUS_COUNT","CHLDPAS_DEATH_COUNT","CHLDPAS_SUSP_SERIOUS_INJ_COUNT","COLLISION_TYPE","COMM_VEH_COUNT","CONS_ZONE_SPD_LIM","COUNTY","CRASH_MONTH","CRASH_YEAR","DAY_OF_WEEK","DEC_LATITUDE","DEC_LONGITUDE","DISPATCH_TM","DISTRICT","DRIVER_COUNT_16YR","DRIVER_COUNT_17YR","DRIVER_COUNT_18YR","DRIVER_COUNT_19YR","DRIVER_COUNT_20YR","DRIVER_COUNT_50_64YR","DRIVER_COUNT_65_74YR","DRIVER_COUNT_75PLUS","EST_HRS_CLOSED","FATAL_COUNT","HEAVY_TRUCK_COUNT","HORSE_BUGGY_COUNT","HOUR_OF_DAY","ILLUMINATION","INJURY_COUNT","INTERSECTION_RELATED","INTERSECT_TYPE","LANE_CLOSED","LATITUDE","LN_CLOSE_DIR","LOCATION_TYPE","LONGITUDE","MAX_SEVERITY_LEVEL","MCYCLE_DEATH_COUNT","MCYCLE_SUSP_SERIOUS_INJ_COUNT","MOTORCYCLE_COUNT","MUNICIPALITY","NONMOTR_COUNT","NONMOTR_DEATH_COUNT","NONMOTR_SUSP_SERIOUS_INJ_COUNT","NTFY_HIWY_MAINT","PED_COUNT","PED_DEATH_COUNT","PED_SUSP_SERIOUS_INJ_COUNT","PERSON_COUNT","POLICE_AGCY","POSSIBLE_INJ_COUNT","RDWY_SURF_TYPE_CD","RELATION_TO_ROAD","ROADWAY_CLEARED","ROAD_CONDITION","SCH_BUS_IND","SCH_ZONE_IND","SECONDARY_CRASH","SMALL_TRUCK_COUNT","SPEC_JURIS_CD","SUSP_MINOR_INJ_COUNT","SUSP_SERIOUS_INJ_COUNT","SUV_COUNT","TCD_FUNC_CD","TCD_TYPE","TFC_DETOUR_IND","TIME_OF_DAY","TOTAL_UNITS","TOT_INJ_COUNT","UNBELTED_OCC_COUNT","UNB_DEATH_COUNT","UNB_SUSP_SERIOUS_INJ_COUNT","UNK_INJ_DEG_COUNT","UNK_INJ_PER_COUNT","URBAN_RURAL","VAN_COUNT","VEHICLE_COUNT","WEATHER1","WEATHER2","WORKERS_PRES","WORK_ZONE_IND","WORK_ZONE_LOC","WORK_ZONE_TYPE","WZ_CLOSE_DETOUR","WZ_FLAGGER","WZ_LAW_OFFCR_IND","WZ_LN_CLOSURE","WZ_MOVING","WZ_OTHER","WZ_SHLDER_MDN","WZ_WORKERS_INJ_KILLED"
"2020066419","1334","1","0","0","0","0","0","0","0","0","2","0","","02","8","2020","2","40.537518","-79.836702","1329","11","0","0","0","0","0","0","0","0","","0","0","0","","","1","N","0","","40 32:15.066","2","0","79 50:12.128","8","0","0","0","2208","0","0","0","N","0","0","0","3","02208","0","","1.0","1357.0","1","N","N","N","0","","0","0","1","0","0","N","","2","1","0","0","0","1","0","2","0","2","","03","","N","","","","","","","","","",""
"2020067106","0739","1","0","0","0","0","0","0","0","0","5","0","","02","8","2020","5","40.493532","-79.910565","0726","11","0","0","0","0","0","0","0","0","","0","0","0","","","0","Y","0","","40 29:36.716","","8","79 54:38.033","0","0","0","1","2301","0","0","0","N","0","0","0","2","02301","0","","1.0","","1","N","N","N","0","","0","0","0","0","0","","","2","0","0","0","0","0","0","2","0","2","","","","N","","","","","","","","","",""
"2020066047","2239","0","0","0","0","0","0","0","0","0","4","0","","02","8","2020","1","40.435126","-79.956406","2235","11","0","0","0","1","0","0","0","0","","0","0","0","","","2","","1","","40 26:06.452","3","0","79 57:23.060","3","0","0","1","2301","0","0","0","N","0","0","0","2","02301","0","","1.0","2330.0","1","N","N","N","0","","2","0","1","3","2","N","","3","2","0","0","0","0","0","2","0","2","","","","N","","","","","","","","","",""
"2020091678","0905","1","0","0","0","0","0","0","0","0","7","0","","02","10","2020","2","40.358377","-79.907496","0902","11","0","0","0","0","0","0","0","0","","0","0","0","","","0","N","0","","40 21:30.157","2","0","79 54:26.985","0","0","0","0","2473","0","0","0","N","0","0","0","2","02473","0","","2.0","925.0","1","N","N","N","0","","0","0","0","0","0","N","","1","0","0","0","0","0","0","2","0","1","","98","","N","","","","","","","","","",""
"2020066465","1114","1","0","0","0","0","0","0","0","0","4","0","","02","8","2020","2","40.43575","-79.768222","1108","11","0","0","0","0","0","1","0","0","","0","0","0","","","1","N","0","","40 26:08.700","","7","79 46:05.600","4","0","0","0","2446","0","0","0","N","0","0","0","2","02446","1","","1.0","","1","N","N","N","0","","0","0","1","3","3","","","2","1","0","0","0","0","0","2","0","2","","03","","N","","","","","","","","","",""
"2020067498","1245","1","0","1","0","0","0","0","0","0","7","0","","02","8","2020","3","40.274596","-79.887207","1240","11","0","0","0","0","0","1","0","0","","0","0","0","","","1","N","0","","40 16:28.544","1","3","79 53:13.945","2","0","0","0","2428","0","0","0","N","0","0","0","2","02302","0","","1.0","1315.0","1","N","N","N","0","","0","1","0","3","7","N","","1","1","0","0","0","0","0","2","0","1","","03","","Y","","","","","","","","","",""
"2020098405","1442","0","0","0","0","0","0","0","0","0","1","1","","02","11","2020","5","40.495675","-79.94021","1409","11","0","0","0","0","0","1","0","0","","0","1","0","","","0","N","0","","40 29:44.429","","3","79 56:24.755","0","0","0","0","2461","0","0","0","N","0","0","0","3","68D02","0","","1.0","","1","N","N","N","0","","0","0","1","0","0","","","2","0","0","0","0","0","0","2","0","2","","","","N","","","","","","","","","",""
"2020090033","1640","2","0","0","0","0","0","0","0","0","4","0","","02","10","2020","2","40.671016","-80.069784","1637","11","0","0","0","0","1","0","0","0","","0","0","0","","","1","N","1","","40 40:15.658","4","0","80 04:11.224","3","0","0","0","2216","0","0","0","N","0","0","0","2","02505","0","","1.0","1728.0","1","N","N","N","0","","1","0","0","3","3","Y","","2","1","1","0","0","0","0","2","0","2","","","","N","","","","","","","","","",""
"2020062576","1925","1","0","0","0","0","0","0","0","0","4","0","","02","8","2020","4","40.461239","-79.912551","1916","11","0","0","0","0","0","0","0","0","","0","0","0","","","0","","1","","40 27:40.460","","0","79 54:45.183","9","0","0","0","2301","0","0","0","N","0","0","0","2","02301","0","","1.0","","1","N","N","N","0","","0","0","1","3","3","N","","2","0","0","0","0","0","1","2","0","2","","","","N","","","","","","","","","",""
"2020097311","0901","2","0","0","0","0","0","0","0","0","4","0","","02","11","2020","5","40.400708","-79.834","0837","11","0","0","0","0","0","0","0","0","","0","0","0","","","1","N","1","","40 24:02.549","","0","79 50:02.400","3","0","0","0","2425","0","0","0","N","0","0","0","4","68B03","0","","1.0","","1","N","N","N","1","","1","0","0","3","2","","","3","1","0","0","0","0","0","2","0","3","","","","N","","","","","","","","","",""
"2020071241","2003","0","0","0","0","0","0","0","0","0","8","0","","02","8","2020","5","40.617893","-80.071353","1952","11","0","0","0","0","0","0","0","0","","0","0","0","","","1","N","0","","40 37:04.413","","0","80 04:16.870","3","0","0","0","2212","1","0","0","N","1","0","0","2","02505","0","","1.0","","1","N","N","N","0","","1","0","0","0","0","","","2","1","0","0","0","0","0","2","1","1","","","","N","","","","","","","","","",""
"2020067825","1735","1","0","0","0","0","0","0","0","0","2","0","","02","8","2020","4","40.331276","-80.052771","1725","11","1","0","0","0","0","0","0","0","","0","0","0","","","1","","2","","40 19:52.594","2","0","80 03:09.976","4","0","0","0","2407","0","0","0","N","0","0","0","3","02407","1","","1.0","1830.0","1","N","N","N","0","","0","0","1","0","0","Y","","2","1","0","0","0","0","0","2","0","2","","","","N","","","","","","","","","",""
"2020099681","1529","1","0","0","0","0","0","0","0","0","2","0","","02","10","2020","7","40.433841","-79.885208","1528","11","0","0","0","0","0","1","0","0","","0","0","0","","","1","","1","","40 26:01.827","6","0","79 53:06.748","3","0","0","1","2426","0","0","0","N","0","0","0","4","02426","0","","1.0","1600.0","1","N","N","N","0","","1","0","0","3","2","N","","2","1","0","0","0","0","0","2","0","2","","03","","N","","","","","","","","","",""
"2020067822","1615","0","0","0","0","0","0","0","0","0","2","0","","02","8","2020","1","40.346935","-80.054672","1605","11","0","0","0","0","0","0","0","0","","0","0","0","","","0","N","0","","40 20:48.965","","7","80 03:16.819","0","0","0","0","2407","0","0","0","N","0","0","0","2","02407","0","","1.0","","1","N","N","N","1","","0","0","1","0","0","","","2","0","0","0","0","0","0","2","0","2","","","","N","","","","","","","","","",""
"2020088488","0820","2","0","0","0","0","0","0","0","0","3","0","","02","10","2020","5","40.454077","-79.963186","0818","11","0","0","0","0","1","1","0","0","","0","0","0","","","0","N","2","","40 27:14.677","","0","79 57:47.469","0","0","0","0","2301","0","0","0","N","0","0","0","3","02301","0","","1.0","","1","N","N","N","0","","0","0","1","0","0","","","3","0","0","0","0","0","0","2","0","3","","03","","N","","","","","","","","","",""
"2020094754","0130","0","0","0","0","0","0","0","0","0","98","0","","02","11","2020","1","40.451041","-80.027606","0123","11","0","0","0","0","0","1","0","0","","0","0","0","","","1","N","0","","40 27:03.746","","0","80 01:39.382","2","0","1","1","2301","0","0","0","N","0","0","0","1","02301","0","","1.0","","1","N","N","N","0","","0","1","0","0","0","","","1","1","0","0","0","0","0","2","0","1","","03","","N","","","","","","","","","",""
"2020098245","2215","1","0","0","0","0","0","0","0","0","1","0","","02","11","2020","2","40.425783","-80.019901","2205","11","0","0","0","0","0","1","0","0","","0","0","0","","","0","N","1","","40 25:32.817","4","1","80 01:11.642","0","0","0","0","2301","0","0","0","N","0","0","0","2","02301","0","","1.0","2245.0","1","N","N","N","1","","0","0","0","3","2","N","","2","0","0","0","0","0","0","2","0","2","","03","","N","","","","","","","","","",""
"2020069993","2206","1","0","0","0","0","0","0","0","0","7","0","","02","8","2020","6","40.440434","-79.831833","2151","11","0","0","0","0","0","0","0","0","","0","0","0","","","0","N","0","","40 26:25.563","3","0","79 49:54.597","9","0","0","0","2419","0","0","0","N","0","0","0","1","68B03","0","","4.0","2340.0","1","N","N","N","0","","0","0","0","0","0","N","","1","0","0","0","0","0","1","2","0","1","","","","N","","","","","","","","","",""
"2020097029","1727","0","0","0","0","0","0","0","0","0","4","0","","02","11","2020","6","40.465146","-79.827858","1723","11","0","0","0","0","0","0","0","0","","0","0","0","","","0","N","0","","40 27:54.524","","7","79 49:40.290","0","0","0","0","2113","0","0","0","N","0","0","0","3","02113","0","","1.0","","1","N","N","N","0","","0","0","3","0","0","","","3","0","0","0","0","0","0","2","0","3","","03","","N","","","","","","","","","",""
"2020068044","2228","0","0","0","0","0","0","0","0","0","5","0","","02","8","2020","5","40.395798","-80.033153","2221","11","0","0","0","0","0","0","0","0","","0","0","0","","","1","N","2","","40 23:44.872","1","0","80 01:59.352","8","0","0","0","2301","0","0","0","N","0","0","0","8","02301","0","","1.0","2309.0","1","N","N","N","0","","0","0","2","0","0","N","","2","1","0","0","0","1","1","2","0","2","","03","","N","","","","","","","","","",""
"2020068034","1631","2","0","0","0","0","0","0","0","0","2","0","","02","8","2020","4","40.395546","-79.804717","1630","11","0","0","0","0","0","0","0","0","","0","0","0","","","2","N","1","","40 23:43.965","","0","79 48:16.982","3","0","0","0","2479","0","0","0","N","0","0","0","3","02501","0","","1.0","","1","N","N","N","0","","2","0","0","3","2","","","2","2","0","0","0","0","0","2","0","2","","","","N","","","","","","","","","",""
"2020062107","1540","2","0","0","0","0","0","0","0","0","1","0","","02","8","2020","3","40.467383","-80.035438","1527","11","0","0","0","0","0","1","0","1","","0","0","0","","","0","N","3","","40 28:02.577","","2","80 02:07.577","0","0","0","0","2301","0","0","0","N","0","0","0","3","02301","0","","1.0","","9","N","N","Y","0","","0","0","1","0","0","","","3","0","0","0","0","0","0","2","0","3","","04","","N","","","","","","","","","",""
"2020063529","0120","0","0","0","0","0","0","0","0","0","7","0","","02","8","2020","1","40.434607","-79.948413","0112","11","0","0","0","0","0","0","0","0","","0","0","0","","","1","N","0","","40 26:04.585","6","0","79 56:54.288","3","0","0","1","2301","0","0","0","N","0","0","0","1","02301","0","","2.0","152.0","1","N","N","N","0","","1","0","0","0","0","Y","","1","1","0","0","0","0","0","2","0","1","","03","","N","","","","","","","","","",""
"2020087665","0930","1","0","0","0","0","0","0","0","0","7","0","","02","10","2020","3","40.582313","-79.995928","0923","11","0","0","0","0","0","0","0","0","","0","0","0","","","1","N","0","","40 34:56.326","","0","79 59:45.339","8","0","0","0","2108","0","0","0","N","0","0","0","1","02108","0","","5.0","","9","N","N","N","0","","0","0","0","0","0","","","1","1","0","0","0","1","0","2","0","1","","","","N","","","","","","","","","",""
"2020065428","2202","2","0","0","0","0","0","0","0","0","1","0","","02","8","2020","6","40.441757","-79.993957","2153","11","0","0","0","0","0","0","0","0","","0","0","0","","","0","N","1","","40 26:30.326","","2","79 59:38.245","0","0","0","0","2301","0","0","0","N","0","0","0","2","02301","0","","1.0","","1","N","N","N","0","","0","0","0","0","0","","","2","0","0","0","0","0","0","2","0","2","","03","","N","","","","","","","","","",""
"2020091307","1636","1","0","0","0","0","0","0","0","0","4","0","","02","10","2020","4","40.367631","-79.780239","1632","11","0","0","0","0","0","1","0","0","","0","0","0","","","0","N","2","","40 22:03.470","","0","79 46:48.861","0","0","0","0","2111","0","0","0","N","0","0","0","5","02111","0","","1.0","","1","N","N","N","0","","0","0","1","3","3","","","2","0","0","0","0","0","0","2","0","2","","03","","N","","","","","","","","","",""
"2020092945","1516","1","0","0","0","0","0","0","0","0","1","0","","02","11","2020","3","40.594666","-79.993476","1511","11","0","0","0","0","1","1","0","0","","0","0","0","","","0","N","0","","40 35:40.797","3","0","79 59:36.513","0","0","0","0","2108","0","0","0","N","0","0","0","3","02108","0","","1.0","1543.0","1","N","N","N","1","","0","0","1","0","0","N","","3","0","0","0","0","0","0","2","0","3","","03","","N","","","","","","","","","",""
"2020075039","0639","1","0","0","0","0","0","0","0","0","1","0","","02","10","2020","4","40.425783","-80.019901","0630","11","0","0","0","0","0","0","0","0","","0","0","0","","","0","","1","","40 25:32.817","","0","80 01:11.642","0","0","0","0","2301","0","0","0","N","0","0","0","2","02301","0","","1.0","","9","N","N","N","0","","0","0","1","3","2","","","2","0","0","0","0","0","0","2","0","2","","","","N","","","","","","","","","",""
"2020090057","0416","0","0","0","0","0","0","0","0","0","7","0","","02","10","2020","2","40.372738","-79.912214","0405","11","0","0","0","0","0","0","0","0","","0","0","0","","","0","N","0","","40 22:21.857","6","0","79 54:43.969","0","0","0","0","2301","0","0","0","N","0","0","0","0","02301","0","","4.0","530.0","1","N","N","N","1","","0","0","0","0","0","Y","","1","0","0","0","0","0","0","2","0","1","","","","N","","","","","","","","","",""
"2020071890","0851","1","0","0","0","0","0","0","0","0","7","0","","02","8","2020","7","40.605684","-79.764467","0836","11","0","0","0","1","0","0","0","0","","0","0","0","","","0","N","0","","40 36:20.463","","0","79 45:52.082","0","0","0","0","2464","0","0","0","Y","0","0","0","1","68D02","0","","3.0","","1","N","N","N","0","","0","0","0","0","0","","","1","0","0","0","0","0","0","2","0","1","","","","N","","","","","","","","","",""
"2020090862","1546","2","0","0","0","0","0","0","0","0","1","0","","02","10","2020","4","40.415044","-80.011295","1544","11","0","0","0","0","0","0","1","0","","0","0","0","","","0","N","5","","40 24:54.158","","0","80 00:40.662","0","0","0","0","2301","0","0","0","N","0","0","0","2","02301","0","","1.0","","1","N","N","N","0","","0","0","0","0","0","","","2","0","0","0","0","0","0","2","0","2","","","","N","","","","","","","","","",""
"2020092883","0729","2","0","0","0","0","0","0","0","0","4","0","","02","10","2020","2","40.430746","-80.026781","0714","11","0","0","0","0","1","0","0","0","","0","0","0","","","1","N","0","","40 25:50.684","4","0","80 01:36.413","8","0","0","0","2301","0","0","0","Y","0","0","0","4","68B03","0","","1.0","900.0","1","N","N","N","0","","0","0","1","0","0","N","","3","1","0","0","0","1","0","2","0","3","","03","","N","","","","","","","","","",""
"2020062811","1446","2","0","0","0","0","0","0","0","0","4","0","","02","8","2020","5","40.404282","-80.090904","1443","11","0","0","0","0","0","0","0","0","","0","0","0","","","2","","1","","40 24:15.415","5","0","80 05:27.254","4","0","0","0","2415","0","0","0","N","0","0","0","3","02415","1","","1.0","1518.0","1","N","N","N","0","","0","0","0","3","3","Y","","2","2","0","0","0","1","0","2","0","2","","","","N","","","","","","","","","",""
"2020077439","1321","1","0","0","0","0","0","0","0","0","1","0","","02","9","2020","2","40.336989","-79.809603","1317","11","0","0","0","0","0","0","0","0","","0","0","0","","","0","N","0","","40 20:13.161","","0","79 48:34.572","0","0","0","0","2477","0","0","0","N","0","0","0","3","02477","0","","1.0","","1","N","N","N","0","","0","0","1","0","0","N","","2","0","0","0","0","0","0","2","0","2","","","","N","","","","","","","","","",""
"2020089889","1301","1","0","0","0","0","0","0","0","0","1","0","","02","10","2020","3","40.373441","-80.048832","1258","11","0","0","0","0","0","2","0","0","","0","0","0","","","1","","2","","40 22:24.386","1","0","80 02:55.796","3","0","0","0","2109","0","0","0","N","0","0","0","4","02109","0","","1.0","1327.0","9","N","N","N","1","","1","0","1","3","2","N","","3","1","0","0","0","0","0","2","0","3","","","","N","","","","","","","","","",""
"2020063617","2200","0","0","0","0","0","0","0","0","0","0","0","","02","8","2020","2","40.445653","-79.846329","2142","11","0","0","0","0","0","0","0","0","","0","0","0","","","1","N","0","","40 26:44.350","4","0","79 50:46.785","8","0","0","1","2419","0","0","0","N","0","0","0","1","68B03","0","","1.0","2230.0","1","N","N","N","0","","0","0","0","0","0","N","","1","1","0","0","0","1","0","2","0","1","","03","","N","","","","","","","","","",""
"2020062950","2055","1","0","0","0","0","0","0","0","0","4","0","","02","8","2020","5","40.488196","-80.03115","2048","11","0","0","1","0","0","0","0","0","","0","0","0","","","0","N","0","","40 29:17.505","","0","80 01:52.139","0","0","0","0","2301","0","0","0","N","0","0","0","6","02301","0","","2.0","","1","N","N","N","0","","0","0","0","0","0","N","","1","0","0","0","0","0","0","2","0","1","","03","","N","","","","","","","","","",""
"2020063273","2035","1","0","0","0","0","0","0","0","0","1","0","","02","8","2020","6","40.45049","-79.973004","2029","11","0","0","0","0","0","0","0","0","","0","0","0","","","1","","2","","40 27:01.763","","0","79 58:22.816","8","0","0","1","2301","0","0","0","N","0","0","0","1","02301","0","","1.0","","1","N","N","N","0","","0","0","0","0","0","N","","2","1","0","0","0","1","0","2","0","2","","03","","N","","","","","","","","","",""
"2020094168","1308","2","0","0","0","0","0","0","0","0","1","0","","02","11","2020","4","40.540462","-79.812593","1303","11","0","0","0","0","0","1","0","0","","0","0","0","","","1","N","0","","40 32:25.663","1","0","79 48:45.333","8","0","0","0","2208","0","0","0","N","0","0","0","6","02208","0","","1.0","1340.0","1","N","N","N","0","","0","0","1","0","0","Y","","3","1","0","0","0","1","0","2","0","3","","03","","N","","","","","","","","","",""
"2020086328","1540","1","0","0","0","0","0","0","0","0","2","0","","02","10","2020","6","40.424805","-79.979558","1521","11","0","0","0","0","0","0","0","0","","0","0","0","","","0","N","2","","40 25:29.297","","0","79 58:46.408","9","0","0","0","2301","0","0","0","N","0","0","0","1","02301","0","","1.0","","99","N","N","N","0","","0","0","0","0","0","","","2","0","0","0","0","0","1","2","0","2","","98","","N","","","","","","","","","",""
"2020059707","1538","1","0","0","0","0","0","0","0","0","1","0","","02","7","2020","3","40.409856","-80.031683","1528","11","0","0","0","0","0","0","0","0","","0","0","0","","","2","","1","","40 24:35.480","2","0","80 01:54.060","8","0","0","0","2301","0","0","0","N","0","0","0","7","02301","0","","1.0","1614.0","1","N","N","N","0","","0","0","1","0","0","N","","2","2","0","0","0","2","0","2","0","2","","03","","N","","","","","","","","","",""
"2020090618","1405","0","0","0","0","0","0","0","0","0","4","1","","02","10","2020","4","40.444232","-80.028216","1356","11","0","0","0","0","0","1","0","0","","0","1","0","","","0","N","1","","40 26:39.234","7","2","80 01:41.577","0","0","0","0","2301","0","0","0","N","0","0","0","4","02301","0","","7.0","1330.0","1","N","N","N","1","","0","0","0","3","2","N","","2","0","0","0","0","0","0","2","0","2","","04","","N","","","","","","","","","",""
"2020064512","1427","2","0","0","0","0","0","0","0","0","4","0","","02","8","2020","7","40.432314","-79.918251","1427","11","0","0","0","0","0","0","0","0","","0","0","0","","","0","N","1","","40 25:56.330","2","0","79 55:05.703","0","0","0","0","2301","0","0","0","N","0","0","0","5","02301","0","","1.0","1455.0","1","N","N","N","0","","0","0","0","3","2","Y","","2","0","0","0","0","0","0","2","0","2","","03","","N","","","","","","","","","",""
"2020067809","1533","2","0","0","0","0","0","0","0","0","1","0","","02","8","2020","6","40.325552","-80.025884","1528","11","0","0","0","0","0","1","1","0","","0","0","0","","","0","Y","0","","40 19:31.987","5","0","80 01:33.181","0","0","0","0","2407","0","0","0","N","0","0","0","4","02407","0","","1.0","1600.0","1","N","N","N","0","","0","0","1","0","0","N","","3","0","0","0","0","0","0","2","0","3","","","","N","","","","","","","","","",""
"2020063523","2305","1","0","0","0","0","0","0","0","0","4","0","","02","8","2020","7","40.435769","-79.994572","2258","11","0","0","0","0","0","0","0","0","","0","1","0","","","0","N","2","","40 26:08.770","","6","79 59:40.458","0","0","0","0","2301","0","0","0","N","0","0","0","4","02301","0","","1.0","","1","N","N","N","0","","0","0","0","3","3","","","2","0","0","0","0","0","0","2","0","2","","03","","N","","","","","","","","","",""
"2020064768","1819","2","0","0","0","0","0","0","0","0","4","0","","02","8","2020","2","40.412964","-79.908539","1815","11","0","0","1","0","0","0","0","0","","0","0","0","","","0","Y","0","","40 24:46.670","6","7","79 54:30.740","0","0","0","0","2438","0","0","0","N","0","0","0","2","02438","0","","1.0","1843.0","1","N","N","N","0","","0","0","0","3","3","Y","","2","0","0","0","0","0","0","2","0","2","","","","N","","","","","","","","","",""
"2020091756","1342","0","0","0","0","0","0","0","0","0","98","0","","02","10","2020","6","40.633306","-80.006847","1334","11","0","0","0","0","0","1","0","0","","0","0","0","","","0","N","0","","40 37:59.902","","0","80 00:24.650","0","0","0","0","2216","0","0","0","N","0","0","0","3","02505","0","","1.0","","9","N","N","N","0","","0","0","1","0","0","","","1","0","0","0","0","0","0","2","0","1","","","","N","","","","","","","","","",""
"2020093825","0055","1","0","0","0","0","0","0","0","0","0","0","","02","10","2020","2","40.442815","-79.811592","0023","11","0","0","0","0","0","0","0","0","","0","0","0","","","1","N","0","","40 26:34.134","3","0","79 48:41.731","8","0","0","0","2113","0","0","0","N","0","0","0","1","68B03","0","","1.0","145.0","9","N","N","N","0","","0","0","0","0","0","N","","1","1","0","0","0","1","0","2","0","1","","03","","N","","","","","","","","","",""
"2020093891","1902","1","0","0","1","0","0","0","0","0","8","0","","02","10","2020","5","40.468688","-79.915921","1900","11","0","0","0","0","0","0","0","0","","0","0","0","","","1","N","0","","40 28:07.277","6","0","79 54:57.315","3","0","0","0","2301","1","0","0","N","0","0","0","2","02301","0","","1.0","1930.0","1","N","N","N","0","","1","0","0","0","0","Y","","2","1","0","0","0","0","0","2","0","1","","03","","N","","","","","","","","","",""
"2020092890","2054","0","0","0","0","0","0","0","0","0","98","0","","02","10","2020","3","40.39474","-80.10173","2049","11","0","0","0","0","0","1","0","0","","0","0","0","","","0","N","0","","40 23:41.064","","0","80 06:06.229","0","0","0","0","2102","0","0","0","N","0","0","0","1","68B03","0","","1.0","","1","N","N","N","0","","0","0","1","0","0","","","1","0","0","0","0","0","0","2","0","1","","","","N","","","","","","","","","",""
"2020063734","1949","0","0","0","0","0","0","0","0","0","6","0","","02","8","2020","7","40.496131","-79.976872","1939","11","0","0","0","0","0","2","0","0","","0","0","0","","","0","","1","","40 29:46.072","","0","79 58:36.740","0","0","0","0","2118","0","0","0","N","0","0","0","4","02118","0","","1.0","","1","N","N","N","0","","0","0","2","3","3","","","2","0","0","0","0","0","0","2","0","2","","03","","N","","","","","","","","","",""
"2020060296","1705","1","0","0","0","0","0","0","0","0","7","0","","02","7","2020","2","40.215354","-79.842159","1700","11","0","1","0","0","0","0","0","0","","0","1","0","","","0","N","5","","40 12:55.276","2","0","79 50:31.772","0","0","0","0","2204","0","0","0","N","0","0","0","2","02204","0","","3.0","1732.0","1","N","N","N","0","","0","0","0","0","0","Y","","2","0","0","0","0","0","0","1","0","2","","","","N","","","","","","","","","",""
"2020092283","0738","1","0","0","0","0","0","0","0","0","1","0","","02","11","2020","2","40.658216","-79.972954","0732","11","1","0","0","0","0","1","0","0","","0","0","0","","","1","N","0","","40 39:29.579","6","3","79 58:22.633","8","0","0","0","2217","0","0","0","N","0","0","0","2","02505","0","","1.0","808.0","2","N","N","N","0","","0","0","1","0","0","Y","","2","1","0","0","0","1","0","2","0","2","","","","N","","","","","","","","","",""
"2020091906","2230","0","0","1","0","0","0","0","0","0","1","0","","02","10","2020","7","40.382053","-79.976491","2222","11","0","0","0","0","0","0","0","0","","0","0","0","","","1","N","0","","40 22:55.389","5","0","79 58:35.369","2","0","0","0","2301","0","0","0","N","0","0","0","1","02301","0","","1.0","2300.0","1","N","N","N","1","","0","1","1","0","0","N","","2","1","0","0","0","0","0","2","0","2","","03","","N","","","","","","","","","",""
"2020093652","0045","1","0","0","0","0","0","0","0","0","7","0","","02","11","2020","5","40.39396","-79.934947","0035","11","0","0","0","1","0","0","0","0","","0","0","0","","","0","N","6","","40 23:38.256","7","2","79 56:05.810","0","0","0","0","2301","0","0","0","N","0","0","0","1","02301","0","","4.0","125.0","1","N","N","N","0","","0","0","0","0","0","Y","","1","0","0","0","0","0","0","2","0","1","","03","","N","","","","","","","","","",""
"2020062490","1711","1","0","0","0","0","0","0","0","0","4","0","","02","8","2020","4","40.342423","-79.862122","1711","11","0","0","0","0","0","1","0","0","","0","0","0","","","0","N","1","","40 20:32.721","1","0","79 51:43.638","0","0","0","0","2304","0","0","0","N","0","0","0","2","02304","0","","1.0","1732.0","1","N","N","N","0","","0","0","1","3","3","N","","2","0","0","0","0","0","0","2","0","2","","03","","N","","","","","","","","","",""
"2020091535","1446","0","0","0","0","0","0","0","0","0","4","1","","02","10","2020","6","40.389776","-79.933346","1435","11","0","0","0","0","0","1","0","0","","0","1","0","","","0","N","1","","40 23:23.193","","0","79 56:00.044","0","0","0","0","2301","0","0","0","N","0","0","0","2","02301","0","","1.0","","1","N","N","N","0","","0","0","0","3","2","","","2","0","0","0","0","0","0","2","1","2","","03","","N","","","","","","","","","",""
"2020091328","0115","1","0","0","0","0","0","0","0","0","5","0","","02","10","2020","6","40.452236","-80.025772","0110","11","0","0","0","0","0","0","0","0","","0","0","0","","","0","N","0","","40 27:08.049","","0","80 01:32.780","9","0","0","0","2301","0","0","0","N","0","0","0","1","02301","0","","6.0","","9","N","N","N","0","","0","0","2","0","0","","","3","0","0","0","0","0","1","2","0","3","","","","N","","","","","","","","","",""
"2020092897","1031","1","0","0","0","0","0","0","0","0","1","0","","02","10","2020","5","40.425609","-79.905975","1028","11","0","0","0","1","0","0","0","0","","0","0","0","","","1","N","0","","40 25:32.192","","0","79 54:21.510","3","0","0","0","2301","0","0","0","N","0","0","0","2","68B03","0","","1.0","","9","N","N","N","1","","1","0","0","0","0","","","2","1","0","0","0","0","0","2","0","2","","07","","N","","","","","","","","","",""
"2020063738","2237","0","0","0","0","0","0","0","0","0","7","0","","02","8","2020","6","40.581517","-80.082152","2237","11","0","0","0","0","0","0","0","0","","0","0","0","","","1","N","0","","40 34:53.462","6","0","80 04:55.748","8","0","0","0","2481","0","0","0","Y","0","0","0","1","02481","0","","2.0","900.0","1","N","N","N","0","","0","0","0","0","0","Y","","1","1","0","0","0","1","0","2","1","1","","","","N","","","","","","","","","",""