"CRN","ARRIVAL_TM","AUTOMOBILE_COUNT","BELTED_DEATH_COUNT","BELTED_SUSP_SERIOUS_INJ_COUNT","BICYCLE_COUNT","BICYCLE_DEATH_COUNT","BICYCLE_SUSP_SERIOUS_INJ_COUNT","BUS_COUNT","CHLDPAS_DEATH_COUNT","CHLDPAS_SUSP_SERIOUS_INJ_COUNT","COLLISION_TYPE","COMM_VEH_COUNT","CONS_ZONE_SPD_LIM","COUNTY","CRASH_MONTH","CRASH_YEAR","DAY_OF_WEEK","DEC_LATITUDE","DEC_LONGITUDE","DISPATCH_TM","DISTRICT","DRIVER_COUNT_16YR","DRIVER_COUNT_17YR","DRIVER_COUNT_18YR","DRIVER_COUNT_19YR","DRIVER_COUNT_20YR","DRIVER_COUNT_50_64YR","DRIVER_COUNT_65_74YR","DRIVER_COUNT_75PLUS","EST_HRS_CLOSED","FATAL_COUNT","HEAVY_TRUCK_COUNT","HORSE_BUGGY_COUNT","HOUR_OF_DAY","ILLUMINATION","INJURY_COUNT","INTERSECTION_RELATED","INTERSECT_TYPE","LANE_CLOSED","LATITUDE","LN_CLOSE_DIR","LOCATION_TYPE","LONGITUDE","MAX_SEVERITY_LEVEL","MCYCLE_DEATH_COUNT","MCYCLE_SUSP_SERIOUS_INJ_COUNT","MOTORCYCLE_COUNT","MUNICIPALITY","NONMOTR_COUNT","NONMOTR_DEATH_COUNT","NONMOTR_SUSP_SERIOUS_INJ_COUNT","NTFY_HIWY_MAINT","PED_COUNT","PED_DEATH_COUNT","PED_SUSP_SERIOUS_INJ_COUNT","PERSON_COUNT","POLICE_AGCY","POSSIBLE_INJ_COUNT","RDWY_SURF_TYPE_CD","RELATION_TO_ROAD","ROADWAY_CLEARED","ROAD_CONDITION","SCH_BUS_IND","SCH_ZONE_IND","SECONDARY_CRASH","SMALL_TRUCK_COUNT","SPEC_JURIS_CD","SUSP_MINOR_INJ_COUNT","SUSP_SERIOUS_INJ_COUNT","SUV_COUNT","TCD_FUNC_CD","TCD_TYPE","TFC_DETOUR_IND","TIME_OF_DAY","TOTAL_UNITS","TOT_INJ_COUNT","UNBELTED_OCC_COUNT","UNB_DEATH_COUNT","UNB_SUSP_SERIOUS_INJ_COUNT","UNK_INJ_DEG_COUNT","UNK_INJ_PER_COUNT","URBAN_RURAL","VAN_COUNT","VEHICLE_COUNT","WEATHER1","WEATHER2","WORKERS_PRES","WORK_ZONE_IND","WORK_ZONE_LOC","WORK_ZONE_TYPE","WZ_CLOSE_DETOUR","WZ_FLAGGER","WZ_LAW_OFFCR_IND","WZ_LN_CLOSURE","WZ_MOVING","WZ_OTHER","WZ_SHLDER_MDN","WZ_WORKERS_INJ_KILLED"
"2020093556","1720","0","0","0","0","0","0","0","0","0","1","0","","02","10","2020","5","40.428063","-79.926001","1720","11","0","0","0","0","0","0","0","0","","0","0","0","","","0","N","0","","40 25:41.026","3","4","79 55:33.604","0","0","0","0","2301","0","0","0","N","0","0","0","3","68B03","0","","1.0","1750.0","9","N","N","N","0","","0","0","2","0","0","N","","2","0","0","0","0","0","0","2","0","2","","","","N","","","","","","","","","",""
"2020063688","0245","1","0","0","0","0","0","0","0","0","7","0","","02","8","2020","1","40.604612","-79.927164","0240","11","0","0","0","0","0","0","0","0","","0","0","0","","","1","","2","","40 36:16.603","7","0","79 55:37.789","2","0","0","0","2207","0","0","0","N","0","0","0","1","02207","0","","5.0","329.0","1","N","N","N","0","","0","1","0","3","3","N","","1","1","1","0","1","0","0","2","0","1","","03","","N","","","","","","","","","",""
"2020067301","1638","2","0","0","0","0","0","0","0","0","4","0","","02","8","2020","4","40.495252","-79.939586","1638","11","1","0","0","0","0","0","0","0","","0","0","0","","","1","","1","","40 29:42.907","3","1","79 56:22.511","8","0","0","0","2430","0","0","0","N","0","0","0","5","02430","0","","1.0","1706.0","1","N","N","N","0","","0","0","0","3","3","N","","2","1","0","0","0","1","0","2","0","2","","03","","N","","","","","","","","","",""
"2020025034","1014","1","0","0","0","0","0","0","0","0","1","0","","02","3","2020","6","40.520006","-80.032673","1013","11","0","0","0","0","0","1","0","0","","0","0","0","","","1","N","0","","40 31:12.023","5","0","80 01:57.621","2","0","0","0","2474","1","0","1","N","1","0","1","3","02474","0","","1.0","1034.0","1","N","N","N","0","","0","1","0","0","0","N","","3","1","0","0","0","0","0","2","1","2","","03","","N","","","","","","","","","",""
"2020062081","1304","1","0","0","0","0","0","0","0","0","1","0","","02","8","2020","3","40.385387","-79.976486","1302","11","0","0","0","0","0","0","0","0","","0","0","0","","","0","N","2","","40 23:07.393","","0","79 58:35.349","0","0","0","0","2301","0","0","0","N","0","0","0","4","02301","0","","1.0","","1","N","N","N","0","","0","0","1","3","3","","","2","0","1","0","0","0","0","2","0","2","","04","","N","","","","","","","","","",""
"2020089739","2340","1","0","0","0","0","0","0","0","0","7","0","","02","10","2020","7","40.541931","-79.946359","2332","11","0","0","0","0","0","1","0","0","","0","0","0","","","0","N","0","","40 32:30.951","2","0","79 56:46.892","0","0","0","0","2118","0","0","0","N","0","0","0","1","02118","0","","5.0","20.0","1","N","N","N","0","","0","0","0","0","0","N","","1","0","1","0","0","0","0","2","0","1","","04","","N","","","","","","","","","",""
"2020092854","1824","1","0","0","0","0","0","0","0","0","7","0","","02","10","2020","1","40.494381","-79.90912","1757","11","0","0","0","0","0","0","0","0","","0","0","0","","","0","N","7","","40 29:39.772","1","0","79 54:32.832","0","0","0","0","2401","0","0","0","N","0","0","0","1","68D02","0","","4.0","30.0","1","N","N","N","0","","0","0","0","0","0","N","","1","0","1","0","0","0","0","2","0","1","","","","N","","","","","","","","","",""
"2020062732","1249","1","0","0","0","0","0","0","0","0","1","0","","02","8","2020","5","40.460044","-79.823565","1246","11","0","0","0","0","0","0","0","1","","0","0","0","","","1","N","0","","40 27:36.159","5","0","79 49:24.834","8","0","0","1","2113","0","0","0","N","0","0","0","2","02113","0","","1.0","1254.0","1","N","N","N","0","","0","0","0","0","0","Y","","2","1","0","0","0","1","0","2","0","2","","98","","N","","","","","","","","","",""
"2020064296","2219","2","0","0","0","0","0","0","0","0","5","0","","02","8","2020","2","40.32599","-79.892478","2219","11","0","0","0","0","1","0","0","0","","0","0","0","","","0","N","1","","40 19:33.564","5","0","79 53:32.920","0","0","0","0","2433","0","0","0","N","0","0","0","2","02433","0","","1.0","2238.0","1","N","N","N","0","","0","0","0","3","2","N","","2","0","0","0","0","0","0","2","0","2","","03","","N","","","","","","","","","",""
"2020089413","0036","0","0","0","0","0","0","0","0","0","2","0","","02","10","2020","1","40.559713","-79.961243","0032","11","0","0","0","0","0","0","0","0","","0","0","0","","","1","N","0","","40 33:34.968","6","7","79 57:40.474","8","0","0","0","2207","0","0","0","N","0","0","0","1","02207","0","","5.0","115.0","1","N","N","N","1","","0","0","0","0","0","Y","","1","1","1","0","0","1","0","2","0","1","","","","N","","","","","","","","","",""
"2020063942","1514","0","0","1","0","0","0","0","0","0","1","0","","02","8","2020","2","40.432401","-79.996991","1510","11","0","0","0","0","0","0","1","0","","0","0","0","","","1","N","0","","40 25:56.644","1","3","79 59:49.166","2","0","0","0","2301","0","0","0","N","0","0","0","4","02301","0","","1.0","1529.0","1","N","N","N","0","","0","1","2","0","0","Y","","2","1","0","0","0","0","0","2","0","2","","03","","N","","","","","","","","","",""
"2020093629","2111","1","0","0","0","0","0","0","0","0","2","0","","02","11","2020","4","40.279606","-79.908873","2108","11","0","0","0","0","0","1","0","0","","0","0","0","","","1","","1","","40 16:46.583","7","0","79 54:31.941","3","0","0","0","2440","0","0","0","N","0","0","0","2","02440","0","","1.0","2130.0","1","N","N","N","1","","1","0","0","3","3","N","","2","1","0","0","0","0","0","2","0","2","","03","","N","","","","","","","","","",""
"2020090718","2045","2","0","0","0","0","0","0","0","0","1","0","","02","10","2020","3","40.61606","-80.093248","2041","11","0","0","0","0","0","0","1","0","","0","0","0","","","1","","1","","40 36:57.815","4","0","80 05:35.694","3","0","0","0","2212","0","0","0","N","0","0","0","2","02505","0","","1.0","2124.0","9","N","N","N","0","","1","0","0","3","2","N","","2","1","0","0","0","0","0","2","0","2","","","","N","","","","","","","","","",""
"2020092286","0738","1","0","0","0","0","0","0","0","0","7","0","","02","11","2020","2","40.658751","-79.97421","0732","11","0","1","0","0","0","0","0","0","","0","0","0","","","0","N","0","","40 39:31.503","6","3","79 58:27.156","0","0","0","0","2217","0","0","0","Y","0","0","0","4","02505","0","","2.0","810.0","2","N","N","N","0","","0","0","0","0","0","Y","","1","0","0","0","0","0","0","2","0","1","","","","N","","","","","","","","","",""
"2020092186","2327","2","0","0","0","0","0","0","0","0","1","0","","02","10","2020","5","40.420193","-79.990791","2323","11","0","0","0","0","0","1","0","0","","0","0","0","","","1","","2","","40 25:12.694","","0","79 59:26.847","8","0","0","0","2301","0","0","0","N","0","0","0","2","02301","0","","1.0","","1","N","N","N","0","","0","0","0","0","0","","","2","1","1","0","0","1","1","2","0","2","","03","","N","","","","","","","","","",""
"2020093411","0655","1","0","0","0","0","0","0","0","0","1","0","","02","11","2020","2","40.583531","-80.030693","0650","11","0","0","0","0","0","0","1","0","","0","0","0","","","0","N","0","","40 35:00.711","1","3","80 01:50.496","0","0","0","0","2108","0","0","0","N","0","0","0","2","02108","0","","1.0","745.0","2","N","N","N","1","","0","0","0","0","0","N","","2","0","0","0","0","0","0","2","0","2","","","","N","","","","","","","","","",""
"2020063727","1902","1","0","0","0","0","0","0","0","0","1","0","","02","8","2020","1","40.398421","-79.948204","1850","11","0","0","0","0","0","0","0","0","","0","0","0","","","0","N","0","","40 23:54.317","4","0","79 56:53.533","0","0","0","0","2301","0","0","0","N","0","0","0","3","02301","0","","1.0","1946.0","1","N","N","N","0","","0","0","1","0","0","N","","2","0","0","0","0","0","0","2","0","2","","03","","N","","","","","","","","","",""
"2020058927","1109","0","0","0","0","0","0","0","0","0","4","0","","02","7","2020","1","40.367654","-80.104284","1109","11","0","0","0","0","0","0","0","0","","0","0","0","","","1","N","0","","40 22:03.553","3","7","80 06:15.423","8","0","0","0","2102","0","0","0","Y","0","0","0","2","02102","0","","1.0","1149.0","1","Y","N","N","0","","0","0","2","0","0","Y","","2","1","0","0","0","1","0","2","0","2","","03","","N","","","","","","","","","",""
"2020093143","1826","1","0","0","0","0","0","0","0","0","4","1","","02","11","2020","2","40.51874","-80.266996","1821","11","0","0","0","0","0","0","1","0","","0","1","0","","","0","N","2","","40 31:07.463","","0","80 16:01.187","0","0","0","0","2203","0","0","0","N","0","0","0","2","02203","0","","1.0","","1","N","N","N","0","","0","0","0","3","3","","","2","0","0","0","0","0","0","2","0","2","","03","","N","","","","","","","","","",""
"2020075046","1716","2","0","0","0","0","0","0","0","0","4","0","","02","9","2020","5","40.338079","-79.806773","1715","11","0","0","0","0","0","1","0","0","","0","0","0","","","0","N","1","","40 20:17.083","1","0","79 48:24.384","0","0","0","0","2477","0","0","0","N","0","0","0","2","02477","0","","1.0","1745.0","1","N","N","N","0","","0","0","0","3","2","N","","2","0","1","0","0","0","0","2","0","2","","","","N","","","","","","","","","",""
"2020092792","1420","1","0","0","0","0","0","0","0","0","1","0","","02","10","2020","6","40.438449","-79.771309","1417","11","0","0","0","0","0","0","1","1","","0","0","0","","","1","N","0","","40 26:18.416","3","0","79 46:16.712","4","0","0","0","2446","0","0","0","N","0","0","0","3","02446","1","","1.0","1446.0","1","N","N","N","0","","0","0","1","0","0","N","","2","1","0","0","0","0","0","2","0","2","","","","N","","","","","","","","","",""
"2020064207","1416","0","0","0","0","0","0","0","0","0","4","0","","02","8","2020","2","40.354214","-79.824428","1412","11","0","1","0","0","0","1","0","0","","0","0","0","","","1","Y","2","","40 21:15.170","5","0","79 49:27.940","8","0","0","0","2477","0","0","0","N","0","0","0","2","02477","0","","1.0","1442.0","1","N","N","N","1","","0","0","0","3","4","Y","","2","1","1","0","0","1","0","2","1","2","","","","N","","","","","","","","","",""
"2020067773","1610","0","0","0","0","0","0","0","0","0","1","0","","02","8","2020","2","40.414249","-80.063063","1601","11","0","0","0","0","0","1","0","0","","0","0","0","","","0","N","0","","40 24:51.295","4","0","80 03:47.026","9","0","0","0","2117","0","0","0","N","0","0","0","3","68B03","0","","1.0","1715.0","1","N","N","Y","0","","0","0","1","0","0","N","","3","0","0","0","0","0","2","2","0","3","","","","N","","","","","","","","","",""
"2020062388","1248","0","0","0","0","0","0","0","0","0","7","0","","02","8","2020","4","40.456075","-79.99162","1245","11","0","0","0","0","0","0","0","0","","0","0","0","","","0","N","7","","40 27:21.871","","2","79 59:29.833","0","0","0","0","2301","0","0","0","N","0","0","0","1","02301","0","","2.0","","1","N","N","N","0","","0","0","1","0","0","","","1","0","0","0","0","0","0","2","0","1","","03","","N","","","","","","","","","",""
"2020063158","1834","1","0","0","0","0","0","0","0","0","7","0","","02","8","2020","6","40.439333","-79.993665","1825","11","0","0","0","0","0","0","0","0","","0","0","0","","","5","N","0","","40 26:21.599","2","0","79 59:37.193","3","0","0","0","2301","0","0","0","N","0","0","0","5","02301","0","","2.0","1910.0","1","N","N","N","0","","5","0","0","0","0","N","","1","5","0","0","0","0","0","2","0","1","","","","N","","","","","","","","","",""
"2020088075","1029","1","0","0","0","0","0","0","0","0","7","0","","02","10","2020","3","40.605552","-79.890515","1020","11","0","0","0","0","0","0","0","1","","0","0","0","","","1","Y","0","","40 36:19.987","6","0","79 53:25.853","3","0","0","0","2220","0","0","0","N","0","0","0","1","02220","0","","5.0","1117.0","9","N","N","N","0","","1","0","0","0","0","N","","1","1","0","0","0","0","0","1","0","1","","04","","N","","","","","","","","","",""
"2020091747","1344","3","0","0","0","0","0","0","0","0","4","0","","02","10","2020","4","40.458561","-79.933013","1341","11","0","0","0","0","0","0","0","1","","0","0","0","","","1","N","0","","40 27:30.821","","0","79 55:58.847","8","0","0","0","2301","0","0","0","N","0","0","0","3","02301","0","","1.0","","1","N","N","N","0","","0","0","0","0","0","","","3","1","0","0","0","1","0","2","0","3","","03","","N","","","","","","","","","",""
"2020093619","1951","0","0","0","0","0","0","0","0","0","7","0","","02","11","2020","4","40.477944","-79.798508","1948","11","0","0","0","0","0","0","0","0","","0","0","0","","","0","N","2","","40 28:40.598","6","0","79 47:54.628","9","0","0","0","2113","0","0","0","N","0","0","0","1","02113","0","","5.0","2140.0","1","N","N","N","0","","0","0","1","0","0","Y","","1","0","1","0","0","0","1","2","0","1","","03","","N","","","","","","","","","",""
"2020060781","1400","1","0","0","0","0","0","0","0","0","7","0","","02","7","2020","5","40.605097","-80.005817","1356","11","0","0","0","0","0","0","0","0","","0","0","0","","","0","N","0","","40 36:18.350","","0","80 00:20.940","0","0","0","0","2108","0","0","0","N","0","0","0","2","02501","0","","2.0","","1","N","N","N","0","","0","0","0","0","0","","","1","0","0","0","0","0","0","1","0","1","","","","N","","","","","","","","","",""
"2020061931","0544","1","0","0","0","0","0","0","0","0","7","0","","02","8","2020","3","40.396106","-80.024058","0531","11","0","0","0","0","0","0","0","0","","0","0","0","","","1","N","1","","40 23:45.983","","0","80 01:26.609","8","0","0","0","2301","0","0","0","N","0","0","0","1","02301","0","","5.0","","1","N","N","N","0","","0","0","0","3","2","","","1","1","0","0","0","1","0","2","0","1","","03","","N","","","","","","","","","",""
"2020062993","1353","2","0","0","0","0","0","0","0","0","4","0","","02","8","2020","5","40.440834","-80.006757","1345","11","0","0","1","0","1","0","0","0","","0","0","0","","","0","","1","","40 26:27.002","4","0","80 00:24.325","0","0","0","0","2301","0","0","0","N","0","0","0","5","02301","0","","1.0","1430.0","1","N","N","N","0","","0","0","0","3","2","N","","2","0","0","0","0","0","0","2","0","2","","03","","N","","","","","","","","","",""
"2020063600","1537","1","0","0","0","0","0","0","0","0","1","0","","02","8","2020","6","40.486296","-80.053957","1535","11","0","0","0","0","0","1","0","0","","0","0","0","","","1","N","0","","40 29:10.666","1","0","80 03:14.244","8","0","0","0","2404","0","0","0","N","0","0","0","3","02404","0","","1.0","1555.0","1","N","N","N","0","","0","0","1","3","2","N","","2","1","0","0","0","1","0","2","0","2","","","","N","","","","","","","","","",""
"2020092515","1623","0","0","0","0","0","0","0","0","0","7","0","","02","10","2020","5","40.557844","-80.160717","1623","11","0","0","1","0","0","0","0","0","","0","0","0","","","0","N","0","","40 33:28.240","4","0","80 09:38.580","0","0","0","0","2459","0","0","0","N","0","0","0","1","02459","0","","2.0","1652.0","9","N","N","N","0","","0","0","1","0","0","N","","1","0","0","0","0","0","0","1","0","1","","04","","N","","","","","","","","","",""
"2020091414","1251","0","0","0","0","0","0","0","0","0","1","0","","02","10","2020","3","40.529711","-79.952485","1245","11","0","0","0","0","0","0","0","0","","0","0","0","","","1","N","1","","40 31:46.958","1","0","79 57:08.947","3","0","0","0","2118","0","0","0","N","0","0","0","2","02118","0","","1.0","1315.0","1","N","N","N","1","","1","0","1","3","2","N","","2","1","0","0","0","0","0","2","0","2","","03","","N","","","","","","","","","",""
"2020093272","0815","0","0","0","0","0","0","0","0","0","7","0","","02","11","2020","4","40.376273","-79.994088","0800","11","0","0","0","0","0","1","0","0","","0","0","0","","","1","N","0","","40 22:34.582","3","0","79 59:38.718","3","0","0","0","2301","0","0","0","N","0","0","0","1","02301","0","","5.0","835.0","1","N","N","Y","0","","1","0","0","0","0","N","","1","1","0","0","0","0","0","2","1","1","","03","","N","","","","","","","","","",""
"2020064268","1806","0","0","0","0","0","0","0","0","0","5","0","","02","8","2020","1","40.434132","-79.994449","1748","11","0","0","0","0","0","1","0","0","","0","0","0","","","1","N","0","","40 26:02.876","4","0","79 59:40.018","3","0","0","0","2301","0","0","0","N","0","0","0","2","68B03","0","","1.0","1830.0","1","N","N","N","1","","1","0","1","0","0","N","","2","1","0","0","0","0","0","2","0","2","","","","N","","","","","","","","","",""
"2020065221","1153","1","0","0","0","0","0","0","0","0","1","0","","02","8","2020","7","40.495807","-79.944925","1148","11","0","0","0","0","0","0","0","0","","0","0","0","","","0","N","0","","40 29:44.904","","0","79 56:41.729","0","0","0","0","2430","0","0","0","N","0","0","0","3","02430","0","","2.0","","1","N","N","N","0","","0","0","1","0","0","","","2","0","0","0","0","0","0","2","0","2","","03","","N","","","","","","","","","",""
"2020064828","2126","1","0","0","0","0","0","0","0","0","7","0","","02","8","2020","5","40.434961","-79.913792","2124","11","0","0","0","0","0","0","0","0","","0","0","0","","","0","N","0","","40 26:05.860","","0","79 54:49.650","0","0","0","0","2301","0","0","0","N","0","0","0","2","02301","0","","5.0","","1","N","N","N","0","","0","0","0","0","0","","","1","0","0","0","0","0","0","2","0","1","","03","","N","","","","","","","","","",""
"2020091675","1813","0","0","0","0","0","0","0","0","0","7","0","","02","10","2020","6","40.383389","-79.978761","1802","11","0","0","0","0","0","0","0","0","","0","0","0","","","0","N","0","","40 23:00.200","","0","79 58:43.540","9","0","0","0","2301","0","0","0","N","0","0","0","1","02301","0","","2.0","","1","N","N","N","0","","0","0","1","0","0","","","1","0","0","0","0","0","1","2","0","1","","","","N","","","","","","","","","",""
"2020064130","1227","0","0","0","0","0","0","0","0","0","0","0","","02","8","2020","1","40.488391","-79.937207","1221","11","0","0","0","0","0","0","0","0","","0","0","0","","","1","","2","","40 29:18.207","1","0","79 56:13.945","3","0","0","1","2301","0","0","0","N","0","0","0","1","02461","0","","1.0","1240.0","1","N","N","N","0","","1","0","0","0","0","N","","1","1","0","0","0","0","0","2","0","1","","03","","N","","","","","","","","","",""
"2020060801","1250","0","0","0","0","0","0","0","0","0","1","0","","02","7","2020","6","40.454583","-79.994521","1141","11","0","0","0","0","0","1","0","0","","0","0","0","","","0","","7","","40 27:16.497","","2","79 59:40.277","0","0","0","0","2301","0","0","0","N","0","0","0","5","02301","0","","1.0","","1","N","N","N","0","","0","0","3","0","0","","","3","0","0","0","0","0","0","2","0","3","","03","","N","","","","","","","","","",""
"2020091785","1128","0","0","0","0","0","0","0","0","0","4","0","","02","10","2020","7","40.667361","-80.096376","1123","11","0","0","0","0","0","2","0","0","","0","0","0","","","2","","2","","40 40:02.499","7","0","80 05:46.955","8","0","0","0","2212","0","0","0","Y","0","0","0","2","02505","0","","1.0","1200.0","1","N","N","N","0","","0","0","2","3","2","N","","2","2","0","0","0","2","0","2","0","2","","","","N","","","","","","","","","",""
"2020092077","1707","0","0","0","0","0","0","0","0","0","5","0","","02","10","2020","7","40.377282","-80.042058","1706","11","0","0","0","0","0","0","1","0","","0","0","0","","","1","N","0","","40 22:38.214","6","0","80 02:31.408","3","0","0","0","2109","0","0","0","N","0","0","0","1","02109","0","","1.0","1807.0","1","N","N","N","0","","1","0","2","0","0","Y","","2","1","0","0","0","0","0","2","0","2","","98","","N","","","","","","","","","",""
"2020094109","0204","1","0","0","0","0","0","0","0","0","7","0","","02","11","2020","6","40.379623","-79.925521","0139","11","0","0","0","0","0","0","0","0","","0","0","0","","","0","","2","","40 22:46.644","","0","79 55:31.877","0","0","0","0","2301","0","0","0","Y","0","0","0","1","02301","0","","4.0","","1","N","N","N","0","","0","0","0","3","2","","","1","0","0","0","0","0","0","2","0","1","","03","","N","","","","","","","","","",""
"2020060829","1607","0","0","0","0","0","0","0","0","0","1","0","","02","7","2020","4","40.4273","-79.951524","1543","11","0","0","0","0","0","0","0","0","","0","0","0","","","1","N","0","","40 25:38.281","3","0","79 57:05.488","4","0","0","0","2301","0","0","0","N","0","0","0","3","68B03","1","","1.0","1631.0","1","N","N","N","2","","0","0","1","0","0","N","","3","1","0","0","0","0","0","2","0","3","","03","","N","","","","","","","","","",""
"2020061698","1543","0","0","0","0","0","0","0","0","0","2","0","","02","8","2020","7","40.36306","-79.825914","1540","11","0","0","0","0","0","0","0","0","","0","0","0","","","0","N","0","","40 21:47.017","6","0","79 49:33.291","0","0","0","0","2111","0","0","0","N","0","0","0","5","02111","0","","1.0","1615.0","9","N","N","N","1","","0","0","0","0","0","Y","","2","0","0","0","0","0","0","2","1","2","","07","","N","","","","","","","","","",""
"2020058540","0115","4","0","0","0","0","0","0","0","0","5","0","","02","7","2020","6","40.401884","-79.901557","0111","11","0","0","0","0","0","1","0","0","","0","0","0","","","0","N","0","","40 24:06.781","","0","79 54:05.606","0","0","0","0","2438","0","0","0","N","0","0","0","1","02438","0","","2.0","","1","N","N","N","0","","0","0","0","0","0","","","4","0","0","0","0","0","0","2","0","4","","03","","N","","","","","","","","","",""
"2020091557","1729","2","0","0","0","0","0","0","0","0","1","0","","02","10","2020","3","40.369566","-80.011137","1725","11","0","0","1","0","0","0","0","0","","0","0","0","","","0","N","0","","40 22:10.438","2","0","80 00:40.094","0","0","0","0","2416","0","0","0","N","0","0","0","2","02416","0","","1.0","1800.0","1","N","N","N","0","","0","0","0","0","0","N","","2","0","0","0","0","0","0","2","0","2","","","","N","","","","","","","","","",""
"2020089178","0045","3","0","0","0","0","0","0","0","0","4","0","","02","10","2020","7","40.437115","-79.954969","0042","11","0","0","0","0","1","0","0","0","","0","0","0","","","2","","1","","40 26:13.614","2","0","79 57:17.889","4","0","0","0","2301","0","0","0","N","0","0","0","3","02301","2","","1.0","200.0","9","N","N","N","0","","0","0","0","0","0","N","","3","2","0","0","0","0","0","2","0","3","","","","N","","","","","","","","","",""
"2020091003","0242","1","0","0","0","0","0","0","0","0","6","0","","02","10","2020","7","40.422013","-79.927746","0224","11","0","0","0","0","0","1","0","0","","0","0","0","","","0","N","0","","40 25:19.246","2","0","79 55:39.887","9","0","0","0","2301","0","0","0","N","0","0","0","2","02301","0","","1.0","300.0","9","N","N","N","1","","0","0","0","0","0","Y","","2","0","0","0","0","0","1","2","0","2","","07","","N","","","","","","","","","",""
"2020092891","1116","2","0","0","0","0","0","0","0","0","1","0","","02","10","2020","4","40.428563","-79.946121","1107","11","0","0","0","0","0","1","0","0","","0","0","0","","","0","N","0","","40 25:42.825","3","0","79 56:46.037","0","0","0","0","2301","0","0","0","N","0","0","0","2","68B03","0","","5.0","1155.0","9","N","N","N","0","","0","0","0","0","0","N","","2","0","0","0","0","0","0","2","0","2","","","","N","","","","","","","","","",""
"2020093185","0648","1","0","0","0","0","0","0","0","0","7","0","","02","10","2020","7","40.428105","-79.934499","0638","11","0","0","0","0","0","0","0","0","","0","0","0","","","0","","2","","40 25:41.177","3","0","79 56:04.195","0","0","0","0","2301","0","0","0","N","0","0","0","2","02301","0","","2.0","800.0","1","N","N","N","0","","0","0","0","0","0","N","","1","0","0","0","0","0","0","2","0","1","","03","","N","","","","","","","","","",""
"2020064400","0715","0","0","0","0","0","0","0","0","0","0","0","","02","8","2020","6","40.50727","-80.037796","0658","11","0","0","0","0","0","0","0","0","","0","0","0","","","0","N","0","","40 30:26.172","1","0","80 02:16.067","0","0","0","0","2116","0","0","0","Y","0","0","0","3","68B03","0","","1.0","755.0","1","N","N","N","1","","0","0","2","0","0","N","","3","0","0","0","0","0","0","2","0","3","","03","","N","","","","","","","","","",""
"2020092758","1504","1","0","0","0","0","0","0","0","0","1","0","","02","11","2020","2","40.367377","-80.049109","1454","11","0","0","0","0","0","0","0","0","","0","0","0","","","2","N","0","","40 22:02.556","1","0","80 02:56.791","3","0","0","0","2109","0","0","0","N","0","0","0","3","02109","0","","1.0","1536.0","1","N","N","N","0","","2","0","1","0","0","N","","2","2","0","0","0","0","0","2","0","2","","","","N","","","","","","","","","",""
"2020093714","1242","1","0","0","0","0","0","0","0","0","98","0","","02","11","2020","1","40.385918","-80.185882","1240","11","0","0","0","0","0","0","0","0","","0","0","0","","","0","","2","","40 23:09.306","5","0","80 11:09.174","0","0","0","0","2119","0","0","0","N","0","0","0","3","02119","0","","5.0","1330.0","1","N","N","N","0","","0","0","0","0","0","N","","1","0","0","0","0","0","0","1","0","1","","","","N","","","","","","","","","",""
"2020061936","1335","1","0","0","0","0","0","0","0","0","6","0","","02","8","2020","1","40.411936","-79.856153","1326","11","0","0","0","0","0","0","0","0","","0","0","0","","","0","N","0","","40 24:42.970","","0","79 51:22.150","0","0","0","0","2411","0","0","0","N","0","0","0","3","02463","0","","1.0","","1","N","N","N","0","","0","0","1","0","0","N","","3","0","0","0","0","0","0","2","1","3","","04","","N","","","","","","","","","",""
"2020085346","1903","2","0","0","0","0","0","0","0","0","5","0","","02","10","2020","2","40.447283","-80.076164","1859","11","0","0","0","0","0","0","0","0","","0","0","0","","","0","N","0","","40 26:50.217","4","0","80 04:34.192","0","0","0","0","2439","0","0","0","N","0","0","0","1","02439","0","","2.0","1945.0","1","N","N","N","0","","0","0","0","0","0","N","","2","0","0","0","0","0","0","2","0","2","","03","","N","","","","","","","","","",""
"2020093032","2145","0","0","0","0","0","0","0","0","0","1","0","55","02","10","2020","5","40.511556","-80.13548","2134","11","0","0","0","0","0","0","0","0","","0","0","0","","","1","N","0","","40 30:41.602","2","3","80 08:07.728","3","0","0","0","2110","0","0","0","N","0","0","0","2","68B03","0","","1.0","2200.0","1","N","N","N","0","","1","0","2","0","0","N","","2","1","1","0","0","0","0","2","0","2","","","Y","Y","4","1","N","N","Y","Y","N","N","Y","N"
"2020087618","0840","1","0","0","0","0","0","0","0","0","98","0","","02","10","2020","3","40.575618","-80.037279","0838","11","0","0","0","0","0","0","0","0","","0","0","0","","","0","","1","","40 34:32.223","","0","80 02:14.203","0","0","0","0","2108","0","0","0","N","0","0","0","1","02108","0","","1.0","","9","N","N","N","0","","0","0","0","0","0","","","1","0","0","0","0","0","0","2","0","1","","07","","N","","","","","","","","","",""
"2020062935","2021","1","0","0","0","0","0","0","0","0","4","0","","02","8","2020","5","40.35366","-79.844812","2019","11","0","0","0","0","0","1","0","0","","0","0","0","","","0","","3","","40 21:13.176","1","2","79 50:41.323","0","0","0","0","2304","0","0","0","N","0","0","0","2","02304","0","","1.0","2121.0","1","N","N","N","0","","0","0","1","0","0","Y","","2","0","0","0","0","0","0","2","0","2","","03","","N","","","","","","","","","",""