"CRN","ARRIVAL_TM","AUTOMOBILE_COUNT","BELTED_DEATH_COUNT","BELTED_SUSP_SERIOUS_INJ_COUNT","BICYCLE_COUNT","BICYCLE_DEATH_COUNT","BICYCLE_SUSP_SERIOUS_INJ_COUNT","BUS_COUNT","CHLDPAS_DEATH_COUNT","CHLDPAS_SUSP_SERIOUS_INJ_COUNT","COLLISION_TYPE","COMM_VEH_COUNT","CONS_ZONE_SPD_LIM","COUNTY","CRASH_MONTH","CRASH_YEAR","DAY_OF_WEEK","DEC_LATITUDE","DEC_LONGITUDE","DISPATCH_TM","DISTRICT","DRIVER_COUNT_16YR","DRIVER_COUNT_17YR","DRIVER_COUNT_18YR","DRIVER_COUNT_19YR","DRIVER_COUNT_20YR","DRIVER_COUNT_50_64YR","DRIVER_COUNT_65_74YR","DRIVER_COUNT_75PLUS","EST_HRS_CLOSED","FATAL_COUNT","HEAVY_TRUCK_COUNT","HORSE_BUGGY_COUNT","HOUR_OF_DAY","ILLUMINATION","INJURY_COUNT","INTERSECTION_RELATED","INTERSECT_TYPE","LANE_CLOSED","LATITUDE","LN_CLOSE_DIR","LOCATION_TYPE","LONGITUDE","MAX_SEVERITY_LEVEL","MCYCLE_DEATH_COUNT","MCYCLE_SUSP_SERIOUS_INJ_COUNT","MOTORCYCLE_COUNT","MUNICIPALITY","NONMOTR_COUNT","NONMOTR_DEATH_COUNT","NONMOTR_SUSP_SERIOUS_INJ_COUNT","NTFY_HIWY_MAINT","PED_COUNT","PED_DEATH_COUNT","PED_SUSP_SERIOUS_INJ_COUNT","PERSON_COUNT","POLICE_AGCY","POSSIBLE_INJ_COUNT","RDWY_SURF_TYPE_CD","RELATION_TO_ROAD","ROADWAY_CLEARED","ROAD_CONDITION","SCH_BUS_IND","SCH_ZONE_IND","SECONDARY_CRASH","SMALL_TRUCK_COUNT","SPEC_JURIS_CD","SUSP_MINOR_INJ_COUNT","SUSP_SERIOUS_INJ_COUNT","SUV_COUNT","TCD_FUNC_CD","TCD_TYPE","TFC_DETOUR_IND","TIME_OF_DAY","TOTAL_UNITS","TOT_INJ_COUNT","UNBELTED_OCC_COUNT","UNB_DEATH_COUNT","UNB_SUSP_SERIOUS_INJ_COUNT","UNK_INJ_DEG_COUNT","UNK_INJ_PER_COUNT","URBAN_RURAL","VAN_COUNT","VEHICLE_COUNT","WEATHER1","WEATHER2","WORKERS_PRES","WORK_ZONE_IND","WORK_ZONE_LOC","WORK_ZONE_TYPE","WZ_CLOSE_DETOUR","WZ_FLAGGER","WZ_LAW_OFFCR_IND","WZ_LN_CLOSURE","WZ_MOVING","WZ_OTHER","WZ_SHLDER_MDN","WZ_WORKERS_INJ_KILLED"
"2020101613","0206","1","0","0","0","0","0","0","0","0","7","0","","02","11","2020","5","40.460941","-79.868717","0204","11","0","0","0","0","0","0","0","0","","0","0","0","","","0","N","0","","40 27:39.386","6","0","79 52:07.381","9","0","0","0","2113","0","0","0","N","0","0","0","1","02113","0","","2.0","313.0","9","N","N","N","0","","0","0","0","","0","Y","","1","0","0","0","0","0","1","2","0","1","","07","","N","","","","","","","","","",""
"2020098363","1830","0","0","0","0","0","0","0","0","0","4","0","","02","11","2020","4","40.384983","-79.994973","1820","11","0","0","0","0","0","1","0","0","","0","0","0","","","0","","1","","40 23:05.938","5","0","79 59:41.901","0","0","0","0","2301","0","0","0","N","0","0","0","6","02301","0","","1.0","1900.0","1","N","N","Y","0","","0","0","3","","2","N","","3","0","0","0","0","0","0","2","0","3","","03","","N","","","","","","","","","",""
"2020062600","0541","1","0","0","0","0","0","0","0","0","2","0","","02","8","2020","1","40.344479","-79.884049","0541","11","0","0","0","0","1","0","0","0","","0","0","0","","","0","N","1","","40 20:40.126","","8","79 53:02.577","0","0","0","0","2304","0","0","0","N","0","0","0","1","02304","0","","1.0","","9","N","N","N","0","","0","0","0","","0","","","1","0","0","0","0","0","0","2","0","1","","","","N","","","","","","","","","",""
"2020104362","1240","2","0","0","0","0","0","0","0","0","6","0","","02","12","2020","4","40.352315","-79.904663","1237","11","0","0","0","0","0","0","0","0","","0","0","0","","","0","N","0","","40 21:08.334","","0","79 54:16.786","0","0","0","0","2473","0","0","0","N","0","0","0","2","02473","0","","1.0","","9","N","N","N","0","","0","0","0","","0","","","2","0","0","0","0","0","0","2","0","2","","","","N","","","","","","","","","",""
"2020101770","1834","1","0","0","0","0","0","0","0","0","2","0","","02","11","2020","5","40.452917","-79.920736","1828","11","0","0","0","0","0","1","0","0","","0","0","0","","","0","","1","","40 27:10.501","","0","79 55:14.649","0","0","0","0","2301","0","0","0","N","0","0","0","6","02301","0","","1.0","","9","N","N","N","0","","0","0","1","","2","","","2","0","0","0","0","0","0","2","0","2","","","","N","","","","","","","","","",""
"2020070904","0056","1","0","0","0","0","0","0","0","0","1","0","","02","8","2020","3","40.493795","-79.951983","0049","11","0","0","0","0","0","0","0","0","","0","0","0","","","0","N","0","","40 29:37.662","","0","79 57:07.137","0","0","0","0","2430","0","0","0","N","0","0","0","1","02430","0","","1.0","","1","N","N","N","0","","0","0","1","","0","","","2","0","0","0","0","0","0","2","0","2","","","","N","","","","","","","","","",""
"2020070235","1531","1","0","0","0","0","0","0","0","0","4","0","","02","8","2020","7","40.451451","-79.90819","1530","11","0","0","0","0","0","0","0","0","","0","0","0","","","1","N","1","","40 27:05.223","4","0","79 54:29.484","3","0","0","1","2301","0","0","0","N","0","0","0","2","02301","0","","1.0","1550.0","1","N","N","N","0","","1","0","0","","2","N","","2","1","0","0","0","0","0","2","0","2","","03","","N","","","","","","","","","",""
"2020102058","2200","0","0","0","0","0","0","0","0","0","7","0","","02","11","2020","6","40.447542","-80.004019","2156","11","0","0","0","0","0","0","1","0","","0","0","0","","","1","","2","","40 26:51.151","","0","80 00:14.468","2","0","0","0","2301","0","0","0","N","0","0","0","1","02301","0","","5.0","","1","N","N","N","0","","0","1","0","","0","","","1","1","1","0","1","0","0","2","1","1","","03","","N","","","","","","","","","",""
"2020104375","0850","2","0","0","0","0","0","0","0","0","1","0","","02","12","2020","6","40.356057","-79.89939","0847","11","0","0","1","0","0","0","0","0","","0","0","0","","","1","","3","","40 21:21.806","4","0","79 53:57.804","3","0","0","0","2473","0","0","0","N","0","0","0","3","02473","0","","1.0","925.0","1","N","N","N","0","","1","0","0","","2","N","","2","1","0","0","0","0","0","2","0","2","","","","N","","","","","","","","","",""
"2020035226","0358","0","0","0","0","0","0","0","0","0","7","0","","02","4","2020","1","40.386378","-79.832653","0352","11","0","0","0","0","0","0","0","0","","0","0","0","","","0","N","0","","40 23:10.960","6","0","79 49:57.550","0","0","0","0","2111","0","0","0","N","0","0","0","1","02111","0","","5.0","439.0","1","N","N","N","0","","0","0","1","","0","Y","","1","0","0","0","0","0","0","2","0","1","","03","","N","","","","","","","","","",""
"2020102876","2141","2","0","0","0","0","0","0","0","0","6","0","","02","11","2020","2","40.456597","-79.897231","2136","11","0","0","0","0","0","0","0","0","","0","0","0","","","1","N","2","","40 27:23.749","4","0","79 53:50.033","3","0","0","0","2301","0","0","0","N","0","0","0","2","02301","0","","1.0","2200.0","9","N","N","N","0","","1","0","0","","0","N","","2","1","0","0","0","0","1","2","0","2","","","","N","","","","","","","","","",""
"2020070800","1434","0","0","0","0","0","0","0","0","0","6","0","","02","8","2020","7","40.609741","-79.940447","1429","11","0","0","0","0","0","1","0","0","","0","0","0","","","0","N","2","","40 36:35.068","","0","79 56:25.610","0","0","0","0","2207","0","0","0","N","0","0","0","2","02207","0","","1.0","","1","N","N","N","0","","0","0","2","","0","","","2","0","0","0","0","0","0","2","0","2","","","","N","","","","","","","","","",""
"2020101305","1254","1","0","0","0","0","0","0","0","0","4","0","","02","11","2020","3","40.617419","-80.055573","1248","11","0","0","0","0","0","0","0","0","","0","0","0","","","1","N","0","","40 37:02.709","1","0","80 03:20.062","3","0","0","0","2216","0","0","0","N","0","0","0","2","02505","0","","1.0","1318.0","1","N","N","N","0","","1","0","1","","0","N","","2","1","0","0","0","0","0","1","0","2","","","","N","","","","","","","","","",""
"2020102737","1610","0","0","0","0","0","0","0","0","0","6","0","","02","11","2020","2","40.504447","-79.900424","1603","11","0","0","0","0","0","1","0","0","","0","0","0","","","0","N","0","","40 30:16.009","","0","79 54:01.528","0","0","0","0","2432","0","0","0","N","0","0","0","2","02432","0","","1.0","","9","N","N","N","0","","0","0","2","","0","","","2","0","0","0","0","0","0","2","0","2","","04","","N","","","","","","","","","",""
"2020103456","1935","3","0","0","0","0","0","0","0","0","1","0","","02","12","2020","3","40.451492","-79.92029","1931","11","0","0","0","0","0","0","0","0","","0","0","0","","","1","","2","","40 27:05.371","5","0","79 55:13.045","3","0","0","0","2301","0","0","0","N","0","0","0","4","02301","0","","1.0","2020.0","2","N","N","N","0","","1","0","0","","0","Y","","3","1","0","0","0","0","0","2","0","3","","06","","N","","","","","","","","","",""
"2020028252","1416","1","0","1","0","0","0","0","0","0","1","1","","02","3","2020","6","40.526688","-80.159674","1413","11","0","0","0","0","0","0","0","1","","0","1","0","","","1","N","0","","40 31:36.078","","0","80 09:34.826","2","0","0","0","2458","0","0","0","N","0","0","0","2","02458","0","","1.0","","9","N","N","N","0","","0","1","0","","0","","","2","1","0","0","0","0","0","2","0","2","","","","N","","","","","","","","","",""
"2020103224","1741","2","0","0","0","0","0","0","0","0","2","0","","02","12","2020","3","40.41962","-79.989826","1739","11","0","0","1","0","0","1","0","0","","0","0","0","","","0","","1","","40 25:10.632","","0","79 59:23.372","0","0","0","0","2301","0","0","0","N","0","0","0","2","02301","0","","1.0","","7","N","N","N","0","","0","0","0","","0","","","2","0","0","0","0","0","0","2","0","2","","10","","N","","","","","","","","","",""
"2020103263","1202","1","0","0","0","0","0","0","0","0","7","0","","02","10","2020","7","40.351559","-80.117172","1202","11","0","0","0","0","0","0","0","0","","0","0","0","","","1","N","0","","40 21:05.614","","0","80 07:01.818","8","0","0","0","2119","0","0","0","N","0","0","0","1","68B03","0","","4.0","","1","N","N","N","0","","0","0","0","","0","","","1","1","0","0","0","1","0","2","0","1","","03","","N","","","","","","","","","",""
"2020102107","2041","1","0","0","0","0","0","0","0","0","1","0","","02","11","2020","3","40.537924","-79.834466","2038","11","0","0","0","0","0","0","1","0","","0","0","0","","","1","N","0","","40 32:16.525","","0","79 50:04.076","4","0","0","0","2208","0","0","0","N","0","0","0","3","02208","1","","1.0","","1","N","N","N","1","","0","0","0","","2","","","2","1","1","0","0","0","0","2","0","2","","04","","N","","","","","","","","","",""
"2020069114","1825","1","0","0","0","0","0","0","0","0","1","0","","02","8","2020","3","40.428058","-79.92597","1825","11","0","0","0","0","0","1","0","0","","0","0","0","","","0","N","0","","40 25:41.009","4","4","79 55:33.491","0","0","0","0","2301","0","0","0","N","0","0","0","3","68B03","0","","1.0","1801.0","9","N","N","Y","0","","0","0","1","","0","N","","2","0","0","0","0","0","0","2","0","2","","03","","N","","","","","","","","","",""
"2020070125","1455","1","0","0","0","0","0","0","0","0","1","0","","02","8","2020","6","40.402989","-80.001121","1450","11","0","0","0","0","0","1","0","0","","0","0","0","","","0","N","0","","40 24:10.761","2","0","80 00:04.037","0","0","0","0","2301","0","0","0","N","0","0","0","3","02301","0","","1.0","1520.0","9","N","N","N","0","","0","0","2","","0","Y","","3","0","0","0","0","0","0","2","0","3","","","","N","","","","","","","","","",""
"2020069436","2319","2","0","0","0","0","0","0","0","0","4","0","","02","8","2020","4","40.419626","-79.927168","2315","11","0","0","0","0","0","0","0","0","","0","0","0","","","1","","1","","40 25:10.655","","0","79 55:37.803","3","0","0","0","2301","0","0","0","N","0","0","0","2","02301","0","","1.0","","1","N","N","N","0","","1","0","0","","2","","","2","1","0","0","0","0","1","2","0","2","","03","","N","","","","","","","","","",""
"2020074155","1759","2","0","0","0","0","0","0","0","0","1","0","","02","9","2020","5","40.472355","-79.967864","1750","11","0","0","0","0","0","1","0","0","","0","0","0","","","1","N","0","","40 28:20.477","1","3","79 58:04.312","3","0","0","0","2301","0","0","0","N","0","0","0","3","02301","0","","1.0","1826.0","1","N","N","Y","1","","1","0","0","","0","N","","3","1","0","0","0","0","1","2","0","3","","03","","N","","","","","","","","","",""
"2020102836","1810","1","0","0","0","0","0","0","0","0","1","0","","02","11","2020","2","40.455416","-79.900958","1800","11","0","0","0","0","0","0","0","0","","0","0","0","","","0","Y","0","","40 27:19.498","","0","79 54:03.447","0","0","0","0","2301","0","0","0","N","0","0","0","4","02301","0","","1.0","","9","N","N","N","0","","0","0","1","","3","","","2","0","0","0","0","0","0","2","0","2","","07","","N","","","","","","","","","",""
"2020068653","1112","1","0","0","0","0","0","0","0","0","1","0","","02","8","2020","3","40.480572","-79.800628","1109","11","0","0","0","0","0","0","0","0","","0","0","0","","","2","","2","","40 28:50.058","6","0","79 48:02.259","8","0","0","0","2113","0","0","0","N","0","0","0","3","02113","0","","1.0","1145.0","1","N","N","N","0","","0","0","1","","0","Y","","2","2","0","0","0","2","0","2","0","2","","03","","N","","","","","","","","","",""
"2020099257","1231","0","0","0","0","0","0","0","0","0","2","0","","02","11","2020","5","40.614214","-80.054908","1227","11","0","0","0","0","0","1","0","1","","0","0","0","","","1","","2","","40 36:51.172","2","0","80 03:17.669","3","0","0","0","2216","0","0","0","N","0","0","0","2","02505","0","","1.0","1305.0","1","N","N","N","1","","1","0","1","","3","Y","","2","1","0","0","0","0","0","1","0","2","","","","N","","","","","","","","","",""
"2020069793","1417","1","0","0","0","0","0","0","0","0","1","0","","02","8","2020","2","40.446122","-80.027164","1417","11","0","1","0","0","0","1","0","0","","0","0","0","","","0","N","0","","40 26:46.038","2","3","80 01:37.790","0","0","0","0","2301","0","0","0","N","0","0","0","4","02301","0","","1.0","1432.0","1","N","N","N","1","","0","0","0","","0","N","","2","0","0","0","0","0","0","2","0","2","","03","","N","","","","","","","","","",""
"2020073014","0606","0","0","0","0","0","0","0","0","0","7","0","","02","9","2020","6","40.369811","-79.982777","0606","11","0","1","0","0","0","0","0","0","","0","0","0","","","1","N","0","","40 22:11.321","","0","79 58:57.997","3","0","0","0","2413","0","0","0","N","0","0","0","1","02413","0","","2.0","","1","N","N","N","0","","1","0","1","","0","","","1","1","0","0","0","0","0","2","0","1","","03","","N","","","","","","","","","",""
"2020097272","0302","1","0","0","0","0","0","0","0","0","7","0","","02","9","2020","6","40.427439","-79.890821","0245","11","0","0","0","0","0","0","0","0","","0","0","0","","","1","N","0","","40 25:38.781","3","0","79 53:26.956","4","0","0","0","2301","0","0","0","N","0","0","0","2","68B03","1","","2.0","330.0","1","N","N","N","0","","0","0","0","","0","N","","1","1","2","0","0","0","0","2","0","1","","","","N","","","","","","","","","",""
"2020102511","2232","1","0","0","0","0","0","0","0","0","4","0","","02","11","2020","1","40.474467","-80.039029","2227","11","0","0","0","0","0","1","0","0","","0","0","0","","","0","N","3","","40 28:28.081","2","0","80 02:20.505","0","0","0","0","2301","0","0","0","N","0","0","0","2","02301","0","","1.0","2253.0","9","N","N","N","0","","0","0","2","","3","N","","3","0","0","0","0","0","0","2","0","3","","03","","N","","","","","","","","","",""
"2020041537","1336","1","0","0","0","0","0","0","0","0","4","0","","02","5","2020","3","40.349129","-79.892066","1335","11","0","0","0","0","0","0","0","0","","0","0","0","","","0","N","1","","40 20:56.864","","0","79 53:31.436","0","0","0","0","2423","0","0","0","N","0","0","0","3","02304","0","","1.0","","1","N","N","N","0","","0","0","1","","0","N","","2","0","0","0","0","0","0","2","0","2","","","","N","","","","","","","","","",""
"2020103529","1758","1","0","0","0","0","0","0","0","0","7","0","","02","11","2020","6","40.345738","-80.057538","1755","11","0","0","0","0","0","0","0","0","","0","0","0","","","0","Y","0","","40 20:44.657","","0","80 03:27.136","0","0","0","0","2123","0","0","0","N","0","0","0","1","02123","0","","3.0","","98","N","N","N","0","","0","0","0","","1","","","1","0","0","0","0","0","0","2","0","1","","98","","N","","","","","","","","","",""
"2020104523","1040","0","0","0","0","0","0","0","0","0","5","0","","02","12","2020","5","40.521013","-80.173366","1035","11","0","0","0","0","0","1","0","0","","0","0","0","","","1","N","0","","40 31:15.646","4","0","80 10:24.119","3","0","0","0","2420","0","0","0","N","0","0","0","4","02420","0","","1.0","30.0","1","N","N","N","0","","1","0","2","","0","N","","2","1","0","0","0","0","0","2","0","2","","","","N","","","","","","","","","",""
"2020070037","1557","1","0","0","0","0","0","0","0","0","7","0","","02","8","2020","3","40.391074","-79.981828","1553","11","0","0","0","0","0","0","0","0","","0","0","0","","","0","","2","","40 23:27.865","5","0","79 58:54.580","0","0","0","0","2301","0","0","0","N","0","0","0","2","02301","0","","2.0","1646.0","1","N","N","N","0","","0","0","0","","0","Y","","1","0","0","0","0","0","0","2","0","1","","03","","N","","","","","","","","","",""
"2020082896","1930","0","0","0","0","0","0","0","0","0","7","0","","02","10","2020","3","40.483341","-80.13605","1930","11","0","0","0","0","0","0","1","0","","0","0","0","","","0","","2","","40 29:00.028","3","0","80 08:09.780","0","0","0","0","2115","0","0","0","N","0","0","0","1","02115","0","","2.0","2006.0","1","","","N","0","","0","0","1","","0","N","","1","0","0","0","0","0","0","2","0","1","","","","N","","","","","","","","","",""
"2020102823","1500","0","0","0","0","0","0","0","0","0","5","1","55","02","11","2020","7","40.453488","-79.754841","1450","11","0","0","0","0","1","0","0","0","","0","1","0","","","0","N","0","","40 27:12.555","4","0","79 45:17.428","0","0","0","0","2446","0","0","0","N","0","0","0","4","68T02","0","","1.0","1505.0","1","N","N","N","0","","0","0","1","","0","N","","2","0","0","0","0","0","0","2","0","2","","","N","Y","2","1","","","N","","","","Y","N"
"2020104017","1010","1","0","0","0","0","0","0","0","0","7","0","","02","12","2020","5","40.459068","-80.006774","1003","11","0","0","0","0","0","0","0","0","","0","0","0","","","1","N","2","","40 27:32.644","3","0","80 00:24.386","2","0","0","0","2301","0","0","0","N","0","0","0","1","02301","0","","4.0","1035.0","1","N","N","N","0","","0","1","0","","0","Y","","1","1","1","0","1","0","0","2","0","1","","03","","N","","","","","","","","","",""
"2020084432","1609","1","0","0","0","0","0","0","0","0","7","0","","02","8","2020","1","40.39117","-80.099969","1609","11","1","0","1","0","0","0","0","0","","0","0","0","","","0","N","0","","40 23:28.213","2","0","80 05:59.888","0","0","0","0","2102","0","0","0","Y","0","0","0","3","68B03","0","","4.0","1700.0","1","N","N","N","0","","0","0","1","","0","N","","3","0","0","0","0","0","0","2","0","2","","03","","N","","","","","","","","","",""
"2020104436","2233","3","0","0","0","0","0","0","0","0","1","0","","02","11","2020","4","40.426253","-79.893753","2207","11","0","0","0","0","0","0","0","0","","0","0","0","","","0","N","0","","40 25:34.511","","0","79 53:37.509","0","0","0","0","2301","0","0","0","N","0","0","0","3","68B03","0","","1.0","","1","N","N","N","0","","0","0","0","","0","","","3","0","0","0","0","0","0","2","0","3","","","","N","","","","","","","","","",""
"2020067353","1238","1","0","0","0","0","0","0","0","0","4","0","","02","8","2020","5","40.61606","-80.093248","1228","11","0","0","0","0","0","1","0","0","","0","0","0","","","0","","1","","40 36:57.815","","0","80 05:35.694","0","0","0","0","2212","0","0","0","N","0","0","0","2","02505","0","","1.0","","1","N","N","N","1","","0","0","0","","2","N","","2","0","0","0","0","0","0","2","0","2","","","","N","","","","","","","","","",""
"2020103743","1550","3","0","0","0","0","0","0","0","0","1","0","","02","12","2020","4","40.437663","-79.97255","1534","11","0","0","0","0","0","3","0","0","","0","0","0","","","0","","1","","40 26:15.588","1","3","79 58:21.180","9","0","0","0","2301","0","0","0","N","0","0","0","6","02301","0","","1.0","1644.0","1","N","N","N","1","","0","0","1","","2","N","","5","0","1","0","0","0","1","2","0","5","","03","","N","","","","","","","","","",""
"2020072298","1851","0","0","0","0","0","0","0","0","0","1","0","","02","9","2020","6","40.449612","-80.002606","1847","11","0","0","0","0","0","1","0","0","","0","0","0","","","1","N","1","","40 26:58.604","1","0","80 00:09.382","2","0","1","1","2301","0","0","0","N","0","0","0","3","02301","0","","1.0","1915.0","1","N","N","N","0","","0","1","1","","2","N","","2","1","0","0","0","0","0","2","0","2","","03","","N","","","","","","","","","",""
"2020070429","1048","1","0","0","0","0","0","0","0","0","4","0","","02","8","2020","7","40.419626","-79.927168","1041","11","0","0","0","0","0","0","0","0","","0","0","0","","","0","N","1","","40 25:10.655","2","0","79 55:37.803","0","0","0","0","2301","0","0","0","N","0","0","0","2","02301","0","","1.0","1100.0","1","N","N","N","1","","0","0","0","","2","N","","2","0","0","0","0","0","0","2","0","2","","","","N","","","","","","","","","",""
"2020103413","0659","1","0","0","0","0","0","0","0","0","7","0","","02","11","2020","2","40.436014","-79.972901","0651","11","0","0","0","0","0","0","0","0","","0","0","0","","","1","N","0","","40 26:09.651","3","0","79 58:22.442","4","0","0","0","2301","0","0","0","Y","0","0","0","1","68B03","1","","7.0","30.0","9","N","N","N","0","","0","0","0","","0","N","","1","1","0","0","0","0","0","2","0","1","","","","N","","","","","","","","","",""
"2020103894","1804","2","0","0","0","0","0","0","0","0","1","0","","02","11","2020","5","40.646206","-80.111325","1750","11","0","0","0","0","0","0","0","0","","0","0","0","","","0","N","0","","40 38:46.341","","0","80 06:40.771","0","0","0","0","2212","0","0","0","N","0","0","0","1","02505","0","","1.0","","1","N","N","N","0","","0","0","0","","0","","","2","0","0","0","0","0","0","1","0","2","","03","","N","","","","","","","","","",""
"2020074596","1923","1","0","0","0","0","0","0","0","0","1","0","","02","9","2020","3","40.344836","-79.938858","1921","11","0","0","0","0","0","1","0","0","","0","0","0","","","1","","2","","40 20:41.409","3","7","79 56:19.889","3","0","0","0","2473","0","0","0","N","0","0","0","4","02473","0","","1.0","1950.0","1","N","N","N","0","","1","0","2","","2","N","","3","1","0","0","0","0","0","2","0","3","","03","","N","","","","","","","","","",""
"2020079813","1850","1","0","0","0","0","0","0","0","0","7","0","","02","8","2020","6","40.429091","-79.943981","1833","11","0","0","0","1","0","0","0","0","","0","0","0","","","1","N","0","","40 25:44.727","4","0","79 56:38.331","3","0","0","0","2301","0","0","0","N","0","0","0","1","68B03","0","","3.0","1900.0","9","N","N","N","0","","1","0","0","","0","N","","1","1","0","0","0","0","0","2","0","1","","04","","N","","","","","","","","","",""
"2020103581","1040","0","0","0","0","0","0","0","0","0","2","0","","02","12","2020","3","40.375178","-79.898035","1038","11","0","0","0","0","0","0","1","0","","0","0","0","","","1","N","0","","40 22:30.642","6","0","79 53:52.926","8","0","0","0","2473","0","0","0","Y","0","0","0","2","02473","0","","1.0","1127.0","9","N","N","N","1","","0","0","1","","0","N","","3","1","0","0","0","1","0","2","1","3","","","","N","","","","","","","","","",""
"2020095969","1510","1","0","0","0","0","0","0","0","0","7","0","","02","10","2020","1","40.541105","-79.801273","1508","11","0","0","0","0","0","0","0","0","","0","0","0","","","1","Y","0","","40 32:27.977","1","0","79 48:04.584","3","0","0","0","2418","0","0","0","N","0","0","0","1","02514","0","","5.0","1908.0","1","N","N","N","0","","1","0","0","","0","N","","1","1","0","0","0","0","0","2","0","1","","03","","N","","","","","","","","","",""
"2020103936","0003","0","0","0","0","0","0","0","0","0","6","0","","02","12","2020","4","40.461615","-79.759753","2358","11","0","0","0","0","0","0","0","0","","0","0","0","","","0","N","0","","40 27:41.814","","0","79 45:35.109","9","0","0","0","2466","0","0","0","N","0","0","0","2","02466","0","","1.0","","1","N","N","N","0","","0","0","1","","0","","","2","0","0","0","0","0","1","2","0","2","","","","N","","","","","","","","","",""
"2020069812","1438","0","0","0","0","0","0","0","0","0","1","0","","02","8","2020","3","40.612721","-79.947457","1433","11","0","0","0","0","0","0","0","0","","0","0","0","","","1","N","0","","40 36:45.796","5","0","79 56:50.845","3","0","0","0","2207","0","0","0","N","0","0","0","2","02207","0","","1.0","1513.0","1","N","N","N","0","","1","0","2","","0","N","","2","1","0","0","0","0","0","2","0","2","","","","N","","","","","","","","","",""
"2020102843","1328","1","0","0","0","0","0","0","0","0","7","0","","02","11","2020","2","40.487865","-79.925167","1322","11","0","0","0","0","0","0","0","0","","0","0","0","","","0","N","2","","40 29:16.314","1","0","79 55:30.601","0","0","0","0","2301","0","0","0","N","0","0","0","2","02301","0","","5.0","1400.0","9","N","N","N","0","","0","0","0","","0","N","","1","0","0","0","0","0","0","2","0","1","","","","N","","","","","","","","","",""
"2020063149","1514","1","0","0","0","0","0","0","0","0","1","0","","02","8","2020","6","40.449256","-80.141193","1514","11","0","0","0","0","0","0","0","0","","0","0","0","","","0","N","2","","40 26:57.322","","0","80 08:28.296","0","0","0","0","2115","0","0","0","N","0","0","0","3","02115","0","","1.0","","1","N","N","N","0","","0","0","1","","3","","","2","0","0","0","0","0","0","2","0","2","","03","","N","","","","","","","","","",""
"2020070656","1555","1","0","0","0","0","0","0","0","0","7","0","","02","8","2020","5","40.37182","-79.852621","1553","11","0","0","0","0","0","0","0","0","","0","0","0","","","0","N","2","","40 22:18.552","7","0","79 51:09.435","0","0","0","0","2303","0","0","0","N","0","0","0","1","02303","0","","4.0","1618.0","1","N","N","N","0","","0","0","0","","0","Y","","1","0","0","0","0","0","0","2","0","1","","03","","N","","","","","","","","","",""
"2020075642","0052","2","0","0","0","0","0","0","0","0","2","0","","02","8","2020","7","40.378167","-79.98891","0050","11","0","0","0","1","0","0","0","0","","0","0","0","","","6","N","0","","40 22:41.401","7","0","79 59:20.077","8","0","0","0","2476","0","0","0","N","0","0","0","6","02476","0","","1.0","400.0","8","N","N","N","0","","0","0","0","","0","Y","","3","6","4","0","0","6","0","2","1","3","","","","N","","","","","","","","","",""
"2020103708","1842","1","0","0","0","0","0","0","0","0","4","0","","02","12","2020","3","40.645066","-80.020208","1836","11","0","0","0","0","0","0","0","0","","0","0","0","","","1","N","0","","40 38:42.236","3","7","80 01:12.747","3","0","0","0","2216","0","0","0","N","0","0","0","1","02505","0","","5.0","1916.0","7","N","N","N","0","","1","0","0","","0","N","","1","1","0","0","0","0","0","2","0","1","","","","N","","","","","","","","","",""
"2020084430","1752","2","0","0","0","0","0","0","0","0","4","0","","02","8","2020","4","40.451818","-80.171224","1746","11","0","0","0","1","0","1","0","0","","0","0","0","","","0","N","0","","40 27:06.543","","0","80 10:16.406","0","0","0","0","2115","0","0","0","N","0","0","0","4","68B03","0","","1.0","","1","N","N","N","0","","0","0","1","","0","","","3","0","0","0","0","0","0","2","0","3","","03","","N","","","","","","","","","",""
"2020103776","1725","1","0","0","0","0","0","0","0","0","4","0","","02","12","2020","4","40.449793","-80.176179","1720","11","0","0","0","0","0","1","0","0","","0","0","0","","","0","N","1","","40 26:59.254","3","0","80 10:34.244","0","0","0","0","2214","0","0","0","N","0","0","0","2","02214","0","","1.0","1810.0","1","N","N","N","0","","0","0","1","","2","Y","","2","0","0","0","0","0","0","2","0","2","","03","","N","","","","","","","","","",""
"2020102261","1524","1","0","0","0","0","0","0","0","0","1","0","","02","11","2020","4","40.426268","-79.915119","1517","11","0","0","0","0","0","1","0","0","","0","0","0","","","0","N","0","","40 25:34.566","","4","79 54:54.429","0","0","0","0","2301","0","0","0","N","0","0","0","2","68B03","0","","1.0","","9","N","N","N","0","","0","0","1","","0","","","2","0","0","0","0","0","0","2","0","2","","07","","N","","","","","","","","","",""
"2020095639","2239","1","0","0","0","0","0","0","0","0","7","0","","02","8","2020","6","40.440015","-80.009244","2217","11","0","0","0","0","0","0","0","0","","0","0","0","","","0","N","6","","40 26:24.054","1","8","80 00:33.277","0","0","0","0","2301","0","0","0","N","0","0","0","1","68B03","0","","4.0","2319.0","9","N","N","N","0","","0","0","0","","0","N","","1","0","0","0","0","0","0","2","0","1","","","","N","","","","","","","","","",""