"CRN","ARRIVAL_TM","AUTOMOBILE_COUNT","BELTED_DEATH_COUNT","BELTED_SUSP_SERIOUS_INJ_COUNT","BICYCLE_COUNT","BICYCLE_DEATH_COUNT","BICYCLE_SUSP_SERIOUS_INJ_COUNT","BUS_COUNT","CHLDPAS_DEATH_COUNT","CHLDPAS_SUSP_SERIOUS_INJ_COUNT","COLLISION_TYPE","COMM_VEH_COUNT","CONS_ZONE_SPD_LIM","COUNTY","CRASH_MONTH","CRASH_YEAR","DAY_OF_WEEK","DEC_LATITUDE","DEC_LONGITUDE","DISPATCH_TM","DISTRICT","DRIVER_COUNT_16YR","DRIVER_COUNT_17YR","DRIVER_COUNT_18YR","DRIVER_COUNT_19YR","DRIVER_COUNT_20YR","DRIVER_COUNT_50_64YR","DRIVER_COUNT_65_74YR","DRIVER_COUNT_75PLUS","EST_HRS_CLOSED","FATAL_COUNT","HEAVY_TRUCK_COUNT","HORSE_BUGGY_COUNT","HOUR_OF_DAY","ILLUMINATION","INJURY_COUNT","INTERSECTION_RELATED","INTERSECT_TYPE","LANE_CLOSED","LATITUDE","LN_CLOSE_DIR","LOCATION_TYPE","LONGITUDE","MAX_SEVERITY_LEVEL","MCYCLE_DEATH_COUNT","MCYCLE_SUSP_SERIOUS_INJ_COUNT","MOTORCYCLE_COUNT","MUNICIPALITY","NONMOTR_COUNT","NONMOTR_DEATH_COUNT","NONMOTR_SUSP_SERIOUS_INJ_COUNT","NTFY_HIWY_MAINT","PED_COUNT","PED_DEATH_COUNT","PED_SUSP_SERIOUS_INJ_COUNT","PERSON_COUNT","POLICE_AGCY","POSSIBLE_INJ_COUNT","RDWY_SURF_TYPE_CD","RELATION_TO_ROAD","ROADWAY_CLEARED","ROAD_CONDITION","SCH_BUS_IND","SCH_ZONE_IND","SECONDARY_CRASH","SMALL_TRUCK_COUNT","SPEC_JURIS_CD","SUSP_MINOR_INJ_COUNT","SUSP_SERIOUS_INJ_COUNT","SUV_COUNT","TCD_FUNC_CD","TCD_TYPE","TFC_DETOUR_IND","TIME_OF_DAY","TOTAL_UNITS","TOT_INJ_COUNT","UNBELTED_OCC_COUNT","UNB_DEATH_COUNT","UNB_SUSP_SERIOUS_INJ_COUNT","UNK_INJ_DEG_COUNT","UNK_INJ_PER_COUNT","URBAN_RURAL","VAN_COUNT","VEHICLE_COUNT","WEATHER1","WEATHER2","WORKERS_PRES","WORK_ZONE_IND","WORK_ZONE_LOC","WORK_ZONE_TYPE","WZ_CLOSE_DETOUR","WZ_FLAGGER","WZ_LAW_OFFCR_IND","WZ_LN_CLOSURE","WZ_MOVING","WZ_OTHER","WZ_SHLDER_MDN","WZ_WORKERS_INJ_KILLED"
"2020108575","1222","1","0","0","0","0","0","0","0","0","7","0","","02","12","2020","4","40.492641","-79.793366","1215","11","0","1","0","0","0","0","0","0","","0","0","0","","","0","N","0","","40 29:33.506","","0","79 47:36.118","0","0","0","0","2113","0","0","0","N","0","0","0","1","02113","0","","5.0","","7","N","N","N","0","","0","0","0","0","0","","","1","0","0","0","0","0","0","2","0","1","","02","","N","","","","","","","","","",""
"2020060721","2228","1","0","0","0","0","0","0","0","0","1","0","","02","7","2020","7","40.490494","-79.869281","2225","11","0","0","0","0","0","1","0","0","","0","0","0","","","0","N","3","","40 29:25.780","1","2","79 52:09.410","0","0","0","0","2112","0","0","0","N","0","0","0","5","02112","0","","1.0","2300.0","1","N","N","N","0","","0","0","1","0","0","Y","","2","0","0","0","0","0","0","2","0","2","","","","N","","","","","","","","","",""
"2020072839","1317","0","0","0","0","0","0","0","0","0","1","0","","02","9","2020","2","40.462549","-80.012463","1315","11","0","0","0","0","0","0","0","0","","0","0","0","","","0","N","0","","40 27:45.176","","7","80 00:44.868","0","0","0","0","2301","0","0","0","N","0","0","0","2","02301","0","","1.0","","1","N","N","N","0","","0","0","2","0","0","","","2","0","0","0","0","0","0","2","0","2","","","","N","","","","","","","","","",""
"2020105009","0842","1","0","0","0","0","0","0","0","0","7","0","","02","12","2020","1","40.436489","-79.963964","0814","11","0","0","0","0","0","0","0","0","","0","0","0","","","0","","2","","40 26:11.360","","0","79 57:50.269","0","0","0","0","2301","0","0","0","N","0","0","0","1","02301","0","","5.0","","1","N","N","N","0","","0","0","0","0","0","","","1","0","0","0","0","0","0","2","0","1","","","","N","","","","","","","","","",""
"2020105410","1523","0","0","0","0","0","0","0","0","0","4","0","","02","12","2020","2","40.522398","-79.990919","1520","11","0","0","0","0","0","0","0","0","","0","0","0","","","0","N","3","","40 31:20.634","5","0","79 59:27.309","0","0","0","0","2116","0","0","0","N","0","0","0","2","02116","0","","1.0","1549.0","1","N","N","N","0","","0","0","2","0","0","N","","2","0","0","0","0","0","0","2","0","2","","03","","N","","","","","","","","","",""
"2020109454","2321","2","0","0","0","0","0","0","0","0","2","0","","02","12","2020","5","40.426187","-79.927704","2312","11","0","0","0","0","0","0","0","0","","0","0","0","","","0","N","0","","40 25:34.274","","0","79 55:39.735","0","0","0","0","2301","0","0","0","N","0","0","0","2","02301","0","","2.0","","2","N","N","N","0","","0","0","0","0","0","N","","2","0","0","0","0","0","0","2","0","2","","","","N","","","","","","","","","",""
"2020104992","0848","1","0","0","0","0","0","0","0","0","4","0","","02","9","2020","5","40.449185","-79.762249","0844","11","0","0","0","1","0","0","0","1","","0","0","0","","","0","N","1","","40 26:57.065","6","0","79 45:44.095","0","0","0","0","2446","0","0","0","N","0","0","0","2","02446","0","","1.0","915.0","1","N","N","N","0","","0","0","1","3","3","N","","2","0","0","0","0","0","0","2","0","2","","","","N","","","","","","","","","",""
"2020073811","0856","1","0","0","0","0","0","0","0","0","7","0","","02","9","2020","7","40.4263","-79.892682","0846","11","0","0","0","0","0","0","0","0","","0","0","0","","","0","N","0","","40 25:34.679","3","2","79 53:33.656","0","0","0","0","2301","0","0","0","N","0","0","0","1","68B03","0","","4.0","856.0","1","N","N","N","0","","0","0","0","0","0","N","","1","0","1","0","0","0","0","2","0","1","","","","N","","","","","","","","","",""
"2020103557","1411","2","0","0","0","0","0","0","0","0","4","0","","02","11","2020","2","40.410059","-80.080745","1410","11","0","0","0","0","0","1","0","0","","0","0","0","","","1","","1","","40 24:36.212","3","2","80 04:50.681","3","0","0","0","2415","0","0","0","N","0","0","0","2","02415","0","","1.0","1430.0","9","N","N","N","0","","1","0","0","3","3","N","","2","1","0","0","0","0","0","2","0","2","","","","N","","","","","","","","","",""
"2020065158","1650","1","0","0","0","0","0","0","0","0","2","0","","02","8","2020","5","40.530591","-79.923554","1645","11","0","0","1","0","0","0","0","0","","0","0","0","","","0","N","1","","40 31:50.128","","0","79 55:24.793","0","0","0","1","2112","0","0","0","N","0","0","0","2","02112","0","","1.0","","1","N","N","N","0","","0","0","0","3","3","","","2","0","0","0","0","0","0","2","0","2","","03","","N","","","","","","","","","",""
"2020087199","0749","1","0","0","0","0","0","0","0","0","1","0","","02","9","2020","3","40.427159","-79.788221","0747","11","0","0","1","0","0","1","0","0","","0","0","0","","","0","N","0","","40 25:37.771","3","0","79 47:17.595","0","0","0","0","2446","0","0","0","N","0","0","0","2","02446","0","","1.0","800.0","1","N","N","N","0","","0","0","1","0","0","N","","2","0","0","0","0","0","0","2","0","2","","","","N","","","","","","","","","",""
"2020106780","1958","2","0","0","0","0","0","0","0","0","5","0","","02","12","2020","5","40.290261","-79.885387","1953","11","0","0","0","0","0","0","0","0","","0","0","0","","","0","N","0","","40 17:24.938","","0","79 53:07.392","0","0","0","0","2302","0","0","0","N","0","0","0","1","02302","0","","1.0","","1","N","N","N","0","","0","0","0","0","0","N","","2","0","0","0","0","0","0","2","0","2","","03","","N","","","","","","","","","",""
"2020108769","1655","0","0","0","0","0","0","0","0","0","7","0","","02","12","2020","4","40.427127","-79.851019","1650","11","0","0","0","0","0","0","0","0","","0","0","0","","","0","","2","","40 25:37.657","6","0","79 51:03.668","0","0","0","0","2431","0","0","0","N","0","0","0","1","02431","0","","2.0","1730.0","7","N","N","N","0","","0","0","1","3","3","Y","","1","0","0","0","0","0","0","2","0","1","","02","","N","","","","","","","","","",""
"2020104743","0308","1","0","0","0","0","0","0","0","0","2","0","","02","12","2020","7","40.404352","-79.800994","0304","11","0","0","0","0","1","0","0","0","","0","0","0","","","4","Y","0","","40 24:15.668","6","0","79 48:03.579","2","0","0","0","2446","0","0","0","N","0","0","0","5","02446","0","","5.0","400.0","1","N","N","N","0","","3","1","0","0","0","Y","","1","4","0","0","0","0","1","2","0","1","","","","N","","","","","","","","","",""
"2020108017","2035","2","0","0","0","0","0","0","0","0","4","0","","02","12","2020","5","40.557857","-80.204651","2033","11","0","0","0","0","0","1","0","0","","0","0","0","","","1","N","2","","40 33:28.286","1","0","80 12:16.744","3","0","0","0","2441","0","0","0","N","0","0","0","3","02441","0","","1.0","2105.0","1","N","N","N","0","","1","0","0","3","2","N","","2","1","0","0","0","0","0","2","0","2","","03","","N","","","","","","","","","",""
"2020076125","1930","1","0","0","0","0","0","0","0","0","2","0","","02","9","2020","3","40.435725","-79.771036","1918","11","0","0","0","0","0","0","0","0","","0","0","0","","","2","N","0","","40 26:08.610","","7","79 46:15.730","8","0","0","0","2446","0","0","0","N","0","0","0","3","02446","0","","1.0","","1","N","N","N","0","","0","0","1","3","2","","","2","2","1","0","0","2","0","2","0","2","","03","","N","","","","","","","","","",""
"2020073584","1619","1","0","0","0","0","0","0","0","0","4","0","","02","9","2020","4","40.405448","-79.91141","1614","11","0","0","0","0","0","0","0","1","","0","0","0","","","1","","1","","40 24:19.612","2","0","79 54:41.076","4","0","0","0","2438","0","0","0","N","0","0","0","3","02438","1","","1.0","1645.0","1","N","N","N","0","","0","0","1","3","3","N","","2","1","0","0","0","0","0","2","0","2","","03","","N","","","","","","","","","",""
"2020106868","1432","2","0","0","0","0","0","0","0","0","4","0","","02","12","2020","5","40.462155","-79.926857","1428","11","0","0","0","0","0","0","0","0","","0","0","0","","","1","","1","","40 27:43.758","2","0","79 55:36.685","4","0","0","0","2301","0","0","0","N","0","0","0","2","02301","1","","1.0","1502.0","1","N","N","N","0","","0","0","0","3","3","N","","2","1","0","0","0","0","0","2","0","2","","","","N","","","","","","","","","",""
"2020073891","2147","2","0","0","0","0","0","0","0","0","2","0","","02","9","2020","4","40.419626","-79.927168","2139","11","0","0","1","0","0","0","0","0","","0","0","0","","","1","","1","","40 25:10.655","3","0","79 55:37.803","3","0","0","0","2301","0","0","0","N","0","0","0","3","02301","0","","1.0","2211.0","1","N","N","N","0","","1","0","0","3","2","Y","","2","1","0","0","0","0","0","2","0","2","","03","","N","","","","","","","","","",""
"2020104573","1859","2","0","0","0","0","0","0","0","0","1","0","","02","12","2020","6","40.420257","-79.927335","1854","11","0","0","0","0","0","1","0","0","","0","0","0","","","1","N","0","","40 25:12.926","","0","79 55:38.406","4","0","0","0","2301","0","0","0","N","0","0","0","5","02301","1","","1.0","","1","N","N","N","0","","0","0","0","0","0","","","2","1","0","0","0","0","0","2","0","2","","03","","N","","","","","","","","","",""
"2020073904","1703","2","0","2","0","0","0","0","0","0","2","0","","02","9","2020","1","40.287163","-80.012593","1702","11","0","0","0","0","0","1","1","0","","0","0","0","","","3","N","0","","40 17:13.785","5","0","80 00:45.334","2","0","0","0","2219","0","0","0","N","0","0","0","5","02219","0","","1.0","1854.0","1","N","N","N","0","","0","3","1","0","0","Y","","3","3","1","0","1","0","0","2","0","3","","03","","N","","","","","","","","","",""
"2020073988","1440","0","0","0","0","0","0","0","0","0","4","0","","02","9","2020","4","40.435124","-80.050509","1430","11","0","0","0","0","0","1","0","0","","0","0","0","","","0","N","2","","40 26:06.445","3","0","80 03:01.833","0","0","0","0","2301","0","0","0","N","0","0","0","5","02301","0","","1.0","1520.0","1","N","N","N","0","","0","0","2","3","3","Y","","2","0","0","0","0","0","0","2","0","2","","03","","N","","","","","","","","","",""
"2020072336","0025","1","0","0","0","0","0","0","0","0","4","0","","02","9","2020","7","40.459861","-79.873861","0025","11","0","0","0","0","0","0","0","0","","0","0","0","","","0","N","3","","40 27:35.500","7","0","79 52:25.901","0","0","0","0","2301","0","0","0","N","0","0","0","2","02301","0","","1.0","400.0","1","N","N","N","0","","0","0","1","3","7","Y","","2","0","0","0","0","0","0","2","0","2","","03","","N","","","","","","","","","",""
"2020074605","0004","1","0","0","0","0","0","0","0","0","98","0","","02","9","2020","6","40.322628","-79.926372","0000","11","0","0","0","0","0","0","0","0","","0","0","0","","","0","N","2","","40 19:21.459","","0","79 55:34.938","0","0","0","0","2440","0","0","0","N","0","0","0","1","02440","0","","1.0","","1","N","N","N","0","","0","0","0","0","0","N","","1","0","0","0","0","0","0","2","0","1","","","","N","","","","","","","","","",""
"2020072927","1545","3","0","0","0","0","0","0","0","0","1","0","","02","8","2020","1","40.398428","-80.06562","1550","11","0","0","0","0","0","1","0","0","","0","0","0","","","0","Y","0","","40 23:54.339","","0","80 03:56.233","0","0","0","0","2117","0","0","0","N","0","0","0","3","02117","0","","1.0","","1","N","N","N","0","","0","0","0","0","0","","","3","0","1","0","0","0","0","2","0","3","","03","","N","","","","","","","","","",""
"2020108997","1328","0","0","0","0","0","0","0","0","0","7","0","","02","12","2020","4","40.520503","-79.770032","1323","11","0","0","0","0","0","0","2","0","","0","0","0","","","0","N","0","","40 31:13.810","4","0","79 46:12.116","0","0","0","0","2466","0","0","0","N","0","0","0","2","02466","0","","1.0","1401.0","7","N","N","N","1","","0","0","1","0","0","N","","2","0","0","0","0","0","0","2","0","2","","","","N","","","","","","","","","",""
"2020104351","0829","1","0","0","0","0","0","0","0","0","5","1","","02","12","2020","5","40.419626","-79.927168","0827","11","0","0","0","0","0","1","0","0","","0","1","0","","","0","","1","","40 25:10.655","","0","79 55:37.803","0","0","0","0","2301","0","0","0","N","0","0","0","2","02301","0","","1.0","","1","N","N","N","0","","0","0","0","0","0","","","2","0","0","0","0","0","0","2","0","2","","03","","N","","","","","","","","","",""
"2020078626","1431","2","0","0","0","0","0","0","0","0","6","0","","02","9","2020","7","40.507118","-79.989218","1426","11","0","0","0","0","0","0","1","0","","0","0","0","","","0","N","0","","40 30:25.625","1","0","79 59:21.184","0","0","0","0","2116","0","0","0","N","0","0","0","2","02116","0","","1.0","1455.0","1","N","N","N","0","","0","0","0","0","0","N","","2","0","0","0","0","0","0","2","0","2","","03","","N","","","","","","","","","",""
"2020075621","1831","1","0","0","0","0","0","0","0","0","1","0","","02","9","2020","5","40.278682","-79.836876","1828","11","1","0","0","0","1","0","0","0","","0","0","0","","","1","Y","0","","40 16:43.254","5","0","79 50:12.753","3","0","0","0","2105","0","0","0","N","0","0","0","5","02105","0","","1.0","1900.0","1","N","N","N","1","","1","0","0","0","0","N","","2","1","0","0","0","0","0","2","0","2","","03","","N","","","","","","","","","",""
"2020108937","0007","0","0","0","0","0","0","0","0","0","98","1","","02","12","2020","4","40.286154","-79.885139","0001","11","0","0","0","0","0","0","0","0","","0","1","0","","","1","N","2","","40 17:10.154","3","0","79 53:06.500","4","0","0","0","2302","0","0","0","N","0","0","0","1","02302","1","","1.0","35.0","7","N","N","N","0","","0","0","0","0","0","N","","1","1","0","0","0","0","0","2","0","1","","02","","N","","","","","","","","","",""
"2020072910","1626","1","0","0","0","0","0","0","0","0","7","0","","02","9","2020","6","40.493779","-80.010815","1610","11","0","0","0","0","0","0","0","0","","0","0","0","","","1","N","0","","40 29:37.606","","3","80 00:38.935","8","0","0","0","2301","0","0","0","N","0","0","0","1","68B03","0","","4.0","","1","N","N","N","0","","0","0","0","0","0","","","1","1","0","0","0","1","0","2","0","1","","","","N","","","","","","","","","",""
"2020073949","0610","2","0","0","0","0","0","0","0","0","4","0","","02","9","2020","5","40.449971","-79.974237","0605","11","0","0","0","0","0","0","0","0","","0","0","0","","","0","N","0","","40 26:59.895","","0","79 58:27.254","9","0","0","0","2301","0","0","0","N","0","0","0","1","02301","0","","4.0","","1","N","N","N","0","","0","0","0","0","0","","","2","0","0","0","0","0","1","2","0","2","","","","N","","","","","","","","","",""
"2020108776","1538","2","0","0","0","0","0","0","0","0","4","0","","02","12","2020","4","40.496486","-80.065178","1532","11","0","0","0","0","0","0","0","0","","0","0","0","","","0","N","2","","40 29:47.349","2","0","80 03:54.640","0","0","0","0","2402","0","0","0","N","0","0","0","1","02402","0","","4.0","1607.0","7","N","N","N","1","","0","0","0","3","3","N","","3","0","0","0","0","0","0","2","0","3","","02","","N","","","","","","","","","",""
"2020107515","1721","2","0","0","0","0","0","0","0","0","4","0","","02","12","2020","1","40.458667","-79.907972","1721","11","0","0","0","0","0","0","0","0","","0","0","0","","","0","N","1","","40 27:31.202","1","0","79 54:28.700","0","0","0","0","2301","0","0","0","N","0","0","0","2","02301","0","","1.0","1740.0","1","N","N","N","0","","0","0","0","3","2","Y","","2","0","0","0","0","0","0","2","0","2","","03","","N","","","","","","","","","",""
"2020073523","1150","1","0","0","0","0","0","0","0","0","4","0","","02","9","2020","4","40.605523","-79.947104","1146","11","0","0","0","0","0","0","0","0","","0","0","0","","","0","N","0","","40 36:19.884","","7","79 56:49.574","0","0","0","0","2207","0","0","0","N","0","0","0","3","02207","0","","1.0","","1","N","N","N","0","","0","0","1","3","2","","","2","0","0","0","0","0","0","2","0","2","","03","","N","","","","","","","","","",""
"2020079848","1145","2","0","0","0","0","0","0","0","0","98","0","","02","9","2020","3","40.246604","-79.874104","1138","11","0","0","0","0","0","1","0","0","","0","0","0","","","0","N","0","","40 14:47.775","5","0","79 52:26.775","0","0","0","0","2204","0","0","0","N","0","0","0","4","02204","0","","1.0","1300.0","1","N","N","N","0","","0","0","1","0","0","N","","3","0","0","0","0","0","0","1","0","3","","03","","N","","","","","","","","","",""
"2020107215","1450","2","0","0","0","0","0","0","0","0","4","0","","02","12","2020","7","40.455048","-79.94148","1434","11","0","0","0","0","0","1","0","0","","0","0","0","","","0","N","1","","40 27:18.172","","0","79 56:29.328","0","0","0","0","2301","0","0","0","N","0","0","0","2","02301","0","","1.0","","9","N","N","N","0","","0","0","0","3","2","","","2","0","0","0","0","0","0","2","0","2","","","","N","","","","","","","","","",""
"2020109535","1302","0","0","0","0","0","0","0","0","0","2","0","","02","12","2020","5","40.547866","-80.195736","1300","11","0","0","0","0","0","0","0","1","","0","0","0","","","1","N","0","","40 32:52.318","2","0","80 11:44.649","4","0","0","0","2427","0","0","0","Y","0","0","0","1","02427","1","","5.0","1335.0","6","N","N","N","0","","0","0","1","0","0","N","","1","1","0","0","0","0","0","2","0","1","","","","N","","","","","","","","","",""
"2020107829","2248","1","0","0","0","0","0","0","0","0","7","0","","02","12","2020","1","40.353686","-80.087966","2244","11","0","0","0","0","0","0","0","0","","0","0","0","","","1","N","0","","40 21:13.271","4","0","80 05:16.676","4","0","0","0","2123","0","0","0","N","0","0","0","1","02123","1","","5.0","30.0","9","N","N","N","0","","0","0","0","0","0","N","","1","1","0","0","0","0","0","2","0","1","","","","N","","","","","","","","","",""
"2020107186","1718","1","0","0","0","0","0","0","0","0","7","0","","02","11","2020","2","40.47247","-80.21344","1710","11","0","0","0","0","0","1","0","0","","0","0","0","","","0","N","0","","40 28:20.891","3","0","80 12:48.383","0","0","0","0","2203","0","0","0","N","0","0","0","1","68B03","0","","4.0","1750.0","1","N","N","N","0","","0","0","0","0","0","N","","1","0","1","0","0","0","0","2","0","1","","03","","N","","","","","","","","","",""
"2020074955","1730","1","0","0","0","0","0","0","0","0","3","0","","02","9","2020","6","40.439532","-79.927746","1728","11","0","0","0","0","0","1","0","0","","0","0","0","","","0","","1","","40 26:22.315","","0","79 55:39.885","0","0","0","0","2301","0","0","0","N","0","0","0","2","02301","0","","1.0","","1","N","","N","0","","0","0","1","3","3","","","2","0","0","0","0","0","0","2","0","2","","03","","N","","","","","","","","","",""
"2020107181","1740","1","0","0","0","0","0","0","0","0","1","0","","02","11","2020","4","40.420378","-80.037679","1733","11","0","0","0","0","0","0","0","0","","0","0","0","","","0","N","0","","40 25:13.359","","0","80 02:15.644","0","0","0","0","2435","0","0","0","N","0","0","0","2","68B03","0","","1.0","","1","N","N","N","0","","0","0","1","0","0","","","2","0","0","0","0","0","0","2","0","2","","03","","N","","","","","","","","","",""
"2020109026","1510","0","0","0","0","0","0","0","0","0","5","0","","02","12","2020","4","40.556684","-80.02265","1500","11","0","0","0","0","0","0","0","0","","0","0","0","","","0","N","0","","40 33:24.061","2","0","80 01:21.540","0","0","0","0","2108","0","0","0","N","0","0","0","2","02108","0","","1.0","1545.0","7","N","N","N","0","","0","0","2","0","0","N","","2","0","0","0","0","0","0","2","0","2","","02","","N","","","","","","","","","",""
"2020072757","0540","1","0","0","0","0","0","0","0","0","0","0","","02","9","2020","1","40.367697","-79.978269","0535","11","0","0","0","0","0","0","0","0","","0","0","0","","","1","N","0","","40 22:03.710","3","0","79 58:41.770","3","0","0","0","2413","0","0","0","N","0","0","0","1","02219","0","","5.0","701.0","1","N","N","N","0","","1","0","0","0","0","Y","","1","1","0","0","0","0","0","2","0","1","","03","","N","","","","","","","","","",""
"2020101890","1346","1","0","0","0","0","0","0","0","0","7","0","","02","11","2020","1","40.462699","-80.104795","1343","11","0","0","0","0","0","0","0","0","","0","0","0","","","1","N","0","","40 27:45.717","6","0","80 06:17.262","3","0","0","0","2126","0","0","0","N","0","0","0","1","02126","0","","5.0","1436.0","1","N","N","N","0","","1","0","0","0","0","N","","1","1","0","0","0","0","0","2","0","1","","03","","N","","","","","","","","","",""
"2020073390","2325","1","0","0","0","0","0","0","0","0","1","0","","02","9","2020","3","40.389146","-79.751607","2315","11","0","0","0","0","0","0","0","0","","0","0","0","","","2","N","0","","40 23:20.924","","0","79 45:05.784","3","0","0","0","2301","0","0","0","N","0","0","0","2","02301","0","","1.0","","1","N","N","N","0","","2","0","1","0","0","","","2","2","0","0","0","0","0","2","0","2","","03","","N","","","","","","","","","",""
"2020107374","1400","2","0","0","0","0","0","0","0","0","1","0","","02","12","2020","7","40.543671","-80.014311","1350","11","0","0","0","0","0","0","0","0","","0","0","0","","","0","N","0","","40 32:37.217","","0","80 00:51.520","0","0","0","0","2116","0","0","0","N","0","0","0","3","02116","0","","1.0","","9","N","N","N","0","","0","0","0","0","0","","","2","0","0","0","0","0","0","2","0","2","","","","N","","","","","","","","","",""
"2020072486","1825","2","0","0","0","0","0","0","0","0","4","0","","02","9","2020","6","40.450472","-80.002889","1812","11","0","0","0","0","0","0","0","0","","0","0","0","","","1","N","2","","40 27:01.700","","0","80 00:10.400","3","0","0","0","2301","0","0","0","N","0","0","0","3","02301","0","","1.0","","1","N","N","N","0","","1","0","0","3","2","","","2","1","0","0","0","0","0","2","0","2","","03","","N","","","","","","","","","",""
"2020050585","0126","3","0","0","0","0","0","0","0","0","1","0","","02","6","2020","7","40.403201","-80.059108","0123","11","0","0","0","0","0","1","0","0","","0","0","0","","","0","N","0","","40 24:11.524","3","0","80 03:32.790","9","0","0","0","2117","0","0","0","N","0","0","0","1","02117","0","","2.0","230.0","1","N","N","N","0","","0","0","0","0","0","N","","3","0","0","0","0","0","1","2","0","3","","03","","N","","","","","","","","","",""
"2020108551","1552","1","0","0","0","0","0","0","0","0","4","0","","02","12","2020","1","40.484311","-79.819071","1552","11","0","0","0","0","0","0","1","0","","0","0","0","","","0","N","0","","40 29:03.520","3","0","79 49:08.654","0","0","0","0","2113","0","0","0","N","0","0","0","3","02113","0","","1.0","1707.0","9","N","N","N","0","","0","0","1","0","0","N","","2","0","0","0","0","0","0","2","0","2","","","","N","","","","","","","","","",""
"2020106599","1115","2","0","0","0","0","0","0","0","0","2","1","","02","12","2020","5","40.292314","-79.915562","1112","11","0","0","0","0","0","1","0","0","","0","0","0","","","1","","2","","40 17:32.329","2","3","79 54:56.024","3","0","0","0","2440","0","0","0","N","0","0","0","2","02440","0","","1.0","1145.0","1","N","N","N","0","","1","0","0","3","2","N","","2","1","0","0","0","0","0","2","0","2","","","","N","","","","","","","","","",""
"2020047817","2027","1","0","0","0","0","0","0","0","0","7","0","","02","6","2020","5","40.372303","-80.096106","2024","11","0","0","0","0","0","0","0","0","","0","0","0","","","1","N","0","","40 22:20.290","5","0","80 05:45.980","8","0","0","0","2117","0","0","0","N","0","0","0","1","02117","0","","2.0","2111.0","1","N","N","N","0","","0","0","0","0","0","Y","","1","1","0","0","0","1","0","2","0","1","","","","N","","","","","","","","","",""
"2020109514","1530","1","0","0","0","0","0","0","0","0","7","0","","02","12","2020","4","40.56956","-79.954239","1530","11","0","0","0","0","0","0","0","0","","0","0","0","","","0","","2","","40 34:10.416","2","0","79 57:15.260","0","0","0","0","2207","0","0","0","N","0","0","0","1","02207","0","","2.0","1630.0","7","N","N","N","0","","0","0","0","3","2","N","","1","0","0","0","0","0","0","2","0","1","","","","N","","","","","","","","","",""
"2020109614","1336","0","0","0","0","0","0","0","0","0","5","1","","02","12","2020","4","40.439645","-80.236044","1320","11","0","0","0","0","0","0","1","0","","0","1","0","","","1","N","0","","40 26:22.721","","0","80 14:09.757","3","0","0","0","2214","0","0","0","N","0","0","0","2","68B03","0","","1.0","","6","N","N","N","0","","1","0","1","3","4","","","2","1","0","0","0","0","0","2","0","2","","","","N","","","","","","","","","",""
"2020103736","1826","1","0","0","0","0","0","0","0","0","4","0","","02","11","2020","7","40.450068","-80.109632","1824","11","0","0","0","0","0","0","0","0","","0","0","0","","","0","","1","","40 27:00.245","4","2","80 06:34.675","0","0","0","0","2115","0","0","0","N","0","0","0","3","02115","0","","1.0","1830.0","1","N","N","N","0","","0","0","1","3","2","N","","2","0","0","0","0","0","0","2","0","2","","","","N","","","","","","","","","",""
"2020111688","2355","2","0","0","0","0","0","0","0","0","1","0","","02","12","2020","3","40.429811","-79.957114","2340","11","0","1","0","0","0","0","0","0","","0","0","0","","","0","N","0","","40 25:47.321","3","0","79 57:25.611","0","0","0","0","2301","0","0","0","N","0","0","0","3","68B03","0","","7.0","18.0","1","N","N","N","0","","0","0","0","0","0","N","","2","0","0","0","0","0","0","2","0","2","","03","","N","","","","","","","","","",""
"2020108760","1720","1","0","0","0","0","0","0","0","0","1","0","","02","12","2020","4","40.456172","-79.965638","1700","11","0","0","0","0","0","0","0","0","","0","0","0","","","0","N","0","","40 27:22.219","","0","79 57:56.298","9","0","0","0","2301","0","0","0","N","0","0","0","2","02301","0","","1.0","","7","N","N","N","0","","0","0","1","0","0","","","2","0","0","0","0","0","1","2","0","2","","02","","N","","","","","","","","","",""
"2020100395","0110","1","0","0","0","0","0","0","0","0","2","0","","02","11","2020","2","40.439607","-80.089634","0109","11","0","0","0","0","0","0","0","0","","0","0","0","","","0","N","0","","40 26:22.586","","0","80 05:22.682","9","0","0","0","2115","0","0","0","N","0","0","0","2","02115","0","","5.0","","1","N","N","N","0","","0","0","0","0","0","","","1","0","0","0","0","0","2","2","0","1","","","","N","","","","","","","","","",""
"2020070590","0056","1","0","0","0","0","0","0","0","0","5","0","","02","8","2020","2","40.443675","-80.027823","0055","11","0","0","0","0","0","0","0","0","","0","0","0","","","0","N","1","","40 26:37.230","4","0","80 01:40.164","0","0","0","0","2301","0","0","0","N","0","0","0","5","02301","0","","1.0","129.0","1","N","N","N","1","","0","0","0","3","2","N","","2","0","0","0","0","0","0","2","0","2","","03","","N","","","","","","","","","",""
"2020075423","1543","1","0","0","0","0","0","0","0","0","1","0","","02","9","2020","6","40.368293","-80.012441","1539","11","0","0","0","0","0","1","0","0","","0","0","0","","","0","N","0","","40 22:05.855","","0","80 00:44.786","0","0","0","0","2416","0","0","0","N","0","0","0","3","02416","0","","1.0","","1","N","N","N","0","","0","0","2","0","0","","","3","0","0","0","0","0","0","2","0","3","","03","","N","","","","","","","","","",""
"2020074412","1630","0","0","0","0","0","0","0","0","0","1","0","","02","9","2020","5","40.420546","-80.038858","1612","11","0","0","0","0","0","0","0","0","","0","0","0","","","0","N","0","","40 25:13.965","4","0","80 02:19.887","0","0","0","0","2435","0","0","0","N","0","0","0","3","68B03","0","","1.0","1645.0","1","N","N","N","1","","0","0","1","0","0","N","","2","0","0","0","0","0","0","2","0","2","","03","","N","","","","","","","","","",""