"CRN","ARRIVAL_TM","AUTOMOBILE_COUNT","BELTED_DEATH_COUNT","BELTED_SUSP_SERIOUS_INJ_COUNT","BICYCLE_COUNT","BICYCLE_DEATH_COUNT","BICYCLE_SUSP_SERIOUS_INJ_COUNT","BUS_COUNT","CHLDPAS_DEATH_COUNT","CHLDPAS_SUSP_SERIOUS_INJ_COUNT","COLLISION_TYPE","COMM_VEH_COUNT","CONS_ZONE_SPD_LIM","COUNTY","CRASH_MONTH","CRASH_YEAR","DAY_OF_WEEK","DEC_LATITUDE","DEC_LONGITUDE","DISPATCH_TM","DISTRICT","DRIVER_COUNT_16YR","DRIVER_COUNT_17YR","DRIVER_COUNT_18YR","DRIVER_COUNT_19YR","DRIVER_COUNT_20YR","DRIVER_COUNT_50_64YR","DRIVER_COUNT_65_74YR","DRIVER_COUNT_75PLUS","EST_HRS_CLOSED","FATAL_COUNT","HEAVY_TRUCK_COUNT","HORSE_BUGGY_COUNT","HOUR_OF_DAY","ILLUMINATION","INJURY_COUNT","INTERSECTION_RELATED","INTERSECT_TYPE","LANE_CLOSED","LATITUDE","LN_CLOSE_DIR","LOCATION_TYPE","LONGITUDE","MAX_SEVERITY_LEVEL","MCYCLE_DEATH_COUNT","MCYCLE_SUSP_SERIOUS_INJ_COUNT","MOTORCYCLE_COUNT","MUNICIPALITY","NONMOTR_COUNT","NONMOTR_DEATH_COUNT","NONMOTR_SUSP_SERIOUS_INJ_COUNT","NTFY_HIWY_MAINT","PED_COUNT","PED_DEATH_COUNT","PED_SUSP_SERIOUS_INJ_COUNT","PERSON_COUNT","POLICE_AGCY","POSSIBLE_INJ_COUNT","RDWY_SURF_TYPE_CD","RELATION_TO_ROAD","ROADWAY_CLEARED","ROAD_CONDITION","SCH_BUS_IND","SCH_ZONE_IND","SECONDARY_CRASH","SMALL_TRUCK_COUNT","SPEC_JURIS_CD","SUSP_MINOR_INJ_COUNT","SUSP_SERIOUS_INJ_COUNT","SUV_COUNT","TCD_FUNC_CD","TCD_TYPE","TFC_DETOUR_IND","TIME_OF_DAY","TOTAL_UNITS","TOT_INJ_COUNT","UNBELTED_OCC_COUNT","UNB_DEATH_COUNT","UNB_SUSP_SERIOUS_INJ_COUNT","UNK_INJ_DEG_COUNT","UNK_INJ_PER_COUNT","URBAN_RURAL","VAN_COUNT","VEHICLE_COUNT","WEATHER1","WEATHER2","WORKERS_PRES","WORK_ZONE_IND","WORK_ZONE_LOC","WORK_ZONE_TYPE","WZ_CLOSE_DETOUR","WZ_FLAGGER","WZ_LAW_OFFCR_IND","WZ_LN_CLOSURE","WZ_MOVING","WZ_OTHER","WZ_SHLDER_MDN","WZ_WORKERS_INJ_KILLED"
"2020071740","2118","1","0","0","0","0","0","0","0","0","1","0","","02","9","2020","4","40.453157","-80.003775","2110","11","0","0","0","0","0","0","0","0","","0","0","0","","","1","","2","","40 27:11.366","","0","80 00:13.591","8","0","0","0","2301","0","0","0","N","0","0","0","3","02301","0","","1.0","","1","N","N","N","0","","0","0","1","","2","","","2","1","2","0","0","1","0","2","0","2","","03","","N","","","","","","","","","",""
"2020074332","1158","1","0","0","0","0","0","0","0","0","2","0","","02","9","2020","6","40.426479","-79.993488","1152","11","0","0","0","0","0","1","0","0","","0","0","0","","","2","N","0","","40 25:35.325","7","0","79 59:36.557","3","0","0","0","2301","0","0","0","N","0","0","0","2","02301","0","","1.0","1230.0","1","N","N","N","1","","2","0","0","","0","Y","","2","2","0","0","0","0","0","2","0","2","","04","","N","","","","","","","","","",""
"2020074599","2230","2","0","0","0","0","0","0","0","0","1","0","","02","9","2020","6","40.409424","-80.081716","2228","11","0","0","0","0","0","0","0","1","","0","0","0","","","2","N","1","","40 24:33.927","","0","80 04:54.178","8","0","0","0","2415","0","0","0","N","0","0","0","3","02415","0","","1.0","","1","N","N","N","0","","0","0","1","","2","","","3","2","0","0","0","2","1","2","0","3","","03","","N","","","","","","","","","",""
"2020107491","1432","1","0","0","0","0","0","0","0","0","7","0","","02","12","2020","1","40.465186","-79.729838","1421","11","0","0","0","1","0","0","0","0","","0","0","0","","","0","N","0","","40 27:54.671","","0","79 43:47.417","0","0","0","0","2466","0","0","0","N","0","0","0","1","02466","0","","5.0","","1","N","N","N","0","","0","0","0","","0","","","1","0","0","0","0","0","0","2","0","1","","","","N","","","","","","","","","",""
"2020105804","0824","0","0","0","0","0","0","0","0","0","4","0","","02","12","2020","3","40.449568","-80.111034","0807","11","0","0","0","0","0","1","0","0","","0","0","0","","","0","N","0","","40 26:58.445","2","0","80 06:39.724","0","0","0","0","2115","0","0","0","N","0","0","0","3","68B03","0","","1.0","859.0","9","N","N","N","1","","0","0","1","","0","N","","2","0","0","0","0","0","0","2","0","2","","10","","N","","","","","","","","","",""
"2020105943","0439","1","0","0","0","0","0","0","0","0","98","0","","02","10","2020","7","40.577889","-80.095261","0431","11","0","0","0","0","0","0","0","0","","0","0","0","","","0","N","0","","40 34:40.400","","0","80 05:42.941","0","0","0","0","2481","0","0","0","N","0","0","0","1","68B03","0","","1.0","","1","N","N","N","0","","0","0","0","","0","","","1","0","0","0","0","0","0","2","0","1","","","","N","","","","","","","","","",""
"2020106391","1629","2","0","0","0","0","0","0","0","0","1","0","","02","12","2020","2","40.443778","-79.840522","1552","11","0","0","0","0","0","0","0","0","","0","0","0","","","0","N","0","","40 26:37.602","","0","79 50:25.878","0","0","0","0","2419","0","0","0","N","0","0","0","5","68B03","0","","1.0","","1","N","N","N","0","","0","0","0","","0","","","2","0","1","0","0","0","0","2","0","2","","03","","N","","","","","","","","","",""
"2020099222","1250","2","0","0","0","0","0","0","0","0","6","0","","02","11","2020","3","40.438899","-79.934128","1245","11","0","0","0","0","0","0","0","1","","0","0","0","","","0","N","1","","40 26:20.036","","0","79 56:02.860","0","0","0","0","2301","0","0","0","N","0","0","0","2","02301","0","","1.0","","1","N","N","N","0","","0","0","0","","0","","","2","0","0","0","0","0","0","2","0","2","","03","","N","","","","","","","","","",""
"2020072314","2308","0","0","0","0","0","0","0","0","0","7","0","","02","9","2020","5","40.400337","-79.903579","2308","11","0","0","0","0","0","0","0","0","","0","0","0","","","0","N","0","","40 24:01.212","","0","79 54:12.883","9","0","0","0","2448","0","0","0","N","0","0","0","1","02448","0","","5.0","","1","N","N","N","0","","0","0","1","","0","","","1","0","0","0","0","0","1","2","0","1","","","","N","","","","","","","","","",""
"2020107404","1058","2","0","0","0","0","0","0","0","0","4","0","","02","12","2020","1","40.538015","-79.83399","1057","11","1","0","0","0","0","0","1","0","","0","0","0","","","0","N","0","","40 32:16.854","","0","79 50:02.363","0","0","0","0","2208","0","0","0","N","0","0","0","3","02208","0","","1.0","","1","N","N","N","0","","0","0","0","","0","","","2","0","0","0","0","0","0","2","0","2","","04","","N","","","","","","","","","",""
"2020105456","1732","2","0","0","0","0","0","0","0","0","1","0","","02","12","2020","2","40.429999","-79.957723","1720","11","0","0","0","0","0","0","0","0","","0","0","0","","","1","","2","","40 25:47.997","","3","79 57:27.802","3","0","0","0","2301","0","0","0","N","0","0","0","2","02301","0","","1.0","","1","N","N","N","0","","1","0","0","","0","","","2","1","0","0","0","0","1","2","0","2","","03","","N","","","","","","","","","",""
"2020107728","1157","1","0","0","0","0","0","0","0","0","7","0","","02","12","2020","1","40.494904","-80.124593","1141","11","0","1","0","0","0","0","0","0","","0","0","0","","","1","N","0","","40 29:41.655","2","0","80 07:28.533","8","0","0","0","2115","0","0","0","N","0","0","0","1","68B03","0","","4.0","1230.0","1","N","N","N","0","","0","0","0","","0","N","","1","1","0","0","0","1","0","2","0","1","","03","","N","","","","","","","","","",""
"2020077188","0013","0","0","0","0","0","0","0","0","0","2","0","","02","9","2020","7","40.332196","-79.795523","0010","11","0","0","0","0","0","0","0","0","","0","0","0","","","1","N","0","","40 19:55.904","6","0","79 47:43.881","2","0","0","0","2477","0","0","0","N","0","0","0","1","02477","0","","5.0","130.0","1","N","N","N","0","","0","1","1","","0","Y","","1","1","1","0","1","0","0","2","0","1","","03","","N","","","","","","","","","",""
"2020109027","1355","0","0","0","0","0","0","0","0","0","4","0","","02","12","2020","4","40.331683","-79.919167","1309","11","0","0","0","0","0","1","0","0","","0","0","0","","","0","N","0","","40 19:54.060","","0","79 55:09.000","0","0","0","0","2473","0","0","0","N","0","0","0","1","02473","0","","2.0","","7","N","N","N","1","","0","0","1","","0","","","2","0","0","0","0","0","0","2","0","2","","04","","N","","","","","","","","","",""
"2020109275","1524","1","0","0","0","0","0","1","0","0","1","1","","02","12","2020","4","40.438552","-79.985343","1516","11","0","0","0","1","0","0","0","0","","0","0","0","","","0","N","0","","40 26:18.788","","0","79 59:07.233","0","0","0","0","2301","0","0","0","N","0","0","0","3","02503","0","","1.0","","7","N","N","N","0","","0","0","0","","0","","","2","0","0","0","0","0","0","2","0","2","","","","N","","","","","","","","","",""
"2020110047","2047","2","0","0","0","0","0","0","0","0","1","0","","02","12","2020","7","40.407126","-79.839996","2043","11","0","0","0","0","0","0","0","0","","0","0","0","","","3","N","0","","40 24:25.652","5","0","79 50:23.986","3","0","0","0","2417","0","0","0","N","0","0","0","3","02431","0","","1.0","2133.0","9","N","N","N","0","","3","0","0","","0","Y","","2","3","0","0","0","0","0","2","0","2","","","","N","","","","","","","","","",""
"2020097841","0447","1","0","0","0","0","0","0","0","0","5","0","","02","11","2020","2","40.415092","-79.874872","0446","11","0","0","0","0","0","0","0","0","","0","0","0","","","0","Y","0","","40 24:54.330","","0","79 52:29.540","0","0","0","0","2463","0","0","0","N","0","0","0","2","02463","0","","2.0","","1","N","N","N","0","","0","0","1","","0","N","","2","0","0","0","0","0","0","2","0","2","","03","","N","","","","","","","","","",""
"2020107466","1827","2","0","0","0","0","0","0","0","0","1","0","","02","11","2020","1","40.523813","-80.071906","1823","11","0","0","0","0","0","0","0","0","","0","0","0","","","0","","2","","40 31:25.726","","0","80 04:18.861","0","0","0","0","2215","0","0","0","N","0","0","0","3","02215","0","","1.0","","9","N","N","N","0","","0","0","0","","2","","","2","0","0","0","0","0","0","2","0","2","","03","","N","","","","","","","","","",""
"2020102579","0923","2","0","0","0","0","0","0","0","0","1","0","","02","11","2020","2","40.438767","-79.74994","0919","11","0","0","0","0","0","0","1","0","","0","0","0","","","0","N","0","","40 26:19.562","","0","79 44:59.784","0","0","0","0","2446","0","0","0","N","0","0","0","2","02446","0","","1.0","","9","N","N","N","0","","0","0","0","","0","","","2","0","0","0","0","0","0","2","0","2","","07","","N","","","","","","","","","",""
"2020111241","0559","1","0","0","0","0","0","0","0","0","2","0","","02","12","2020","4","40.323081","-79.820283","0553","11","0","0","0","0","0","1","0","0","","0","0","0","","","0","Y","0","","40 19:23.093","","0","79 49:13.020","0","0","0","0","2304","0","0","0","N","0","0","0","1","02304","0","","4.0","","2","N","N","N","0","","0","0","0","","0","N","","1","0","0","0","0","0","0","2","0","1","","03","","N","","","","","","","","","",""
"2020078239","0137","1","0","0","0","0","0","0","0","0","7","0","","02","9","2020","1","40.428222","-79.927003","0133","11","0","0","0","0","0","0","0","0","","0","0","0","","","0","N","0","","40 25:41.598","4","4","79 55:37.212","0","0","0","0","2301","0","0","0","N","0","0","0","2","68B03","0","","3.0","220.0","1","N","N","N","0","","0","0","0","","0","N","","1","0","1","0","0","0","0","2","0","1","","","","N","","","","","","","","","",""
"2020106411","0628","1","0","0","0","0","0","0","0","0","7","0","","02","12","2020","4","40.638395","-80.051658","0624","11","0","0","0","0","0","0","0","0","","0","0","0","","","0","","2","","40 38:18.221","","0","80 03:05.967","0","0","0","0","2216","0","0","0","Y","0","0","0","0","02505","0","","4.0","","1","N","N","N","0","","0","0","0","","0","","","1","0","0","0","0","0","0","2","0","1","","","","N","","","","","","","","","",""
"2020075823","1833","0","0","0","0","0","0","0","0","0","4","0","","02","9","2020","6","40.310553","-79.826666","1833","11","0","0","0","0","0","1","0","0","","0","0","0","","","1","","1","","40 18:37.992","","0","79 49:35.996","2","0","1","1","2105","0","0","0","N","0","0","0","2","02105","0","","1.0","","1","N","N","N","0","","0","1","1","","2","","","2","1","0","0","0","0","0","2","0","2","","03","","N","","","","","","","","","",""
"2020075603","2152","0","0","0","0","0","0","0","0","0","0","0","","02","9","2020","2","40.48251","-79.702869","2147","11","0","0","0","0","0","0","0","0","","0","0","0","","","1","N","0","","40 28:57.036","","0","79 42:10.327","3","0","0","1","2466","0","0","0","N","0","0","0","1","02466","0","","5.0","","1","N","N","Y","0","","1","0","0","","0","","","1","1","0","0","0","0","0","2","0","1","","03","","N","","","","","","","","","",""
"2020072795","1356","1","0","0","0","0","0","0","0","0","4","0","","02","9","2020","1","40.389708","-79.933338","1332","11","0","0","0","0","0","2","0","0","","0","0","0","","","0","N","1","","40 23:22.947","2","2","79 56:00.018","0","0","0","0","2301","0","0","0","N","0","0","0","5","02301","0","","1.0","1400.0","1","N","N","N","0","","0","0","0","","2","N","","2","0","0","0","0","0","0","2","1","2","","03","","N","","","","","","","","","",""
"2020071609","1543","1","0","0","0","0","0","0","0","0","1","0","","02","9","2020","4","40.645515","-80.054602","1532","11","0","1","0","0","0","0","0","0","","0","0","0","","","0","N","0","","40 38:43.853","4","0","80 03:16.567","0","0","0","0","2216","0","0","0","N","0","0","0","2","02505","0","","1.0","1559.0","9","N","N","N","0","","0","0","1","","0","N","","2","0","0","0","0","0","0","2","0","2","","04","","N","","","","","","","","","",""
"2020105789","0926","1","0","0","0","0","0","0","0","0","1","0","","02","11","2020","6","40.429089","-79.940807","0918","11","0","0","0","1","0","0","0","0","","0","0","0","","","0","N","0","","40 25:44.721","3","0","79 56:26.904","0","0","0","0","2301","0","0","0","N","0","0","0","2","68B03","0","","1.0","958.0","1","N","N","N","0","","0","0","1","","0","N","","2","0","1","0","0","0","0","2","0","2","","03","","N","","","","","","","","","",""
"2020074671","1153","1","0","0","0","0","0","0","0","0","2","0","","02","9","2020","7","40.449839","-79.929647","1141","11","0","0","0","0","0","0","0","0","","0","0","0","","","0","N","1","","40 26:59.420","3","0","79 55:46.729","0","0","0","0","2301","0","0","0","N","0","0","0","2","02301","0","","1.0","1200.0","1","N","N","N","0","","0","0","1","","2","Y","","2","0","0","0","0","0","0","2","0","2","","04","","N","","","","","","","","","",""
"2020109808","1506","0","0","0","0","0","0","0","0","0","4","1","","02","12","2020","4","40.410765","-80.081526","1453","11","0","0","0","0","0","0","0","0","","0","1","0","","","0","N","2","","40 24:38.755","3","0","80 04:53.493","0","0","0","0","2415","0","0","0","N","0","0","0","2","02415","0","","1.0","1506.0","7","N","N","N","0","","0","0","1","","3","N","","2","0","0","0","0","0","0","2","0","2","","","","N","","","","","","","","","",""
"2020071433","1134","1","0","0","0","0","0","0","0","0","1","0","","02","9","2020","4","40.633783","-80.059976","1129","11","0","0","0","0","0","1","0","0","","0","0","0","","","1","Y","0","","40 38:01.618","2","0","80 03:35.912","8","0","0","0","2216","0","0","0","N","0","0","0","2","02505","0","","1.0","1202.0","1","N","N","N","0","","0","0","1","","2","N","","2","1","0","0","0","1","0","2","0","2","","","","N","","","","","","","","","",""
"2020095683","9999","1","0","0","0","0","0","0","0","0","7","0","","02","9","2020","7","40.512645","-80.03949","1546","11","0","0","0","0","0","0","0","0","","0","0","0","","","0","N","0","","40 30:45.521","5","0","80 02:22.164","0","0","0","0","2116","0","0","0","N","0","0","0","1","02116","0","","5.0","9999.0","1","N","N","N","0","","0","0","0","","0","Y","","1","0","0","0","0","0","0","2","0","1","","","","N","","","","","","","","","",""
"2020110043","1910","1","0","0","0","0","0","0","0","0","1","0","","02","12","2020","7","40.419614","-79.850055","1908","11","0","0","0","0","0","0","0","0","","0","0","0","","","0","N","0","","40 25:10.610","4","0","79 51:00.197","0","0","0","0","2431","0","0","0","N","0","0","0","1","02431","0","","1.0","1917.0","1","N","N","N","0","","0","0","0","","2","N","","2","0","0","0","0","0","0","2","0","1","","","","N","","","","","","","","","",""
"2020073536","1533","0","0","0","0","0","0","0","0","0","1","0","","02","9","2020","4","40.457272","-79.997846","1533","11","0","0","0","0","0","0","0","0","","0","0","0","","","1","","1","","40 27:26.180","1","0","79 59:52.245","3","0","0","0","2301","0","0","0","N","0","0","0","3","02301","0","","1.0","1559.0","1","N","N","Y","0","","1","0","3","","2","N","","3","1","0","0","0","0","0","2","0","3","","03","","N","","","","","","","","","",""
"2020068945","2049","1","0","0","0","0","0","0","0","0","2","0","","02","7","2020","6","40.382984","-79.85741","2045","11","0","0","0","0","0","0","0","1","","0","0","0","","","1","N","2","","40 22:58.744","1","99","79 51:26.676","8","0","0","0","2303","0","0","0","N","0","0","0","2","02303","0","","1.0","2110.0","1","N","N","N","0","","0","0","1","","2","N","","2","1","0","0","0","1","0","2","0","2","","03","","N","","","","","","","","","",""
"2020075016","1839","3","0","0","0","0","0","0","0","0","2","0","","02","9","2020","1","40.457938","-80.026206","1828","11","0","0","0","0","0","0","0","0","","0","0","0","","","0","N","0","","40 27:28.578","","0","80 01:34.340","0","0","0","0","2301","0","0","0","N","0","0","0","1","02301","0","","6.0","","1","N","N","N","0","","0","0","0","","0","","","4","0","0","0","0","0","0","2","1","4","","03","","N","","","","","","","","","",""
"2020073397","1935","2","0","0","0","0","0","0","0","0","1","0","","02","9","2020","3","40.332686","-79.985055","1924","11","0","0","0","0","0","0","0","0","","0","0","0","","","0","N","0","","40 19:57.670","2","0","79 59:06.199","0","0","0","0","2403","0","0","0","N","0","0","0","2","02403","0","","1.0","1957.0","1","N","N","N","0","","0","0","0","","0","N","","2","0","0","0","0","0","0","2","0","2","","","","N","","","","","","","","","",""
"2020071865","1125","2","0","0","0","0","0","0","0","0","2","0","","02","9","2020","5","40.476056","-80.02993","1120","11","0","0","0","0","1","1","0","0","","0","0","0","","","0","","2","","40 28:33.801","","0","80 01:47.747","0","0","0","0","2301","0","0","0","N","0","0","0","2","02301","0","","1.0","","9","N","N","N","0","","0","0","0","","0","","","2","0","0","0","0","0","0","2","0","2","","","","N","","","","","","","","","",""
"2020105094","2011","1","0","0","0","0","0","0","0","0","4","0","","02","12","2020","7","40.537434","-79.837162","2008","11","0","0","0","0","0","1","0","0","","0","0","0","","","1","N","0","","40 32:14.764","2","6","79 50:13.784","3","0","0","0","2208","0","0","0","Y","0","0","0","2","02208","0","","1.0","2057.0","9","N","N","N","0","","1","0","1","","0","Y","","2","1","0","0","0","0","0","2","0","2","","04","","N","","","","","","","","","",""
"2020033232","1200","1","0","0","0","0","0","0","0","0","2","0","","02","4","2020","6","40.63477","-79.939791","1106","11","0","0","0","0","0","1","0","0","","0","0","0","","","3","N","1","","40 38:05.172","2","0","79 56:23.249","3","0","0","0","2217","0","0","0","N","0","0","0","3","02501","0","","1.0","1435.0","9","N","N","N","0","","2","0","1","","2","N","","2","3","1","0","0","1","0","2","0","2","","","","N","","","","","","","","","",""
"2020111036","1814","0","0","0","0","0","0","0","0","0","2","0","","02","12","2020","3","40.36821","-79.779543","1810","11","0","0","0","0","0","0","0","0","","0","0","0","","","0","Y","0","","40 22:05.557","","7","79 46:46.355","0","0","0","0","2111","0","0","0","N","0","0","0","2","02111","0","","1.0","","1","N","N","N","0","","0","0","2","","0","","","2","0","0","0","0","0","0","2","0","2","","","","N","","","","","","","","","",""
"2020107244","1755","1","0","0","0","0","0","0","0","0","7","0","","02","12","2020","6","40.438026","-79.997688","1745","11","0","0","0","0","0","0","0","0","","0","0","0","","","0","","1","","40 26:16.895","2","0","79 59:51.678","0","0","0","0","2301","0","0","0","N","0","0","0","1","02301","0","","1.0","1900.0","1","N","N","N","0","","0","0","0","","2","Y","","1","0","0","0","0","0","0","2","0","1","","03","","N","","","","","","","","","",""
"2020107187","1727","1","0","0","0","0","0","0","0","0","5","0","","02","11","2020","4","40.436257","-79.97419","1650","11","0","0","0","0","0","0","0","0","","0","0","0","","","0","N","0","","40 26:10.525","","0","79 58:27.084","9","0","0","0","2301","0","0","0","N","0","0","0","2","68B03","0","","1.0","","9","N","N","N","0","","0","0","0","","0","","","2","0","0","0","0","0","1","2","0","2","","","","N","","","","","","","","","",""
"2020071200","1730","2","0","0","0","0","0","0","0","0","2","0","","02","8","2020","2","40.325668","-79.839367","1727","11","0","0","0","0","0","0","0","0","","0","0","0","","","0","N","0","","40 19:32.404","","0","79 50:21.720","0","0","0","0","2304","0","0","0","N","0","0","0","2","02304","0","","1.0","","1","N","N","N","0","","0","0","0","","2","","","2","0","0","0","0","0","0","2","0","2","","03","","N","","","","","","","","","",""
"2020071883","1154","0","0","0","0","0","0","0","0","0","2","0","","02","9","2020","5","40.490425","-79.897178","1151","11","0","0","0","0","0","0","0","1","","0","0","0","","","1","Y","0","","40 29:25.530","5","7","79 53:49.840","3","0","0","0","2401","0","0","0","N","0","0","0","1","02401","0","","1.0","1228.0","9","N","N","N","0","","1","0","2","","3","N","","2","1","0","0","0","0","0","2","0","2","","","","N","","","","","","","","","",""
"2020029113","0502","1","0","0","0","0","0","0","0","0","98","0","","02","3","2020","3","40.496166","-79.913778","0500","11","0","0","0","0","0","0","0","0","","0","0","0","","","0","N","0","","40 29:46.197","1","0","79 54:49.600","0","0","0","0","2112","0","0","0","N","0","0","0","1","02112","0","","3.0","600.0","98","N","N","N","0","","0","0","0","","0","N","","1","0","0","0","0","0","0","2","0","1","","","","N","","","","","","","","","",""
"2020070088","1949","2","0","0","0","0","0","0","0","0","1","0","","02","8","2020","3","40.437571","-79.965231","1949","11","0","0","0","0","0","0","0","0","","0","0","0","","","0","N","1","","40 26:15.255","","0","79 57:54.830","0","0","0","0","2301","0","0","0","N","0","0","0","2","02513","0","","1.0","","1","N","N","N","0","","0","0","0","","0","N","","2","0","0","0","0","0","0","2","0","2","","03","","N","","","","","","","","","",""
"2020107731","1609","0","0","0","0","0","0","0","0","0","7","0","","02","12","2020","3","40.439439","-80.010225","1553","11","0","0","0","0","0","1","0","0","","0","0","0","","","0","N","7","","40 26:21.982","1","3","80 00:36.809","0","0","0","0","2301","0","0","0","N","0","0","0","1","68B03","0","","4.0","1615.0","1","N","N","N","0","","0","0","1","","0","N","","1","0","0","0","0","0","0","2","0","1","","03","","N","","","","","","","","","",""
"2020108882","1959","1","0","0","0","0","0","0","0","0","7","0","","02","12","2020","4","40.466885","-80.025028","1959","11","0","0","0","0","0","0","0","0","","0","0","0","","","0","","1","","40 28:00.786","","0","80 01:30.099","0","0","0","0","2301","0","0","0","N","0","0","0","1","02301","0","","5.0","","7","N","N","N","0","","0","0","0","","0","","","1","0","0","0","0","0","0","2","0","1","","04","","N","","","","","","","","","",""
"2020072899","1134","1","0","0","0","0","0","0","0","0","7","0","","02","9","2020","5","40.427563","-79.890633","1125","11","0","0","0","0","0","1","0","0","","0","0","0","","","0","N","0","","40 25:39.228","3","0","79 53:26.277","0","0","0","0","2301","0","0","0","N","0","0","0","1","68B03","0","","4.0","1200.0","9","N","N","N","0","","0","0","0","","0","N","","1","0","0","0","0","0","0","2","0","1","","07","","N","","","","","","","","","",""
"2020106284","1700","1","0","0","0","0","0","0","0","0","7","0","","02","12","2020","3","40.507144","-80.167969","1628","11","0","0","0","0","1","0","0","0","","0","0","0","","","0","N","0","","40 30:25.720","7","0","80 10:04.690","0","0","0","0","2213","0","0","0","N","0","0","0","1","02213","0","","5.0","200.0","7","N","N","N","0","","0","0","0","","0","Y","","1","0","0","0","0","0","0","2","0","1","","","","N","","","","","","","","","",""
"2020071177","1235","1","0","0","0","0","0","0","0","0","4","0","","02","9","2020","3","40.333192","-79.946184","1233","11","0","0","0","0","0","0","0","0","","0","0","0","","","0","Y","0","","40 19:59.492","1","7","79 56:46.262","0","0","0","0","2454","0","0","0","N","0","0","0","2","02454","0","","1.0","1300.0","1","N","N","N","0","","0","0","1","","3","N","","2","0","0","0","0","0","0","2","0","2","","03","","N","","","","","","","","","",""
"2020075324","0034","1","0","0","0","0","0","0","0","0","1","0","","02","9","2020","4","40.433462","-79.96275","0030","11","0","0","0","0","0","1","0","0","","0","0","0","","","2","N","0","","40 26:00.463","4","0","79 57:45.899","3","0","0","0","2301","0","0","0","N","0","0","0","5","68B03","0","","1.0","100.0","9","N","N","N","0","","2","0","1","","0","N","","2","2","0","0","0","0","0","2","0","2","","03","","N","","","","","","","","","",""
"2020071869","0836","0","0","0","0","0","0","0","0","0","7","0","","02","9","2020","5","40.434928","-79.990831","0832","11","0","0","0","0","0","1","0","0","","0","0","0","","","1","N","0","","40 26:05.741","1","0","79 59:26.991","3","0","0","0","2301","0","0","0","N","0","0","0","2","02301","0","","4.0","915.0","9","N","N","N","1","","1","0","0","","0","N","","1","1","0","0","0","0","0","2","0","1","","","","N","","","","","","","","","",""
"2020105222","2118","1","0","0","0","0","0","0","0","0","7","0","","02","12","2020","7","40.515488","-80.022737","2117","11","0","0","0","0","0","0","0","0","","0","0","0","","","0","N","0","","40 30:55.757","6","0","80 01:21.852","0","0","0","0","2474","0","0","0","N","0","0","0","1","02474","0","","2.0","2215.0","1","N","N","N","0","","0","0","0","","0","Y","","1","0","0","0","0","0","0","2","0","1","","","","N","","","","","","","","","",""
"2020061752","1645","1","0","0","0","0","0","0","0","0","1","0","","02","7","2020","2","40.373156","-80.119121","1640","11","0","1","0","0","0","0","0","0","","0","0","0","","","0","N","0","","40 22:23.360","","0","80 07:08.836","0","0","0","0","2102","0","0","0","N","0","0","0","2","02102","0","","1.0","","1","N","N","N","1","","0","0","0","","0","","","2","0","0","0","0","0","0","2","0","2","","03","","N","","","","","","","","","",""
"2020103732","2300","0","0","0","0","0","0","0","0","0","7","0","","02","12","2020","3","40.392956","-79.997313","2247","11","0","0","0","0","0","0","0","0","","0","1","0","","","0","N","2","","40 23:34.643","","0","79 59:50.327","0","0","0","0","2301","0","0","0","N","0","0","0","2","02301","0","","5.0","","2","N","N","N","0","","0","0","0","","0","","","1","0","0","0","0","0","0","2","0","1","","98","","N","","","","","","","","","",""
"2020109697","1435","1","0","0","0","0","0","0","0","0","1","0","","02","12","2020","6","40.458149","-79.875783","1431","11","0","0","0","0","0","1","0","0","","0","0","0","","","1","N","2","","40 27:29.337","4","0","79 52:32.820","3","0","0","0","2301","0","0","0","N","0","0","0","3","02301","0","","1.0","1540.0","9","N","N","N","0","","1","0","1","","0","N","","2","1","0","0","0","0","0","2","0","2","","98","","N","","","","","","","","","",""
"2020105818","1923","1","0","0","0","0","0","0","0","0","7","0","","02","12","2020","4","40.584224","-80.102918","1900","11","0","0","0","0","0","0","0","0","","0","0","0","","","0","N","0","","40 35:03.208","","0","80 06:10.505","0","0","0","0","2481","0","0","0","Y","0","0","0","1","68B03","0","","4.0","","1","N","N","N","0","","0","0","0","","0","","","1","0","0","0","0","0","0","2","0","1","","03","","N","","","","","","","","","",""
"2020071545","1548","1","0","0","0","0","0","0","0","0","7","0","","02","9","2020","3","40.457847","-79.963869","1546","11","0","0","0","0","0","0","0","0","","0","0","0","","","0","N","0","","40 27:28.250","7","0","79 57:49.930","0","0","0","0","2301","0","0","0","N","0","0","0","1","02301","0","","2.0","1620.0","1","N","N","N","0","","0","0","0","","0","Y","","1","0","0","0","0","0","0","2","0","1","","03","","N","","","","","","","","","",""
"2020094507","1900","2","0","0","0","0","0","0","0","0","5","0","","02","11","2020","6","40.448557","-80.062856","1844","11","0","0","0","0","0","1","0","0","","0","0","0","","","0","","1","","40 26:54.805","","0","80 03:46.282","0","0","0","0","2301","0","0","0","N","0","0","0","2","02301","0","","1.0","","1","N","N","N","0","","0","0","0","","3","","","2","0","0","0","0","0","0","2","0","2","","03","","N","","","","","","","","","",""