"CRN","ARRIVAL_TM","AUTOMOBILE_COUNT","BELTED_DEATH_COUNT","BELTED_SUSP_SERIOUS_INJ_COUNT","BICYCLE_COUNT","BICYCLE_DEATH_COUNT","BICYCLE_SUSP_SERIOUS_INJ_COUNT","BUS_COUNT","CHLDPAS_DEATH_COUNT","CHLDPAS_SUSP_SERIOUS_INJ_COUNT","COLLISION_TYPE","COMM_VEH_COUNT","CONS_ZONE_SPD_LIM","COUNTY","CRASH_MONTH","CRASH_YEAR","DAY_OF_WEEK","DEC_LATITUDE","DEC_LONGITUDE","DISPATCH_TM","DISTRICT","DRIVER_COUNT_16YR","DRIVER_COUNT_17YR","DRIVER_COUNT_18YR","DRIVER_COUNT_19YR","DRIVER_COUNT_20YR","DRIVER_COUNT_50_64YR","DRIVER_COUNT_65_74YR","DRIVER_COUNT_75PLUS","EST_HRS_CLOSED","FATAL_COUNT","HEAVY_TRUCK_COUNT","HORSE_BUGGY_COUNT","HOUR_OF_DAY","ILLUMINATION","INJURY_COUNT","INTERSECTION_RELATED","INTERSECT_TYPE","LANE_CLOSED","LATITUDE","LN_CLOSE_DIR","LOCATION_TYPE","LONGITUDE","MAX_SEVERITY_LEVEL","MCYCLE_DEATH_COUNT","MCYCLE_SUSP_SERIOUS_INJ_COUNT","MOTORCYCLE_COUNT","MUNICIPALITY","NONMOTR_COUNT","NONMOTR_DEATH_COUNT","NONMOTR_SUSP_SERIOUS_INJ_COUNT","NTFY_HIWY_MAINT","PED_COUNT","PED_DEATH_COUNT","PED_SUSP_SERIOUS_INJ_COUNT","PERSON_COUNT","POLICE_AGCY","POSSIBLE_INJ_COUNT","RDWY_SURF_TYPE_CD","RELATION_TO_ROAD","ROADWAY_CLEARED","ROAD_CONDITION","SCH_BUS_IND","SCH_ZONE_IND","SECONDARY_CRASH","SMALL_TRUCK_COUNT","SPEC_JURIS_CD","SUSP_MINOR_INJ_COUNT","SUSP_SERIOUS_INJ_COUNT","SUV_COUNT","TCD_FUNC_CD","TCD_TYPE","TFC_DETOUR_IND","TIME_OF_DAY","TOTAL_UNITS","TOT_INJ_COUNT","UNBELTED_OCC_COUNT","UNB_DEATH_COUNT","UNB_SUSP_SERIOUS_INJ_COUNT","UNK_INJ_DEG_COUNT","UNK_INJ_PER_COUNT","URBAN_RURAL","VAN_COUNT","VEHICLE_COUNT","WEATHER1","WEATHER2","WORKERS_PRES","WORK_ZONE_IND","WORK_ZONE_LOC","WORK_ZONE_TYPE","WZ_CLOSE_DETOUR","WZ_FLAGGER","WZ_LAW_OFFCR_IND","WZ_LN_CLOSURE","WZ_MOVING","WZ_OTHER","WZ_SHLDER_MDN","WZ_WORKERS_INJ_KILLED"
"2020075122","1026","1","0","0","0","0","0","0","0","0","1","0","","02","9","2020","2","40.439521","-79.993396","1024","11","0","0","0","0","0","0","0","0","","0","0","0","","","0","Y","0","","40 26:22.274","1","0","79 59:36.226","0","0","0","0","2301","0","0","0","N","0","0","0","2","02301","0","","1.0","1100.0","1","N","N","N","0","","0","0","0","","0","Y","","2","0","0","0","0","0","0","2","1","2","","03","","N","","","","","","","","","",""
"2020105954","1029","1","0","0","0","0","0","0","0","0","1","0","","02","11","2020","4","40.432309","-79.960084","1029","11","0","0","0","0","0","0","1","0","","0","0","0","","","0","N","0","","40 25:56.312","4","0","79 57:36.303","0","0","0","0","2301","0","0","0","N","0","0","0","2","68B03","0","","1.0","1053.0","9","N","N","Y","1","","0","0","0","","0","N","","2","0","0","0","0","0","0","2","0","2","","","","N","","","","","","","","","",""
"2020071531","2001","1","0","0","0","0","0","0","0","0","7","0","","02","9","2020","3","40.400546","-79.83369","2000","11","0","0","0","0","0","0","0","0","","0","0","0","","","0","","2","","40 24:01.967","3","0","79 50:01.285","0","0","0","0","2467","0","0","0","N","0","0","0","1","02467","0","","5.0","2314.0","1","N","N","N","0","","0","0","0","","2","Y","","1","0","0","0","0","0","0","2","0","1","","","","N","","","","","","","","","",""
"2020106504","0749","1","0","0","0","0","0","1","0","0","6","1","","02","12","2020","5","40.439476","-80.010269","0745","11","0","0","0","0","0","1","0","0","","0","0","0","","","0","N","0","","40 26:22.115","4","3","80 00:36.969","0","0","0","0","2301","0","0","0","N","0","0","0","2","02503","0","","1.0","900.0","1","N","N","N","0","","0","0","0","","3","N","","2","0","0","0","0","0","0","2","0","2","","","","N","","","","","","","","","",""
"2020092786","1345","1","0","0","0","0","0","0","0","0","1","0","","02","11","2020","2","40.487531","-79.882689","1340","11","0","0","0","0","0","1","0","0","","0","0","0","","","0","","3","","40 29:15.111","","0","79 52:57.679","0","0","0","0","2112","0","0","0","N","0","0","0","3","02112","0","","1.0","","1","N","N","N","1","","0","0","0","","3","","","2","0","0","0","0","0","0","2","0","2","","","","N","","","","","","","","","",""
"2020105893","1630","0","0","0","0","0","0","0","0","0","7","0","","02","12","2020","3","40.470198","-79.960603","1619","11","0","0","0","0","0","0","0","0","","0","0","0","","","0","N","2","","40 28:12.713","","0","79 57:38.172","0","0","0","0","2301","0","0","0","N","0","0","0","2","02301","0","","1.0","","1","N","N","N","0","","0","0","1","","0","","","1","0","0","0","0","0","0","2","0","1","","03","","N","","","","","","","","","",""
"2020105051","0436","1","0","0","0","0","0","0","0","0","7","0","","02","11","2020","4","40.412309","-80.078088","0416","11","0","0","0","0","1","0","0","0","","0","0","0","","","0","N","7","","40 24:44.311","","2","80 04:41.118","0","0","0","0","2117","0","0","0","Y","0","0","0","1","68B03","0","","2.0","","1","N","N","N","0","","0","0","0","","0","","","1","0","0","0","0","0","0","2","0","1","","","","N","","","","","","","","","",""
"2020105140","2007","1","0","0","0","0","0","0","0","0","7","0","","02","12","2020","7","40.667564","-80.096603","2002","11","0","0","0","0","0","0","0","0","","0","0","0","","","0","N","1","","40 40:03.232","3","0","80 05:47.772","0","0","0","0","2212","0","0","0","Y","0","0","0","1","02505","0","","5.0","2045.0","9","N","N","N","0","","0","0","0","","2","Y","","1","0","0","0","0","0","0","2","0","1","","03","","N","","","","","","","","","",""
"2020003950","1859","2","0","0","0","0","0","0","0","0","4","0","","02","1","2020","7","40.491643","-79.881687","1857","11","0","0","0","0","0","1","0","0","","0","0","0","","","0","","2","","40 29:29.913","2","0","79 52:54.072","0","0","0","0","2112","0","0","0","N","0","0","0","3","02112","0","","1.0","1934.0","9","N","N","N","0","","0","0","0","","2","Y","","2","0","0","0","0","0","0","2","0","2","","","","N","","","","","","","","","",""
"2020104700","2305","0","0","0","0","0","0","0","0","0","7","0","","02","12","2020","6","40.467647","-80.003166","2257","11","0","0","0","0","0","0","0","0","","0","0","0","","","0","N","0","","40 28:03.528","","99","80 00:11.398","0","0","0","0","2301","0","0","0","N","0","0","0","1","02301","0","","9.0","","9","N","N","N","0","","0","0","1","","0","","","1","0","0","0","0","0","0","2","0","1","","","","N","","","","","","","","","",""
"2020105330","1110","1","0","0","0","0","0","0","0","0","5","0","","02","12","2020","2","40.438494","-79.983827","1105","11","0","0","0","0","0","1","0","0","","0","0","0","","","1","N","0","","40 26:18.579","","0","79 59:01.776","4","0","0","0","2301","0","0","0","N","0","0","0","2","02301","1","","1.0","","1","N","N","N","0","","0","0","1","","0","","","2","1","0","0","0","0","0","2","0","2","","03","","N","","","","","","","","","",""
"2020105894","1557","2","0","0","0","0","0","0","0","0","4","0","","02","12","2020","3","40.648504","-80.110934","1549","11","0","0","0","0","0","2","0","0","","0","0","0","","","0","","2","","40 38:54.616","4","0","80 06:39.363","0","0","0","0","2212","0","0","0","N","0","0","0","2","02505","0","","1.0","1614.0","1","N","N","N","0","","0","0","0","","3","N","","2","0","0","0","0","0","0","2","0","2","","03","","N","","","","","","","","","",""
"2020070973","0132","1","0","0","0","0","0","0","0","0","7","0","","02","9","2020","3","40.34678","-79.792446","0129","11","0","0","0","0","0","0","0","0","","0","0","0","","","0","","2","","40 20:48.408","","0","79 47:32.805","0","0","0","0","2477","0","0","0","N","0","0","0","1","02477","0","","2.0","","1","N","N","N","0","","0","0","0","","0","","","1","0","0","0","0","0","0","2","0","1","","03","","N","","","","","","","","","",""
"2020103512","2034","2","0","0","0","0","0","0","0","0","7","0","","02","12","2020","3","40.320365","-79.955392","2029","11","0","0","0","0","0","1","0","0","","0","0","0","","","0","Y","0","","40 19:13.314","6","0","79 57:19.411","0","0","0","0","2440","0","0","0","N","0","0","0","1","02440","0","","6.0","2200.0","7","N","N","N","0","","0","0","0","","0","N","","2","0","0","0","0","0","0","2","0","2","","","","N","","","","","","","","","",""
"2020072270","2119","1","0","0","0","0","0","0","0","0","7","0","","02","9","2020","5","40.640208","-79.952603","2106","11","0","0","0","0","0","0","0","0","","0","0","0","","","1","N","0","","40 38:24.750","4","0","79 57:09.370","3","0","0","0","2217","0","0","0","N","0","0","0","1","02505","0","","5.0","2153.0","1","N","N","N","0","","1","0","0","","0","Y","","1","1","0","0","0","0","0","2","0","1","","03","","N","","","","","","","","","",""
"2020104380","0844","0","0","0","0","0","0","0","0","0","2","0","","02","12","2020","6","40.347857","-79.974227","0844","11","0","0","0","0","0","0","0","0","","0","0","0","","","1","N","0","","40 20:52.284","","0","79 58:27.218","4","0","0","0","2403","0","0","0","N","0","0","0","4","02403","1","","1.0","","1","N","N","N","0","","0","0","2","","0","","","2","1","0","0","0","0","0","2","0","2","","03","","N","","","","","","","","","",""
"2020103452","1740","2","0","0","0","0","0","0","0","0","2","0","","02","12","2020","3","40.611534","-79.91481","1726","11","0","0","0","0","0","0","1","0","","0","0","0","","","1","N","0","","40 36:41.524","5","0","79 54:53.317","4","0","0","0","2220","0","0","0","N","0","0","0","2","02220","1","","2.0","1832.0","7","N","N","N","0","","0","0","0","","0","N","","2","1","0","0","0","0","0","2","0","2","","10","","N","","","","","","","","","",""
"2020105939","1619","1","0","0","0","0","0","0","0","0","4","0","","02","12","2020","3","40.347008","-79.83206","1619","11","0","0","0","0","0","0","0","1","","0","0","0","","","0","Y","0","","40 20:49.227","1","0","79 49:55.416","0","0","0","0","2304","0","0","0","N","0","0","0","2","02304","0","","1.0","1643.0","1","N","N","N","0","","0","0","1","","0","Y","","2","0","0","0","0","0","0","2","0","2","","04","","N","","","","","","","","","",""
"2020104413","1218","2","0","0","0","0","0","0","0","0","4","0","","02","12","2020","6","40.442814","-80.186364","1214","11","0","0","0","0","0","0","0","0","","0","0","0","","","1","N","0","","40 26:34.131","6","6","80 11:10.909","3","0","0","0","2214","0","0","0","N","0","0","0","2","02214","0","","1.0","1235.0","1","N","N","N","0","","1","0","0","","0","N","","2","1","0","0","0","0","0","2","0","2","","","","N","","","","","","","","","",""
"2020104860","2025","0","0","0","0","0","0","0","0","0","98","0","","02","12","2020","5","40.33277","-79.897285","2027","11","0","0","0","0","0","0","0","0","","0","0","0","","","0","N","0","","40 19:57.973","5","0","79 53:50.226","0","0","0","0","2473","0","0","0","N","0","0","0","1","02473","0","","1.0","2047.0","1","N","N","N","0","","0","0","1","","0","N","","1","0","0","0","0","0","0","2","0","1","","","","N","","","","","","","","","",""
"2020071097","1230","2","0","0","0","0","0","0","0","0","4","0","","02","9","2020","3","40.552783","-80.018862","1223","11","0","0","0","1","0","0","1","0","","0","0","0","","","2","N","2","","40 33:10.018","","7","80 01:07.903","4","0","0","0","2108","0","0","0","N","0","0","0","2","02108","2","","1.0","","1","N","N","N","0","","0","0","0","","3","","","2","2","0","0","0","0","0","2","0","2","","03","","N","","","","","","","","","",""
"2020072673","2142","0","0","0","0","0","0","0","0","0","7","0","","02","9","2020","5","40.320414","-80.0115","2136","11","0","0","0","0","0","0","0","0","","0","0","0","","","1","N","0","","40 19:13.490","","0","80 00:41.400","3","0","0","0","2407","0","0","0","N","0","0","0","1","02501","0","","5.0","","1","N","N","N","1","","1","0","0","","0","","","1","1","0","0","0","0","0","2","0","1","","","","N","","","","","","","","","",""
"2020102850","2058","1","0","0","0","0","0","0","0","0","98","0","","02","11","2020","2","40.402236","-80.041913","2055","11","0","0","0","0","0","0","0","1","","0","0","0","","","0","N","0","","40 24:08.050","2","0","80 02:30.886","0","0","0","0","2301","0","0","0","N","0","0","0","1","02301","0","","3.0","2153.0","9","N","N","N","0","","0","0","0","","0","N","","1","0","0","0","0","0","0","2","0","1","","06","","N","","","","","","","","","",""
"2020101447","1213","1","1","0","0","0","0","0","0","0","4","0","","02","11","2020","4","40.594372","-79.947849","1207","11","0","0","0","0","0","0","0","1","","1","0","0","","","1","N","0","","40 35:39.739","1","7","79 56:52.256","1","0","0","0","2207","0","0","0","N","0","0","0","5","02207","1","2","1.0","1302.0","9","N","N","N","1","0","0","0","1","","0","Y","","3","1","0","0","0","0","0","2","0","3","","","","N","","","","","","","","","",""
"2020106930","1515","1","0","0","0","0","0","0","0","0","4","0","","02","12","2020","3","40.469515","-80.245047","1515","11","0","0","0","1","0","0","0","0","","0","0","0","","","0","N","0","","40 28:10.254","","0","80 14:42.168","0","0","0","0","2203","0","0","0","N","0","0","0","6","68B03","0","","1.0","","2","N","N","N","0","","0","0","1","","0","","","2","0","0","0","0","0","0","2","0","2","","98","","N","","","","","","","","","",""
"2020072790","1230","0","0","0","0","0","0","0","0","0","1","0","","02","9","2020","5","40.539028","-79.839985","1228","11","0","0","0","0","0","1","0","0","","0","0","0","","","1","N","5","","40 32:20.499","","0","79 50:23.947","3","0","0","0","2208","0","0","0","N","0","0","0","2","02208","0","","1.0","","9","N","N","N","1","","1","0","0","","2","","","2","1","0","0","0","0","0","2","1","2","","07","","N","","","","","","","","","",""
"2020070556","2022","1","0","0","0","0","0","0","0","0","8","0","","02","8","2020","1","40.393733","-80.01997","2022","11","0","0","0","0","0","0","0","0","","0","0","0","","","1","","2","","40 23:37.438","","0","80 01:11.892","4","0","0","0","2301","1","0","0","N","1","0","0","3","02301","1","","1.0","","1","N","N","N","0","","0","0","0","","2","N","","2","1","0","0","0","0","0","2","0","1","","","","N","","","","","","","","","",""
"2020105471","1424","1","0","0","0","0","0","0","0","0","0","0","","02","11","2020","1","40.631446","-80.097711","1424","11","0","0","0","0","0","0","0","0","","0","0","0","","","0","N","0","","40 37:53.204","","0","80 05:51.760","0","0","0","0","2212","0","0","0","N","0","0","0","1","68B03","0","","1.0","","1","N","N","Y","0","","0","0","0","","0","","","1","0","0","0","0","0","0","2","0","1","","03","","N","","","","","","","","","",""
"2020106136","0737","2","0","0","0","0","0","0","0","0","4","0","","02","12","2020","4","40.416568","-79.973069","0732","11","0","0","0","0","0","0","0","0","","0","0","0","","","0","","1","","40 24:59.644","","0","79 58:23.048","0","0","0","0","2301","0","0","0","N","0","0","0","2","02301","0","","1.0","","1","N","N","N","0","","0","0","0","","0","","","2","0","0","0","0","0","0","2","0","2","","03","","N","","","","","","","","","",""
"2020105746","1138","0","0","0","0","0","0","0","0","0","7","0","","02","12","2020","5","40.337794","-80.045954","1135","11","0","0","0","0","0","0","0","0","","0","0","0","","","1","Y","0","","40 20:16.057","5","0","80 02:45.434","3","0","0","0","2407","0","0","0","N","0","0","0","1","02407","0","","2.0","1245.0","1","N","N","N","0","","1","0","0","","0","Y","","1","1","0","0","0","0","0","2","1","1","","","","N","","","","","","","","","",""
"2020070968","0030","1","0","0","0","0","0","0","0","0","7","0","","02","8","2020","2","40.394361","-79.801444","0005","11","0","0","0","0","0","0","0","0","","0","0","0","","","0","N","0","","40 23:39.700","","7","79 48:05.200","9","0","0","0","2479","0","0","0","N","0","0","0","1","02501","0","","4.0","","3","N","N","N","0","","0","0","0","","0","N","","1","0","0","0","0","0","1","2","0","1","","","","N","","","","","","","","","",""
"2020028217","0510","1","0","0","0","0","0","0","0","0","98","0","","02","3","2020","6","40.49088","-79.881414","0500","11","0","0","0","0","0","1","0","0","","0","0","0","","","0","N","0","","40 29:27.169","","0","79 52:53.090","0","0","0","0","2112","0","0","0","N","0","0","0","1","02112","0","","2.0","","8","N","N","N","0","","0","0","0","","0","","","1","0","0","0","0","0","0","2","0","1","","07","","N","","","","","","","","","",""
"2020095817","1741","2","0","0","0","0","0","0","0","0","5","0","","02","11","2020","3","40.391451","-80.016881","1729","11","0","0","0","0","0","0","0","0","","0","0","0","","","0","N","0","","40 23:29.222","","0","80 01:00.770","0","0","0","0","2301","0","0","0","N","0","0","0","2","02301","0","","1.0","","1","N","N","N","0","","0","0","0","","0","N","","2","0","0","0","0","0","0","2","0","2","","03","","N","","","","","","","","","",""
"2020074757","1717","1","0","0","0","0","0","0","0","0","2","0","","02","9","2020","7","40.426912","-80.022325","1717","11","0","0","0","1","0","1","0","0","","0","0","0","","","0","N","0","","40 25:36.884","1","7","80 01:20.371","0","0","0","0","2301","0","0","0","N","0","0","0","2","02301","0","","1.0","1745.0","1","N","N","N","0","","0","0","1","","0","N","","2","0","0","0","0","0","0","2","0","2","","03","","N","","","","","","","","","",""
"2020105800","1249","0","0","0","0","0","0","0","0","0","7","0","","02","11","2020","2","40.356887","-80.118044","1219","11","0","0","0","0","0","0","0","0","","0","0","0","","","0","N","0","","40 21:24.792","","2","80 07:04.958","0","0","0","0","2119","0","0","0","Y","0","0","0","1","68B03","0","","4.0","","9","N","N","N","0","","0","0","1","","0","","","1","0","0","0","0","0","0","2","0","1","","07","","N","","","","","","","","","",""
"2020106472","0713","1","0","0","0","0","0","1","0","0","1","1","","02","11","2020","6","40.400546","-79.83369","0710","11","0","0","0","0","0","0","1","0","","0","0","0","","","0","","1","","40 24:01.967","","0","79 50:01.285","0","0","0","0","2467","0","0","0","N","0","0","0","2","02467","0","","1.0","","1","Y","N","N","0","","0","0","0","","2","","","2","0","0","0","0","0","0","2","0","2","","04","","N","","","","","","","","","",""
"2020095278","1535","2","0","0","0","0","0","0","0","0","1","0","","02","11","2020","2","40.474235","-79.908209","1535","11","0","0","0","0","0","1","0","0","","0","0","0","","","1","","1","","40 28:27.247","1","0","79 54:29.551","4","0","0","0","2301","0","0","0","N","0","0","0","5","02301","1","","1.0","1555.0","1","N","N","Y","0","","0","0","1","","2","N","","3","1","0","0","0","0","0","2","0","3","","03","","N","","","","","","","","","",""
"2020093322","1044","0","0","0","0","0","0","0","0","0","98","0","","02","11","2020","4","40.438872","-79.761268","1036","11","0","0","0","0","0","0","1","0","","0","0","0","","","0","Y","0","","40 26:19.938","","0","79 45:40.564","0","0","0","0","2446","0","0","0","N","0","0","0","1","02446","0","","1.0","","1","N","N","N","0","","0","0","1","","2","","","2","0","0","0","0","0","0","2","0","1","","03","","N","","","","","","","","","",""
"2020104498","1646","2","0","0","0","0","0","0","0","0","4","0","","02","12","2020","3","40.449284","-79.884606","1631","11","0","0","0","0","0","0","0","0","","0","0","0","","","1","N","1","","40 26:57.424","","0","79 53:04.582","3","0","0","0","2301","0","0","0","N","0","0","0","2","02301","0","","1.0","","9","N","N","N","0","","1","0","0","","3","","","2","1","0","0","0","0","0","2","0","2","","03","","N","","","","","","","","","",""
"2020100613","0324","3","0","0","0","0","0","0","0","0","5","0","","02","11","2020","2","40.376512","-79.975493","0322","11","0","0","0","0","0","0","0","0","","0","0","0","","","0","","2","","40 22:35.443","","0","79 58:31.774","0","0","0","0","2413","0","0","0","N","0","0","0","1","02413","0","","4.0","","9","N","N","N","0","","0","0","0","","3","","","3","0","0","0","0","0","0","2","0","3","","","","N","","","","","","","","","",""
"2020070611","1436","1","0","0","0","0","0","0","0","0","1","0","","02","8","2020","4","40.350131","-79.987758","1436","11","0","0","0","0","1","0","0","1","","0","0","0","","","2","","2","","40 21:00.471","","0","79 59:15.928","3","0","0","0","2476","0","0","0","N","0","0","0","7","02476","0","","1.0","","1","N","N","N","1","","2","0","2","","0","","","4","2","0","0","0","0","0","2","0","4","","03","","N","","","","","","","","","",""
"2020096614","1019","1","0","0","0","0","0","0","0","0","1","0","","02","11","2020","6","40.326882","-80.076749","1019","11","0","0","0","0","0","1","1","0","","0","0","0","","","1","","1","","40 19:36.776","","0","80 04:36.295","3","0","0","0","2123","0","0","0","N","0","0","0","2","02123","0","","1.0","","1","N","N","N","0","","1","0","1","","0","","","2","1","0","0","0","0","0","2","0","2","","03","","N","","","","","","","","","",""
"2020054763","1954","0","0","0","0","0","0","0","0","0","7","0","","02","7","2020","1","40.435469","-79.99361","1946","11","0","0","0","0","0","0","0","0","","0","0","0","","","1","N","7","","40 26:07.689","","2","79 59:36.995","3","0","0","0","2301","0","0","0","N","0","0","0","2","02301","0","","2.0","","9","N","N","N","0","","1","0","1","","0","","","1","1","0","0","0","0","0","2","0","1","","98","","N","","","","","","","","","",""
"2020065115","1542","1","0","0","0","0","0","0","0","0","1","0","","02","8","2020","5","40.463496","-79.91735","1522","11","0","0","0","0","0","0","0","0","","0","0","0","","","1","","1","","40 27:48.585","3","0","79 55:02.459","4","0","0","0","2301","0","0","0","N","0","0","0","2","02301","1","","1.0","1600.0","1","N","N","Y","0","","0","0","0","","2","N","","2","1","0","0","0","0","0","2","1","2","","03","","N","","","","","","","","","",""
"2020106315","1650","2","0","0","0","0","0","0","0","0","2","0","","02","12","2020","4","40.421513","-79.982701","1642","11","0","0","0","0","1","0","0","0","","0","0","0","","","1","N","0","","40 25:17.447","","0","79 58:57.724","3","0","0","0","2301","0","0","0","N","0","0","0","7","02301","0","","1.0","","1","N","N","N","0","","1","0","0","","0","","","2","1","0","0","0","0","0","2","0","2","","03","","N","","","","","","","","","",""
"2020109656","1501","2","0","0","0","0","0","0","0","0","4","0","","02","12","2020","6","40.438334","-79.842884","1500","11","0","0","0","1","0","1","0","0","","0","0","0","","","0","N","2","","40 26:18.004","1","0","79 50:34.384","0","0","0","0","2419","0","0","0","N","0","0","0","2","02419","0","","1.0","1525.0","1","N","N","N","0","","0","0","0","","3","N","","2","0","0","0","0","0","0","2","0","2","","","","N","","","","","","","","","",""
"2020068041","1830","1","0","0","0","0","0","0","0","0","2","0","","02","8","2020","6","40.2725","-79.883889","1820","11","0","0","0","0","0","0","0","0","","0","0","0","","","1","N","0","","40 16:21.000","","0","79 53:02.000","8","0","0","0","2105","0","0","0","N","0","0","0","1","02204","0","","5.0","","1","N","N","N","0","","0","0","0","","0","","","2","1","0","0","0","1","0","2","0","2","","","","N","","","","","","","","","",""
"2020103731","1538","1","0","0","0","0","0","0","0","0","1","0","","02","12","2020","4","40.398337","-80.02629","1528","11","0","0","0","0","0","1","0","0","","0","0","0","","","1","N","0","","40 23:54.012","","0","80 01:34.645","4","0","0","0","2301","0","0","0","N","0","0","0","3","02301","1","","1.0","","1","N","N","N","0","","0","0","1","","1","","","2","1","0","0","0","0","0","2","0","2","","03","","N","","","","","","","","","",""
"2020060780","0845","5","0","0","0","0","0","0","0","0","2","0","","02","7","2020","6","40.391305","-79.996724","0821","11","0","1","0","0","0","1","0","0","","0","0","0","","","3","N","0","","40 23:28.697","5","7","79 59:48.205","8","0","0","0","2301","0","0","0","N","0","0","0","3","02301","0","","1.0","928.0","1","N","N","Y","0","","0","0","1","","2","Y","","6","3","0","0","0","3","0","2","0","6","","04","","N","","","","","","","","","",""
"2020031247","1329","0","0","0","1","0","0","0","0","0","4","0","","02","4","2020","1","40.545069","-80.187391","1326","11","0","0","0","0","0","0","0","0","","0","0","0","","","1","N","1","","40 32:42.248","3","0","80 11:14.606","3","0","0","0","2427","1","0","0","N","0","0","0","2","02458","0","","1.0","1342.0","1","N","N","N","0","","1","0","1","","2","N","","2","1","0","0","0","0","0","2","0","1","","03","","N","","","","","","","","","",""
"2020069414","1859","0","0","0","0","0","0","0","0","0","98","0","","02","8","2020","7","40.354075","-80.144831","1857","11","0","0","0","0","0","0","0","0","","0","0","0","","","0","N","0","","40 21:14.671","3","7","80 08:41.392","0","0","0","0","2119","0","0","0","N","0","0","0","0","02119","0","","5.0","2013.0","1","N","N","N","0","","0","0","1","","0","N","","1","0","0","0","0","0","0","2","0","1","","03","","N","","","","","","","","","",""
"2020096384","0652","0","0","0","0","0","0","0","0","0","7","0","","02","11","2020","4","40.398485","-80.027607","0644","11","0","0","0","0","1","0","0","0","","0","0","0","","","1","N","2","","40 23:54.545","","0","80 01:39.385","8","0","0","0","2301","0","0","0","N","0","0","0","1","02301","0","","2.0","","9","N","N","N","0","","0","0","1","","0","","","1","1","1","0","0","1","0","2","0","1","","04","","N","","","","","","","","","",""
"2020065597","1214","1","0","0","0","0","0","0","0","0","4","0","","02","8","2020","5","40.440337","-79.742215","1209","11","0","0","0","0","0","0","0","0","","0","0","0","","","1","","1","","40 26:25.213","4","0","79 44:31.973","8","0","0","0","2446","0","0","0","N","0","0","0","2","02446","0","","1.0","1250.0","1","N","N","N","0","","0","0","1","","3","N","","2","1","0","0","0","1","1","2","0","2","","03","","N","","","","","","","","","",""
"2020065447","1036","2","0","0","0","0","0","0","0","0","4","0","","02","8","2020","6","40.379929","-80.053","1032","11","0","0","0","0","0","0","1","1","","0","0","0","","","1","","2","","40 22:47.744","","0","80 03:10.800","4","0","0","0","2109","0","0","0","N","0","0","0","3","02109","1","","1.0","","1","N","N","N","0","","0","0","0","","3","","","2","1","0","0","0","0","0","2","0","2","","03","","N","","","","","","","","","",""
"2020070568","1958","2","0","0","0","0","0","0","0","0","1","0","","02","8","2020","1","40.467877","-80.035571","1949","11","0","0","0","0","1","0","0","1","","0","0","0","","","0","Y","0","","40 28:04.358","","0","80 02:08.057","0","0","0","0","2301","0","0","0","N","0","0","0","3","02301","0","","1.0","","1","N","N","N","0","","0","0","0","","0","","","2","0","0","0","0","0","0","2","0","2","","03","","N","","","","","","","","","",""
"2020064405","1716","1","0","0","0","0","0","0","0","0","7","0","","02","8","2020","3","40.392672","-79.934418","1713","11","0","0","0","0","0","1","0","0","","0","0","0","","","0","N","0","","40 23:33.618","1","2","79 56:03.905","0","0","0","0","2301","0","0","0","N","0","0","0","1","02301","0","","2.0","1758.0","1","N","N","N","0","","0","0","0","","0","N","","1","0","1","0","0","0","0","2","0","1","","","","N","","","","","","","","","",""
"2020093474","1810","1","0","0","0","0","0","0","0","0","7","0","","02","11","2020","4","40.462425","-79.990884","1758","11","0","0","0","0","0","0","1","0","","0","0","0","","","1","","2","","40 27:44.730","1","0","79 59:27.184","8","0","0","0","2301","0","0","0","N","0","0","0","1","02301","0","","5.0","1845.0","1","N","N","N","0","","0","0","0","","0","Y","","1","1","0","0","0","1","0","2","0","1","","","","N","","","","","","","","","",""
"2020068803","1152","0","0","0","0","0","0","0","0","0","1","0","","02","8","2020","3","40.503642","-80.222364","1150","11","0","0","1","0","0","0","1","0","","0","0","0","","","2","","1","","40 30:13.112","1","0","80 13:20.511","3","0","0","0","2213","0","0","0","N","0","0","0","2","02213","0","","1.0","100.0","1","N","N","N","1","","2","0","1","","2","N","","2","2","0","0","0","0","0","2","0","2","","","","N","","","","","","","","","",""
"2020084358","2030","1","0","0","0","0","0","0","0","0","1","0","","02","10","2020","5","40.369006","-79.975801","2030","11","0","0","0","0","0","0","0","0","","0","0","0","","","1","N","0","","40 22:08.422","","0","79 58:32.885","2","0","0","0","2413","0","0","0","N","0","0","0","2","02413","0","","6.0","","1","N","N","N","1","","0","1","1","","0","","","3","1","2","0","1","0","0","2","0","3","","03","","N","","","","","","","","","",""
"2020099940","0738","2","0","0","0","0","0","0","0","0","1","0","","02","11","2020","2","40.394543","-79.774208","0727","11","0","0","0","0","0","0","0","0","","0","0","0","","","0","Y","0","","40 23:40.356","1","3","79 46:27.149","0","0","0","0","2446","0","0","0","N","0","0","0","3","02446","0","","1.0","815.0","1","N","N","N","0","","0","0","0","","0","Y","","2","0","0","0","0","0","0","2","0","2","","","","N","","","","","","","","","",""