"CRN","ARRIVAL_TM","AUTOMOBILE_COUNT","BELTED_DEATH_COUNT","BELTED_SUSP_SERIOUS_INJ_COUNT","BICYCLE_COUNT","BICYCLE_DEATH_COUNT","BICYCLE_SUSP_SERIOUS_INJ_COUNT","BUS_COUNT","CHLDPAS_DEATH_COUNT","CHLDPAS_SUSP_SERIOUS_INJ_COUNT","COLLISION_TYPE","COMM_VEH_COUNT","CONS_ZONE_SPD_LIM","COUNTY","CRASH_MONTH","CRASH_YEAR","DAY_OF_WEEK","DEC_LATITUDE","DEC_LONGITUDE","DISPATCH_TM","DISTRICT","DRIVER_COUNT_16YR","DRIVER_COUNT_17YR","DRIVER_COUNT_18YR","DRIVER_COUNT_19YR","DRIVER_COUNT_20YR","DRIVER_COUNT_50_64YR","DRIVER_COUNT_65_74YR","DRIVER_COUNT_75PLUS","EST_HRS_CLOSED","FATAL_COUNT","HEAVY_TRUCK_COUNT","HORSE_BUGGY_COUNT","HOUR_OF_DAY","ILLUMINATION","INJURY_COUNT","INTERSECTION_RELATED","INTERSECT_TYPE","LANE_CLOSED","LATITUDE","LN_CLOSE_DIR","LOCATION_TYPE","LONGITUDE","MAX_SEVERITY_LEVEL","MCYCLE_DEATH_COUNT","MCYCLE_SUSP_SERIOUS_INJ_COUNT","MOTORCYCLE_COUNT","MUNICIPALITY","NONMOTR_COUNT","NONMOTR_DEATH_COUNT","NONMOTR_SUSP_SERIOUS_INJ_COUNT","NTFY_HIWY_MAINT","PED_COUNT","PED_DEATH_COUNT","PED_SUSP_SERIOUS_INJ_COUNT","PERSON_COUNT","POLICE_AGCY","POSSIBLE_INJ_COUNT","RDWY_SURF_TYPE_CD","RELATION_TO_ROAD","ROADWAY_CLEARED","ROAD_CONDITION","SCH_BUS_IND","SCH_ZONE_IND","SECONDARY_CRASH","SMALL_TRUCK_COUNT","SPEC_JURIS_CD","SUSP_MINOR_INJ_COUNT","SUSP_SERIOUS_INJ_COUNT","SUV_COUNT","TCD_FUNC_CD","TCD_TYPE","TFC_DETOUR_IND","TIME_OF_DAY","TOTAL_UNITS","TOT_INJ_COUNT","UNBELTED_OCC_COUNT","UNB_DEATH_COUNT","UNB_SUSP_SERIOUS_INJ_COUNT","UNK_INJ_DEG_COUNT","UNK_INJ_PER_COUNT","URBAN_RURAL","VAN_COUNT","VEHICLE_COUNT","WEATHER1","WEATHER2","WORKERS_PRES","WORK_ZONE_IND","WORK_ZONE_LOC","WORK_ZONE_TYPE","WZ_CLOSE_DETOUR","WZ_FLAGGER","WZ_LAW_OFFCR_IND","WZ_LN_CLOSURE","WZ_MOVING","WZ_OTHER","WZ_SHLDER_MDN","WZ_WORKERS_INJ_KILLED"
"2020095503","2335","1","0","0","0","0","0","0","0","0","7","0","","02","11","2020","1","40.508757","-79.748411","2326","11","0","0","0","0","0","0","0","0","","0","0","0","","","0","N","0","","40 30:31.524","","0","79 44:54.278","0","0","0","0","2466","0","0","0","Y","0","0","0","2","02466","0","","2.0","","1","N","N","N","0","","0","0","0","","0","","","1","0","0","0","0","0","0","1","0","1","","03","","N","","","","","","","","","",""
"2020092111","1912","1","0","0","0","0","0","0","0","0","4","0","","02","11","2020","1","40.485326","-80.009494","1902","11","0","0","0","0","0","0","0","0","","0","0","0","","","0","N","1","","40 29:07.174","","0","80 00:34.178","0","0","0","0","2301","0","0","0","N","0","0","0","3","02301","0","","1.0","","9","N","N","N","0","","0","0","1","","2","","","2","0","0","0","0","0","0","2","0","2","","","","N","","","","","","","","","",""
"2020095505","2325","2","0","0","0","0","0","0","0","0","7","0","","02","11","2020","1","40.382334","-79.928956","2313","11","0","0","0","0","0","0","0","0","","0","0","0","","","0","N","0","","40 22:56.404","","0","79 55:44.240","0","0","0","0","2301","0","0","0","N","0","0","0","1","02301","0","","5.0","","1","N","N","N","0","","0","0","0","","0","","","2","0","0","0","0","0","0","2","0","2","","03","","N","","","","","","","","","",""
"2020096961","1348","3","0","0","0","0","0","0","0","0","4","0","","02","11","2020","6","40.457318","-79.909073","1339","11","0","0","0","0","0","1","1","0","","0","0","0","","","1","","1","","40 27:26.345","6","0","79 54:32.662","8","0","0","0","2301","0","0","0","N","0","0","0","4","02301","0","","1.0","1500.0","1","N","N","Y","0","","0","0","0","","2","N","","3","1","0","0","0","1","0","2","0","3","","03","","N","","","","","","","","","",""
"2020065609","1227","2","0","0","0","0","0","0","0","0","1","0","","02","8","2020","6","40.517271","-80.267491","1226","11","0","0","0","0","0","1","1","0","","0","0","0","","","0","N","0","","40 31:02.177","5","0","80 16:02.966","0","0","0","0","2203","0","0","0","N","0","0","0","3","02203","0","","1.0","1328.0","1","N","N","Y","1","","0","0","0","","0","Y","","3","0","0","0","0","0","0","2","0","3","","","","N","","","","","","","","","",""
"2020065172","1655","1","0","0","0","0","0","0","0","0","4","0","","02","8","2020","5","40.428828","-79.983428","1641","11","0","0","0","0","0","1","0","0","","0","0","0","","","0","N","1","","40 25:43.782","","0","79 59:00.341","0","0","0","0","2301","0","0","0","N","0","0","0","2","02301","0","","1.0","","1","N","N","N","0","","0","0","1","","3","","","2","0","0","0","0","0","0","2","0","2","","03","","N","","","","","","","","","",""
"2020064519","1002","0","0","0","0","0","0","0","0","0","4","0","","02","8","2020","3","40.588258","-80.048717","0958","11","0","0","0","0","0","0","2","0","","0","0","0","","","0","","2","","40 35:17.730","3","0","80 02:55.380","0","0","0","0","2108","0","0","0","N","0","0","0","2","02108","0","","1.0","1045.0","1","N","N","N","0","","0","0","2","","3","N","","2","0","0","0","0","0","0","2","0","2","","","","N","","","","","","","","","",""
"2020105335","1019","0","0","0","0","0","0","0","0","0","7","1","","02","12","2020","2","40.463439","-80.056845","1016","11","0","0","0","0","0","0","0","0","","0","1","0","","","0","N","11","","40 27:48.380","","3","80 03:24.642","0","0","0","0","2301","0","0","0","N","0","0","0","1","02301","0","","5.0","","1","N","N","N","0","","0","0","0","","0","","","1","0","0","0","0","0","0","2","0","1","","03","","N","","","","","","","","","",""
"2020111544","2008","1","0","0","0","0","0","0","0","0","7","0","","02","12","2020","4","40.509682","-79.795469","2000","11","0","0","0","0","0","0","0","0","","0","0","0","","","0","","3","","40 30:34.855","6","0","79 47:43.690","0","0","0","0","2113","0","0","0","N","0","0","0","1","02113","0","","5.0","2050.0","1","N","N","Y","0","","0","0","1","","0","Y","","2","0","0","0","0","0","0","2","0","2","","","","N","","","","","","","","","",""
"2020096926","1503","0","0","0","0","0","0","0","0","0","1","0","","02","11","2020","1","40.425946","-79.899798","1437","11","0","0","0","0","0","2","0","0","","0","0","0","","","1","N","0","","40 25:33.404","4","0","79 53:59.274","4","0","0","0","2301","0","0","0","N","0","0","0","10","68B03","1","","1.0","100.0","1","N","N","N","1","","0","0","3","","0","N","","4","1","0","0","0","0","0","2","0","4","","","","N","","","","","","","","","",""
"2020106270","2155","1","0","0","0","0","0","0","0","0","7","0","","02","12","2020","2","40.49285","-79.707839","2146","11","0","0","0","0","0","0","0","0","","0","0","0","","","1","N","2","","40 29:34.259","5","0","79 42:28.220","4","0","0","0","2466","0","0","0","N","0","0","0","1","02466","1","","5.0","2245.0","1","N","N","N","0","","0","0","0","","0","N","","1","1","0","0","0","0","0","1","0","1","","","","N","","","","","","","","","",""
"2020067677","1731","0","0","0","0","0","0","0","0","0","4","0","","02","8","2020","5","40.366883","-80.014186","1730","11","0","0","0","0","0","2","0","0","","0","0","0","","","2","N","0","","40 22:00.779","","0","80 00:51.068","3","0","0","0","2416","0","0","0","N","0","0","0","3","02416","0","","1.0","","9","N","N","N","0","","2","0","2","","0","","","2","2","0","0","0","0","0","2","0","2","","","","N","","","","","","","","","",""
"2020096369","1930","1","0","0","0","0","0","0","0","0","4","0","","02","11","2020","4","40.45368","-79.888826","1910","11","0","0","0","0","0","0","0","1","","0","0","0","","","0","N","1","","40 27:13.249","","0","79 53:19.773","9","0","0","0","2301","0","0","0","N","0","0","0","2","02301","0","","1.0","","1","N","N","N","0","","0","0","0","","3","","","2","0","0","0","0","0","1","2","0","2","","","","N","","","","","","","","","",""
"2020100543","1518","1","0","0","0","0","0","0","0","0","5","1","","02","11","2020","2","40.428105","-79.934499","1513","11","0","0","0","0","0","0","0","1","","0","1","0","","","0","N","2","","40 25:41.177","2","0","79 56:04.195","0","0","0","0","2301","0","0","0","N","0","0","0","3","02301","0","","1.0","1600.0","1","N","N","N","0","","0","0","0","","0","N","","2","0","0","0","0","0","0","2","0","2","","03","","N","","","","","","","","","",""
"2020096098","1354","1","0","0","0","0","0","0","0","0","0","0","","02","10","2020","5","40.420765","-80.047869","1339","11","0","0","0","0","0","0","0","0","","0","0","0","","","0","N","0","","40 25:14.755","4","0","80 02:52.330","0","0","0","0","2435","0","0","0","Y","0","0","0","1","68B03","0","","1.0","1415.0","1","N","N","N","0","","0","0","0","","0","N","","1","0","0","0","0","0","0","2","0","1","","","","N","","","","","","","","","",""
"2020096274","1435","0","0","0","0","0","0","0","0","0","1","0","","02","11","2020","2","40.581512","-79.883386","1430","11","0","0","0","0","0","1","1","0","","0","0","0","","","2","N","0","","40 34:53.444","","0","79 53:00.190","8","0","0","0","2209","0","0","0","N","0","0","0","2","02209","0","","1.0","","1","N","N","N","1","","0","0","0","","0","","","2","2","0","0","0","2","0","2","0","2","","","","N","","","","","","","","","",""
"2020092935","1955","0","0","0","0","0","0","1","0","0","5","1","","02","11","2020","2","40.46225","-79.858491","1942","11","0","0","0","0","0","0","0","0","","0","0","0","","","0","","2","","40 27:44.099","","0","79 51:30.566","0","0","0","0","2113","0","0","0","N","0","0","0","2","02503","0","","2.0","","1","N","N","N","0","","0","0","1","","0","","","2","0","1","0","0","0","0","2","0","2","","","","N","","","","","","","","","",""
"2020095119","0836","1","0","0","0","0","0","0","0","0","4","0","","02","11","2020","2","40.339016","-79.913006","0833","11","0","0","0","0","0","0","0","0","","0","0","0","","","1","N","0","","40 20:20.457","","7","79 54:46.823","3","0","0","0","2473","0","0","0","N","0","0","0","4","02473","0","","1.0","","1","N","N","N","0","","1","0","0","","0","","","2","1","0","0","0","0","0","2","0","2","","","","N","","","","","","","","","",""
"2020090305","0731","1","0","0","0","0","0","0","0","0","5","1","","02","10","2020","5","40.382334","-79.928956","0717","11","0","0","0","0","0","0","0","0","","0","1","0","","","0","N","0","","40 22:56.404","","0","79 55:44.240","0","0","0","0","2301","0","0","0","N","0","0","0","1","02301","0","","4.0","","1","N","N","N","0","","0","0","0","","0","","","2","0","0","0","0","0","0","2","0","2","","","","N","","","","","","","","","",""
"2020094448","2055","3","0","0","0","0","0","0","0","0","4","0","","02","11","2020","6","40.434527","-79.922851","2047","11","0","0","0","0","0","0","0","0","","0","0","0","","","1","Y","0","","40 26:04.297","","0","79 55:22.262","8","0","0","0","2301","0","0","0","N","0","0","0","1","02301","0","","6.0","","1","N","N","N","0","","0","0","0","","0","","","3","1","0","0","0","1","0","2","0","3","","03","","N","","","","","","","","","",""
"2020098228","1801","1","0","0","0","0","0","0","0","0","4","0","","02","11","2020","2","40.449284","-79.884606","1751","11","0","0","0","0","0","0","1","0","","0","0","0","","","0","N","1","","40 26:57.424","","0","79 53:04.582","9","0","0","0","2301","0","0","0","N","0","0","0","2","02301","0","","1.0","","1","N","N","Y","0","","0","0","1","","3","","","2","0","0","0","0","0","1","2","0","2","","","","N","","","","","","","","","",""
"2020096781","1853","1","0","0","0","0","0","0","0","0","2","0","","02","11","2020","3","40.3672","-79.887802","1848","11","0","0","0","0","0","0","0","0","","0","0","0","","","1","N","0","","40 22:01.920","6","0","79 53:16.086","3","0","0","0","2473","0","0","0","N","0","0","0","1","02473","0","","5.0","1915.0","1","N","N","N","0","","1","0","0","","0","N","","1","1","0","0","0","0","0","2","0","1","","03","","N","","","","","","","","","",""
"2020094451","2305","1","0","0","0","0","0","0","0","0","7","0","","02","11","2020","6","40.464887","-79.824065","2304","11","0","0","0","0","0","0","0","0","","0","0","0","","","0","N","0","","40 27:53.593","4","0","79 49:26.634","0","0","0","0","2113","0","0","0","Y","0","0","0","1","02113","0","","4.0","2359.0","1","N","N","N","0","","0","0","0","","0","N","","1","0","0","0","0","0","0","2","0","1","","","","N","","","","","","","","","",""
"2020091289","1510","0","0","0","0","0","0","0","0","0","2","1","","02","10","2020","5","40.491592","-79.897897","1506","11","0","0","0","0","0","0","0","0","","0","0","0","","","0","N","0","","40 29:29.730","1","0","79 53:52.430","0","0","0","0","2401","0","0","0","N","0","0","0","2","02401","0","","1.0","1546.0","1","N","N","N","2","","0","0","0","","0","Y","","2","0","0","0","0","0","0","2","0","2","","03","","N","","","","","","","","","",""
"2020067816","1548","1","0","0","0","0","0","0","0","0","4","0","","02","8","2020","5","40.334154","-80.002649","1544","11","0","0","0","0","0","0","0","0","","0","0","0","","","5","","1","","40 20:02.953","7","0","80 00:09.537","3","0","0","0","2407","0","0","0","N","0","0","0","5","02407","4","","1.0","1700.0","1","N","N","N","0","","1","0","1","","0","Y","","2","5","1","0","0","0","0","2","0","2","","","","N","","","","","","","","","",""
"2020067458","0129","1","0","0","0","0","0","0","0","0","7","0","","02","8","2020","4","40.425098","-80.120733","0120","11","0","0","0","0","0","0","0","0","","0","0","0","","","1","N","0","","40 25:30.352","4","0","80 07:14.639","8","0","0","0","2102","0","0","0","Y","0","0","0","1","68B03","0","","2.0","247.0","1","N","N","N","0","","0","0","0","","0","N","","1","1","1","0","0","1","0","2","0","1","","","","N","","","","","","","","","",""
"2020070019","1621","1","0","0","0","0","0","0","0","0","1","0","","02","8","2020","2","40.411646","-80.076034","1608","11","0","0","0","0","0","2","0","0","","0","0","0","","","2","N","0","","40 24:41.927","3","2","80 04:33.724","4","0","0","0","2117","0","0","0","N","0","0","0","3","68B03","2","","1.0","1645.0","1","N","N","N","1","","0","0","1","","0","N","","3","2","0","0","0","0","0","2","0","3","","","","N","","","","","","","","","",""
"2020091135","1618","2","0","0","0","0","0","0","0","0","6","0","","02","10","2020","5","40.456943","-79.998835","1609","11","0","0","0","0","0","0","1","0","","0","0","0","","","0","","1","","40 27:24.996","","0","79 59:55.807","0","0","0","0","2301","0","0","0","N","0","0","0","3","02301","0","","1.0","","9","N","N","N","0","","0","0","0","","2","","","2","0","0","0","0","0","0","2","0","2","","04","","N","","","","","","","","","",""
"2020093285","0815","1","0","0","0","0","0","0","0","0","8","0","","02","11","2020","4","40.442168","-79.994957","0810","11","0","0","0","0","0","1","0","0","","0","0","0","","","1","N","1","","40 26:31.803","","0","79 59:41.846","3","0","0","0","2301","1","0","0","N","1","0","0","2","02301","0","","1.0","","1","N","N","N","0","","1","0","0","","2","","","2","1","0","0","0","0","0","2","0","1","","03","","N","","","","","","","","","",""
"2020094731","1758","2","0","0","0","0","0","0","0","0","4","0","","02","11","2020","3","40.513856","-79.951587","1758","11","0","0","0","0","0","1","0","0","","0","0","0","","","1","N","1","","40 30:49.880","5","0","79 57:05.712","8","0","0","0","2118","0","0","0","N","0","0","0","4","02118","0","","1.0","2000.0","1","N","N","N","0","","0","0","0","","2","N","","2","1","0","0","0","1","0","2","0","2","","03","","N","","","","","","","","","",""
"2020101124","1530","0","0","0","0","0","0","0","0","0","4","0","","02","11","2020","2","40.340344","-79.938195","1525","11","0","0","0","0","0","1","0","1","","0","0","0","","","0","N","2","","40 20:25.240","1","0","79 56:17.503","0","0","0","0","2473","0","0","0","Y","0","0","0","3","02473","0","","1.0","1625.0","1","N","N","N","0","","0","0","2","","2","N","","2","0","0","0","0","0","0","2","0","2","","04","","N","","","","","","","","","",""
"2020094449","2347","1","0","0","0","0","0","0","0","0","7","0","","02","11","2020","6","40.491975","-79.79264","2341","11","0","0","0","0","0","0","0","0","","0","0","0","","","0","N","0","","40 29:31.111","","0","79 47:33.503","0","0","0","0","2113","0","0","0","N","0","0","0","1","02113","0","","4.0","","1","N","N","N","0","","0","0","0","","0","","","1","0","0","0","0","0","0","2","0","1","","03","","N","","","","","","","","","",""
"2020094337","1805","1","0","0","0","0","0","0","0","0","4","0","","02","11","2020","6","40.464884","-79.954108","1753","11","0","0","0","0","0","1","0","0","","0","0","0","","","0","N","0","","40 27:53.583","5","0","79 57:14.788","0","0","0","0","2301","0","0","0","N","0","0","0","1","02301","0","","6.0","1900.0","1","N","N","N","0","","0","0","1","","0","N","","2","0","0","0","0","0","0","2","0","2","","","","N","","","","","","","","","",""
"2020094483","1034","2","0","0","0","0","0","0","0","0","5","0","","02","11","2020","6","40.386523","-80.043848","1030","11","0","0","1","0","0","1","0","0","","0","0","0","","","1","N","0","","40 23:11.481","","0","80 02:37.853","3","0","0","0","2109","0","0","0","N","0","0","0","2","02109","0","","1.0","","1","N","N","N","0","","1","0","0","","0","","","2","1","1","0","0","0","0","2","0","2","","03","","N","","","","","","","","","",""
"2020095890","0705","1","0","0","0","0","0","0","0","0","2","0","","02","11","2020","2","40.536116","-79.844557","0656","11","0","0","0","0","0","0","0","0","","0","0","0","","","0","N","0","","40 32:10.017","","0","79 50:40.405","9","0","0","0","2208","0","0","0","N","0","0","0","2","68D02","0","","4.0","","1","N","N","N","0","","0","0","0","","0","","","2","0","0","0","0","0","1","2","0","2","","","","N","","","","","","","","","",""
"2020095710","0117","0","0","0","0","0","0","0","0","0","98","0","","02","11","2020","1","40.614303","-79.973874","0100","11","0","0","0","0","0","0","0","0","","0","0","0","","","1","N","0","","40 36:51.492","","0","79 58:25.948","3","0","0","0","2217","0","0","0","N","0","0","0","1","68T02","0","","1.0","","1","N","N","N","0","","1","0","1","","0","","","1","1","0","0","0","0","0","2","0","1","","03","","N","","","","","","","","","",""
"2020096800","1848","1","0","0","0","0","0","0","0","0","4","0","","02","11","2020","1","40.373765","-80.006358","1845","11","0","1","0","0","0","0","0","0","","0","0","0","","","0","","1","","40 22:25.555","","0","80 00:22.888","0","0","0","0","2416","0","0","0","N","0","0","0","2","02416","0","","1.0","","1","N","N","N","1","","0","0","0","","2","","","2","0","0","0","0","0","0","2","0","2","","03","","N","","","","","","","","","",""
"2020094918","1930","2","0","0","0","0","0","1","0","0","5","1","","02","11","2020","7","40.541911","-80.012913","1921","11","0","0","0","0","0","1","0","0","","0","0","0","","","1","","1","","40 32:30.879","","0","80 00:46.485","3","0","0","0","2116","0","0","0","N","0","0","0","4","02503","0","","1.0","","1","N","N","Y","0","","1","0","0","","0","","","3","1","0","0","0","0","0","2","0","3","","03","","N","","","","","","","","","",""
"2020066761","1446","0","0","0","0","0","0","0","0","0","1","0","","02","8","2020","3","40.542704","-80.121997","1446","11","0","0","0","0","0","0","1","0","","0","0","0","","","0","N","0","","40 32:33.733","","0","80 07:19.189","0","0","0","0","2215","0","0","0","N","0","0","0","3","02215","0","","1.0","","1","N","N","N","3","","0","0","0","","0","N","","3","0","0","0","0","0","0","1","0","3","","03","","Y","","","","","","","","","",""
"2020092795","1938","0","0","0","0","0","0","0","0","0","1","0","","02","10","2020","3","40.458051","-80.014896","1938","11","0","0","0","0","1","0","0","0","","0","0","0","","","1","N","1","","40 27:28.983","","0","80 00:53.627","3","0","0","0","2301","0","0","0","N","0","0","0","1","02301","0","","2.0","","1","N","N","N","0","","1","0","3","","0","","","3","1","0","0","0","0","0","2","0","3","","98","","N","","","","","","","","","",""
"2020095477","2215","1","0","0","0","0","0","0","0","0","1","0","","02","11","2020","4","40.538571","-79.962409","2210","11","0","0","0","0","0","0","0","0","","0","0","0","","","0","N","1","","40 32:18.856","3","0","79 57:44.674","0","0","0","0","2118","0","0","0","N","0","0","0","2","02118","0","","1.0","2245.0","1","N","N","N","0","","0","0","1","","2","N","","2","0","0","0","0","0","0","2","0","2","","03","","N","","","","","","","","","",""
"2020063871","0944","3","0","0","0","0","0","0","0","0","6","0","","02","8","2020","2","40.434417","-79.925506","0943","11","0","0","0","0","0","0","0","1","","0","0","0","","","1","N","2","","40 26:03.901","5","0","79 55:31.821","3","0","0","0","2301","1","0","0","N","1","0","0","2","02301","0","","4.0","1030.0","1","N","N","N","0","","1","0","1","","0","Y","","5","1","0","0","0","0","0","2","0","4","","03","","N","","","","","","","","","",""
"2020067426","1422","1","0","0","0","0","0","0","0","0","4","0","","02","8","2020","6","40.437524","-79.777691","1417","11","0","0","0","0","1","0","0","0","","0","0","0","","","0","","2","","40 26:15.088","","0","79 46:39.686","0","0","0","0","2446","0","0","0","N","0","0","0","2","02446","0","","1.0","","1","N","N","N","0","","0","0","1","","3","N","","2","0","0","0","0","0","0","2","0","2","","03","","N","","","","","","","","","",""
"2020094844","1720","2","0","0","0","0","0","0","0","0","7","0","","02","11","2020","7","40.343079","-79.968942","1718","11","0","0","0","0","0","0","0","0","","0","0","0","","","0","N","2","","40 20:35.084","1","0","79 58:08.190","0","0","0","0","2403","0","0","0","N","0","0","0","4","02403","0","","4.0","1755.0","1","N","N","N","0","","0","0","1","","3","N","","3","0","0","0","0","0","0","2","0","3","","03","","N","","","","","","","","","",""
"2020094873","1105","1","0","0","0","0","0","0","0","0","7","0","","02","11","2020","1","40.440368","-79.83245","1055","11","0","0","0","0","0","0","0","0","","0","0","0","","","1","N","0","","40 26:25.324","3","0","79 49:56.820","3","0","0","0","2419","0","0","0","Y","0","0","0","2","68B03","0","","4.0","1136.0","9","N","N","N","0","","1","0","0","","0","N","","1","1","1","0","0","0","0","2","0","1","","03","","N","","","","","","","","","",""
"2020095872","2057","2","0","0","0","0","0","0","0","0","1","0","","02","11","2020","5","40.441337","-80.15742","2039","11","0","0","0","0","0","0","0","0","","0","0","0","","","0","N","0","","40 26:28.813","4","0","80 09:26.713","0","0","0","0","2115","0","0","0","N","0","0","0","4","68B03","0","","1.0","2120.0","1","N","N","N","0","","0","0","0","","0","N","","3","0","0","0","0","0","0","2","1","3","","","","N","","","","","","","","","",""
"2020094287","1418","0","0","0","1","0","0","0","0","0","8","0","","02","11","2020","6","40.466176","-79.952043","1408","11","0","0","0","0","0","0","0","0","","0","0","0","","","1","N","0","","40 27:58.235","3","0","79 57:07.354","8","0","0","0","2301","1","0","0","N","0","0","0","2","02301","0","","1.0","1425.0","1","N","N","N","0","","0","0","1","","0","Y","","2","1","0","0","0","1","1","2","0","1","","","","N","","","","","","","","","",""
"2020095378","1459","1","0","0","0","0","0","0","0","0","1","0","","02","10","2020","5","40.427322","-79.92219","1455","11","0","0","0","0","1","0","0","0","","0","0","0","","","0","N","0","","40 25:38.359","3","4","79 55:19.885","9","0","0","0","2301","0","0","0","N","0","0","0","2","68B03","0","","1.0","1505.0","9","N","N","N","0","","0","0","0","","0","N","","2","0","0","0","0","0","1","2","0","2","","","","N","","","","","","","","","",""
"2020086625","1041","0","0","0","0","0","0","0","0","0","4","0","","02","10","2020","7","40.456922","-79.894133","1036","11","0","0","0","0","0","0","1","0","","0","0","0","","","0","N","1","","40 27:24.919","3","0","79 53:38.878","0","0","0","0","2301","0","0","0","N","0","0","0","2","02301","0","","1.0","1110.0","1","N","N","N","0","","0","0","2","","3","Y","","2","0","0","0","0","0","0","2","0","2","","","","N","","","","","","","","","",""
"2020092210","1748","1","0","0","0","0","0","0","0","0","2","1","","02","7","2020","4","40.401394","-79.780099","1747","11","0","0","0","0","0","0","0","0","","1","1","0","","","1","N","2","","40 24:05.019","6","0","79 46:48.358","1","0","0","0","2453","0","0","0","N","0","0","0","2","02453","0","2","1.0","2054.0","1","N","N","N","0","0","1","0","0","","2","Y","","2","1","0","0","0","0","0","2","0","2","","","","N","","","","","","","","","",""
"2020083905","1614","2","0","0","0","0","0","0","0","0","1","0","","02","10","2020","6","40.539336","-80.188846","1610","11","0","0","0","0","0","0","0","0","","0","0","0","","","1","N","0","","40 32:21.611","","0","80 11:19.846","4","0","0","0","2458","0","0","0","N","0","0","0","2","02458","1","","1.0","","1","N","N","N","0","","0","0","0","","0","","","2","1","0","0","0","0","0","2","0","2","","","","N","","","","","","","","","",""
"2020096852","0928","1","0","0","0","0","0","0","0","0","2","0","","02","11","2020","5","40.529667","-79.952421","0925","11","0","0","0","1","0","0","0","0","","0","0","0","","","1","N","0","","40 31:46.800","5","0","79 57:08.716","8","0","0","0","2118","0","0","0","N","0","0","0","3","02118","0","","1.0","1040.0","1","N","N","N","1","","0","0","0","","0","Y","","2","1","0","0","0","1","0","2","0","2","","03","","N","","","","","","","","","",""
"2020096673","1610","2","0","0","0","0","0","0","0","0","1","0","","02","11","2020","6","40.535587","-79.973653","1603","11","0","0","0","0","1","0","0","0","","0","0","0","","","3","N","1","","40 32:08.114","4","0","79 58:25.151","3","0","0","0","2118","0","0","0","N","0","0","0","3","02118","0","","1.0","1630.0","1","N","N","N","0","","3","0","0","","0","N","","2","3","0","0","0","0","0","2","0","2","","03","","N","","","","","","","","","",""
"2020094746","2019","0","0","0","0","0","0","0","0","0","98","1","","02","11","2020","7","40.449491","-80.088942","2019","11","0","0","0","0","0","0","0","0","","0","1","0","","","0","N","1","","40 26:58.167","4","0","80 05:20.191","0","0","0","0","2301","0","0","0","Y","0","0","0","1","02301","0","","4.0","2350.0","1","N","Y","N","0","","0","0","0","","0","Y","","1","0","0","0","0","0","0","2","0","1","","03","","N","","","","","","","","","",""
"2020057742","1353","1","0","0","0","0","0","0","0","0","4","0","","02","7","2020","3","40.3959","-80.038733","1343","11","0","0","0","0","0","1","0","0","","0","0","0","","","1","N","9","","40 23:45.240","2","0","80 02:19.440","3","0","0","0","2422","0","0","0","N","0","0","0","1","02503","0","","1.0","1500.0","1","N","N","N","0","","1","0","0","","5","N","","2","1","0","0","0","0","0","2","0","1","","03","","N","","","","","","","","","",""
"2020094897","1853","1","0","0","0","0","0","0","0","0","1","0","","02","11","2020","6","40.41668","-80.086071","1844","11","0","0","0","0","0","0","0","0","","0","0","0","","","0","N","0","","40 25:00.049","","0","80 05:09.856","0","0","0","0","2415","0","0","0","N","0","0","0","2","68B03","0","","1.0","","1","N","N","N","0","","0","0","1","","0","","","2","0","0","0","0","0","0","2","0","2","","","","N","","","","","","","","","",""
"2020094915","1444","1","0","0","0","0","0","0","0","0","4","0","","02","11","2020","1","40.46111","-79.866375","1430","11","0","0","0","0","0","1","1","0","","0","0","0","","","0","N","1","","40 27:39.996","","0","79 51:58.949","0","0","0","0","2113","0","0","0","N","0","0","0","3","02113","0","","1.0","","1","N","N","N","0","","0","0","0","","2","","","2","0","0","0","0","0","0","2","1","2","","03","","N","","","","","","","","","",""
"2020053096","1609","1","0","0","0","0","0","0","0","0","1","0","","02","7","2020","3","40.453899","-79.995428","1552","11","0","0","0","0","0","0","0","0","","0","0","0","","","1","N","7","","40 27:14.036","","2","79 59:43.539","4","0","0","0","2301","0","0","0","N","0","0","0","4","02301","1","","1.0","","1","N","N","N","0","","0","0","0","","0","","","2","1","0","0","0","0","0","2","1","2","","03","","N","","","","","","","","","",""
"2020063994","1602","0","0","0","0","0","0","0","0","0","1","0","","02","8","2020","2","40.608622","-80.159666","1558","11","0","0","0","0","0","1","0","0","","0","0","0","","","1","N","0","","40 36:31.038","","0","80 09:34.797","3","0","0","0","2480","0","0","0","N","0","0","0","4","02480","0","","1.0","","1","N","N","N","0","","1","0","2","","2","","","2","1","0","0","0","0","0","1","0","2","","","","N","","","","","","","","","",""
"2020089880","1635","1","0","0","0","0","0","0","0","0","1","1","","02","10","2020","2","40.416539","-80.029841","1625","11","0","0","0","0","0","0","0","1","","0","0","0","","","0","N","1","","40 24:59.539","1","0","80 01:47.429","0","0","0","0","2301","0","0","0","N","0","0","0","2","02301","0","","1.0","1651.0","1","Y","N","N","0","","0","0","0","","2","N","","2","0","0","0","0","0","0","2","1","2","","","","N","","","","","","","","","",""
"2020097039","1736","2","0","0","0","0","0","0","0","0","2","0","","02","11","2020","6","40.447533","-79.979964","1732","11","0","0","0","0","0","1","0","0","","0","0","0","","","0","","1","","40 26:51.120","1","0","79 58:47.870","0","0","0","0","2301","0","0","0","N","0","0","0","4","02301","0","","1.0","1809.0","1","N","N","N","0","","0","0","0","","3","N","","2","0","0","0","0","0","0","2","0","2","","03","","N","","","","","","","","","",""