"CRN","ARRIVAL_TM","AUTOMOBILE_COUNT","BELTED_DEATH_COUNT","BELTED_SUSP_SERIOUS_INJ_COUNT","BICYCLE_COUNT","BICYCLE_DEATH_COUNT","BICYCLE_SUSP_SERIOUS_INJ_COUNT","BUS_COUNT","CHLDPAS_DEATH_COUNT","CHLDPAS_SUSP_SERIOUS_INJ_COUNT","COLLISION_TYPE","COMM_VEH_COUNT","CONS_ZONE_SPD_LIM","COUNTY","CRASH_MONTH","CRASH_YEAR","DAY_OF_WEEK","DEC_LATITUDE","DEC_LONGITUDE","DISPATCH_TM","DISTRICT","DRIVER_COUNT_16YR","DRIVER_COUNT_17YR","DRIVER_COUNT_18YR","DRIVER_COUNT_19YR","DRIVER_COUNT_20YR","DRIVER_COUNT_50_64YR","DRIVER_COUNT_65_74YR","DRIVER_COUNT_75PLUS","EST_HRS_CLOSED","FATAL_COUNT","HEAVY_TRUCK_COUNT","HORSE_BUGGY_COUNT","HOUR_OF_DAY","ILLUMINATION","INJURY_COUNT","INTERSECTION_RELATED","INTERSECT_TYPE","LANE_CLOSED","LATITUDE","LN_CLOSE_DIR","LOCATION_TYPE","LONGITUDE","MAX_SEVERITY_LEVEL","MCYCLE_DEATH_COUNT","MCYCLE_SUSP_SERIOUS_INJ_COUNT","MOTORCYCLE_COUNT","MUNICIPALITY","NONMOTR_COUNT","NONMOTR_DEATH_COUNT","NONMOTR_SUSP_SERIOUS_INJ_COUNT","NTFY_HIWY_MAINT","PED_COUNT","PED_DEATH_COUNT","PED_SUSP_SERIOUS_INJ_COUNT","PERSON_COUNT","POLICE_AGCY","POSSIBLE_INJ_COUNT","RDWY_SURF_TYPE_CD","RELATION_TO_ROAD","ROADWAY_CLEARED","ROAD_CONDITION","SCH_BUS_IND","SCH_ZONE_IND","SECONDARY_CRASH","SMALL_TRUCK_COUNT","SPEC_JURIS_CD","SUSP_MINOR_INJ_COUNT","SUSP_SERIOUS_INJ_COUNT","SUV_COUNT","TCD_FUNC_CD","TCD_TYPE","TFC_DETOUR_IND","TIME_OF_DAY","TOTAL_UNITS","TOT_INJ_COUNT","UNBELTED_OCC_COUNT","UNB_DEATH_COUNT","UNB_SUSP_SERIOUS_INJ_COUNT","UNK_INJ_DEG_COUNT","UNK_INJ_PER_COUNT","URBAN_RURAL","VAN_COUNT","VEHICLE_COUNT","WEATHER1","WEATHER2","WORKERS_PRES","WORK_ZONE_IND","WORK_ZONE_LOC","WORK_ZONE_TYPE","WZ_CLOSE_DETOUR","WZ_FLAGGER","WZ_LAW_OFFCR_IND","WZ_LN_CLOSURE","WZ_MOVING","WZ_OTHER","WZ_SHLDER_MDN","WZ_WORKERS_INJ_KILLED"
"2020064346","1757","1","0","0","0","0","0","0","0","0","1","0","","02","8","2020","3","40.51229","-80.105585","1751","11","0","0","0","0","0","1","0","0","","0","0","0","","","2","N","0","","40 30:44.245","1","0","80 06:20.107","8","0","0","0","2301","0","0","0","N","0","0","0","6","02301","0","","1.0","1845.0","1","N","N","N","0","","0","0","2","","0","N","","4","2","0","0","0","2","1","2","0","4","","03","","N","","","","","","","","","",""
"2020091522","2045","3","0","0","0","0","0","0","0","0","1","0","","02","10","2020","1","40.467991","-79.895477","2039","11","0","0","0","0","0","0","0","0","","0","0","0","","","0","N","2","","40 28:04.767","","0","79 53:43.717","0","0","0","0","2301","0","0","0","N","0","0","0","1","02301","0","","2.0","","1","N","N","N","0","","0","0","0","","0","","","3","0","0","0","0","0","0","2","0","3","","03","","N","","","","","","","","","",""
"2020094923","1512","2","0","0","0","0","0","0","0","0","1","0","","02","11","2020","1","40.338528","-79.96842","1507","11","1","1","0","0","0","0","0","0","","0","0","0","","","0","N","0","","40 20:18.702","3","0","79 58:06.311","0","0","0","0","2454","0","0","0","N","0","0","0","3","02454","0","","1.0","1525.0","1","N","N","N","0","","0","0","1","","0","N","","3","0","0","0","0","0","0","2","0","3","","03","","N","","","","","","","","","",""
"2020065468","1759","3","0","0","0","0","0","0","0","0","1","0","","02","8","2020","6","40.389267","-79.985446","1749","11","0","0","0","0","0","0","1","0","","0","0","0","","","0","N","2","","40 23:21.361","","0","79 59:07.605","0","0","0","0","2301","0","0","0","N","0","0","0","3","02301","0","","1.0","","1","N","N","N","0","","0","0","0","","0","","","3","0","0","0","0","0","0","2","0","3","","03","","N","","","","","","","","","",""
"2020096071","0822","0","0","0","0","0","0","0","0","0","7","0","","02","11","2020","3","40.454273","-79.953546","0809","11","0","0","0","0","0","0","0","0","","0","0","0","","","0","N","0","","40 27:15.382","","0","79 57:12.765","9","0","0","0","2301","0","0","0","N","0","0","0","1","02301","0","","5.0","","99","N","N","N","0","","0","0","1","","0","","","1","0","0","0","0","0","1","2","0","1","","","","N","","","","","","","","","",""
"2020094482","0735","1","0","0","0","0","0","0","0","0","1","0","","02","11","2020","6","40.361695","-80.064104","0727","11","0","0","0","0","0","0","0","0","","0","0","0","","","0","","3","","40 21:42.103","","0","80 03:50.774","0","0","0","0","2109","0","0","0","N","0","0","0","2","02109","0","","1.0","","1","N","N","N","1","","0","0","0","","2","","","2","0","0","0","0","0","0","2","0","2","","","","N","","","","","","","","","",""
"2020064830","1655","0","0","0","0","0","0","0","0","0","5","0","","02","8","2020","4","40.418561","-79.988308","1645","11","0","0","0","0","0","1","0","0","","0","0","0","","","0","Y","3","","40 25:06.818","","0","79 59:17.908","0","0","0","0","2301","0","0","0","N","0","0","0","5","02301","0","","1.0","","1","N","N","N","0","","0","0","2","","3","","","2","0","0","0","0","0","0","2","0","2","","03","","N","","","","","","","","","",""
"2020092694","1912","2","0","0","0","0","0","0","0","0","4","0","","02","11","2020","2","40.319353","-79.941476","1908","11","0","0","0","0","0","0","0","1","","0","0","0","","","1","N","0","","40 19:09.669","2","7","79 56:29.314","8","0","0","0","2454","0","0","0","N","0","0","0","2","02454","0","","1.0","2020.0","1","N","N","N","0","","0","0","0","","3","N","","2","1","0","0","0","1","0","2","0","2","","03","","N","","","","","","","","","",""
"2020067991","1827","0","0","0","0","0","0","0","0","0","1","0","","02","8","2020","3","40.429763","-79.885113","1820","11","0","0","0","0","0","1","0","0","","0","0","0","","","0","N","0","","40 25:47.145","4","0","79 53:06.408","0","0","0","0","2426","0","0","0","N","0","0","0","3","68B03","0","","1.0","1847.0","1","N","N","N","3","","0","0","0","","0","N","","3","0","0","0","0","0","0","2","0","3","","03","","N","","","","","","","","","",""
"2020095703","1448","0","0","0","0","0","0","0","0","0","7","0","","02","11","2020","7","40.448864","-80.00668","1428","11","0","0","0","0","0","0","0","0","","0","0","0","","","1","N","7","","40 26:55.909","2","2","80 00:24.047","4","0","0","0","2301","0","0","0","Y","0","0","0","1","68B03","1","","7.0","1505.0","1","N","N","N","0","","0","0","1","","0","N","","1","1","0","0","0","0","0","2","0","1","","","","N","","","","","","","","","",""
"2020096125","1930","0","0","0","0","0","0","0","0","0","98","0","","02","11","2020","5","40.615791","-80.095702","1907","11","0","0","0","0","0","0","0","0","","0","0","0","","","1","N","0","","40 36:56.846","","0","80 05:44.528","4","0","0","0","2481","0","0","0","N","0","0","0","1","68B03","1","","1.0","","1","N","N","N","0","","0","0","1","","0","","","1","1","0","0","0","0","0","2","0","1","","","","N","","","","","","","","","",""
"2020095097","1707","2","0","0","0","0","0","0","0","0","4","0","","02","11","2020","5","40.390526","-79.962418","1704","11","0","0","0","0","0","0","0","0","","0","0","0","","","1","N","0","","40 23:25.892","","7","79 57:44.705","3","0","0","0","2403","0","0","0","N","0","0","0","1","02403","0","","5.0","","1","N","N","N","1","","1","0","2","","0","","","5","1","1","0","0","0","0","2","0","5","","03","","N","","","","","","","","","",""
"2020096134","1810","1","0","0","0","0","0","0","0","0","1","0","","02","11","2020","7","40.425488","-79.906664","1800","11","0","0","0","0","0","0","0","0","","0","0","0","","","0","N","0","","40 25:31.758","","0","79 54:23.990","0","0","0","0","2301","0","0","0","N","0","0","0","6","68B03","0","","1.0","","1","N","N","N","0","","0","0","1","","0","","","2","0","0","0","0","0","0","2","0","2","","","","N","","","","","","","","","",""
"2020069873","9999","3","0","0","0","0","0","0","0","0","4","0","","02","8","2020","1","40.538818","-79.990115","1238","11","1","0","0","0","0","0","1","0","","0","0","0","","","0","","2","","40 32:19.744","2","0","79 59:24.414","0","0","0","0","2116","0","0","0","N","0","0","0","3","02116","0","","1.0","","1","N","N","N","0","","0","0","0","","3","Y","","3","0","0","0","0","0","0","2","0","3","","","","N","","","","","","","","","",""
"2020065583","1654","1","0","0","0","0","0","0","0","0","7","0","","02","8","2020","3","40.462414","-80.006497","1654","11","0","0","0","0","0","0","0","0","","0","0","0","","","0","N","0","","40 27:44.690","","0","80 00:23.390","0","0","0","0","2301","0","0","0","N","0","0","0","1","02304","0","","5.0","","1","N","N","N","0","","0","0","0","","0","","","1","0","0","0","0","0","0","2","0","1","","03","","N","","","","","","","","","",""
"2020065300","0315","1","0","0","0","0","0","0","0","0","7","0","","02","8","2020","4","40.357819","-79.844121","0312","11","0","0","0","0","0","0","0","0","","0","0","0","","","1","Y","0","","40 21:28.150","","3","79 50:38.835","3","0","0","0","2303","0","0","0","N","0","0","0","1","02303","0","","1.0","","1","N","N","N","0","","1","0","0","","0","","","1","1","0","0","0","0","0","2","0","1","","","","N","","","","","","","","","",""
"2020094516","1750","0","0","0","0","0","0","0","0","0","1","0","","02","11","2020","2","40.578874","-79.953149","1747","11","0","0","0","0","0","0","1","0","","0","0","0","","","0","","2","","40 34:43.946","1","0","79 57:11.335","0","0","0","0","2207","0","0","0","N","0","0","0","2","02207","0","","1.0","1810.0","1","N","N","N","0","","0","0","2","","0","N","","2","0","0","0","0","0","0","2","0","2","","","","N","","","","","","","","","",""
"2020087953","1652","2","0","0","0","0","0","0","0","0","4","0","","02","10","2020","3","40.512184","-80.103884","1650","11","0","0","0","1","0","0","0","0","","0","0","0","","","0","","2","","40 30:43.861","","0","80 06:13.984","0","0","0","0","2429","0","0","0","N","0","0","0","2","02215","0","","1.0","","1","N","","N","0","","0","0","0","","2","N","","2","0","0","0","0","0","0","2","0","2","","","","N","","","","","","","","","",""
"2020064124","2056","1","0","0","0","0","0","0","0","0","0","0","","02","8","2020","2","40.441265","-79.95918","2052","11","0","0","0","0","1","0","0","0","","0","0","0","","","0","","2","","40 26:28.554","2","0","79 57:33.047","0","0","0","0","2301","0","0","0","N","0","0","0","3","02301","0","","1.0","2134.0","1","N","N","N","0","","0","0","1","","2","N","","2","0","1","0","0","0","0","2","0","2","","03","","N","","","","","","","","","",""
"2020093406","1405","2","0","0","0","0","0","0","0","0","4","0","","02","11","2020","4","40.448239","-79.986874","1356","11","0","0","0","0","0","2","0","0","","0","0","0","","","1","N","2","","40 26:53.660","4","0","79 59:12.746","8","0","0","0","2301","0","0","0","N","0","0","0","3","02301","0","","1.0","1430.0","1","N","N","N","0","","0","0","0","","2","N","","2","1","0","0","0","1","0","2","0","2","","03","","N","","","","","","","","","",""
"2020093768","1300","1","0","0","0","0","0","1","0","0","5","1","","02","11","2020","3","40.344","-79.944917","1236","11","0","0","0","0","0","2","0","0","","0","0","0","","","0","","2","","40 20:38.400","","7","79 56:41.700","0","0","0","0","2473","0","0","0","N","0","0","0","2","02503","0","","1.0","","1","N","N","N","0","","0","0","0","","3","","","2","0","0","0","0","0","0","2","0","2","","03","","N","","","","","","","","","",""
"2020064634","1827","2","0","0","0","0","0","0","0","0","1","0","","02","8","2020","3","40.428804","-80.029368","1824","11","0","0","0","0","0","1","0","0","","0","0","0","","","1","N","0","","40 25:43.696","3","0","80 01:45.723","3","0","0","0","2301","0","0","0","N","0","0","0","3","68B03","0","","1.0","1846.0","1","N","N","N","0","","1","0","1","","0","N","","3","1","0","0","0","0","0","2","0","3","","03","","N","","","","","","","","","",""
"2020096560","2124","0","0","0","0","0","0","0","0","0","98","0","","02","11","2020","3","40.562776","-79.80002","2102","11","0","0","0","0","0","0","1","0","","0","0","0","","","0","N","0","","40 33:45.992","","0","79 48:00.072","0","0","0","0","2206","0","0","0","N","0","0","0","1","68D02","0","","1.0","","1","N","N","N","0","","0","0","1","","0","","","1","0","0","0","0","0","0","2","0","1","","","","N","","","","","","","","","",""
"2020060211","2134","2","0","0","0","0","0","0","0","0","4","0","","02","7","2020","5","40.405671","-79.832545","2132","11","0","1","0","0","0","0","0","0","","0","0","0","","","0","","3","","40 24:20.415","","0","79 49:57.162","0","0","0","0","2467","0","0","0","N","0","0","0","2","02467","0","","1.0","","1","N","N","N","0","","0","0","0","","3","","","2","0","0","0","0","0","0","2","0","2","","","","N","","","","","","","","","",""
"2020095678","0627","1","0","0","0","0","0","0","0","0","5","0","","02","11","2020","2","40.520026","-80.060085","0617","11","0","0","0","0","0","1","0","0","","0","0","0","","","0","N","0","","40 31:12.093","1","0","80 03:36.305","0","0","0","0","2116","0","0","0","Y","0","0","0","2","68B03","0","","1.0","630.0","9","N","N","N","0","","0","0","0","","0","N","","2","0","0","0","0","0","0","2","1","2","","03","","N","","","","","","","","","",""
"2020094369","1807","1","0","0","0","0","0","0","0","0","98","0","","02","11","2020","6","40.645828","-80.071796","1801","11","0","0","0","0","0","0","0","0","","0","0","0","","","0","","2","","40 38:44.980","","0","80 04:18.465","0","0","0","0","2212","0","0","0","N","0","0","0","1","02505","0","","1.0","","1","","","N","0","","0","0","0","","0","","","1","0","0","0","0","0","0","2","0","1","","03","","N","","","","","","","","","",""
"2020079169","2115","1","0","0","0","0","0","0","0","0","5","3","","02","9","2020","6","40.440464","-80.080543","2056","11","0","0","1","0","0","2","0","0","","0","3","0","","","1","","5","","40 26:25.669","4","0","80 04:49.953","8","0","0","0","2301","0","0","0","N","0","0","0","5","02301","0","","1.0","2130.0","1","N","N","N","1","","0","0","0","","2","N","","5","1","0","0","0","1","0","2","0","5","","03","","N","","","","","","","","","",""
"2020052001","1552","0","0","0","0","0","0","0","0","0","1","0","","02","7","2020","6","40.432738","-80.027913","1529","11","0","0","0","0","0","0","0","0","","0","0","0","","","0","N","0","","40 25:57.857","","0","80 01:40.488","0","0","0","0","2301","0","0","0","N","0","0","0","3","02301","0","","1.0","","1","N","N","N","0","","0","0","2","","0","","","3","0","0","0","0","0","0","2","1","3","","03","","N","","","","","","","","","",""
"2020096099","2234","1","0","2","0","0","0","0","0","0","1","0","","02","10","2020","7","40.435873","-80.146979","2232","11","0","1","0","1","0","1","0","0","","0","0","0","","","6","N","0","","40 26:09.142","3","0","80 08:49.125","2","0","0","0","2115","0","0","0","N","0","0","0","6","68B03","0","","1.0","2320.0","1","N","N","N","1","","4","2","1","","0","N","","3","6","1","0","0","0","0","2","0","3","","","","N","","","","","","","","","",""
"2020064185","0833","2","0","0","0","0","0","0","0","0","1","0","","02","8","2020","3","40.458071","-80.112278","0831","11","0","0","0","0","0","1","0","0","","0","0","0","","","0","","2","","40 27:29.054","1","0","80 06:44.199","0","0","0","0","2115","0","0","0","N","0","0","0","2","02115","0","","1.0","901.0","9","N","N","N","0","","0","0","0","","3","N","","2","0","0","0","0","0","0","2","0","2","","","","N","","","","","","","","","",""
"2020065099","1356","2","0","0","0","0","0","0","0","0","3","0","","02","8","2020","5","40.405333","-79.977306","1352","11","0","0","0","1","0","1","0","0","","0","0","0","","","1","Y","0","","40 24:19.200","","0","79 58:38.300","8","0","0","0","2301","0","0","0","N","0","0","0","2","02301","0","","1.0","","1","N","N","N","0","","0","0","0","","0","","","2","1","0","0","0","1","0","2","0","2","","03","","N","","","","","","","","","",""
"2020064917","1900","2","0","0","0","0","0","0","0","0","1","0","","02","8","2020","4","40.338982","-79.888677","1857","11","0","0","0","0","0","1","0","0","","0","0","0","","","0","","2","","40 20:20.335","2","0","79 53:19.237","0","0","0","0","2433","0","0","0","N","0","0","0","2","02433","0","","1.0","1944.0","1","N","N","N","0","","0","0","0","","3","Y","","2","0","0","0","0","0","0","2","0","2","","03","","N","","","","","","","","","",""
"2020089792","0932","2","0","0","0","0","0","0","0","0","4","0","","02","10","2020","2","40.475113","-79.768033","0930","11","0","0","0","0","0","1","0","0","","0","0","0","","","0","","2","","40 28:30.407","","0","79 46:04.920","0","0","0","0","2466","0","0","0","N","0","0","0","2","02466","0","","1.0","","9","N","N","N","0","","0","0","0","","3","","","2","0","0","0","0","0","0","2","0","2","","","","N","","","","","","","","","",""
"2020094277","1542","1","0","0","0","0","0","0","0","0","1","0","","02","11","2020","6","40.355585","-79.827067","1538","11","0","0","0","0","0","0","0","0","","0","0","0","","","1","","2","","40 21:20.106","","0","79 49:37.441","8","0","0","0","2304","0","0","0","N","0","0","0","2","02304","0","","1.0","","1","N","N","N","0","","0","0","1","","0","","","2","1","0","0","0","1","0","2","0","2","","03","","N","","","","","","","","","",""
"2020067421","0713","0","0","0","0","0","0","0","0","0","8","0","90","02","8","2020","6","40.659989","-80.006928","0713","11","0","0","0","0","0","1","0","0","","0","0","0","","","1","N","0","","40 39:35.960","5","0","80 00:24.940","2","0","0","0","2216","1","0","1","N","1","0","1","2","02505","0","","1.0","1135.0","1","N","N","N","0","","0","1","1","","7","Y","","2","1","0","0","0","0","0","1","0","1","","03","Y","Y","4","1","","Y","Y","Y","","","","Y"
"2020095782","1703","0","0","0","0","0","0","0","0","0","7","0","","02","11","2020","1","40.539825","-80.23766","1659","11","0","0","0","0","0","0","0","0","","0","0","0","","","1","N","0","","40 32:23.370","5","0","80 14:15.576","2","0","1","1","2213","0","0","0","N","0","0","0","1","02213","0","","4.0","30.0","1","N","N","N","0","","0","1","0","","0","Y","","1","1","0","0","0","0","0","2","0","1","","","","N","","","","","","","","","",""
"2020091745","1255","0","0","0","0","0","0","0","0","0","1","0","","02","10","2020","3","40.524217","-79.835333","1253","11","0","0","0","0","0","1","0","0","","0","0","0","","","0","N","0","","40 31:27.182","6","0","79 50:07.200","0","0","0","0","2451","0","0","0","N","0","0","0","5","02451","0","","1.0","1325.0","1","N","N","N","0","","0","0","2","","0","N","","3","0","0","0","0","0","0","2","1","3","","","","N","","","","","","","","","",""
"2020099637","1306","1","0","0","0","0","0","0","0","0","4","1","","02","11","2020","6","40.382454","-79.995918","1252","11","0","0","0","1","0","1","0","0","","0","1","0","","","0","","1","","40 22:56.836","3","0","79 59:45.303","0","0","0","0","2301","0","0","0","N","0","0","0","2","02301","0","","1.0","1402.0","1","N","N","Y","0","","0","0","0","","2","N","","2","0","0","0","0","0","0","2","0","2","","","","N","","","","","","","","","",""
"2020096108","2014","0","0","0","0","0","0","0","0","0","7","0","","02","10","2020","1","40.440255","-79.75768","1953","11","0","0","0","0","0","0","0","0","","0","0","0","","","0","N","0","","40 26:24.918","","0","79 45:27.649","0","0","0","0","2446","0","0","0","N","0","0","0","1","68B03","0","","2.0","","1","N","N","N","1","","0","0","0","","0","","","1","0","0","0","0","0","0","2","0","1","","03","","N","","","","","","","","","",""
"2020089773","1056","2","0","0","0","0","0","0","0","0","1","0","","02","10","2020","1","40.489739","-79.904462","1055","11","0","0","0","0","0","1","0","0","","0","0","0","","","0","N","0","","40 29:23.061","","0","79 54:16.062","0","0","0","0","2401","0","0","0","N","0","0","0","3","02401","0","","1.0","","1","N","N","N","0","","0","0","0","","0","","","2","0","0","0","0","0","0","2","0","2","","03","","N","","","","","","","","","",""
"2020095284","1602","0","0","0","0","0","0","0","0","0","0","0","","02","11","2020","2","40.567404","-80.006946","1557","11","0","0","0","0","0","0","0","0","","0","0","0","","","1","N","0","","40 34:02.654","","0","80 00:25.007","2","0","1","1","2108","0","0","0","N","0","0","0","1","02108","0","","1.0","","1","N","N","N","0","","0","1","0","","0","","","1","1","0","0","0","0","0","2","0","1","","03","","N","","","","","","","","","",""
"2020099922","0843","2","0","0","0","0","0","0","0","0","1","0","","02","11","2020","6","40.437663","-79.97255","0835","11","0","0","0","0","0","0","0","0","","0","0","0","","","0","N","2","","40 26:15.588","1","3","79 58:21.180","0","0","0","0","2301","0","0","0","N","0","0","0","4","02301","0","","1.0","925.0","1","N","N","N","0","","0","0","0","","0","Y","","2","0","0","0","0","0","0","2","0","2","","03","","N","","","","","","","","","",""
"2020064196","1011","1","0","0","0","0","0","0","0","0","7","0","","02","8","2020","3","40.393031","-80.013225","1009","11","0","0","0","0","0","1","0","0","","0","0","0","","","1","N","1","","40 23:34.911","2","0","80 00:47.609","8","0","0","0","2301","0","0","0","N","0","0","0","1","02301","0","","5.0","1045.0","1","N","N","N","0","","0","0","0","","3","N","","1","1","0","0","0","1","0","2","0","1","","04","","N","","","","","","","","","",""
"2020095504","2358","1","0","0","0","0","0","0","0","0","7","0","","02","11","2020","2","40.466284","-79.84687","2355","11","0","0","0","0","0","0","0","0","","0","0","0","","","1","N","0","","40 27:58.622","5","0","79 50:48.731","4","0","0","0","2113","0","0","0","N","0","0","0","1","02113","1","","2.0","45.0","1","N","N","N","0","","0","0","0","","0","N","","1","1","0","0","0","0","0","2","0","1","","03","","N","","","","","","","","","",""
"2020079963","1959","1","0","0","0","0","0","0","0","0","7","0","","02","9","2020","6","40.508116","-80.089518","1959","11","0","0","0","0","0","0","0","0","","0","0","0","","","0","N","0","","40 30:29.217","2","0","80 05:22.264","0","0","0","0","2429","0","0","0","Y","0","0","0","1","02215","0","","5.0","2032.0","1","N","N","N","0","","0","0","0","","0","N","","1","0","0","0","0","0","0","2","0","1","","","","N","","","","","","","","","",""
"2020094445","2232","0","0","0","0","0","0","0","0","0","7","0","","02","11","2020","6","40.433793","-80.027923","2230","11","0","0","0","0","0","0","0","0","","0","0","0","","","0","N","0","","40 26:01.655","5","0","80 01:40.522","0","0","0","0","2301","0","0","0","N","0","0","0","1","02301","0","","4.0","2250.0","1","N","N","N","0","","0","0","1","","0","N","","1","0","0","0","0","0","0","2","0","1","","03","","N","","","","","","","","","",""
"2020089321","1759","2","0","0","0","0","0","0","0","0","1","0","","02","10","2020","3","40.501451","-80.074996","1755","11","0","0","0","0","0","0","0","0","","0","0","0","","","0","N","2","","40 30:05.225","","0","80 04:29.985","0","0","0","0","2402","0","0","0","Y","0","0","0","2","02402","0","","1.0","","1","N","N","N","0","","0","0","0","","2","","","2","0","0","0","0","0","0","2","0","2","","","","N","","","","","","","","","",""
"2020050487","1649","0","0","0","0","0","0","0","0","0","4","0","","02","6","2020","5","40.441108","-80.009247","1642","11","0","0","0","0","0","0","0","0","","0","0","0","","","0","N","6","","40 26:27.988","","2","80 00:33.289","0","0","0","0","2301","0","0","0","N","0","0","0","2","02301","0","","1.0","","1","N","N","N","0","","0","0","1","","4","","","2","0","0","0","0","0","0","2","0","2","","","","N","","","","","","","","","",""
"2020064441","2015","1","0","0","0","0","0","0","0","0","2","0","","02","8","2020","3","40.3103","-79.937511","2009","11","0","0","0","0","0","0","1","0","","0","0","0","","","2","","2","","40 18:37.081","5","0","79 56:15.041","3","0","0","0","2440","0","0","0","N","0","0","0","2","02440","0","","1.0","2056.0","1","N","N","N","0","","1","0","1","","3","N","","2","2","0","0","0","1","0","2","0","2","","03","","N","","","","","","","","","",""
"2020096131","1221","0","0","0","0","0","0","0","0","0","0","1","","02","11","2020","7","40.438068","-79.756346","1200","11","0","0","0","0","0","0","0","0","","0","1","0","","","0","N","0","","40 26:17.044","3","0","79 45:22.844","0","0","0","0","2446","0","0","0","N","0","0","0","1","68B03","0","","1.0","1630.0","1","N","N","N","0","","0","0","0","","0","Y","","1","0","0","0","0","0","0","2","0","1","","","","N","","","","","","","","","",""
"2020094301","1652","2","0","0","0","0","0","0","0","0","1","0","","02","11","2020","6","40.352468","-79.918904","1647","11","0","0","0","0","0","0","0","0","","0","0","0","","","1","N","0","","40 21:08.883","4","0","79 55:08.056","4","0","0","0","2473","0","0","0","N","0","0","0","3","02473","1","","1.0","1715.0","1","N","N","N","0","","0","0","0","","0","N","","2","1","0","0","0","0","0","2","0","2","","03","","N","","","","","","","","","",""
"2020094761","0201","1","0","0","0","0","0","0","0","0","7","0","","02","11","2020","1","40.419749","-79.849976","0201","11","0","0","0","0","0","1","0","0","","0","0","0","","","1","","1","","40 25:11.098","1","0","79 50:59.914","3","0","0","0","2431","0","0","0","N","0","0","0","3","02431","0","","5.0","240.0","1","N","N","N","0","","1","0","0","","2","N","","1","1","0","0","0","0","0","2","0","1","","","","N","","","","","","","","","",""
"2020101056","0432","2","0","0","0","0","0","0","0","0","1","0","","02","5","2020","5","40.514941","-80.154551","0430","11","0","0","1","0","0","0","0","0","","0","0","0","","","0","N","0","","40 30:53.788","3","0","80 09:16.384","0","0","0","0","2420","0","0","0","N","0","0","0","1","02420","0","","6.0","545.0","1","N","N","N","0","","0","0","1","","0","Y","","3","0","0","0","0","0","0","2","0","3","","03","","N","","","","","","","","","",""
"2020094430","2020","0","0","0","0","0","0","0","0","0","2","0","","02","11","2020","6","40.462101","-79.988367","2017","11","0","0","0","0","0","0","0","0","","0","0","0","","","0","N","0","","40 27:43.564","","0","79 59:18.120","0","0","0","0","2301","0","0","0","N","0","0","0","2","02301","0","","6.0","","1","N","N","N","1","","0","0","0","","0","","","2","0","0","0","0","0","0","2","0","2","","03","","N","","","","","","","","","",""
"2020096435","0732","0","0","0","0","0","0","0","0","0","7","0","","02","11","2020","5","40.457098","-79.827371","0732","11","0","0","0","0","0","0","0","0","","0","0","0","","","1","N","0","","40 27:25.552","2","0","79 49:38.534","8","0","0","0","2113","0","0","0","N","0","0","0","1","02113","0","","5.0","800.0","1","N","N","N","0","","0","0","2","","0","N","","2","1","0","0","0","1","0","2","0","2","","","","N","","","","","","","","","",""
"2020090635","1550","1","0","0","0","0","0","0","0","0","1","0","","02","10","2020","4","40.478908","-80.043019","1545","11","0","0","0","0","0","0","0","0","","0","0","0","","","0","","1","","40 28:44.067","2","3","80 02:34.868","0","0","0","0","2301","0","0","0","N","0","0","0","2","02301","0","","1.0","1623.0","1","N","N","N","0","","0","0","1","","0","Y","","2","0","0","0","0","0","0","2","0","2","","","","N","","","","","","","","","",""
"2020065414","1036","1","0","0","0","0","0","0","0","0","1","0","","02","8","2020","6","40.392253","-80.061829","1032","11","0","0","0","0","0","0","0","0","","0","0","0","","","1","N","0","","40 23:32.109","4","0","80 03:42.585","3","0","0","0","2117","0","0","0","N","0","0","0","3","02117","0","","1.0","1047.0","1","N","N","N","0","","1","0","1","","0","N","","2","1","0","0","0","0","0","2","0","2","","","","N","","","","","","","","","",""
"2020095635","1446","1","0","0","0","0","0","0","0","0","7","0","","02","11","2020","4","40.361634","-80.110874","1443","11","0","0","0","0","0","0","0","0","","0","0","0","","","1","N","0","","40 21:41.881","1","0","80 06:39.147","3","0","0","0","2414","0","0","0","N","0","0","0","1","02414","0","","2.0","1513.0","1","N","N","N","0","","1","0","0","","0","N","","1","1","0","0","0","0","0","2","0","1","","03","","N","","","","","","","","","",""
"2020096578","2141","1","0","0","0","0","0","0","0","0","7","0","","02","11","2020","1","40.509618","-79.955624","2140","11","0","0","0","0","0","0","0","0","","0","0","0","","","0","N","0","","40 30:34.626","1","0","79 57:20.248","0","0","0","0","2118","0","0","0","N","0","0","0","2","02118","0","","4.0","2210.0","1","N","N","N","0","","0","0","0","","0","N","","1","0","2","0","0","0","0","2","0","1","","03","","N","","","","","","","","","",""
"2020101659","2348","1","0","0","0","0","0","0","0","0","8","0","","02","11","2020","4","40.401696","-80.022132","2332","11","0","0","0","0","0","0","0","0","","0","0","0","","","1","Y","0","","40 24:06.104","6","0","80 01:19.676","2","0","0","0","2301","1","0","1","N","1","0","1","3","02301","0","","1.0","238.0","9","N","N","N","0","","0","1","0","","0","Y","","2","1","0","0","0","0","0","2","0","1","","","","N","","","","","","","","","",""