"CRN","ARRIVAL_TM","AUTOMOBILE_COUNT","BELTED_DEATH_COUNT","BELTED_SUSP_SERIOUS_INJ_COUNT","BICYCLE_COUNT","BICYCLE_DEATH_COUNT","BICYCLE_SUSP_SERIOUS_INJ_COUNT","BUS_COUNT","CHLDPAS_DEATH_COUNT","CHLDPAS_SUSP_SERIOUS_INJ_COUNT","COLLISION_TYPE","COMM_VEH_COUNT","CONS_ZONE_SPD_LIM","COUNTY","CRASH_MONTH","CRASH_YEAR","DAY_OF_WEEK","DEC_LATITUDE","DEC_LONGITUDE","DISPATCH_TM","DISTRICT","DRIVER_COUNT_16YR","DRIVER_COUNT_17YR","DRIVER_COUNT_18YR","DRIVER_COUNT_19YR","DRIVER_COUNT_20YR","DRIVER_COUNT_50_64YR","DRIVER_COUNT_65_74YR","DRIVER_COUNT_75PLUS","EST_HRS_CLOSED","FATAL_COUNT","HEAVY_TRUCK_COUNT","HORSE_BUGGY_COUNT","HOUR_OF_DAY","ILLUMINATION","INJURY_COUNT","INTERSECTION_RELATED","INTERSECT_TYPE","LANE_CLOSED","LATITUDE","LN_CLOSE_DIR","LOCATION_TYPE","LONGITUDE","MAX_SEVERITY_LEVEL","MCYCLE_DEATH_COUNT","MCYCLE_SUSP_SERIOUS_INJ_COUNT","MOTORCYCLE_COUNT","MUNICIPALITY","NONMOTR_COUNT","NONMOTR_DEATH_COUNT","NONMOTR_SUSP_SERIOUS_INJ_COUNT","NTFY_HIWY_MAINT","PED_COUNT","PED_DEATH_COUNT","PED_SUSP_SERIOUS_INJ_COUNT","PERSON_COUNT","POLICE_AGCY","POSSIBLE_INJ_COUNT","RDWY_SURF_TYPE_CD","RELATION_TO_ROAD","ROADWAY_CLEARED","ROAD_CONDITION","SCH_BUS_IND","SCH_ZONE_IND","SECONDARY_CRASH","SMALL_TRUCK_COUNT","SPEC_JURIS_CD","SUSP_MINOR_INJ_COUNT","SUSP_SERIOUS_INJ_COUNT","SUV_COUNT","TCD_FUNC_CD","TCD_TYPE","TFC_DETOUR_IND","TIME_OF_DAY","TOTAL_UNITS","TOT_INJ_COUNT","UNBELTED_OCC_COUNT","UNB_DEATH_COUNT","UNB_SUSP_SERIOUS_INJ_COUNT","UNK_INJ_DEG_COUNT","UNK_INJ_PER_COUNT","URBAN_RURAL","VAN_COUNT","VEHICLE_COUNT","WEATHER1","WEATHER2","WORKERS_PRES","WORK_ZONE_IND","WORK_ZONE_LOC","WORK_ZONE_TYPE","WZ_CLOSE_DETOUR","WZ_FLAGGER","WZ_LAW_OFFCR_IND","WZ_LN_CLOSURE","WZ_MOVING","WZ_OTHER","WZ_SHLDER_MDN","WZ_WORKERS_INJ_KILLED"
"2020096365","2035","1","0","0","0","0","0","0","0","0","7","0","","02","11","2020","4","40.561947","-80.021","2029","11","0","0","0","0","0","0","0","0","","0","0","0","","","0","","2","","40 33:43.010","3","0","80 01:15.599","0","0","0","0","2108","0","0","0","N","0","0","0","1","02108","0","","2.0","2110.0","1","N","N","N","0","","0","0","0","","0","N","","1","0","0","0","0","0","0","2","0","1","","03","","N","","","","","","","","","",""
"2020095361","0203","0","0","0","0","0","0","0","0","0","7","0","","02","10","2020","5","40.495959","-79.868729","0142","11","0","0","0","0","0","0","0","0","","0","0","0","","","0","N","0","","40 29:45.454","2","0","79 52:07.425","0","0","0","0","2112","0","0","0","Y","0","0","0","1","68D02","0","","4.0","225.0","1","N","N","N","0","","0","0","1","","0","N","","1","0","0","0","0","0","0","2","0","1","","","","N","","","","","","","","","",""
"2020066378","2021","1","0","0","0","0","0","0","0","0","4","0","","02","8","2020","4","40.347642","-79.947235","2018","11","0","0","0","0","0","1","0","0","","0","0","0","","","2","","1","","40 20:51.512","","0","79 56:50.046","4","0","0","0","2473","0","0","0","N","0","0","0","3","02473","1","","1.0","","1","N","N","N","0","","0","0","1","","3","","","2","2","0","0","0","1","0","2","0","2","","03","","N","","","","","","","","","",""
"2020068114","1847","1","0","0","0","0","0","0","0","0","7","0","","02","8","2020","1","40.346865","-79.86577","1846","11","0","0","0","0","0","0","0","0","","0","0","0","","","0","N","1","","40 20:48.714","","0","79 51:56.771","0","0","0","0","2304","0","0","0","N","0","0","0","1","02304","0","","5.0","","9","","","N","0","","0","0","0","","0","","","1","0","0","0","0","0","0","2","0","1","","","","N","","","","","","","","","",""
"2020094627","1509","0","0","0","0","0","0","0","0","0","4","0","","02","11","2020","7","40.453876","-80.065053","1500","11","0","0","0","0","0","0","0","0","","0","0","0","","","1","N","0","","40 27:13.952","3","0","80 03:54.190","2","0","1","1","2301","0","0","0","N","0","0","0","1","02301","0","","4.0","1515.0","1","N","N","Y","1","","0","1","0","","0","N","","2","1","0","0","0","0","0","2","0","2","","03","","N","","","","","","","","","",""
"2020087498","1649","2","0","0","0","0","0","0","0","0","2","0","","02","10","2020","2","40.455329","-80.01076","1636","11","0","0","0","0","0","0","0","0","","0","0","0","","","0","N","1","","40 27:19.186","7","0","80 00:38.736","9","0","0","0","2301","0","0","0","N","0","0","0","5","02301","0","","1.0","1725.0","1","N","N","Y","0","","0","0","0","","3","Y","","3","0","1","0","0","0","4","2","1","3","","03","","N","","","","","","","","","",""
"2020068358","2203","1","0","0","0","0","0","0","0","0","4","0","","02","8","2020","1","40.409424","-80.081716","2156","11","0","0","0","0","0","0","0","0","","0","0","0","","","1","N","1","","40 24:33.927","","0","80 04:54.178","8","0","0","0","2415","0","0","0","N","0","0","0","2","02415","0","","1.0","","1","N","N","N","0","","0","0","1","","2","","","2","1","0","0","0","1","0","2","0","2","","03","","N","","","","","","","","","",""
"2020064930","2147","0","0","0","0","0","0","0","0","0","4","0","","02","8","2020","3","40.384914","-79.862723","2147","11","0","0","0","0","0","0","0","0","","0","0","0","","","0","N","1","","40 23:05.690","","0","79 51:45.801","0","0","0","0","2473","0","0","0","N","0","0","0","3","02473","0","","1.0","","1","N","N","N","0","","0","0","2","","2","","","2","0","3","0","0","0","0","2","0","2","","03","","N","","","","","","","","","",""
"2020097116","1812","0","0","0","0","0","0","0","0","0","1","0","","02","11","2020","6","40.357768","-80.121838","1805","11","0","0","0","0","0","0","0","0","","0","0","0","","","0","","1","","40 21:27.964","4","0","80 07:18.616","0","0","0","0","2119","0","0","0","N","0","0","0","2","02119","0","","1.0","1832.0","1","N","N","N","2","","0","0","0","","2","N","","2","0","0","0","0","0","0","2","0","2","","","","N","","","","","","","","","",""
"2020064226","1136","1","0","0","0","0","0","0","0","0","7","0","","02","8","2020","3","40.470333","-79.859143","1133","11","0","0","0","0","0","0","0","0","","0","0","0","","","0","N","0","","40 28:13.198","6","0","79 51:32.915","0","0","0","0","2113","0","0","0","N","0","0","0","1","02113","0","","2.0","1157.0","1","N","N","N","0","","0","0","0","","0","Y","","1","0","0","0","0","0","0","2","0","1","","","","N","","","","","","","","","",""
"2020095337","1633","0","0","0","0","0","0","1","0","0","1","1","","02","11","2020","2","40.508667","-80.116444","1625","11","0","0","0","0","0","0","0","0","","0","0","0","","","0","N","0","","40 30:31.200","","0","80 06:59.200","0","0","0","0","2110","0","0","0","N","0","0","0","2","02503","0","","1.0","","1","N","N","N","0","","0","0","1","","0","","","2","0","0","0","0","0","0","2","0","2","","03","","N","","","","","","","","","",""
"2020097813","0150","2","0","0","0","0","0","0","0","0","2","0","","02","11","2020","1","40.460436","-79.913794","0148","11","0","0","0","0","0","0","0","0","","0","0","0","","","1","N","1","","40 27:37.569","","0","79 54:49.658","3","0","0","0","2301","0","0","0","N","0","0","0","3","02301","0","","1.0","","1","N","N","N","0","","1","0","0","","2","","","2","1","0","0","0","0","0","2","0","2","","03","","N","","","","","","","","","",""
"2020101430","1330","2","0","0","0","0","0","0","0","0","5","0","","02","11","2020","4","40.34218","-79.980578","1321","11","0","0","0","0","0","0","0","0","","0","0","0","","","0","N","0","","40 20:31.849","","0","79 58:50.081","0","0","0","0","2403","0","0","0","N","0","0","0","2","02403","0","","1.0","","1","N","N","N","0","","0","0","1","","0","","","3","0","0","0","0","0","0","2","0","3","","03","","N","","","","","","","","","",""
"2020087074","1141","1","0","0","0","0","0","0","0","0","4","1","","02","10","2020","6","40.437479","-80.014035","1129","11","0","0","0","0","0","2","0","0","","0","1","0","","","1","N","0","","40 26:14.924","","3","80 00:50.526","8","0","0","0","2301","0","0","0","N","0","0","0","3","68B03","0","","1.0","","1","N","N","N","0","","0","0","0","","0","","","2","1","0","0","0","1","0","2","0","2","","03","","N","","","","","","","","","",""
"2020060492","2200","2","0","0","0","0","0","0","0","0","2","0","","02","7","2020","4","40.505547","-80.002703","2154","11","0","0","0","0","0","1","0","0","","0","0","0","","","1","N","0","","40 30:19.970","4","0","80 00:09.730","3","0","0","0","2116","0","0","0","N","0","0","0","1","02116","0","","1.0","2300.0","1","N","N","N","0","","1","0","0","","0","N","","2","1","0","0","0","0","0","2","0","2","","03","","N","","","","","","","","","",""
"2020086590","1732","2","0","0","0","0","0","0","0","0","2","0","","02","10","2020","6","40.42615","-80.294766","1720","11","0","0","0","1","0","0","0","0","","0","0","0","","","0","","2","","40 25:34.139","1","2","80 17:41.158","0","0","0","0","2214","0","0","0","N","0","0","0","4","02214","0","","1.0","1812.0","1","N","N","N","0","","0","0","0","","0","N","","2","0","0","0","0","0","0","1","0","2","","03","","N","","","","","","","","","",""
"2020088682","1654","1","0","0","0","0","0","0","0","0","7","0","","02","10","2020","2","40.445112","-80.190292","1646","11","0","0","0","0","1","0","0","0","","0","0","0","","","0","N","0","","40 26:42.403","3","0","80 11:25.052","0","0","0","0","2214","0","0","0","N","0","0","0","1","02214","0","","5.0","1730.0","9","N","N","N","0","","0","0","0","","0","N","","1","0","0","0","0","0","0","2","0","1","","","","N","","","","","","","","","",""
"2020063819","0924","1","0","0","0","0","0","0","0","0","7","0","","02","7","2020","1","40.505637","-79.996426","0919","11","0","0","0","0","0","0","0","0","","0","0","0","","","0","N","0","","40 30:20.293","5","0","79 59:47.133","0","0","0","0","2116","0","0","0","N","0","0","0","1","02116","0","","5.0","1420.0","1","N","N","N","0","","0","0","0","","0","Y","","1","0","0","0","0","0","0","2","0","1","","","","N","","","","","","","","","",""
"2020061887","0015","2","0","0","0","0","0","0","0","0","1","0","","02","8","2020","3","40.471639","-79.957167","0005","11","0","0","0","0","0","0","0","0","","0","0","0","","","1","N","0","","40 28:17.900","5","0","79 57:25.800","8","0","0","0","2301","0","0","0","N","0","0","0","1","02301","0","","1.0","22.0","1","N","N","N","0","","0","0","0","","0","N","","2","1","0","0","0","1","0","2","0","2","","","","N","","","","","","","","","",""
"2020092296","1827","1","0","0","0","0","0","0","0","0","4","0","","02","10","2020","7","40.436106","-79.785301","1824","11","0","0","0","0","0","0","1","0","","0","0","0","","","0","","2","","40 26:09.982","","0","79 47:07.084","0","0","0","0","2446","0","0","0","N","0","0","0","3","02446","0","","1.0","","1","N","N","N","1","","0","0","0","","2","","","2","0","0","0","0","0","0","2","0","2","","","","N","","","","","","","","","",""
"2020061637","1251","1","0","0","0","0","0","0","0","0","8","0","","02","8","2020","2","40.343334","-79.829319","1249","11","0","0","0","0","0","0","0","1","","0","0","0","","","1","N","2","","40 20:36.002","","0","79 49:45.548","3","0","0","0","2304","1","0","0","N","1","0","0","3","02304","0","","1.0","","1","N","N","N","0","","1","0","0","","0","","","2","1","0","0","0","0","0","2","0","1","","03","","N","","","","","","","","","",""
"2020061325","1216","2","0","0","0","0","0","0","0","0","1","0","","02","7","2020","4","40.347644","-79.951869","1213","11","0","0","0","0","0","0","0","0","","0","0","0","","","1","","1","","40 20:51.517","","7","79 57:06.728","8","0","0","0","2473","0","0","0","N","0","0","0","2","02473","0","","1.0","","1","N","N","N","0","","0","0","0","","2","","","2","1","0","0","0","1","1","2","0","2","","","","N","","","","","","","","","",""
"2020086234","1337","0","0","0","0","0","0","0","0","0","6","0","","02","10","2020","5","40.446211","-79.918353","1324","11","0","0","0","0","0","0","0","0","","0","0","0","","","0","N","1","","40 26:46.359","","0","79 55:06.070","9","0","0","0","2301","0","0","0","N","0","0","0","1","02301","0","","4.0","","1","N","N","N","0","","0","0","2","","0","","","2","0","0","0","0","0","1","2","0","2","","","","N","","","","","","","","","",""
"2020062303","1640","1","0","0","0","0","0","0","0","0","1","0","","02","8","2020","3","40.491068","-79.937957","1624","11","0","0","0","0","0","0","0","0","","0","0","0","","","0","N","0","","40 29:27.843","","3","79 56:16.644","0","0","0","0","2301","0","0","0","N","0","0","0","2","02301","0","","1.0","","1","N","N","N","0","","0","0","1","","2","","","2","0","0","0","0","0","0","2","0","2","","03","","N","","","","","","","","","",""
"2020096868","1149","1","0","0","0","0","0","0","0","0","1","0","","02","11","2020","5","40.358863","-79.908357","1147","11","0","0","0","0","0","0","1","0","","0","0","0","","","1","","3","","40 21:31.908","","0","79 54:30.086","4","0","0","0","2473","0","0","0","N","0","0","0","2","02473","1","","1.0","","1","N","N","N","0","","0","0","1","","2","","","2","1","0","0","0","0","0","2","0","2","","03","","N","","","","","","","","","",""
"2020095920","1850","1","0","0","0","0","0","0","0","0","4","0","","02","11","2020","3","40.44825","-80.065601","1847","11","0","0","0","0","0","0","0","0","","0","0","0","","","0","Y","0","","40 26:53.701","6","0","80 03:56.164","0","0","0","0","2439","0","0","0","N","0","0","0","1","02439","0","","2.0","1935.0","1","N","N","N","0","","0","0","0","","0","Y","","1","0","0","0","0","0","0","2","0","1","","","","N","","","","","","","","","",""
"2020062747","1055","1","0","0","0","0","0","0","0","0","98","0","","02","7","2020","4","40.526123","-80.272554","1035","11","0","0","0","0","0","1","0","0","","0","0","0","","","0","N","0","","40 31:34.041","","0","80 16:21.196","0","0","0","0","2203","0","0","0","N","0","0","0","1","68B03","0","","5.0","","1","N","N","N","0","","0","0","0","","0","","","1","0","0","0","0","0","0","2","0","1","","03","","N","","","","","","","","","",""
"2020093890","1422","1","0","0","0","0","0","0","0","0","98","0","","02","11","2020","5","40.484462","-80.02536","1416","11","0","0","0","0","0","0","0","0","","0","0","0","","","0","N","0","","40 29:04.064","","0","80 01:31.295","0","0","0","0","2301","0","0","0","N","0","0","0","1","02301","0","","2.0","","1","N","N","N","0","","0","0","0","","0","N","","1","0","0","0","0","0","0","2","0","1","","03","","N","","","","","","","","","",""
"2020087190","0754","0","0","0","0","0","0","0","0","0","4","0","","02","10","2020","2","40.454043","-79.912443","0742","11","0","0","1","0","0","0","0","0","","0","0","0","","","0","","1","","40 27:14.553","","0","79 54:44.793","0","0","0","0","2301","0","0","0","N","0","0","0","2","02301","0","","1.0","","9","N","N","N","0","","0","0","2","","2","","","2","0","0","0","0","0","0","2","0","2","","","","N","","","","","","","","","",""
"2020094872","0703","0","0","0","0","0","0","0","0","0","98","0","","02","11","2020","1","40.536589","-80.07729","0642","11","0","0","0","0","0","0","0","0","","0","0","0","","","0","N","0","","40 32:11.722","","0","80 04:38.245","0","0","0","0","2215","0","0","0","N","0","0","0","1","68B03","0","","1.0","","1","N","N","N","0","","0","0","1","","0","","","1","0","0","0","0","0","0","2","0","1","","03","","N","","","","","","","","","",""
"2020095309","1058","2","0","0","0","0","0","0","0","0","4","0","","02","11","2020","4","40.361671","-80.069898","1047","11","0","0","0","0","0","1","0","1","","0","0","0","","","0","","2","","40 21:42.016","6","0","80 04:11.633","0","0","0","0","2123","0","0","0","N","0","0","0","2","02123","0","","1.0","1134.0","1","N","N","N","0","","0","0","0","","3","N","","2","0","0","0","0","0","0","2","0","2","","03","","N","","","","","","","","","",""
"2020090419","0033","0","0","0","0","0","0","0","0","0","7","0","","02","10","2020","4","40.411015","-80.005934","0022","11","0","0","0","0","0","0","0","0","","0","0","0","","","0","","2","","40 24:39.653","","0","80 00:21.363","9","0","0","0","2301","0","0","0","N","0","0","0","1","02301","0","","5.0","","9","N","N","N","0","","0","0","1","","2","","","1","0","0","0","0","0","1","2","0","1","","","","N","","","","","","","","","",""
"2020087831","1936","2","0","0","0","0","0","0","0","0","6","0","","02","10","2020","2","40.372841","-79.975921","1936","11","0","0","0","0","0","0","0","0","","0","0","0","","","0","N","2","","40 22:22.227","4","0","79 58:33.315","0","0","0","0","2413","0","0","0","N","0","0","0","2","02413","0","","1.0","1955.0","1","N","N","N","0","","0","0","0","","0","N","","2","0","0","0","0","0","0","2","0","2","","03","","N","","","","","","","","","",""
"2020101040","1523","0","0","0","0","0","0","0","0","0","4","0","","02","11","2020","3","40.463826","-79.824129","1519","11","0","0","0","0","0","1","0","0","","0","0","0","","","0","N","0","","40 27:49.772","","0","79 49:26.865","0","0","0","0","2113","0","0","0","N","0","0","0","2","02113","0","","1.0","","1","N","N","N","0","","0","0","2","","0","","","2","0","0","0","0","0","0","2","0","2","","03","","N","","","","","","","","","",""
"2020064624","1256","0","0","0","0","0","0","0","0","0","4","0","90","02","8","2020","4","40.593751","-79.947896","1253","11","0","0","0","0","0","0","1","0","","0","0","0","","","2","N","0","","40 35:37.504","5","7","79 56:52.425","4","0","0","0","2207","0","0","0","N","0","0","0","3","02207","1","","1.0","1323.0","1","N","N","N","0","","0","0","2","","0","N","","2","2","0","0","0","1","0","2","0","2","","03","U","Y","1","1","","","N","","","","","N"
"2020058689","1335","1","0","0","0","0","0","0","0","0","7","0","","02","7","2020","6","40.491729","-79.785063","1328","11","0","0","0","0","0","0","0","0","","0","0","0","","","0","N","0","","40 29:30.223","","0","79 47:06.225","0","0","0","0","2466","0","0","0","N","0","0","0","3","02466","0","","5.0","","1","N","N","N","0","","0","0","0","","0","","","1","0","1","0","0","0","0","2","0","1","","03","","N","","","","","","","","","",""
"2020089949","0057","0","0","0","0","0","0","0","0","0","8","0","","02","8","2020","7","40.426988","-80.28583","0048","11","0","0","0","0","0","0","1","0","","1","0","0","","","0","N","0","","40 25:37.155","3","3","80 17:08.987","1","0","0","0","2214","1","1","0","N","1","1","0","2","68B03","0","1","1.0","240.0","9","N","N","N","1","0","0","0","0","","0","Y","","2","0","0","0","0","0","0","1","0","1","","07","","N","","","","","","","","","",""
"2020086330","1526","0","0","0","0","0","0","0","0","0","1","0","","02","10","2020","6","40.439176","-80.211776","1525","11","0","0","0","0","0","0","1","0","","0","0","0","","","1","","1","","40 26:21.034","6","0","80 12:42.393","8","0","0","0","2214","0","0","0","N","0","0","0","3","02214","0","","1.0","1603.0","1","N","N","N","1","","0","0","2","","2","Y","","3","1","0","0","0","1","0","2","0","3","","04","","N","","","","","","","","","",""
"2020062532","1145","0","0","0","0","0","0","0","0","0","0","0","","02","8","2020","2","40.607806","-79.944583","1140","11","0","0","0","0","1","0","0","0","","0","1","0","","","1","N","0","","40 36:28.100","","2","79 56:40.500","3","0","0","0","2207","0","0","0","N","0","0","0","1","68T02","0","","1.0","","1","N","N","N","0","","1","0","0","","8","","","1","1","1","0","0","0","0","2","0","1","","","","N","","","","","","","","","",""
"2020064559","1416","2","0","0","0","0","0","0","0","0","5","0","","02","8","2020","3","40.652064","-79.936201","1411","11","0","0","0","0","0","1","0","1","","0","0","0","","","0","N","0","","40 39:07.432","","0","79 56:10.325","0","0","0","0","2217","0","0","0","N","0","0","0","3","02505","0","","1.0","","1","N","N","N","0","","0","0","0","","0","","","2","0","0","0","0","0","0","2","0","2","","","","N","","","","","","","","","",""
"2020095939","0258","1","0","0","0","0","0","0","0","0","7","0","","02","11","2020","6","40.35041","-79.925929","0254","11","0","0","0","0","0","0","0","0","","0","0","0","","","3","N","0","","40 21:01.476","","0","79 55:33.346","2","0","0","0","2473","0","0","0","N","0","0","0","3","02473","1","","5.0","","1","N","N","N","0","","1","1","0","","0","","","2","3","0","0","0","0","0","2","0","1","","03","","N","","","","","","","","","",""
"2020095062","2040","1","0","0","0","0","0","0","0","0","7","0","","02","11","2020","1","40.464688","-79.854297","2036","11","0","0","0","0","0","0","0","0","","0","0","0","","","0","N","0","","40 27:52.877","3","0","79 51:15.468","0","0","0","0","2113","0","0","0","N","0","0","0","1","02113","0","","2.0","2126.0","1","N","N","Y","0","","0","0","0","","0","N","","1","0","0","0","0","0","0","2","0","1","","","","N","","","","","","","","","",""
"2020076813","1947","0","0","0","0","0","0","0","0","0","4","0","","02","9","2020","6","40.51899","-80.025397","1944","11","0","0","0","0","0","0","0","0","","0","1","0","","","0","N","2","","40 31:08.365","","0","80 01:31.429","0","0","0","0","2474","0","0","0","N","0","0","0","2","02474","0","","1.0","","1","N","N","N","0","","0","0","1","","3","","","2","0","0","0","0","0","0","2","0","2","","03","","N","","","","","","","","","",""
"2020060963","1922","2","0","0","0","0","0","0","0","0","1","0","40","02","7","2020","6","40.434019","-80.029856","1915","11","0","0","0","0","0","1","0","0","","0","0","0","","","0","N","0","","40 26:02.469","","0","80 01:47.482","0","0","0","0","2301","0","0","0","N","0","0","0","5","02301","0","","1.0","","1","N","N","N","0","","0","0","1","","0","N","","3","0","0","0","0","0","0","2","0","3","","03","Y","Y","4","2","","","N","Y","","","Y","N"
"2020065014","1334","1","0","0","0","0","0","0","0","0","4","0","","02","8","2020","4","40.362291","-79.826111","1330","11","0","0","0","0","0","1","0","0","","0","0","0","","","0","","1","","40 21:44.246","1","0","79 49:33.998","0","0","0","0","2111","0","0","0","N","0","0","0","8","02111","0","","1.0","1400.0","1","N","N","N","1","","0","0","0","","2","N","","2","0","0","0","0","0","0","2","0","2","","03","","N","","","","","","","","","",""
"2020087212","1307","2","0","0","0","0","0","0","0","0","1","0","","02","9","2020","3","40.431128","-79.792159","1303","11","0","0","0","0","0","0","0","0","","0","0","0","","","1","N","0","","40 25:52.059","","0","79 47:31.771","4","0","0","0","2446","0","0","0","N","0","0","0","3","02446","1","","1.0","","1","N","N","N","0","","0","0","0","","3","N","","2","1","0","0","0","0","0","2","0","2","","","","N","","","","","","","","","",""
"2020096293","1307","3","0","1","0","0","0","0","0","0","1","0","","02","10","2020","2","40.438461","-80.005827","1307","11","0","0","0","0","0","0","1","0","","0","0","0","","","1","N","0","","40 26:18.458","4","0","80 00:20.977","2","0","0","0","2301","0","0","0","N","0","0","0","9","68B03","0","","1.0","1351.0","9","N","N","N","0","","0","1","1","","0","N","","4","1","1","0","0","0","0","2","0","4","","","","N","","","","","","","","","",""
"2020090245","1508","2","0","0","0","0","0","0","0","0","4","0","","02","10","2020","3","40.492907","-80.306229","1507","11","0","0","0","0","0","2","0","0","","0","0","0","","","0","N","2","","40 29:34.465","","0","80 18:22.424","0","0","0","0","2203","0","0","0","N","0","0","0","2","02203","0","","1.0","","1","N","N","N","0","","0","0","0","","3","","","2","0","0","0","0","0","0","2","0","2","","03","","N","","","","","","","","","",""
"2020095139","0931","2","0","0","0","0","0","0","0","0","4","0","","02","11","2020","2","40.311599","-79.938064","0929","11","0","0","0","0","0","1","0","0","","0","0","0","","","2","","1","","40 18:41.758","2","0","79 56:17.032","8","0","0","0","2454","0","0","0","N","0","0","0","2","02454","0","","1.0","950.0","1","N","N","N","0","","0","0","0","","2","N","","2","2","0","0","0","2","0","2","0","2","","03","","N","","","","","","","","","",""
"2020091507","0940","2","0","0","0","0","0","0","0","0","1","0","","02","10","2020","4","40.429238","-79.942672","0932","11","0","0","0","0","0","1","0","0","","0","0","0","","","1","N","0","","40 25:45.256","","0","79 56:33.618","4","0","0","0","2301","0","0","0","N","0","0","0","2","68B03","1","","1.0","","9","N","N","Y","0","","0","0","0","","0","","","2","1","0","0","0","0","0","2","0","2","","","","N","","","","","","","","","",""
"2020084147","1707","0","0","0","1","0","0","0","0","0","8","0","","02","10","2020","6","40.411858","-80.080155","1704","11","0","0","0","0","0","0","0","0","","0","0","0","","","1","","2","","40 24:42.689","","0","80 04:48.558","4","0","0","0","2415","1","0","0","N","0","0","0","3","02415","1","","1.0","","1","N","N","N","1","","0","0","0","","0","","","2","1","0","0","0","0","2","2","0","1","","","","N","","","","","","","","","",""
"2020088088","1959","1","0","0","0","0","0","0","0","0","8","0","","02","10","2020","7","40.402465","-79.907474","1959","11","0","0","0","0","0","0","0","0","","0","0","0","","","1","N","0","","40 24:08.873","5","0","79 54:26.907","8","0","0","0","2438","1","0","0","N","1","0","0","1","02438","0","","9.0","2130.0","1","N","N","N","0","","0","0","0","","0","Y","","2","1","0","0","0","1","0","2","0","1","","","","N","","","","","","","","","",""
"2020067497","0936","0","0","0","0","0","0","0","0","0","5","0","","02","8","2020","6","40.502105","-79.985208","0934","11","0","0","0","0","0","0","0","0","","0","0","0","","","0","N","0","","40 30:07.579","1","3","79 59:06.750","0","0","0","0","2118","0","0","0","Y","0","0","0","1","02118","0","","2.0","1007.0","1","N","N","N","1","","0","0","0","","0","N","","1","0","0","0","0","0","0","2","0","1","","","","N","","","","","","","","","",""
"2020068117","1925","3","0","0","0","0","0","0","0","0","1","0","","02","8","2020","1","40.460669","-79.922723","1922","11","0","0","0","0","0","0","0","0","","0","0","0","","","1","N","1","","40 27:38.408","7","0","79 55:21.801","3","0","0","0","2301","0","0","0","N","0","0","0","7","02301","0","","1.0","1950.0","1","N","N","Y","0","","1","0","1","","2","Y","","4","1","0","0","0","0","0","2","0","4","","03","","N","","","","","","","","","",""
"2020094840","0700","0","0","0","0","0","0","0","0","0","98","0","","02","11","2020","1","40.622417","-80.070046","0652","11","0","0","0","0","0","0","0","0","","0","0","0","","","0","","1","","40 37:20.702","3","0","80 04:12.165","0","0","0","0","2212","0","0","0","Y","0","0","0","2","02505","0","","5.0","1130.0","1","N","N","N","1","","0","0","0","","2","N","","1","0","2","0","0","0","0","2","0","1","","","","N","","","","","","","","","",""
"2020061741","1849","0","0","0","0","0","0","0","0","0","2","0","","02","7","2020","6","40.394776","-80.184172","1849","11","0","0","0","0","0","0","0","1","","0","0","0","","","0","N","0","","40 23:41.194","5","0","80 11:03.018","0","0","0","0","2450","0","0","0","N","0","0","0","1","02450","0","","1.0","1936.0","1","N","N","N","0","","0","0","1","","0","Y","","1","0","0","0","0","0","0","1","0","1","","","","N","","","","","","","","","",""
"2020058604","1903","2","0","0","0","0","0","0","0","0","4","0","","02","7","2020","6","40.350105","-79.864186","1903","11","0","0","0","0","0","1","0","0","","0","0","0","","","0","N","1","","40 21:00.378","6","0","79 51:51.069","0","0","0","0","2304","0","0","0","N","0","0","0","3","02304","0","","1.0","2046.0","1","N","N","N","0","","0","0","0","","0","Y","","2","0","0","0","0","0","0","2","0","2","","03","","N","","","","","","","","","",""
"2020061540","0419","1","0","0","0","0","0","0","0","0","7","0","","02","8","2020","1","40.424834","-79.920033","0415","11","0","0","0","0","0","1","0","0","","0","0","0","","","0","N","0","","40 25:29.402","3","0","79 55:12.117","0","0","0","0","2301","0","0","0","Y","0","0","0","1","02301","0","","5.0","510.0","9","N","N","N","0","","0","0","0","","0","N","","1","0","0","0","0","0","0","2","0","1","","","","N","","","","","","","","","",""
"2020064138","0425","1","0","0","0","0","0","0","0","0","1","0","","02","8","2020","2","40.33276","-79.891764","0424","11","0","0","0","0","0","0","0","0","","0","0","0","","","0","N","0","","40 19:57.935","1","0","79 53:30.351","0","0","0","0","2433","0","0","0","N","0","0","0","1","02433","0","","2.0","500.0","1","N","N","N","1","","0","0","0","","0","N","","2","0","0","0","0","0","0","2","0","2","","04","","N","","","","","","","","","",""
"2020096971","2200","1","0","0","0","0","0","0","0","0","2","0","","02","11","2020","5","40.452076","-79.884873","2154","11","0","0","0","0","1","0","0","0","","0","0","0","","","4","N","0","","40 27:07.474","5","0","79 53:05.544","8","0","0","0","2301","0","0","0","N","0","0","0","4","02301","0","","1.0","2245.0","1","N","N","N","0","","0","0","1","","0","Y","","2","4","3","0","0","4","0","2","0","2","","","","N","","","","","","","","","",""
"2020099829","1845","2","0","0","0","0","0","0","0","0","1","1","","02","11","2020","6","40.44237","-80.083911","1835","11","1","1","0","0","0","0","0","0","","0","1","0","","","0","N","11","","40 26:32.531","","0","80 05:02.079","0","0","0","0","2301","0","0","0","N","0","0","0","3","02301","0","","1.0","","1","N","N","N","0","","0","0","1","","9","","","4","0","0","0","0","0","0","2","0","4","","03","","N","","","","","","","","","",""