"CRN","ARRIVAL_TM","AUTOMOBILE_COUNT","BELTED_DEATH_COUNT","BELTED_SUSP_SERIOUS_INJ_COUNT","BICYCLE_COUNT","BICYCLE_DEATH_COUNT","BICYCLE_SUSP_SERIOUS_INJ_COUNT","BUS_COUNT","CHLDPAS_DEATH_COUNT","CHLDPAS_SUSP_SERIOUS_INJ_COUNT","COLLISION_TYPE","COMM_VEH_COUNT","CONS_ZONE_SPD_LIM","COUNTY","CRASH_MONTH","CRASH_YEAR","DAY_OF_WEEK","DEC_LATITUDE","DEC_LONGITUDE","DISPATCH_TM","DISTRICT","DRIVER_COUNT_16YR","DRIVER_COUNT_17YR","DRIVER_COUNT_18YR","DRIVER_COUNT_19YR","DRIVER_COUNT_20YR","DRIVER_COUNT_50_64YR","DRIVER_COUNT_65_74YR","DRIVER_COUNT_75PLUS","EST_HRS_CLOSED","FATAL_COUNT","HEAVY_TRUCK_COUNT","HORSE_BUGGY_COUNT","HOUR_OF_DAY","ILLUMINATION","INJURY_COUNT","INTERSECTION_RELATED","INTERSECT_TYPE","LANE_CLOSED","LATITUDE","LN_CLOSE_DIR","LOCATION_TYPE","LONGITUDE","MAX_SEVERITY_LEVEL","MCYCLE_DEATH_COUNT","MCYCLE_SUSP_SERIOUS_INJ_COUNT","MOTORCYCLE_COUNT","MUNICIPALITY","NONMOTR_COUNT","NONMOTR_DEATH_COUNT","NONMOTR_SUSP_SERIOUS_INJ_COUNT","NTFY_HIWY_MAINT","PED_COUNT","PED_DEATH_COUNT","PED_SUSP_SERIOUS_INJ_COUNT","PERSON_COUNT","POLICE_AGCY","POSSIBLE_INJ_COUNT","RDWY_SURF_TYPE_CD","RELATION_TO_ROAD","ROADWAY_CLEARED","ROAD_CONDITION","SCH_BUS_IND","SCH_ZONE_IND","SECONDARY_CRASH","SMALL_TRUCK_COUNT","SPEC_JURIS_CD","SUSP_MINOR_INJ_COUNT","SUSP_SERIOUS_INJ_COUNT","SUV_COUNT","TCD_FUNC_CD","TCD_TYPE","TFC_DETOUR_IND","TIME_OF_DAY","TOTAL_UNITS","TOT_INJ_COUNT","UNBELTED_OCC_COUNT","UNB_DEATH_COUNT","UNB_SUSP_SERIOUS_INJ_COUNT","UNK_INJ_DEG_COUNT","UNK_INJ_PER_COUNT","URBAN_RURAL","VAN_COUNT","VEHICLE_COUNT","WEATHER1","WEATHER2","WORKERS_PRES","WORK_ZONE_IND","WORK_ZONE_LOC","WORK_ZONE_TYPE","WZ_CLOSE_DETOUR","WZ_FLAGGER","WZ_LAW_OFFCR_IND","WZ_LN_CLOSURE","WZ_MOVING","WZ_OTHER","WZ_SHLDER_MDN","WZ_WORKERS_INJ_KILLED"
"2020093671","2149","1","0","0","0","0","0","0","0","0","2","0","","02","10","2020","7","40.536107","-80.183594","2144","11","0","0","0","0","0","0","1","0","","0","0","0","","","0","N","0","","40 32:09.984","5","0","80 11:00.939","0","0","0","0","2441","0","0","0","N","0","0","0","2","02441","0","","1.0","2244.0","1","N","N","N","1","","0","0","0","","0","N","","2","0","0","0","0","0","0","2","0","2","","03","","N","","","","","","","","","",""
"2020064127","2208","1","0","0","0","0","0","0","0","0","0","0","","02","8","2020","2","40.480222","-79.81275","2206","11","0","0","0","0","0","0","0","0","","0","0","0","","","0","N","0","","40 28:48.800","3","0","79 48:45.900","0","0","0","0","2113","0","0","0","N","0","0","0","2","02113","0","","1.0","2300.0","1","N","Y","N","0","","0","0","0","","0","N","","1","0","0","0","0","0","0","2","0","1","","03","","N","","","","","","","","","",""
"2020094543","1232","1","0","0","0","0","0","0","0","0","5","0","","02","11","2020","7","40.617049","-79.945986","1228","11","0","0","0","0","0","2","0","0","","0","0","0","","","0","","2","","40 37:01.376","2","0","79 56:45.551","0","0","0","0","2217","0","0","0","N","0","0","0","7","02505","0","","1.0","100.0","1","N","N","N","1","","0","0","1","","0","N","","3","0","0","0","0","0","0","2","0","3","","","","N","","","","","","","","","",""
"2020059284","1550","2","0","0","0","0","0","0","0","0","1","0","","02","7","2020","2","40.460165","-79.983874","1545","11","0","0","0","0","0","1","0","0","","0","0","0","","","0","N","0","","40 27:36.595","1","0","79 59:01.948","0","0","0","0","2301","0","0","0","N","0","0","0","3","02301","0","","1.0","1630.0","1","N","N","N","0","","0","0","0","","0","N","","2","0","0","0","0","0","0","2","0","2","","03","","N","","","","","","","","","",""
"2020100127","1321","0","0","0","0","0","0","0","0","0","1","0","","02","11","2020","7","40.427061","-79.723378","1317","11","0","0","0","1","0","0","0","1","","0","0","0","","","2","N","2","","40 25:37.418","3","0","79 43:24.160","3","0","0","0","2446","0","0","0","N","0","0","0","3","02446","0","","1.0","1345.0","9","N","N","N","1","","2","0","1","","2","N","","2","2","0","0","0","0","0","2","0","2","","","","N","","","","","","","","","",""
"2020060087","1413","3","0","0","0","0","0","0","0","0","1","0","","02","7","2020","3","40.428433","-79.999831","1413","11","0","0","0","0","0","1","0","0","","0","0","0","","","1","N","0","","40 25:42.358","1","4","79 59:59.393","3","0","0","0","2301","0","0","0","N","0","0","0","5","02301","0","","1.0","1445.0","1","N","N","N","0","","1","0","0","","0","N","","3","1","0","0","0","0","0","2","0","3","","03","","N","","","","","","","","","",""
"2020088758","2215","2","0","0","0","0","0","0","0","0","5","0","","02","10","2020","5","40.45797","-80.029943","2208","11","0","0","0","0","1","0","0","0","","0","0","0","","","2","N","0","","40 27:28.691","1","0","80 01:47.795","3","0","0","0","2301","0","0","0","N","0","0","0","3","02301","0","","1.0","2220.0","1","N","N","N","0","","2","0","0","","0","N","","2","2","0","0","0","0","0","2","0","2","","03","","N","","","","","","","","","",""
"2020088196","1010","1","0","0","0","0","0","0","0","0","7","0","","02","10","2020","4","40.416633","-79.988488","1005","11","0","0","0","1","0","0","0","0","","0","0","0","","","0","N","0","","40 24:59.880","","0","79 59:18.555","0","0","0","0","2301","0","0","0","N","0","0","0","1","02301","0","","5.0","","1","N","N","N","0","","0","0","0","","0","","","1","0","0","0","0","0","0","2","0","1","","03","","N","","","","","","","","","",""
"2020094606","0821","2","0","0","0","0","0","0","0","0","1","0","","02","11","2020","5","40.449141","-80.005272","0801","11","0","0","0","0","0","0","0","0","","0","0","0","","","0","N","0","","40 26:56.908","","3","80 00:18.978","0","0","0","0","2301","0","0","0","N","0","0","0","2","68B03","0","","1.0","","1","N","N","N","0","","0","0","0","","4","","","2","0","0","0","0","0","0","2","0","2","","03","","N","","","","","","","","","",""
"2020088746","1633","2","0","0","0","0","0","0","0","0","4","0","","02","10","2020","5","40.673414","-80.098566","1627","11","0","0","0","0","0","0","0","1","","0","0","0","","","0","N","1","","40 40:24.290","2","0","80 05:54.838","0","0","0","0","2212","0","0","0","N","0","0","0","3","02505","0","","1.0","1700.0","1","N","N","N","0","","0","0","0","","2","N","","2","0","0","0","0","0","0","2","0","2","","03","","N","","","","","","","","","",""
"2020063947","1801","2","0","0","0","0","0","0","0","0","4","0","","02","8","2020","3","40.378039","-79.82799","1759","11","0","0","0","0","0","0","0","0","","0","0","0","","","1","","2","","40 22:40.942","6","0","79 49:40.763","3","0","0","0","2111","0","0","0","N","0","0","0","4","02111","0","","1.0","1836.0","1","N","N","N","0","","1","0","0","","3","Y","","2","1","1","0","0","0","0","2","0","2","","03","","N","","","","","","","","","",""
"2020085208","1645","1","0","0","0","0","0","0","0","0","1","0","","02","10","2020","3","40.400386","-80.000307","1632","11","0","0","0","0","0","0","0","0","","0","0","0","","","0","N","0","","40 24:01.391","","0","80 00:01.105","0","0","0","1","2301","0","0","0","N","0","0","0","3","02301","0","","1.0","","1","N","N","N","0","","0","0","0","","0","","","2","0","0","0","0","0","0","2","0","2","","","","N","","","","","","","","","",""
"2020059916","2218","1","0","0","0","0","0","0","0","0","5","0","","02","7","2020","3","40.471856","-79.927106","2212","11","0","0","0","0","0","0","0","0","","0","0","0","","","0","Y","0","","40 28:18.680","","0","79 55:37.580","0","0","0","0","2301","0","0","0","N","0","0","0","1","02301","0","","6.0","","1","N","N","Y","0","","0","0","1","","0","","","3","0","0","0","0","0","0","2","1","3","","03","","N","","","","","","","","","",""
"2020089285","0955","1","0","0","0","0","0","0","0","0","2","0","","02","10","2020","2","40.498517","-79.955196","0948","11","0","0","0","0","0","0","0","0","","0","0","0","","","0","N","0","","40 29:54.662","1","0","79 57:18.705","0","0","0","0","2118","0","0","0","N","0","0","0","1","02118","0","","6.0","1030.0","9","N","N","N","0","","0","0","1","","0","N","","2","0","0","0","0","0","0","2","0","2","","","","N","","","","","","","","","",""
"2020095173","2107","1","0","0","0","0","0","0","0","0","4","0","","02","10","2020","5","40.395284","-79.838711","2048","11","0","0","0","0","0","0","0","0","","0","0","0","","","0","N","0","","40 23:43.021","","7","79 50:19.361","0","0","0","0","2425","0","0","0","N","0","0","0","5","68B03","0","","1.0","","9","N","N","N","0","","0","0","0","","0","","","2","0","0","0","0","0","0","2","1","2","","","","N","","","","","","","","","",""
"2020058410","0718","2","0","0","0","0","0","0","0","0","1","0","","02","7","2020","3","40.371583","-80.079319","0709","11","0","0","0","0","1","0","0","0","","0","0","0","","","0","Y","0","","40 22:17.700","3","0","80 04:45.550","0","0","0","0","2117","0","0","0","N","0","0","0","4","02117","0","","1.0","30.0","1","N","N","N","1","","0","0","0","","2","N","","3","0","0","0","0","0","0","2","0","3","","","","N","","","","","","","","","",""
"2020091397","1430","1","0","0","0","0","0","0","0","0","5","0","","02","10","2020","5","40.423209","-79.973855","1420","11","0","0","0","0","0","0","0","0","","0","0","0","","","0","","1","","40 25:23.552","","0","79 58:25.877","0","0","0","0","2301","0","0","0","N","0","0","0","1","02301","0","","1.0","","1","N","N","N","1","","0","0","0","","3","","","2","0","0","0","0","0","0","2","0","2","","03","","N","","","","","","","","","",""
"2020059106","1947","1","0","0","0","0","0","0","0","0","4","0","","02","7","2020","1","40.430614","-80.061988","1945","11","0","0","0","0","0","0","0","0","","0","0","0","","","1","","2","","40 25:50.212","","0","80 03:43.158","3","0","0","1","2421","0","0","0","N","0","0","0","2","02421","0","","1.0","","1","N","N","N","0","","1","0","0","","3","","","2","1","0","0","0","0","0","2","0","2","","03","","N","","","","","","","","","",""
"2020060894","1730","2","0","0","0","0","0","0","0","0","2","0","","02","7","2020","6","40.381384","-79.813148","1730","11","0","0","1","0","0","0","0","0","","0","0","0","","","0","","3","","40 22:52.982","4","0","79 48:47.333","0","0","0","0","2424","0","0","0","N","0","0","0","2","02424","0","","1.0","1800.0","1","N","N","N","0","","0","0","0","","0","Y","","2","0","0","0","0","0","0","2","0","2","","03","","N","","","","","","","","","",""
"2020060161","1827","0","0","0","0","0","0","0","0","0","1","0","","02","7","2020","4","40.379701","-80.000734","1831","11","0","0","0","0","0","1","0","0","","0","0","0","","","0","N","2","","40 22:46.924","1","0","80 00:02.644","0","0","0","0","2301","0","0","0","N","0","0","0","2","02301","0","","1.0","1905.0","1","N","N","N","1","","0","0","1","","0","N","","2","0","1","0","0","0","0","2","0","2","","03","","N","","","","","","","","","",""
"2020089994","0724","0","0","0","0","0","0","0","0","0","1","0","","02","10","2020","4","40.603247","-79.766544","0704","11","0","0","0","0","0","0","0","0","","0","0","0","","","0","N","0","","40 36:11.688","","0","79 45:59.559","0","0","0","0","2464","0","0","0","N","0","0","0","3","68D02","0","","1.0","","1","N","N","N","0","","0","0","3","","0","","","3","0","0","0","0","0","0","2","0","3","","","","N","","","","","","","","","",""
"2020091495","2253","1","0","0","0","0","0","0","0","0","1","0","","02","10","2020","3","40.427607","-79.94994","2243","11","0","0","0","0","0","1","1","0","","0","0","0","","","0","N","0","","40 25:39.385","3","0","79 56:59.785","0","0","0","0","2301","0","0","0","N","0","0","0","2","68B03","0","","1.0","5.0","9","N","N","N","0","","0","0","1","","0","N","","2","0","0","0","0","0","0","2","0","2","","","","N","","","","","","","","","",""
"2020060155","1822","1","0","0","0","0","0","0","0","0","1","0","","02","7","2020","3","40.394401","-79.997265","1816","11","0","0","0","0","0","1","0","0","","0","0","0","","","0","","2","","40 23:39.842","2","0","79 59:50.153","0","0","0","0","2301","0","0","0","N","0","0","0","2","02301","0","","1.0","1840.0","1","N","N","N","0","","0","0","1","","0","N","","3","0","0","0","0","0","0","2","0","2","","03","","N","","","","","","","","","",""
"2020090144","1318","1","0","0","0","0","0","0","0","0","4","0","","02","10","2020","1","40.454141","-79.906256","1312","11","0","0","0","0","0","2","0","0","","0","0","0","","","0","","1","","40 27:14.906","","0","79 54:22.522","0","0","0","0","2301","0","0","0","N","0","0","0","3","02301","0","","1.0","","1","N","N","N","0","","0","0","1","","3","","","2","0","0","0","0","0","0","2","0","2","","03","","N","","","","","","","","","",""
"2020064568","1223","1","0","0","0","0","0","0","0","0","8","0","","02","8","2020","4","40.458361","-79.896778","1219","11","0","0","0","0","0","0","0","0","","0","0","0","","","1","N","0","","40 27:30.100","","0","79 53:48.400","4","0","0","0","2301","1","0","0","N","1","0","0","2","02301","1","","1.0","","1","N","N","N","0","","0","0","0","","0","","","3","1","1","0","0","0","0","2","1","2","","03","","N","","","","","","","","","",""
"2020085810","2303","0","0","0","0","0","0","0","0","0","7","0","","02","10","2020","5","40.630036","-79.85592","2257","11","0","0","0","0","0","0","0","0","","0","0","0","","","1","","2","","40 37:48.131","2","0","79 51:21.313","3","0","0","0","2220","0","0","0","N","0","0","0","1","02220","0","","2.0","23.0","1","N","N","N","1","","1","0","0","","0","N","","1","1","0","0","0","0","0","2","0","1","","03","","N","","","","","","","","","",""
"2020067823","1426","1","0","0","0","0","0","0","0","0","4","0","30","02","8","2020","7","40.378658","-79.804954","1424","11","0","0","0","0","1","0","0","0","","0","0","0","","","2","","2","","40 22:43.168","4","7","79 48:17.836","8","0","0","0","2111","0","0","0","N","0","0","0","4","02111","0","","1.0","1453.0","1","N","N","N","1","","0","0","0","","0","N","","2","2","0","0","0","2","1","2","0","2","","04","N","Y","2","1","","","N","","","","","N"
"2020085354","2112","1","0","0","0","0","0","0","0","0","4","0","","02","10","2020","3","40.455301","-79.976372","2108","11","0","0","0","0","0","0","0","0","","0","0","0","","","1","","2","","40 27:19.082","6","0","79 58:34.938","8","0","0","0","2301","0","0","0","N","0","0","0","2","02301","0","","1.0","2205.0","1","N","N","N","0","","0","0","1","","3","Y","","2","1","0","0","0","1","0","2","0","2","","03","","N","","","","","","","","","",""
"2020059497","1741","3","0","0","0","0","0","0","0","0","1","0","","02","7","2020","2","40.450944","-79.935708","1739","11","0","0","0","0","0","0","0","0","","0","0","0","","","1","N","0","","40 27:03.400","5","0","79 56:08.550","8","0","0","0","2301","0","0","0","N","0","0","0","1","02301","0","","1.0","1900.0","1","N","N","Y","0","","0","0","2","","0","Y","","5","1","1","0","0","1","0","2","0","5","","","","N","","","","","","","","","",""
"2020088652","1654","2","0","0","0","0","0","0","0","0","2","0","","02","10","2020","5","40.426899","-79.962901","1648","11","0","0","0","0","0","0","0","0","","0","0","0","","","0","N","2","","40 25:36.836","","0","79 57:46.443","0","0","0","0","2301","0","0","0","N","0","0","0","2","02301","0","","1.0","","1","N","N","N","0","","0","0","0","","0","","","2","0","0","0","0","0","0","2","0","2","","","","N","","","","","","","","","",""
"2020089716","1148","1","0","0","0","0","0","1","0","0","2","1","","02","10","2020","6","40.485326","-80.009494","1142","11","0","0","0","0","0","2","0","0","","0","0","0","","","1","N","1","","40 29:07.174","1","0","80 00:34.178","3","0","0","0","2301","0","0","0","N","0","0","0","2","02503","0","","1.0","1125.0","1","N","N","N","0","","1","0","0","","2","Y","","2","1","0","0","0","0","0","2","0","2","","03","","N","","","","","","","","","",""
"2020087826","1721","0","0","0","0","0","0","0","0","0","4","1","","02","10","2020","3","40.447435","-79.942465","1709","11","0","0","0","0","0","0","0","0","","0","0","0","","","0","N","1","","40 26:50.767","3","0","79 56:32.873","0","0","0","0","2301","0","0","0","N","0","0","0","2","02301","0","","1.0","1803.0","9","N","N","Y","0","","0","0","1","","2","Y","","2","0","0","0","0","0","0","2","1","2","","","","N","","","","","","","","","",""
"2020095032","0559","0","0","0","0","0","0","0","0","0","1","0","","02","11","2020","1","40.322358","-79.891436","0559","11","0","0","0","0","0","0","1","0","","0","0","0","","","0","N","0","","40 19:20.489","2","0","79 53:29.169","0","0","0","0","2433","0","0","0","N","0","0","0","2","02433","0","","5.0","648.0","1","N","N","Y","0","","0","0","2","","0","Y","","2","0","0","0","0","0","0","2","0","2","","03","","N","","","","","","","","","",""
"2020086608","1927","1","0","0","0","0","0","0","0","0","1","0","","02","10","2020","6","40.424783","-79.92699","1927","11","0","0","0","0","0","0","0","0","","0","0","0","","","0","N","2","","40 25:29.218","1","0","79 55:37.164","9","0","0","0","2301","0","0","0","N","0","0","0","4","02301","0","","1.0","2045.0","1","N","N","N","0","","0","0","0","","0","Y","","2","0","0","0","0","0","1","2","1","2","","03","","N","","","","","","","","","",""
"2020088927","1032","3","0","0","0","0","0","0","0","0","4","0","","02","10","2020","6","40.464795","-79.960262","1024","11","0","0","0","0","0","0","1","0","","0","0","0","","","0","","5","","40 27:53.261","7","0","79 57:36.943","0","0","0","0","2301","0","0","0","N","0","0","0","2","02301","0","","1.0","1042.0","1","N","N","N","0","","0","0","0","","3","N","","3","0","0","0","0","0","0","2","0","3","","03","","N","","","","","","","","","",""
"2020094173","0956","2","0","0","0","0","0","0","0","0","1","0","","02","11","2020","6","40.484407","-80.040492","0952","11","0","0","0","0","0","0","0","1","","0","0","0","","","1","","3","","40 29:03.864","","0","80 02:25.771","8","0","0","0","2301","0","0","0","N","0","0","0","1","02301","0","","2.0","","1","N","N","N","0","","0","0","0","","0","","","2","1","0","0","0","1","0","2","0","2","","","","N","","","","","","","","","",""
"2020086070","2056","1","0","0","0","0","0","0","0","0","4","0","","02","10","2020","5","40.444313","-79.917831","2056","11","0","0","0","0","0","1","1","0","","0","0","0","","","0","","5","","40 26:39.527","","0","79 55:04.192","0","0","0","0","2301","0","0","0","N","0","0","0","2","02301","0","","1.0","","9","N","N","N","0","","0","0","1","","2","","","2","0","0","0","0","0","0","2","0","2","","07","","N","","","","","","","","","",""
"2020058597","1931","1","0","0","0","0","0","0","0","0","7","0","","02","7","2020","6","40.451664","-80.059681","1928","11","0","0","0","0","0","0","0","0","","0","0","0","","","1","Y","0","","40 27:05.990","4","0","80 03:34.850","8","0","0","0","2301","0","0","0","Y","0","0","0","1","02301","0","","2.0","1840.0","1","N","N","N","0","","0","0","0","","0","N","","1","1","1","0","0","1","0","2","0","1","","","","N","","","","","","","","","",""
"2020090974","0920","2","0","0","0","0","0","0","0","0","4","0","","02","10","2020","5","40.452745","-79.866565","0901","11","0","0","0","0","0","1","0","0","","0","0","0","","","2","N","2","","40 27:09.881","2","0","79 51:59.635","8","0","0","0","2301","0","0","0","N","0","0","0","7","02301","0","","1.0","1000.0","9","N","N","N","0","","0","0","0","","3","N","","2","2","0","0","0","2","0","2","0","2","","","","N","","","","","","","","","",""
"2020090038","1652","2","0","0","0","0","0","0","0","0","1","0","","02","10","2020","2","40.528541","-79.85024","1648","11","0","0","0","0","0","0","1","0","","0","0","0","","","0","","2","","40 31:42.747","","3","79 51:00.865","0","0","0","0","2208","0","0","0","N","0","0","0","3","02208","0","","1.0","","1","N","N","N","0","","0","0","0","","2","","","2","0","0","0","0","0","0","2","0","2","","03","","N","","","","","","","","","",""
"2020095957","2204","1","0","0","0","0","0","0","0","0","2","0","","02","11","2020","7","40.494487","-80.064761","2202","11","0","0","0","0","0","0","0","0","","0","0","0","","","2","N","0","","40 29:40.154","5","7","80 03:53.140","8","0","0","0","2402","0","0","0","N","0","0","0","3","02402","0","","1.0","2251.0","1","N","N","N","0","","0","0","1","","0","N","","2","2","0","0","0","2","0","2","0","2","","","","N","","","","","","","","","",""
"2020068611","1120","1","0","0","0","0","0","0","0","0","1","0","","02","7","2020","4","40.541911","-80.012913","1118","11","0","0","0","0","0","1","1","1","","0","0","0","","","0","","1","","40 32:30.879","1","0","80 00:46.485","0","0","0","0","2116","0","0","0","N","0","0","0","4","02116","0","","1.0","1137.0","1","N","N","Y","0","","0","0","2","","2","N","","3","0","0","0","0","0","0","2","0","3","","03","","N","","","","","","","","","",""
"2020089743","0743","0","0","0","0","0","0","0","0","0","7","0","","02","10","2020","2","40.351889","-79.862192","0743","11","0","0","0","0","0","0","0","0","","0","0","0","","","1","N","1","","40 21:06.799","6","0","79 51:43.891","8","0","0","0","2304","0","0","0","N","0","0","0","1","02304","0","","5.0","815.0","1","N","N","N","0","","0","0","1","","0","Y","","1","1","0","0","0","1","0","2","0","1","","03","","N","","","","","","","","","",""
"2020087991","2240","0","0","0","0","0","0","0","0","0","7","0","","02","10","2020","3","40.432315","-80.268673","2236","11","0","0","0","0","1","0","0","0","","0","0","0","","","0","N","0","","40 25:56.333","5","0","80 16:07.221","0","0","0","0","2214","0","0","0","N","0","0","0","1","02214","0","","5.0","2335.0","9","N","N","N","0","","0","0","0","","0","N","","1","0","0","0","0","0","0","2","1","1","","05","","N","","","","","","","","","",""
"2020067902","2326","0","0","0","0","0","0","0","0","0","4","0","","02","8","2020","7","40.348934","-79.830374","2322","11","0","0","0","0","0","0","1","0","","0","0","0","","","1","N","0","","40 20:56.161","","7","79 49:49.347","2","0","1","1","2304","0","0","0","N","0","0","0","3","02304","0","","1.0","","9","N","N","N","1","","0","1","0","","0","","","2","1","0","0","0","0","0","2","0","2","","03","","N","","","","","","","","","",""
"2020086130","1445","1","0","0","0","0","0","0","0","0","4","0","","02","10","2020","5","40.511866","-79.835416","1142","11","0","0","0","0","0","0","0","0","","0","0","0","","","0","N","3","","40 30:42.718","7","0","79 50:07.497","0","0","0","0","2451","0","0","0","N","0","0","0","3","02451","0","","1.0","1500.0","1","N","N","N","1","","0","0","0","","0","Y","","2","0","0","0","0","0","0","2","0","2","","03","","N","","","","","","","","","",""
"2020067389","1245","1","0","0","0","0","0","0","0","0","4","0","","02","8","2020","5","40.431983","-79.789339","1240","11","0","0","0","0","1","1","0","0","","0","0","0","","","0","Y","0","","40 25:55.140","","7","79 47:21.620","0","0","0","0","2446","0","0","0","N","0","0","0","2","02446","0","","1.0","","1","N","N","N","0","","0","0","1","","0","N","","2","0","0","0","0","0","0","2","0","2","","03","","N","","","","","","","","","",""
"2020065581","1416","1","0","0","0","0","0","0","0","0","4","0","","02","8","2020","6","40.407069","-80.034216","1412","11","0","0","0","0","0","0","0","0","","0","0","0","","","0","","2","","40 24:25.448","3","0","80 02:03.179","0","0","0","0","2301","0","0","0","N","0","0","0","2","02301","0","","1.0","1440.0","1","N","N","N","0","","0","0","1","","2","N","","2","0","0","0","0","0","0","2","0","2","","03","","N","","","","","","","","","",""
"2020090605","1637","1","0","0","0","0","0","0","0","0","1","0","","02","10","2020","2","40.411894","-80.067987","1618","11","0","0","0","0","0","0","0","0","","0","0","0","","","2","N","0","","40 24:42.819","4","0","80 04:04.752","4","0","0","0","2117","0","0","0","N","0","0","0","2","68B03","2","","1.0","1637.0","1","N","N","N","0","","0","0","1","","0","N","","2","2","0","0","0","0","0","2","0","2","","","","N","","","","","","","","","",""
"2020088047","0952","1","0","0","0","0","0","1","0","0","1","1","","02","10","2020","3","40.327648","-79.892507","0933","11","0","0","0","0","0","1","0","0","","0","0","0","","","1","N","1","","40 19:39.532","2","0","79 53:33.025","3","0","0","0","2433","0","0","0","N","0","0","0","5","02503","0","","1.0","1020.0","9","N","N","N","0","","1","0","0","","2","N","","2","1","0","0","0","0","0","2","0","2","","","","N","","","","","","","","","",""
"2020060877","1640","1","0","0","0","0","0","0","0","0","7","0","","02","7","2020","6","40.443154","-80.039731","1635","11","0","0","0","0","0","1","0","0","","0","0","0","","","0","N","2","","40 26:35.354","","0","80 02:23.031","9","0","0","0","2301","0","0","0","N","0","0","0","1","02301","0","","5.0","","1","N","N","N","0","","0","0","0","","0","N","","1","0","1","0","0","0","1","2","0","1","","03","","N","","","","","","","","","",""
"2020061273","2335","1","0","0","0","0","0","0","0","0","7","0","","02","7","2020","6","40.437983","-80.005375","2320","11","0","0","0","0","0","0","0","0","","0","0","0","","","0","N","0","","40 26:16.740","","0","80 00:19.351","0","0","0","0","2301","0","0","0","N","0","0","0","2","02301","0","","5.0","","9","N","N","N","0","","0","0","0","","0","","","1","0","0","0","0","0","0","2","0","1","","","","N","","","","","","","","","",""
"2020094817","1820","1","0","0","0","0","0","0","0","0","1","0","","02","11","2020","4","40.430022","-80.013913","1812","11","0","0","0","0","0","0","0","0","","0","0","0","","","0","N","0","","40 25:48.078","3","0","80 00:50.086","0","0","0","0","2301","0","0","0","N","0","0","0","2","02301","0","","1.0","1840.0","1","N","N","N","1","","0","0","0","","0","N","","2","0","0","0","0","0","0","2","0","2","","03","","N","","","","","","","","","",""
"2020093783","1049","2","0","0","0","0","0","0","0","0","1","0","","02","11","2020","5","40.43636","-79.976586","1043","11","0","0","0","0","0","0","0","1","","0","0","0","","","0","","2","","40 26:10.897","4","0","79 58:35.711","0","0","0","0","2301","0","0","0","N","0","0","0","4","02301","0","","1.0","1131.0","1","N","N","Y","0","","0","0","1","","0","N","","3","0","0","0","0","0","0","2","0","3","","03","","N","","","","","","","","","",""
"2020096773","2240","0","0","0","0","0","0","0","0","0","7","0","","02","10","2020","6","40.479757","-79.96595","2231","11","0","0","0","0","0","0","0","0","","0","0","0","","","0","","7","","40 28:47.125","2","8","79 57:57.419","0","0","0","0","2118","0","0","0","Y","0","0","0","2","02118","0","","4.0","2330.0","1","N","N","N","0","","0","0","1","","0","N","","1","0","0","0","0","0","0","2","0","1","","03","","N","","","","","","","","","",""
"2020068061","1750","1","0","0","0","0","0","0","0","0","7","0","","02","8","2020","1","40.458661","-79.998351","1740","11","0","0","0","0","0","0","0","0","","0","0","0","","","0","","2","","40 27:31.180","","8","79 59:54.063","0","0","0","0","2301","0","0","0","N","0","0","0","1","02301","0","","4.0","","1","N","N","N","0","","0","0","0","","0","","","1","0","0","0","0","0","0","2","0","1","","","","N","","","","","","","","","",""
"2020088772","0018","1","0","0","0","0","0","0","0","0","7","0","","02","10","2020","6","40.448371","-79.835951","0016","11","0","0","0","0","0","0","0","0","","0","0","0","","","0","N","0","","40 26:54.136","","0","79 50:09.423","0","0","0","0","2113","0","0","0","N","0","0","0","2","02113","0","","4.0","","1","N","N","N","0","","0","0","1","","0","","","2","0","0","0","0","0","0","2","0","2","","","","N","","","","","","","","","",""
"2020095355","0944","1","0","0","0","0","0","0","0","0","7","0","","02","9","2020","1","40.272716","-79.959178","0939","11","0","0","0","0","0","0","0","0","","0","0","0","","","1","N","0","","40 16:21.777","2","0","79 57:33.040","2","0","0","0","2440","0","0","0","N","0","0","0","1","68T09","0","","2.0","1035.0","1","N","N","N","0","","0","1","0","","0","N","","1","1","1","0","1","0","0","1","0","1","","","","N","","","","","","","","","",""
"2020087932","0950","1","0","0","0","0","0","0","0","0","2","0","","02","10","2020","2","40.439669","-79.860875","0930","11","0","0","0","0","0","0","0","0","","0","0","0","","","1","N","0","","40 26:22.809","4","0","79 51:39.150","8","0","0","0","2478","0","0","0","Y","0","0","0","1","68B03","0","","4.0","30.0","8","N","N","N","0","","0","0","0","","0","N","","1","1","0","0","0","1","0","2","0","1","","04","","N","","","","","","","","","",""
"2020087985","2359","0","0","0","0","0","0","0","0","0","6","0","","02","10","2020","3","40.413623","-79.97726","2340","11","0","0","0","0","0","0","0","0","","0","0","0","","","0","N","0","","40 24:49.044","","0","79 58:38.136","9","0","0","0","2301","0","0","0","N","0","0","0","1","02301","0","","4.0","","9","N","N","N","0","","0","0","1","","0","","","2","0","0","0","0","0","1","2","0","2","","","","N","","","","","","","","","",""