"CRN","ARRIVAL_TM","AUTOMOBILE_COUNT","BELTED_DEATH_COUNT","BELTED_SUSP_SERIOUS_INJ_COUNT","BICYCLE_COUNT","BICYCLE_DEATH_COUNT","BICYCLE_SUSP_SERIOUS_INJ_COUNT","BUS_COUNT","CHLDPAS_DEATH_COUNT","CHLDPAS_SUSP_SERIOUS_INJ_COUNT","COLLISION_TYPE","COMM_VEH_COUNT","CONS_ZONE_SPD_LIM","COUNTY","CRASH_MONTH","CRASH_YEAR","DAY_OF_WEEK","DEC_LATITUDE","DEC_LONGITUDE","DISPATCH_TM","DISTRICT","DRIVER_COUNT_16YR","DRIVER_COUNT_17YR","DRIVER_COUNT_18YR","DRIVER_COUNT_19YR","DRIVER_COUNT_20YR","DRIVER_COUNT_50_64YR","DRIVER_COUNT_65_74YR","DRIVER_COUNT_75PLUS","EST_HRS_CLOSED","FATAL_COUNT","HEAVY_TRUCK_COUNT","HORSE_BUGGY_COUNT","HOUR_OF_DAY","ILLUMINATION","INJURY_COUNT","INTERSECTION_RELATED","INTERSECT_TYPE","LANE_CLOSED","LATITUDE","LN_CLOSE_DIR","LOCATION_TYPE","LONGITUDE","MAX_SEVERITY_LEVEL","MCYCLE_DEATH_COUNT","MCYCLE_SUSP_SERIOUS_INJ_COUNT","MOTORCYCLE_COUNT","MUNICIPALITY","NONMOTR_COUNT","NONMOTR_DEATH_COUNT","NONMOTR_SUSP_SERIOUS_INJ_COUNT","NTFY_HIWY_MAINT","PED_COUNT","PED_DEATH_COUNT","PED_SUSP_SERIOUS_INJ_COUNT","PERSON_COUNT","POLICE_AGCY","POSSIBLE_INJ_COUNT","RDWY_SURF_TYPE_CD","RELATION_TO_ROAD","ROADWAY_CLEARED","ROAD_CONDITION","SCH_BUS_IND","SCH_ZONE_IND","SECONDARY_CRASH","SMALL_TRUCK_COUNT","SPEC_JURIS_CD","SUSP_MINOR_INJ_COUNT","SUSP_SERIOUS_INJ_COUNT","SUV_COUNT","TCD_FUNC_CD","TCD_TYPE","TFC_DETOUR_IND","TIME_OF_DAY","TOTAL_UNITS","TOT_INJ_COUNT","UNBELTED_OCC_COUNT","UNB_DEATH_COUNT","UNB_SUSP_SERIOUS_INJ_COUNT","UNK_INJ_DEG_COUNT","UNK_INJ_PER_COUNT","URBAN_RURAL","VAN_COUNT","VEHICLE_COUNT","WEATHER1","WEATHER2","WORKERS_PRES","WORK_ZONE_IND","WORK_ZONE_LOC","WORK_ZONE_TYPE","WZ_CLOSE_DETOUR","WZ_FLAGGER","WZ_LAW_OFFCR_IND","WZ_LN_CLOSURE","WZ_MOVING","WZ_OTHER","WZ_SHLDER_MDN","WZ_WORKERS_INJ_KILLED"
"2020100090","2315","1","0","0","0","0","0","0","0","0","4","0","","02","11","2020","7","40.462469","-79.924405","2305","11","0","0","1","0","0","0","0","0","","0","0","0","","","0","","1","","40 27:44.888","","0","79 55:27.858","0","0","0","0","2301","0","0","0","N","0","0","0","4","02301","0","","1.0","","1","N","N","N","0","","0","0","1","","0","","","2","0","0","0","0","0","0","2","0","2","","03","","N","","","","","","","","","",""
"2020109024","1239","0","0","0","0","0","0","0","0","0","1","0","","02","12","2020","4","40.323559","-79.788058","1230","11","0","0","0","0","0","1","1","0","","0","0","0","","","0","","2","","40 19:24.813","4","0","79 47:17.009","0","0","0","0","2477","0","0","0","N","0","0","0","6","02477","0","","1.0","1325.0","7","N","N","N","1","","0","0","2","","0","N","","3","0","0","0","0","0","0","2","0","3","","10","","N","","","","","","","","","",""
"2020109060","1008","0","0","0","0","0","0","0","0","0","7","0","","02","12","2020","5","40.489098","-80.034471","0959","11","0","0","0","0","0","0","1","0","","0","0","0","","","0","","1","","40 29:20.752","2","0","80 02:04.095","0","0","0","0","2301","0","0","0","N","0","0","0","1","02301","0","","2.0","1100.0","7","N","N","N","1","","0","0","0","","0","Y","","1","0","0","0","0","0","0","2","0","1","","","","N","","","","","","","","","",""
"2020090774","0708","0","0","0","0","0","0","0","0","0","4","1","","02","10","2020","6","40.427751","-79.890348","0706","11","0","0","0","0","0","2","0","0","","0","1","0","","","0","N","0","","40 25:39.903","","0","79 53:25.253","0","0","0","0","2463","0","0","0","N","0","0","0","2","68B03","0","","2.0","","9","N","N","N","1","","0","0","0","","0","","","2","0","0","0","0","0","0","2","0","2","","","","N","","","","","","","","","",""
"2020095919","1606","1","0","0","0","0","0","0","0","0","4","0","","02","11","2020","2","40.407413","-79.914122","1602","11","0","0","0","0","0","0","0","0","","0","0","0","","","1","","1","","40 24:26.686","2","3","79 54:50.839","4","0","0","0","2438","0","0","0","N","0","0","0","3","02438","1","","1.0","1625.0","1","N","N","N","0","","0","0","1","","2","Y","","2","1","0","0","0","0","0","2","0","2","","03","","N","","","","","","","","","",""
"2020111250","1420","1","0","0","0","0","0","0","0","0","2","0","","02","12","2020","2","40.46483","-80.068974","1417","11","0","0","0","0","0","1","0","0","","0","0","0","","","1","Y","0","","40 27:53.388","6","0","80 04:08.306","8","0","0","0","2444","0","0","0","N","0","0","0","2","02444","0","","1.0","1500.0","1","N","N","N","0","","0","0","1","","0","Y","","2","1","0","0","0","1","1","2","0","2","","","","N","","","","","","","","","",""
"2020061002","0644","1","0","0","0","0","0","0","0","0","1","0","","02","7","2020","5","40.446181","-80.03481","0639","11","0","0","0","0","0","0","0","0","","0","0","0","","","0","N","0","","40 26:46.253","6","0","80 02:05.317","9","0","0","0","2301","0","0","0","N","0","0","0","1","02301","0","","1.0","707.0","1","N","N","N","1","","0","0","0","","0","N","","2","0","0","0","0","0","1","2","0","2","","03","","N","","","","","","","","","",""
"2020087322","1448","0","0","0","0","0","0","0","0","0","4","0","","02","10","2020","2","40.650131","-80.078803","1444","11","0","0","1","0","0","0","1","0","","0","0","0","","","2","N","1","","40 39:00.471","2","0","80 04:43.690","3","0","0","0","2212","0","0","0","N","0","0","0","3","02505","0","","1.0","1530.0","8","N","N","N","0","","2","0","3","","2","Y","","3","2","0","0","0","0","0","2","0","3","","","","N","","","","","","","","","",""
"2020101066","1401","0","0","0","0","0","0","0","0","0","5","0","","02","11","2020","2","40.516631","-80.162098","1400","11","0","0","0","0","0","1","1","0","","0","0","0","","","0","N","0","","40 30:59.873","","0","80 09:43.554","0","0","0","0","2420","0","0","0","N","0","0","0","2","02420","0","","1.0","","1","N","N","N","1","","0","0","1","","0","","","2","0","0","0","0","0","0","2","0","2","","03","","N","","","","","","","","","",""
"2020086418","1718","1","0","0","0","0","0","0","0","0","4","0","","02","10","2020","6","40.473538","-79.95824","1706","11","0","0","0","0","0","0","0","0","","0","0","0","","","0","","2","","40 28:24.735","","0","79 57:29.664","0","0","0","0","2301","0","0","0","N","0","0","0","1","02301","0","","1.0","","1","N","N","N","0","","0","0","1","","0","","","2","0","0","0","0","0","0","2","0","2","","","","N","","","","","","","","","",""
"2020090894","0642","0","0","0","0","0","0","0","0","0","8","0","","02","10","2020","4","40.428209","-79.97117","0636","11","0","0","0","0","0","0","0","0","","0","0","0","","","1","","1","","40 25:41.554","","0","79 58:16.212","3","0","0","0","2301","1","0","0","N","1","0","0","2","02301","0","","1.0","","9","N","N","N","0","","1","0","1","","2","","","2","1","0","0","0","0","0","2","0","1","","","","N","","","","","","","","","",""
"2020099279","2012","1","0","0","0","0","0","0","0","0","1","0","","02","11","2020","3","40.431407","-79.958738","1954","11","0","0","0","0","0","0","0","0","","0","0","0","","","0","N","0","","40 25:53.064","4","0","79 57:31.458","0","0","0","1","2301","0","0","0","N","0","0","0","2","68B03","0","","1.0","1215.0","1","N","N","N","0","","0","0","0","","0","N","","2","0","0","0","0","0","0","2","0","2","","","","N","","","","","","","","","",""
"2020108883","2025","0","0","0","0","0","0","0","0","0","7","0","","02","12","2020","4","40.461008","-79.964789","2014","11","0","0","0","0","0","0","0","0","","0","0","0","","","0","N","0","","40 27:39.630","","7","79 57:53.240","0","0","0","0","2301","0","0","0","N","0","0","0","1","02301","0","","2.0","","7","N","N","N","0","","0","0","0","","0","","","1","0","0","0","0","0","0","2","1","1","","02","","N","","","","","","","","","",""
"2020059302","1402","0","0","0","0","0","0","0","0","0","7","0","","02","7","2020","1","40.359016","-80.060011","1350","11","0","0","0","0","0","1","0","0","","0","0","0","","","0","N","3","","40 21:32.459","","0","80 03:36.038","0","0","0","0","2109","0","0","0","N","0","0","0","2","02109","0","","4.0","","1","N","N","N","0","","0","0","1","","0","","","1","0","0","0","0","0","0","2","0","1","","03","","N","","","","","","","","","",""
"2020096076","1155","0","0","0","0","0","0","0","0","0","0","0","","02","11","2020","4","40.447781","-79.827546","1145","11","0","0","0","0","0","1","0","0","","0","0","0","","","0","N","0","","40 26:52.013","","0","79 49:39.164","0","0","0","0","2113","0","0","0","N","0","0","0","4","02113","0","","1.0","","9","N","N","N","0","","0","0","2","","0","N","","2","0","0","0","0","0","0","2","0","2","","","","N","","","","","","","","","",""
"2020064223","0955","0","0","0","0","0","0","0","0","0","7","0","","02","7","2020","1","40.434895","-79.966068","0940","11","1","0","0","0","0","0","0","0","","0","0","0","","","1","N","0","","40 26:05.621","4","0","79 57:57.844","4","0","0","0","2301","0","0","0","Y","0","0","0","1","68B03","1","","2.0","1025.0","1","N","N","N","0","","0","0","1","","0","N","","1","1","0","0","0","0","0","2","0","1","","03","","N","","","","","","","","","",""
"2020070788","1803","1","0","0","0","0","0","0","0","0","1","0","","02","7","2020","2","40.394386","-79.798265","1757","11","0","0","0","0","0","1","0","0","","0","0","0","","","1","N","3","","40 23:39.790","3","0","79 47:53.753","8","0","0","0","2446","0","0","0","N","0","0","0","1","02446","0","","1.0","1830.0","1","N","N","Y","0","","0","0","0","","0","Y","","2","1","0","0","0","1","0","2","0","1","","03","","N","","","","","","","","","",""
"2020110112","1937","2","0","0","0","0","0","0","0","0","4","0","","02","12","2020","6","40.437988","-79.775031","1937","11","0","0","0","1","0","0","0","0","","0","0","0","","","0","N","0","","40 26:16.756","","0","79 46:30.113","0","0","0","0","2446","0","0","0","N","0","0","0","3","02446","0","","1.0","","9","N","N","N","0","","0","0","0","","0","","","2","0","0","0","0","0","0","2","0","2","","","","N","","","","","","","","","",""
"2020096950","1324","0","0","0","0","0","0","0","0","0","2","0","","02","11","2020","6","40.463876","-79.928325","1315","11","0","0","0","0","0","0","0","0","","0","0","0","","","2","N","2","","40 27:49.953","","0","79 55:41.970","8","0","0","0","2301","0","0","0","N","0","0","0","2","02301","0","","5.0","","1","N","N","N","1","","0","0","0","","0","","","1","2","2","0","0","2","0","2","0","1","","03","","N","","","","","","","","","",""
"2020097306","0801","1","0","0","0","0","0","0","0","0","7","0","","02","11","2020","4","40.427415","-79.952556","0731","11","0","0","0","0","0","0","0","0","","0","0","0","","","0","N","0","","40 25:38.694","","0","79 57:09.201","0","0","0","0","2301","0","0","0","N","0","0","0","1","68B03","0","","2.0","","9","N","N","N","0","","0","0","0","","0","","","1","0","0","0","0","0","0","2","0","1","","","","N","","","","","","","","","",""
"2020058829","1922","1","0","0","0","0","0","0","0","0","1","0","","02","7","2020","7","40.477664","-79.785484","1916","11","0","0","0","0","0","0","0","0","","0","0","0","","","1","N","1","","40 28:39.592","","0","79 47:07.743","3","0","0","1","2113","0","0","0","N","0","0","0","2","02113","0","","1.0","","1","N","N","N","0","","1","0","0","","2","","","2","1","0","0","0","0","0","2","0","2","","","","N","","","","","","","","","",""
"2020059596","1241","0","0","0","0","0","0","0","0","0","8","0","","02","7","2020","2","40.366878","-80.105507","1241","11","0","0","0","0","0","0","0","0","","0","0","0","","","1","Y","0","","40 22:00.759","4","7","80 06:19.825","3","0","0","0","2102","1","0","0","N","1","0","0","2","02102","0","","1.0","1252.0","1","N","N","N","1","","1","0","0","","0","N","","2","1","0","0","0","0","0","2","0","1","","03","","N","","","","","","","","","",""
"2020097768","2150","2","0","0","0","0","0","0","0","0","1","0","50","02","11","2020","6","40.430627","-80.02662","2143","11","0","0","0","0","0","0","0","0","","0","0","0","","","0","N","0","","40 25:50.257","","0","80 01:35.832","0","0","0","0","2301","0","0","0","N","0","0","0","3","68B03","0","","1.0","","1","N","N","N","0","","0","0","0","","0","","","2","0","0","0","0","0","0","2","0","2","","","N","Y","3","2","","","N","Y","","","","N"
"2020108761","1505","0","0","0","0","0","0","0","0","0","4","0","","02","12","2020","4","40.361025","-80.028494","1457","11","0","0","0","0","0","1","1","0","","0","0","0","","","0","N","9","","40 21:39.689","","0","80 01:42.578","0","0","0","0","2416","0","0","0","N","0","0","0","2","02503","0","","1.0","","6","N","N","N","1","","0","0","0","","5","","","2","0","0","0","0","0","0","2","0","2","","","","N","","","","","","","","","",""
"2020103309","1640","1","0","0","0","0","0","0","0","0","1","0","","02","11","2020","3","40.42828","-79.890543","1631","11","0","0","0","0","0","0","0","0","","0","0","0","","","0","N","6","","40 25:41.809","","2","79 53:25.953","0","0","0","0","2426","0","0","0","N","0","0","0","3","68B03","0","","1.0","","1","N","N","N","0","","0","0","1","","4","","","2","0","0","0","0","0","0","2","0","2","","03","","N","","","","","","","","","",""
"2020101251","1905","1","0","0","0","0","0","0","0","0","4","0","","02","11","2020","3","40.49707","-80.050939","1858","11","0","0","0","0","0","2","0","0","","0","0","0","","","1","N","2","","40 29:49.451","6","0","80 03:03.380","8","0","0","1","2116","0","0","0","N","0","0","0","2","02116","0","","1.0","1905.0","1","N","N","N","0","","0","0","0","","3","Y","","2","1","0","0","0","1","0","2","0","2","","03","","N","","","","","","","","","",""
"2020088572","1244","1","0","0","0","0","0","0","0","0","1","1","","02","10","2020","2","40.452066","-80.172951","1232","11","0","0","0","0","0","3","0","0","","0","1","0","","","0","N","0","","40 27:07.439","","2","80 10:22.622","0","0","0","0","2214","0","0","0","N","0","0","0","3","68B03","0","","1.0","","9","N","N","N","0","","0","0","1","","4","","","3","0","0","0","0","0","0","2","0","3","","07","","N","","","","","","","","","",""
"2020098559","1647","0","0","0","0","0","0","0","0","0","1","0","","02","11","2020","1","40.427501","-80.000373","1640","11","0","0","0","0","0","0","0","0","","0","0","0","","","2","N","0","","40 25:39.002","","4","80 00:01.342","3","0","0","0","2301","0","0","0","N","0","0","0","3","02301","1","","1.0","","1","N","N","N","2","","1","0","0","","2","","","2","2","0","0","0","0","0","2","0","2","","03","","N","","","","","","","","","",""
"2020096273","1830","1","0","0","0","0","0","0","0","0","4","0","","02","11","2020","2","40.430035","-79.987562","1829","11","0","0","0","0","0","0","0","0","","0","0","0","","","0","N","1","","40 25:48.127","","0","79 59:15.223","0","0","0","0","2301","0","0","0","N","0","0","0","2","02301","0","","1.0","","1","N","N","N","0","","0","0","1","","3","N","","2","0","0","0","0","0","0","2","0","2","","","","N","","","","","","","","","",""
"2020110651","0908","0","0","0","0","0","0","0","0","0","7","0","","02","12","2020","1","40.639501","-79.995556","0906","11","0","0","1","0","0","0","0","0","","0","0","0","","","0","N","0","","40 38:22.204","3","0","79 59:44.000","0","0","0","0","2216","0","0","0","N","0","0","0","2","68T02","0","","2.0","20.0","7","N","N","N","0","","0","0","2","","0","N","","2","0","0","0","0","0","0","1","0","2","","","","N","","","","","","","","","",""
"2020061899","0630","1","0","0","0","0","0","0","0","0","7","0","","02","8","2020","2","40.466636","-79.928807","0620","11","0","0","0","0","0","0","0","0","","0","0","0","","","0","","2","","40 27:59.889","","0","79 55:43.705","0","0","0","0","2301","0","0","0","N","0","0","0","1","02301","0","","5.0","","1","N","N","N","0","","0","0","0","","0","","","1","0","0","0","0","0","0","2","0","1","","03","","N","","","","","","","","","",""
"2020103320","1946","1","0","0","0","0","0","0","0","0","1","0","","02","11","2020","5","40.428835","-79.955951","1946","11","0","0","0","0","0","0","0","0","","0","0","0","","","0","N","0","","40 25:43.805","4","0","79 57:21.425","0","0","0","0","2301","0","0","0","N","0","0","0","2","68B03","0","","1.0","2015.0","1","N","N","N","0","","0","0","1","","0","N","","2","0","0","0","0","0","0","2","0","2","","03","","N","","","","","","","","","",""
"2020087385","1745","2","0","0","0","0","0","0","0","0","4","0","","02","10","2020","2","40.466885","-80.025028","1745","11","0","0","0","0","0","0","0","1","","0","0","0","","","0","N","1","","40 28:00.786","","0","80 01:30.099","0","0","0","0","2301","0","0","0","N","0","0","0","2","02301","0","","2.0","","9","N","N","N","0","","0","0","0","","2","Y","","2","0","0","0","0","0","0","2","0","2","","","","N","","","","","","","","","",""
"2020088220","1557","0","0","0","0","0","0","0","0","0","1","0","","02","10","2020","7","40.339737","-80.064925","1557","11","0","1","0","1","0","0","0","0","","0","0","0","","","1","N","0","","40 20:23.054","2","0","80 03:53.730","3","0","0","0","2123","0","0","0","N","0","0","0","2","02123","0","","1.0","1645.0","1","N","N","N","1","","1","0","1","","0","N","","2","1","0","0","0","0","0","2","0","2","","03","","N","","","","","","","","","",""
"2020098724","1304","1","0","0","0","0","0","0","0","0","6","0","","02","11","2020","3","40.471285","-79.928469","1259","11","0","0","0","0","0","0","0","0","","0","0","0","","","1","N","0","","40 28:16.626","6","0","79 55:42.488","3","0","0","0","2301","0","0","0","N","0","0","0","2","02301","0","","1.0","1400.0","1","N","N","N","2","","1","0","1","","0","Y","","4","1","0","0","0","0","0","2","0","4","","03","","N","","","","","","","","","",""
"2020087992","1755","1","0","0","0","0","0","0","0","0","7","0","","02","10","2020","3","40.340415","-80.14449","1750","11","1","0","0","0","0","0","0","0","","0","0","0","","","0","N","0","","40 20:25.493","6","0","80 08:40.165","0","0","0","0","2119","0","0","0","N","0","0","0","1","02119","0","","5.0","1825.0","9","N","N","N","0","","0","0","0","","0","N","","1","0","0","0","0","0","0","2","0","1","","","","N","","","","","","","","","",""
"2020095765","","1","0","0","0","0","0","0","0","0","6","0","","02","11","2020","3","40.417406","-80.000415","1600","11","0","0","0","0","0","0","0","0","","0","0","0","","","0","N","1","","40 25:02.662","","0","80 00:01.493","0","0","0","0","2301","0","0","0","N","0","0","0","3","02301","0","","1.0","","1","N","N","N","0","","0","0","1","","3","","","2","0","0","0","0","0","0","2","0","2","","03","","N","","","","","","","","","",""
"2020110513","","0","0","0","0","0","0","0","0","0","4","0","","02","12","2020","5","40.356668","-80.053242","1450","11","0","0","0","0","0","0","0","1","","0","0","0","","","1","Y","0","","40 21:24.005","4","7","80 03:11.672","3","0","0","0","2109","0","0","0","N","0","0","0","3","02109","0","","1.0","1530.0","9","N","N","N","0","","1","0","2","","2","N","","2","1","0","0","0","0","0","2","0","2","","","","N","","","","","","","","","",""
"2020089319","","2","0","0","0","0","0","0","0","0","4","0","","02","10","2020","7","40.339836","-79.967704","1659","11","1","0","0","0","0","0","0","0","","0","0","0","","","0","N","0","","40 20:23.411","","0","79 58:03.734","0","0","0","0","2454","0","0","0","Y","0","0","0","2","02454","0","","1.0","","1","N","N","N","0","","0","0","0","","0","","","2","0","1","0","0","0","0","2","0","2","","","","N","","","","","","","","","",""
"2020091064","","1","0","0","0","0","0","0","0","0","98","0","","02","10","2020","1","40.652094","-80.043773","0030","11","0","0","0","0","0","0","0","0","","0","0","0","","","0","N","0","","40 39:07.537","","0","80 02:37.583","0","0","0","0","2216","0","0","0","N","0","0","0","2","68T02","0","","1.0","","1","N","N","N","0","","0","0","0","","0","","","1","0","0","0","0","0","0","2","0","1","","03","","N","","","","","","","","","",""
"2020091491","","1","0","0","0","0","0","0","0","0","98","0","","02","10","2020","3","40.439515","-79.860944","0716","11","0","0","0","0","0","1","0","0","","0","0","0","","","0","N","0","","40 26:22.255","","0","79 51:39.397","0","0","0","0","2478","0","0","0","N","0","0","0","1","68B03","0","","1.0","","1","N","N","N","0","","0","0","0","","0","","","1","0","0","0","0","0","0","2","0","1","","03","","N","","","","","","","","","",""
"2020087637","","1","0","0","0","0","0","0","0","0","4","0","","02","10","2020","7","40.449185","-79.762249","1333","11","0","1","1","0","0","0","0","0","","0","0","0","","","0","N","3","","40 26:57.065","1","2","79 45:44.095","0","0","0","0","2446","0","0","0","N","0","0","0","3","02446","0","","1.0","1402.0","1","N","N","Y","0","","0","0","1","","0","Y","","2","0","0","0","0","0","0","2","0","2","","03","","N","","","","","","","","","",""
"2020059689","","1","0","0","0","0","0","0","0","0","7","0","","02","7","2020","2","40.52825","-79.985306","1453","11","0","0","0","0","0","0","0","0","","0","0","0","","","0","N","0","","40 31:41.700","","0","79 59:07.100","0","0","0","0","2118","0","0","0","N","0","0","0","1","02118","0","","4.0","","1","N","N","N","0","","0","0","0","","0","N","","1","0","0","0","0","0","0","2","0","1","","98","","N","","","","","","","","","",""
"2020095554","","1","0","0","0","0","0","0","0","0","2","0","","02","11","2020","2","40.480022","-79.774354","1353","11","0","0","0","0","0","0","0","0","","0","0","0","","","1","N","0","","40 28:48.079","2","0","79 46:27.674","8","0","0","0","2466","0","0","0","N","0","0","0","1","02466","0","","1.0","1450.0","1","N","N","N","0","","0","0","0","","0","N","","2","1","0","0","0","1","0","2","1","2","","","","N","","","","","","","","","",""
"2020090899","","0","0","0","0","0","0","0","0","0","7","0","","02","10","2020","2","40.546908","-80.134016","2236","11","0","0","0","0","0","0","0","0","","0","0","0","","","0","N","0","","40 32:48.868","5","0","80 08:02.459","0","0","0","0","2459","0","0","0","N","0","0","0","1","02459","0","","4.0","2358.0","1","N","N","N","1","","0","0","0","","0","Y","","1","0","0","0","0","0","0","1","0","1","","03","","N","","","","","","","","","",""
"2020089270","","1","0","0","0","0","0","0","0","0","98","0","","02","10","2020","5","40.655459","-80.092547","0859","11","0","0","0","0","0","0","0","0","","0","0","0","","","0","N","0","","40 39:19.651","1","0","80 05:33.169","0","0","0","0","2212","0","0","0","N","0","0","0","1","68B03","0","","1.0","930.0","1","N","N","N","0","","0","0","0","","0","N","","1","0","0","0","0","0","0","2","0","1","","03","","N","","","","","","","","","",""
"2020058490","","1","0","0","0","0","0","0","0","0","1","0","","02","7","2020","6","40.355171","-79.83524","1445","11","0","0","0","0","0","0","0","0","","0","0","0","","","0","N","2","","40 21:18.617","","0","79 50:06.865","0","0","0","0","2304","0","0","0","N","0","0","0","2","02304","0","","1.0","","1","N","N","N","0","","0","0","1","","2","","","2","0","0","0","0","0","0","2","0","2","","03","","N","","","","","","","","","",""
"2020098814","","2","0","0","0","0","0","0","0","0","4","0","","02","11","2020","3","40.471008","-80.002642","1118","11","0","0","0","0","0","0","0","0","","0","0","0","","","0","N","0","","40 28:15.630","3","0","80 00:09.510","0","0","0","0","2301","0","0","0","N","0","0","0","3","02301","0","","1.0","1150.0","1","N","N","N","0","","0","0","0","","0","N","","2","0","0","0","0","0","0","2","0","2","","","","N","","","","","","","","","",""
"2020110179","","1","0","0","0","0","0","0","0","0","4","0","","02","12","2020","7","40.411302","-79.913342","1446","11","0","0","0","0","0","0","0","0","","0","0","0","","","0","","2","","40 24:40.687","1","0","79 54:48.031","9","0","0","0","2438","0","0","0","N","0","0","0","3","02438","0","","1.0","1545.0","1","N","N","N","0","","0","0","0","","0","N","","2","0","0","0","0","0","1","2","1","2","","03","","N","","","","","","","","","",""
"2020086493","","3","0","0","0","0","0","0","0","0","1","0","","02","10","2020","6","40.440614","-80.002218","1849","11","0","0","0","0","0","0","0","0","","0","0","0","","","1","","2","","40 26:26.209","4","0","80 00:07.984","3","0","0","0","2301","0","0","0","N","0","0","0","2","02301","0","","1.0","1945.0","1","N","N","N","0","","1","0","0","","3","Y","","3","1","1","0","0","0","0","2","0","3","","03","","N","","","","","","","","","",""
"2020059950","","0","0","0","0","0","0","0","0","0","7","0","","02","7","2020","3","40.45327","-79.962869","2007","11","0","0","0","0","0","0","0","0","","1","0","0","","","0","N","2","","40 27:11.772","7","0","79 57:46.328","1","1","0","1","2301","0","0","0","N","0","0","0","1","02301","0","2","4.0","2250.0","1","N","N","N","0","0","0","0","0","","3","Y","","1","0","0","0","0","0","0","2","0","1","","","","N","","","","","","","","","",""
"2020098143","","1","0","0","0","0","0","0","0","0","1","0","","02","11","2020","3","40.492756","-79.897657","0751","11","0","0","0","0","0","1","0","0","","0","0","0","","","0","N","0","","40 29:33.922","2","3","79 53:51.566","9","0","0","0","2401","0","0","0","N","0","0","0","4","68D02","0","","1.0","840.0","1","N","N","N","1","","0","0","1","","0","N","","3","0","0","0","0","0","1","2","0","3","","","","N","","","","","","","","","",""
"2020100238","","1","0","0","0","0","0","0","0","0","7","0","","02","11","2020","7","40.410908","-80.010305","2152","11","0","0","0","0","0","0","0","0","","0","0","0","","","1","N","0","","40 24:39.267","5","0","80 00:37.097","3","0","0","0","2301","0","0","0","N","0","0","0","1","02301","0","","4.0","2218.0","9","N","N","N","0","","1","0","0","","0","Y","","1","1","0","0","0","0","0","2","0","1","","","","N","","","","","","","","","",""
"2020109220","","1","0","0","0","0","0","0","0","0","2","0","","02","12","2020","4","40.467151","-80.105184","1510","11","0","0","0","0","0","1","0","0","","0","0","0","","","0","","2","","40 28:01.743","1","0","80 06:18.662","0","0","0","0","2126","0","0","0","N","0","0","0","2","02126","0","","1.0","1608.0","7","N","N","N","0","","0","0","1","","3","N","","2","0","0","0","0","0","0","2","0","2","","","","N","","","","","","","","","",""
"2020060605","","1","0","0","0","0","0","0","0","0","2","0","","02","7","2020","5","40.464413","-80.053159","1701","11","0","0","0","0","0","0","0","0","","0","0","0","","","1","N","3","","40 27:51.887","","0","80 03:11.371","3","0","0","0","2301","0","0","0","N","0","0","0","1","02301","0","","4.0","","9","N","N","N","0","","1","0","0","","3","","","1","1","0","0","0","0","0","2","0","1","","","","N","","","","","","","","","",""
"2020046379","","1","0","0","0","0","0","0","0","0","7","0","","02","6","2020","3","40.519036","-80.030236","2104","11","0","0","0","0","0","0","1","0","","0","0","0","","","1","N","0","","40 31:08.530","","0","80 01:48.850","4","0","0","0","2474","1","0","0","N","1","0","0","2","02474","1","","5.0","","1","N","N","N","0","","0","0","0","","0","","","2","1","0","0","0","0","0","2","0","1","","","","N","","","","","","","","","",""
"2020088223","","1","0","0","0","0","0","0","0","0","7","0","","02","10","2020","3","40.520844","-80.19225","2017","11","0","0","0","0","0","0","0","0","","0","0","0","","","0","","2","","40 31:15.038","5","0","80 11:32.100","0","0","0","0","2213","0","0","0","N","0","0","0","1","02213","0","","4.0","2050.0","9","N","N","N","0","","0","0","0","","3","N","","1","0","0","0","0","0","0","2","0","1","","04","","N","","","","","","","","","",""
"2020100646","","0","0","0","0","0","0","0","0","0","4","0","","02","11","2020","4","40.429061","-79.944622","0534","11","0","0","0","0","0","1","0","0","","0","0","0","","","1","N","0","","40 25:44.618","","0","79 56:40.638","3","0","0","0","2301","0","0","0","N","0","0","0","1","68B03","0","","1.0","","9","N","N","Y","0","","1","0","2","","0","","","2","1","0","0","0","0","0","2","0","2","","07","","N","","","","","","","","","",""
"2020109638","","1","0","0","0","0","0","0","0","0","7","0","","02","12","2020","5","40.451493","-80.169828","0613","11","0","0","0","0","1","0","0","0","","0","0","0","","","0","N","0","","40 27:05.375","","0","80 10:11.381","0","0","0","0","2115","0","0","0","N","0","0","0","1","68B03","0","","4.0","","9","N","N","N","0","","0","0","0","","0","","","1","0","0","0","0","0","0","2","0","1","","10","","N","","","","","","","","","",""
"2020099606","","0","0","0","0","0","0","0","0","0","7","0","","02","11","2020","4","40.490883","-79.880527","2102","11","0","0","0","0","0","0","0","0","","0","0","0","","","2","N","0","","40 29:27.179","","0","79 52:49.897","3","0","0","0","2112","0","0","0","N","0","0","0","5","68D02","0","","1.0","","1","N","N","N","0","","2","0","1","","0","","","2","2","0","0","0","0","0","2","1","2","","","","N","","","","","","","","","",""