"CRN","ARRIVAL_TM","AUTOMOBILE_COUNT","BELTED_DEATH_COUNT","BELTED_SUSP_SERIOUS_INJ_COUNT","BICYCLE_COUNT","BICYCLE_DEATH_COUNT","BICYCLE_SUSP_SERIOUS_INJ_COUNT","BUS_COUNT","CHLDPAS_DEATH_COUNT","CHLDPAS_SUSP_SERIOUS_INJ_COUNT","COLLISION_TYPE","COMM_VEH_COUNT","CONS_ZONE_SPD_LIM","COUNTY","CRASH_MONTH","CRASH_YEAR","DAY_OF_WEEK","DEC_LATITUDE","DEC_LONGITUDE","DISPATCH_TM","DISTRICT","DRIVER_COUNT_16YR","DRIVER_COUNT_17YR","DRIVER_COUNT_18YR","DRIVER_COUNT_19YR","DRIVER_COUNT_20YR","DRIVER_COUNT_50_64YR","DRIVER_COUNT_65_74YR","DRIVER_COUNT_75PLUS","EST_HRS_CLOSED","FATAL_COUNT","HEAVY_TRUCK_COUNT","HORSE_BUGGY_COUNT","HOUR_OF_DAY","ILLUMINATION","INJURY_COUNT","INTERSECTION_RELATED","INTERSECT_TYPE","LANE_CLOSED","LATITUDE","LN_CLOSE_DIR","LOCATION_TYPE","LONGITUDE","MAX_SEVERITY_LEVEL","MCYCLE_DEATH_COUNT","MCYCLE_SUSP_SERIOUS_INJ_COUNT","MOTORCYCLE_COUNT","MUNICIPALITY","NONMOTR_COUNT","NONMOTR_DEATH_COUNT","NONMOTR_SUSP_SERIOUS_INJ_COUNT","NTFY_HIWY_MAINT","PED_COUNT","PED_DEATH_COUNT","PED_SUSP_SERIOUS_INJ_COUNT","PERSON_COUNT","POLICE_AGCY","POSSIBLE_INJ_COUNT","RDWY_SURF_TYPE_CD","RELATION_TO_ROAD","ROADWAY_CLEARED","ROAD_CONDITION","SCH_BUS_IND","SCH_ZONE_IND","SECONDARY_CRASH","SMALL_TRUCK_COUNT","SPEC_JURIS_CD","SUSP_MINOR_INJ_COUNT","SUSP_SERIOUS_INJ_COUNT","SUV_COUNT","TCD_FUNC_CD","TCD_TYPE","TFC_DETOUR_IND","TIME_OF_DAY","TOTAL_UNITS","TOT_INJ_COUNT","UNBELTED_OCC_COUNT","UNB_DEATH_COUNT","UNB_SUSP_SERIOUS_INJ_COUNT","UNK_INJ_DEG_COUNT","UNK_INJ_PER_COUNT","URBAN_RURAL","VAN_COUNT","VEHICLE_COUNT","WEATHER1","WEATHER2","WORKERS_PRES","WORK_ZONE_IND","WORK_ZONE_LOC","WORK_ZONE_TYPE","WZ_CLOSE_DETOUR","WZ_FLAGGER","WZ_LAW_OFFCR_IND","WZ_LN_CLOSURE","WZ_MOVING","WZ_OTHER","WZ_SHLDER_MDN","WZ_WORKERS_INJ_KILLED"
"2020093181","","0","0","0","0","0","0","0","0","0","0","0","","02","11","2020","3","40.393843","-80.008061","1945","11","0","0","0","0","0","0","0","0","","0","0","0","","","0","N","0","","40 23:37.835","6","0","80 00:29.018","0","0","0","0","2301","0","0","0","N","0","0","0","0","02301","0","","2.0","2033.0","1","N","N","N","0","","0","0","1","","0","Y","","1","0","0","0","0","0","0","2","0","1","","","","N","","","","","","","","","",""
"2020093013","","1","0","0","0","0","0","0","0","0","4","0","","02","11","2020","3","40.523907","-79.831661","1808","11","0","0","0","0","0","0","0","1","","0","0","0","","","0","N","2","","40 31:26.064","3","0","79 49:53.978","0","0","0","0","2451","0","0","0","N","0","0","0","2","02451","0","","1.0","1830.0","1","N","N","N","0","","0","0","1","","3","N","","2","0","2","0","0","0","0","2","0","2","","","","N","","","","","","","","","",""
"2020099527","","0","0","0","0","0","0","0","0","0","1","0","","02","11","2020","1","40.427416","-79.721546","0657","11","0","0","0","0","0","0","0","0","","0","0","0","","","0","","1","","40 25:38.697","","0","79 43:17.566","0","0","0","0","2446","0","0","0","N","0","0","0","2","02446","0","","1.0","","1","N","N","N","0","","0","0","2","","0","","","2","0","0","0","0","0","0","2","0","2","","03","","N","","","","","","","","","",""
"2020094842","","0","0","0","0","0","0","0","0","0","98","0","","02","11","2020","1","40.355715","-79.843081","0826","11","0","0","0","0","0","0","0","0","","0","0","0","","","0","N","0","","40 21:20.573","5","3","79 50:35.090","0","0","0","0","2304","0","0","0","N","0","0","0","2","02304","0","","2.0","851.0","1","N","N","N","0","","0","0","1","","4","Y","","1","0","0","0","0","0","0","2","0","1","","03","","N","","","","","","","","","",""
"2020094158","","1","0","0","0","0","0","0","0","0","4","0","","02","11","2020","5","40.43804","-79.994361","1802","11","0","0","0","0","0","0","0","0","","0","0","0","","","1","","1","","40 26:16.943","","0","79 59:39.699","8","0","0","0","2301","0","0","0","N","0","0","0","3","02301","0","","1.0","","1","N","N","N","0","","0","0","1","","2","","","2","1","0","0","0","1","0","2","0","2","","03","","N","","","","","","","","","",""
"2020108771","","1","0","0","0","0","0","0","0","0","7","0","","02","11","2020","4","40.415864","-79.856918","0002","11","0","0","0","0","0","0","0","0","","0","0","0","","","0","N","0","","40 24:57.112","","0","79 51:24.904","0","0","0","0","2411","0","0","0","N","0","0","0","1","02411","0","","5.0","30.0","1","N","N","N","0","","0","0","0","","0","N","","1","0","0","0","0","0","0","2","0","1","","03","","N","","","","","","","","","",""
"2020093761","","1","0","0","0","0","0","0","0","0","5","0","","02","11","2020","5","40.334879","-79.946749","1102","11","0","0","0","0","0","0","0","0","","0","0","0","","","0","N","0","","40 20:05.563","","0","79 56:48.297","0","0","0","0","2454","0","0","0","N","0","0","0","2","02454","0","","1.0","","1","N","N","N","0","","0","0","1","","0","N","","2","0","0","0","0","0","0","2","0","2","","03","","N","","","","","","","","","",""
"2020095039","","1","0","0","0","0","0","0","0","0","98","0","","02","11","2020","1","40.471413","-79.974","2051","11","0","0","0","0","0","0","0","0","","0","0","0","","","0","N","0","","40 28:17.087","1","0","79 58:26.401","0","0","0","0","2118","0","0","0","Y","0","0","0","1","02118","0","","1.0","2140.0","1","N","N","N","0","","0","0","0","","0","N","","1","0","0","0","0","0","0","2","0","1","","","","N","","","","","","","","","",""
"2020112866","","1","0","0","0","0","0","0","0","0","5","0","","02","12","2020","3","40.422956","-79.856186","0104","11","0","0","0","0","1","0","0","0","","0","0","0","","","0","Y","0","","40 25:22.641","","0","79 51:22.270","0","0","0","0","2431","0","0","0","N","0","0","0","3","02431","0","","1.0","","9","N","N","N","0","","0","0","1","","0","","","2","0","0","0","0","0","0","2","0","2","","98","","N","","","","","","","","","",""
"2020094767","","1","0","0","0","0","0","0","0","0","7","0","","02","11","2020","7","40.388101","-80.055719","1813","11","0","0","0","0","0","1","0","0","","0","0","0","","","1","N","0","","40 23:17.162","","0","80 03:20.589","8","0","0","0","2109","0","0","0","N","0","0","0","1","02109","0","","4.0","","1","N","N","N","0","","0","0","0","","0","","","1","1","1","0","0","1","0","2","0","1","","","","N","","","","","","","","","",""
"2020095720","","0","0","0","0","0","0","0","0","0","98","0","","02","11","2020","1","40.635272","-79.99053","2330","11","0","0","0","0","0","0","0","0","","0","0","0","","","0","N","0","","40 38:06.979","","0","79 59:25.909","0","0","0","0","2217","0","0","0","N","0","0","0","1","68T02","0","","1.0","","1","N","N","N","0","","0","0","0","","0","","","1","0","0","0","0","0","0","1","1","1","","03","","N","","","","","","","","","",""
"2020111857","","1","0","0","0","0","0","0","0","0","7","0","","02","12","2020","4","40.346746","-79.891973","0345","11","0","0","0","0","0","0","0","0","","0","0","0","","","0","","2","","40 20:48.287","","0","79 53:31.101","0","0","0","0","2423","0","0","0","N","0","0","0","1","02304","0","","2.0","","9","N","N","N","0","","0","0","0","","0","","","1","0","0","0","0","0","0","2","0","1","","07","","N","","","","","","","","","",""
"2020113364","","0","0","0","0","0","0","0","0","0","1","0","","02","12","2020","4","40.378078","-79.827995","1213","11","0","0","0","0","0","0","0","0","","0","0","0","","","0","N","0","","40 22:41.080","1","0","79 49:40.782","0","0","0","0","2111","0","0","0","N","0","0","0","2","02111","0","","1.0","1246.0","1","N","N","N","2","","0","0","0","","0","N","","2","0","0","0","0","0","0","2","0","2","","03","","N","","","","","","","","","",""
"2020095014","","1","0","0","0","0","0","0","0","0","7","0","","02","11","2020","1","40.358446","-79.844431","0140","11","0","0","0","0","0","0","0","0","","0","0","0","","","0","N","0","","40 21:30.404","","3","79 50:39.952","0","0","0","0","2303","0","0","0","N","0","0","0","1","02303","0","","2.0","","1","N","N","N","0","","0","0","0","","0","","","1","0","0","0","0","0","0","2","0","1","","","","N","","","","","","","","","",""
"2020101436","","2","0","0","0","0","0","0","0","0","1","0","","02","11","2020","6","40.471473","-79.974077","0755","11","0","0","0","0","0","1","0","0","","0","0","0","","","1","N","0","","40 28:17.302","2","0","79 58:26.677","8","0","0","0","2445","0","0","0","N","0","0","0","3","02445","0","","7.0","856.0","1","N","N","N","0","","0","0","1","","0","N","","3","1","0","0","0","1","0","2","0","3","","03","","N","","","","","","","","","",""
"2020095310","","0","0","0","0","0","0","0","0","0","8","0","","02","11","2020","2","40.369247","-80.033133","0540","11","0","0","0","0","0","1","0","0","","0","0","0","","","1","N","0","","40 22:09.290","","7","80 01:59.280","4","0","0","0","2416","1","0","0","N","1","0","0","2","02416","1","","5.0","","1","N","N","N","1","","0","0","0","","0","","","2","1","0","0","0","0","0","2","0","1","","98","","N","","","","","","","","","",""
"2020097934","","0","0","0","0","0","0","0","0","0","7","0","","02","11","2020","7","40.365957","-80.107181","1259","11","0","1","0","0","0","0","0","0","","0","0","0","","","0","N","1","","40 21:57.444","","7","80 06:25.851","0","0","0","0","2102","0","0","0","N","0","0","0","2","02102","0","","5.0","","1","N","N","N","0","","0","0","1","","0","","","1","0","0","0","0","0","0","2","0","1","","03","","N","","","","","","","","","",""
"2020097494","","0","0","0","0","0","0","0","0","0","4","0","","02","11","2020","1","40.436584","-79.779985","1806","11","0","0","0","0","0","0","0","0","","0","0","0","","","2","N","2","","40 26:11.702","","0","79 46:47.946","8","0","0","0","2446","0","0","0","N","0","0","0","5","02446","0","","1.0","","1","N","N","N","0","","0","0","2","","2","","","2","2","0","0","0","2","0","2","0","2","","","","N","","","","","","","","","",""
"2020094751","","0","0","0","0","0","0","0","0","0","7","0","","02","11","2020","6","40.51479","-80.116274","0237","11","0","0","0","0","0","0","0","0","","0","0","0","","","0","N","0","","40 30:53.244","2","0","80 06:58.587","9","0","0","0","2301","0","0","0","N","0","0","0","1","02301","0","","3.0","330.0","1","N","N","N","0","","0","0","1","","0","N","","1","0","0","0","0","0","1","2","0","1","","03","","N","","","","","","","","","",""
"2020113727","","1","0","0","0","0","0","0","0","0","98","0","","02","12","2020","4","40.620506","-79.915654","1713","11","0","0","0","0","0","1","0","0","","0","0","0","","","0","N","0","","40 37:13.823","3","0","79 54:56.353","0","0","0","0","2220","0","0","0","N","0","0","0","1","02220","0","","1.0","1743.0","9","N","N","N","0","","0","0","0","","0","N","","1","0","0","0","0","0","0","2","0","1","","","","N","","","","","","","","","",""
"2020094749","","1","0","0","0","0","0","0","0","0","1","0","","02","11","2020","7","40.327185","-79.892503","0422","11","0","0","0","0","0","0","0","0","","0","0","0","","","0","N","0","","40 19:37.865","5","0","79 53:33.009","0","0","0","0","2433","0","0","0","N","0","0","0","1","02433","0","","1.0","522.0","1","N","N","N","0","","0","0","1","","0","Y","","2","0","0","0","0","0","0","2","0","2","","03","","N","","","","","","","","","",""
"2020112518","","2","0","0","0","0","0","0","0","0","4","0","","02","12","2020","6","40.556441","-79.808563","1140","11","0","0","0","1","0","0","0","0","","0","0","0","","","1","N","0","","40 33:23.188","1","0","79 48:30.828","4","0","0","0","2121","0","0","0","N","0","0","0","4","68D02","1","","1.0","1220.0","6","N","N","N","0","","0","0","0","","0","N","","2","1","0","0","0","0","0","2","0","2","","10","","N","","","","","","","","","",""
"2020111879","","1","0","0","0","0","0","0","0","0","4","0","","02","12","2020","6","40.447436","-79.9677","0105","11","0","0","0","0","0","1","0","0","","0","0","0","","","0","N","0","","40 26:50.770","","0","79 58:03.720","0","0","0","0","2301","0","0","0","N","0","0","0","1","02301","0","","1.0","","7","N","N","N","0","","0","0","1","","0","","","2","0","0","0","0","0","0","2","0","2","","06","","N","","","","","","","","","",""
"2020094765","","1","0","0","0","0","0","0","0","0","7","0","","02","11","2020","1","40.443903","-79.791881","0206","11","0","0","0","0","0","0","0","0","","0","0","0","","","0","N","0","","40 26:38.051","6","0","79 47:30.770","9","0","0","0","2446","0","0","0","N","0","0","0","1","02446","0","","5.0","304.0","1","N","N","N","0","","0","0","0","","0","N","","1","0","0","0","0","0","1","2","0","1","","","","N","","","","","","","","","",""
"2020094803","","0","0","0","0","0","0","0","0","0","4","0","","02","11","2020","3","40.34837","-79.944808","1142","11","0","0","0","0","0","1","1","0","","0","0","0","","","0","N","1","","40 20:54.133","","0","79 56:41.310","0","0","0","0","2473","0","0","0","N","0","0","0","2","02473","0","","1.0","","1","N","N","N","0","","0","0","2","","2","","","2","0","0","0","0","0","0","2","0","2","","","","N","","","","","","","","","",""
"2020111616","","0","0","0","0","0","0","0","0","0","4","0","","02","12","2020","4","40.614214","-80.054908","1300","11","0","0","0","0","0","1","0","0","","0","0","0","","","1","N","2","","40 36:51.172","2","0","80 03:17.669","8","0","0","0","2216","0","0","0","N","0","0","0","2","02505","0","","1.0","1328.0","1","N","N","N","0","","0","0","2","","0","N","","2","1","0","0","0","1","0","1","0","2","","","","N","","","","","","","","","",""
"2020112177","","1","0","0","0","0","0","0","0","0","1","0","","02","12","2020","7","40.409504","-80.004886","1205","11","0","0","0","0","0","0","0","0","","0","0","0","","","0","N","0","","40 24:34.214","1","0","80 00:17.590","0","0","0","0","2301","0","0","0","N","0","0","0","2","02301","0","","1.0","1255.0","2","N","N","N","1","","0","0","0","","0","N","","2","0","0","0","0","0","0","2","0","2","","","","N","","","","","","","","","",""
"2020096967","","2","0","0","0","0","0","0","0","0","4","0","","02","11","2020","4","40.594596","-79.947832","1535","11","0","0","1","0","0","0","0","0","","0","0","0","","","0","N","2","","40 35:40.546","","0","79 56:52.195","0","0","0","0","2207","0","0","0","N","0","0","0","2","02207","0","","1.0","","1","N","N","N","0","","0","0","0","","0","","","2","0","0","0","0","0","0","2","0","2","","03","","N","","","","","","","","","",""
"2020093776","","1","0","0","0","0","0","0","0","0","4","0","","02","11","2020","3","40.455462","-79.884438","1520","11","0","0","0","0","0","0","0","0","","0","0","0","","","0","N","2","","40 27:19.663","1","0","79 53:03.976","9","0","0","0","2301","0","0","0","N","0","0","0","2","02301","0","","9.0","1630.0","1","N","N","N","0","","0","0","1","","0","N","","2","0","0","0","0","0","1","2","0","2","","03","","N","","","","","","","","","",""
"2020094174","","2","0","0","0","0","0","0","0","0","1","0","","02","11","2020","6","40.481951","-79.963569","0805","11","0","0","0","0","0","0","0","0","","0","0","0","","","0","N","0","","40 28:55.023","2","0","79 57:48.848","0","0","0","0","2118","0","0","0","N","0","0","0","3","02118","0","","1.0","830.0","1","N","N","N","0","","0","0","0","","0","N","","2","0","0","0","0","0","0","2","0","2","","03","","N","","","","","","","","","",""
"2020095636","","1","0","0","0","0","0","0","0","0","7","0","","02","11","2020","5","40.361736","-80.110831","2219","11","0","0","0","0","0","0","0","0","","0","0","0","","","0","N","0","","40 21:42.251","","0","80 06:38.993","0","0","0","0","2414","0","0","0","N","0","0","0","1","02414","0","","2.0","9999.0","1","N","N","N","0","","0","0","0","","0","","","1","0","0","0","0","0","0","2","0","1","","","","N","","","","","","","","","",""
"2020113148","","0","0","0","0","0","0","0","0","0","7","0","","02","12","2020","3","40.548624","-79.777697","1522","11","0","0","0","0","0","0","0","0","","0","0","0","","","1","Y","0","","40 32:55.048","6","0","79 46:39.710","3","0","0","0","2121","0","0","0","N","0","0","0","1","02514","0","","2.0","1637.0","2","N","N","N","0","","1","0","1","","0","N","","1","1","1","0","0","0","0","1","0","1","","04","","N","","","","","","","","","",""
"2020092811","","0","0","0","0","0","0","0","0","0","4","0","","02","11","2020","3","40.480181","-80.104614","0716","11","0","0","0","0","0","0","0","0","","0","0","0","","","1","","2","","40 28:48.651","","0","80 06:16.610","8","0","0","0","2126","0","0","0","N","0","0","0","2","02126","0","","1.0","","1","","","N","1","","0","0","1","","0","","","2","1","0","0","0","1","0","2","0","2","","","","N","","","","","","","","","",""
"2020099230","","2","0","0","0","0","0","0","0","0","4","0","","02","11","2020","4","40.428795","-79.981258","2230","11","0","0","0","0","0","0","0","0","","0","0","0","","","0","N","0","","40 25:43.662","3","0","79 58:52.529","9","0","0","0","2301","0","0","0","N","0","0","0","4","02301","0","","1.0","1101.0","1","N","N","N","0","","0","0","0","","0","N","","2","0","0","0","0","0","1","2","0","2","","03","","N","","","","","","","","","",""
"2020095501","","1","0","0","0","0","0","0","0","0","98","0","","02","11","2020","6","40.362644","-79.843852","0620","11","0","0","0","0","0","0","0","0","","0","0","0","","","0","N","0","","40 21:45.519","2","0","79 50:37.867","0","0","0","0","2303","0","0","0","N","0","0","0","1","02303","0","","1.0","635.0","1","N","N","N","0","","0","0","0","","0","N","","1","0","0","0","0","0","0","2","0","1","","03","","N","","","","","","","","","",""
"2020092837","","1","0","0","0","0","0","0","0","0","4","0","","02","11","2020","3","40.627829","-79.976549","1229","11","0","0","1","0","0","1","0","0","","0","0","0","","","0","N","0","","40 37:40.185","2","0","79 58:35.577","0","0","0","0","2217","0","0","0","N","0","0","0","2","02505","0","","1.0","1305.0","1","N","N","N","1","","0","0","0","","0","N","","2","0","0","0","0","0","0","2","0","2","","","","N","","","","","","","","","",""
"2020100774","","1","0","0","0","0","0","0","0","0","5","0","","02","11","2020","2","40.495133","-79.930711","2015","11","0","0","0","0","0","0","0","0","","0","0","0","","","0","N","0","","40 29:42.479","4","0","79 55:50.561","0","0","0","0","2461","0","0","0","N","0","0","0","1","02461","0","","6.0","2050.0","1","N","N","N","0","","0","0","0","","0","N","","2","0","0","0","0","0","0","2","1","2","","03","","N","","","","","","","","","",""
"2020093726","","1","0","0","0","0","0","0","0","0","1","0","","02","11","2020","4","40.462353","-79.981809","1440","11","0","0","0","0","0","0","0","0","","0","0","0","","","0","N","0","","40 27:44.470","","0","79 58:54.511","0","0","0","0","2301","0","0","0","N","0","0","0","2","02301","0","","1.0","","1","N","N","N","1","","0","0","0","","0","","","2","0","0","0","0","0","0","2","0","2","","03","","N","","","","","","","","","",""
"2020093438","","1","0","0","0","0","0","0","0","0","98","0","","02","11","2020","3","40.609772","-79.921261","1519","11","0","0","0","0","0","0","0","0","","0","0","0","","","0","N","0","","40 36:35.178","4","0","79 55:16.538","0","0","0","0","2207","0","0","0","N","0","0","0","1","02207","0","","2.0","1610.0","1","N","N","N","0","","0","0","0","","0","N","","1","0","0","0","0","0","0","2","0","1","","03","","N","","","","","","","","","",""
"2020092064","","1","0","0","0","0","0","0","0","0","7","0","","02","11","2020","1","40.33824","-79.806221","1416","11","0","0","0","0","0","1","0","0","","0","0","0","","","0","N","0","","40 20:17.664","","0","79 48:22.396","0","0","0","0","2477","0","0","0","N","0","0","0","1","02477","0","","2.0","","1","N","N","N","0","","0","0","0","","0","","","1","0","0","0","0","0","0","2","0","1","","03","","N","","","","","","","","","",""
"2020094067","","1","0","0","0","0","0","0","0","0","7","0","","02","11","2020","5","40.470246","-80.230545","1331","11","0","0","0","0","0","0","0","0","","0","0","0","","","0","N","0","","40 28:12.886","3","0","80 13:49.962","0","0","0","0","2203","0","0","0","Y","0","0","0","1","68B03","0","","4.0","1359.0","1","N","N","N","0","","0","0","0","","0","N","","1","0","0","0","0","0","0","2","0","1","","","","N","","","","","","","","","",""
"2020094757","","1","0","0","0","0","0","0","0","0","98","0","","02","11","2020","6","40.523831","-79.834442","2302","11","0","0","0","0","0","0","0","0","","0","0","0","","","0","N","0","","40 31:25.792","","0","79 50:03.991","0","0","0","0","2451","0","0","0","N","0","0","0","1","02451","0","","4.0","","1","N","N","N","0","","0","0","0","","0","","","1","0","0","0","0","0","0","2","0","1","","03","","N","","","","","","","","","",""
"2020113535","","0","0","0","0","0","0","0","0","0","7","0","","02","12","2020","6","40.429789","-79.957093","1042","11","0","0","0","0","0","0","0","0","","0","0","0","","","0","N","0","","40 25:47.239","3","0","79 57:25.536","0","0","0","0","2301","0","0","0","N","0","0","0","1","68B03","0","","4.0","1125.0","6","N","N","N","0","","0","0","1","","0","N","","1","0","0","0","0","0","0","2","0","1","","04","","N","","","","","","","","","",""
"2020100545","","2","0","0","0","0","0","0","0","0","5","0","","02","11","2020","1","40.447329","-79.90581","1530","11","0","0","0","0","0","0","0","0","","0","0","0","","","0","N","0","","40 26:50.384","","0","79 54:20.916","9","0","0","0","2301","0","0","0","N","0","0","0","1","02301","0","","1.0","","1","N","N","N","0","","0","0","0","","0","N","","2","0","0","0","0","0","1","2","0","2","","03","","N","","","","","","","","","",""
"2020095160","","0","0","0","0","0","0","0","0","0","98","0","","02","11","2020","1","40.45797","-80.029943","1833","11","0","0","0","0","0","0","0","0","","0","0","0","","","0","N","1","","40 27:28.691","","0","80 01:47.795","0","0","0","0","2301","0","0","0","N","0","0","0","1","02301","0","","1.0","","1","N","N","N","0","","0","0","1","","0","","","1","0","0","0","0","0","0","2","0","1","","98","","N","","","","","","","","","",""
"2020095047","","2","0","0","0","0","0","0","0","0","4","0","","02","11","2020","1","40.415032","-80.011267","2353","11","0","0","0","0","0","0","0","0","","0","0","0","","","1","N","2","","40 24:54.116","1","0","80 00:40.560","3","0","0","0","2301","0","0","0","N","0","0","0","2","02301","0","","1.0","20.0","1","N","N","N","0","","1","0","0","","2","N","","2","1","0","0","0","0","0","2","0","2","","03","","N","","","","","","","","","",""
"2020091996","","0","0","0","0","0","0","0","0","0","4","0","","02","11","2020","1","40.467179","-79.890169","1139","11","0","0","0","0","0","0","0","0","","0","0","0","","","0","N","2","","40 28:01.844","","0","79 53:24.608","9","0","0","0","2301","0","0","0","N","0","0","0","3","02301","0","","1.0","","9","N","N","N","0","","0","0","2","","3","N","","2","0","0","0","0","0","2","2","0","2","","","","N","","","","","","","","","",""
"2020094908","","1","0","0","0","0","0","0","0","0","4","0","","02","11","2020","1","40.527417","-79.835","1415","11","0","0","0","0","0","0","0","0","","0","0","0","","","0","N","0","","40 31:38.700","","0","79 50:06.000","0","0","0","0","2451","0","0","0","N","0","0","0","1","02451","0","","1.0","","1","N","N","N","0","","0","0","1","","0","","","2","0","0","0","0","0","0","2","0","2","","03","","N","","","","","","","","","",""
"2020095057","","0","0","0","0","0","0","0","0","0","4","0","","02","11","2020","6","40.510277","-80.094622","0907","11","0","0","0","0","0","0","1","0","","0","0","0","","","1","N","1","","40 30:36.997","1","0","80 05:40.638","3","0","0","0","2429","0","0","0","N","0","0","0","3","02215","0","","1.0","934.0","1","N","N","N","0","","1","0","1","","2","N","","2","1","0","0","0","0","0","2","1","2","","03","","N","","","","","","","","","",""
"2020094461","","2","0","0","0","0","0","0","0","0","4","0","","02","11","2020","6","40.447164","-79.895156","2314","11","0","0","0","0","0","0","0","0","","0","0","0","","","2","","1","","40 26:49.792","5","0","79 53:42.563","3","0","0","0","2301","0","0","0","N","0","0","0","3","02301","0","","1.0","35.0","1","N","N","N","0","","1","0","0","","2","Y","","2","2","0","0","0","1","0","2","0","2","","03","","N","","","","","","","","","",""
"2020093888","","1","0","0","0","0","0","0","0","0","5","0","","02","11","2020","5","40.470245","-80.012599","1349","11","0","0","0","0","0","0","0","0","","0","0","0","","","1","N","0","","40 28:12.881","1","7","80 00:45.358","8","0","0","0","2301","0","0","0","N","0","0","0","2","02301","0","","4.0","1415.0","1","N","N","N","0","","0","0","0","","0","N","","2","1","0","0","0","1","0","2","0","2","","03","","N","","","","","","","","","",""
"2020094752","","3","0","0","0","0","0","0","0","0","4","0","","02","11","2020","7","40.478342","-80.027909","2306","11","0","0","0","0","0","0","0","0","","0","0","0","","","0","N","0","","40 28:42.030","1","0","80 01:40.471","9","0","0","0","2301","0","0","0","N","0","0","0","3","02301","0","","1.0","13.0","1","N","N","N","1","","0","0","0","","0","N","","5","0","0","0","0","0","1","2","1","5","","04","","N","","","","","","","","","",""
"2020111546","","0","0","0","0","0","0","0","0","0","7","0","","02","12","2020","4","40.486597","-79.913163","2145","11","0","0","0","0","0","0","0","0","","0","0","0","","","0","N","0","","40 29:11.749","","3","79 54:47.387","0","0","0","0","2301","0","0","0","N","0","0","0","6","02301","0","","4.0","","1","N","N","N","0","","0","0","0","","0","","","1","0","0","0","0","0","0","2","1","1","","","","N","","","","","","","","","",""
"2020093663","","1","0","0","0","0","0","0","0","0","2","0","","02","11","2020","5","40.479559","-80.03903","0113","11","0","0","0","0","0","0","0","0","","0","0","0","","","1","N","0","","40 28:46.411","","0","80 02:20.509","3","0","0","0","2301","0","0","0","N","0","0","0","1","02301","0","","6.0","","1","N","N","N","0","","1","0","0","","0","","","2","1","1","0","0","0","0","2","1","2","","03","","N","","","","","","","","","",""
"2020097830","","2","0","0","0","0","0","0","0","0","4","0","","02","11","2020","5","40.485334","-80.009523","0413","11","0","0","0","0","0","0","1","0","","0","0","0","","","0","","2","","40 29:07.201","","0","80 00:34.283","0","0","0","0","2301","0","0","0","N","0","0","0","2","02301","0","","1.0","","1","N","N","N","0","","0","0","0","","2","N","","2","0","0","0","0","0","0","2","0","2","","03","","N","","","","","","","","","",""
"2020092729","","1","0","0","0","0","0","0","0","0","7","0","","02","11","2020","2","40.436596","-80.011231","0131","11","0","0","0","0","0","0","0","0","","0","0","0","","","0","N","0","","40 26:11.746","4","0","80 00:40.432","0","0","0","0","2301","0","0","0","N","0","0","0","1","02301","0","","2.0","200.0","1","N","N","N","0","","0","0","0","","0","N","","1","0","0","0","0","0","0","2","0","1","","03","","N","","","","","","","","","",""
"2020111259","","0","0","0","0","0","0","0","0","0","4","0","","02","12","2020","4","40.396848","-80.006563","0705","11","0","0","0","0","0","0","0","0","","0","0","0","","","0","N","0","","40 23:48.652","","0","80 00:23.628","0","0","0","0","2301","0","0","0","N","0","0","0","2","02301","0","","1.0","","2","N","N","N","1","","0","0","1","","0","","","2","0","0","0","0","0","0","2","0","2","","03","","N","","","","","","","","","",""
"2020100393","","1","0","0","0","0","0","0","0","0","4","0","","02","11","2020","2","40.427659","-79.977714","0346","11","0","0","0","0","0","0","0","0","","0","0","0","","","0","N","1","","40 25:39.574","4","0","79 58:39.769","9","0","0","0","2301","0","0","0","N","0","0","0","2","02301","0","","1.0","420.0","9","N","N","N","0","","0","0","1","","1","N","","2","0","0","0","0","0","1","2","0","2","","","","N","","","","","","","","","",""
"2020094163","","1","0","0","0","0","0","0","0","0","4","0","","02","11","2020","6","40.4974","-79.870009","0700","11","0","0","0","0","0","0","0","0","","0","0","0","","","0","N","1","","40 29:50.641","","0","79 52:12.033","0","0","0","0","2112","0","0","0","N","0","0","0","2","02112","0","","1.0","","1","N","N","N","1","","0","0","0","","2","","","2","0","0","0","0","0","0","2","0","2","","03","","N","","","","","","","","","",""
"2020111551","","2","0","0","0","0","0","0","0","0","4","0","","02","12","2020","4","40.460656","-79.804722","2045","11","0","0","1","0","0","0","0","0","","0","0","0","","","1","N","3","","40 27:38.363","5","0","79 48:17.000","3","0","0","0","2113","0","0","0","Y","0","0","0","3","02113","0","","1.0","2359.0","1","N","N","Y","0","","1","0","0","","3","Y","","2","1","0","0","0","0","0","2","0","2","","03","","N","","","","","","","","","",""
"2020112235","","0","0","0","0","0","0","0","0","0","1","0","","02","12","2020","7","40.392683","-80.016404","1606","11","0","0","0","0","0","0","0","0","","0","0","0","","","0","","1","","40 23:33.658","5","0","80 00:59.054","0","0","0","0","2301","0","0","0","N","0","0","0","0","02301","0","","4.0","1653.0","2","N","N","N","0","","0","0","2","","0","Y","","2","0","0","0","0","0","0","2","0","2","","10","","N","","","","","","","","","",""