"CRN","ARRIVAL_TM","AUTOMOBILE_COUNT","BELTED_DEATH_COUNT","BELTED_SUSP_SERIOUS_INJ_COUNT","BICYCLE_COUNT","BICYCLE_DEATH_COUNT","BICYCLE_SUSP_SERIOUS_INJ_COUNT","BUS_COUNT","CHLDPAS_DEATH_COUNT","CHLDPAS_SUSP_SERIOUS_INJ_COUNT","COLLISION_TYPE","COMM_VEH_COUNT","CONS_ZONE_SPD_LIM","COUNTY","CRASH_MONTH","CRASH_YEAR","DAY_OF_WEEK","DEC_LATITUDE","DEC_LONGITUDE","DISPATCH_TM","DISTRICT","DRIVER_COUNT_16YR","DRIVER_COUNT_17YR","DRIVER_COUNT_18YR","DRIVER_COUNT_19YR","DRIVER_COUNT_20YR","DRIVER_COUNT_50_64YR","DRIVER_COUNT_65_74YR","DRIVER_COUNT_75PLUS","EST_HRS_CLOSED","FATAL_COUNT","HEAVY_TRUCK_COUNT","HORSE_BUGGY_COUNT","HOUR_OF_DAY","ILLUMINATION","INJURY_COUNT","INTERSECTION_RELATED","INTERSECT_TYPE","LANE_CLOSED","LATITUDE","LN_CLOSE_DIR","LOCATION_TYPE","LONGITUDE","MAX_SEVERITY_LEVEL","MCYCLE_DEATH_COUNT","MCYCLE_SUSP_SERIOUS_INJ_COUNT","MOTORCYCLE_COUNT","MUNICIPALITY","NONMOTR_COUNT","NONMOTR_DEATH_COUNT","NONMOTR_SUSP_SERIOUS_INJ_COUNT","NTFY_HIWY_MAINT","PED_COUNT","PED_DEATH_COUNT","PED_SUSP_SERIOUS_INJ_COUNT","PERSON_COUNT","POLICE_AGCY","POSSIBLE_INJ_COUNT","RDWY_SURF_TYPE_CD","RELATION_TO_ROAD","ROADWAY_CLEARED","ROAD_CONDITION","SCH_BUS_IND","SCH_ZONE_IND","SECONDARY_CRASH","SMALL_TRUCK_COUNT","SPEC_JURIS_CD","SUSP_MINOR_INJ_COUNT","SUSP_SERIOUS_INJ_COUNT","SUV_COUNT","TCD_FUNC_CD","TCD_TYPE","TFC_DETOUR_IND","TIME_OF_DAY","TOTAL_UNITS","TOT_INJ_COUNT","UNBELTED_OCC_COUNT","UNB_DEATH_COUNT","UNB_SUSP_SERIOUS_INJ_COUNT","UNK_INJ_DEG_COUNT","UNK_INJ_PER_COUNT","URBAN_RURAL","VAN_COUNT","VEHICLE_COUNT","WEATHER1","WEATHER2","WORKERS_PRES","WORK_ZONE_IND","WORK_ZONE_LOC","WORK_ZONE_TYPE","WZ_CLOSE_DETOUR","WZ_FLAGGER","WZ_LAW_OFFCR_IND","WZ_LN_CLOSURE","WZ_MOVING","WZ_OTHER","WZ_SHLDER_MDN","WZ_WORKERS_INJ_KILLED"
"2020091677","","2","0","0","0","0","0","0","0","0","6","0","","02","10","2020","6","40.456591","-79.939859","1845","11","0","0","0","0","0","0","1","0","","0","0","0","","","0","","1","","40 27:23.729","","0","79 56:23.491","0","0","0","0","2301","0","0","0","N","0","0","0","3","02301","0","","1.0","","1","N","N","N","0","","0","0","1","3","2","","","3","0","0","0","0","0","0","2","0","3","","03","","N","","","","","","","","","",""
"2020080856","","1","0","0","0","0","0","0","0","0","6","0","","02","9","2020","4","40.498578","-80.061861","0523","11","0","0","0","0","0","0","0","1","","0","0","0","","","2","N","1","","40 29:54.880","","0","80 03:42.699","4","0","0","0","2402","0","0","0","N","0","0","0","3","02402","2","","1.0","","1","N","N","N","1","","0","0","0","3","2","","","2","2","0","0","0","0","0","2","0","2","","","","N","","","","","","","","","",""
"2020089215","","0","0","0","0","0","0","0","0","0","4","0","","02","10","2020","6","40.352508","-79.838717","1056","11","0","0","0","0","0","1","1","0","","0","0","0","","","1","N","2","","40 21:09.028","","0","79 50:19.381","8","0","0","0","2304","0","0","0","N","0","0","0","2","02304","0","","1.0","","1","N","N","N","0","","0","0","2","0","0","N","","2","1","0","0","0","1","0","2","0","2","","03","","N","","","","","","","","","",""
"2020082707","","1","0","0","0","0","0","0","0","0","7","0","","02","10","2020","1","40.440876","-79.835418","1446","11","0","0","0","0","0","0","0","0","","0","0","0","","","1","N","0","","40 26:27.152","3","0","79 50:07.506","3","0","0","0","2419","0","0","0","Y","0","0","0","1","68B03","0","","4.0","1600.0","1","N","N","N","0","","1","0","0","0","0","N","","1","1","1","0","0","0","0","2","0","1","","03","","N","","","","","","","","","",""
"2020080206","","1","0","0","0","0","0","0","0","0","2","0","","02","9","2020","3","40.452745","-79.936737","1024","11","0","0","0","0","0","2","0","0","","0","0","0","","","0","N","1","","40 27:09.882","","0","79 56:12.253","0","0","0","0","2301","0","0","0","N","0","0","0","2","02301","0","","1.0","","9","N","N","Y","0","","0","0","0","3","2","","","2","0","0","0","0","0","0","2","1","2","","07","","N","","","","","","","","","",""
"2020100632","","1","0","0","0","0","0","0","0","0","7","0","","02","11","2020","1","40.440451","-79.831728","1012","11","0","0","0","0","1","0","0","0","","0","0","0","","","0","N","0","","40 26:25.622","3","0","79 49:54.222","0","0","0","0","2419","0","0","0","N","0","0","0","1","68B03","0","","2.0","45.0","9","N","N","N","0","","0","0","0","0","0","N","","1","0","0","0","0","0","0","2","0","1","","","","N","","","","","","","","","",""
"2020091419","","1","0","0","0","0","0","0","0","0","4","0","","02","10","2020","2","40.412947","-79.908536","1231","11","0","0","0","0","0","0","0","0","","0","0","0","","","2","Y","0","","40 24:46.610","4","7","79 54:30.730","8","0","0","0","2438","0","0","0","N","0","0","0","2","02438","0","","1.0","1305.0","1","N","N","Y","0","","0","0","1","3","3","Y","","2","2","0","0","0","2","0","2","0","2","","03","","N","","","","","","","","","",""
"2020085775","","1","0","0","0","0","0","0","0","0","6","0","","02","10","2020","4","40.368562","-80.036935","1546","11","0","0","0","0","0","1","1","0","","0","0","0","","","0","","2","","40 22:06.824","","0","80 02:12.965","0","0","0","0","2416","0","0","0","N","0","0","0","4","02416","0","","1.0","","1","N","N","N","0","","0","0","1","0","0","","","2","0","0","0","0","0","0","2","0","2","","03","","N","","","","","","","","","",""
"2020100559","","3","0","0","0","0","0","0","0","0","5","0","","02","10","2020","7","40.433403","-79.887639","2235","11","0","0","0","0","0","0","0","0","","0","0","0","","","0","N","0","","40 26:00.250","","0","79 53:15.500","0","0","0","0","2426","0","0","0","N","0","0","0","1","02426","0","","1.0","","1","N","N","N","0","","0","0","0","0","0","","","3","0","1","0","0","0","0","2","0","3","","03","","N","","","","","","","","","",""
"2020088518","","0","0","0","0","0","0","0","0","0","5","0","","02","10","2020","5","40.429222","-79.998167","1120","11","0","0","0","0","0","1","0","0","","0","0","0","","","1","N","0","","40 25:45.200","2","0","79 59:53.400","3","0","0","0","2301","0","0","0","N","0","0","0","1","02301","0","","3.0","1145.0","1","N","N","N","1","","1","0","0","3","2","N","","1","1","0","0","0","0","0","2","0","1","","03","","N","","","","","","","","","",""
"2020103282","","0","0","0","0","0","0","0","0","0","5","0","55","02","11","2020","1","40.331028","-80.138447","1709","11","0","0","0","0","0","0","0","0","","0","0","0","","","1","N","0","","40 19:51.702","","0","80 08:18.409","3","0","0","0","2119","0","0","0","N","0","0","0","3","68B03","0","","1.0","","1","N","N","N","0","","1","0","2","0","0","","","2","1","0","0","0","0","0","2","0","2","","03","N","Y","5","1","","","N","","","","Y","N"
"2020091917","","1","0","1","0","0","0","0","0","0","98","0","","02","11","2020","1","40.344493","-79.883591","0103","11","0","0","0","0","0","0","0","0","","0","0","0","","","1","N","0","","40 20:40.174","5","1","79 53:00.927","2","0","0","0","2433","0","0","0","N","0","0","0","1","02433","0","","2.0","215.0","1","N","N","N","0","","0","1","0","0","0","Y","","1","1","0","0","0","0","0","2","0","1","","03","","N","","","","","","","","","",""
"2020092039","","1","0","0","0","0","0","0","0","0","6","0","","02","10","2020","7","40.422627","-79.886065","1940","11","0","0","1","0","0","0","0","0","","0","0","0","","","0","N","0","","40 25:21.457","","7","79 53:09.834","0","0","0","0","2463","0","0","0","N","0","0","0","2","02463","0","","1.0","","1","N","N","N","0","","0","0","1","3","2","","","2","0","1","0","0","0","0","2","0","2","","03","","N","","","","","","","","","",""
"2020088102","","1","0","0","0","0","0","0","0","0","1","0","","02","10","2020","6","40.473408","-79.969608","0844","11","0","0","0","0","0","0","0","0","","0","0","0","","","0","N","0","","40 28:24.267","4","3","79 58:10.590","0","0","0","0","2445","0","0","0","N","0","0","0","3","02445","0","","1.0","911.0","1","N","N","N","0","","0","0","2","0","0","N","","3","0","3","0","0","0","0","2","0","3","","03","","N","","","","","","","","","",""
"2020090153","","1","0","0","0","0","0","0","0","0","7","0","","02","10","2020","2","40.438023","-79.911983","1125","11","0","0","0","0","0","1","0","0","","0","0","0","","","1","N","0","","40 26:16.884","7","0","79 54:43.139","3","0","0","0","2301","0","0","0","N","0","0","0","1","02301","0","","2.0","1300.0","9","N","N","N","0","","1","0","0","0","0","Y","","1","1","0","0","0","0","0","2","0","1","","07","","N","","","","","","","","","",""
"2020082891","","2","0","0","0","0","0","0","0","0","1","0","","02","10","2020","6","40.493748","-79.944689","1537","11","0","0","0","0","0","0","0","0","","0","0","0","","","0","N","0","","40 29:37.493","1","6","79 56:40.882","0","0","0","0","2430","0","0","0","N","0","0","0","3","02430","0","","1.0","1611.0","1","N","N","N","0","","0","0","1","0","0","Y","","3","0","0","0","0","0","0","2","0","3","","03","","N","","","","","","","","","",""
"2020083124","","0","0","0","0","0","0","0","0","0","7","0","","02","10","2020","1","40.366309","-80.086616","1707","11","1","0","0","0","0","0","0","0","","0","0","0","","","0","N","0","","40 21:58.712","1","0","80 05:11.816","0","0","0","0","2117","0","0","0","N","0","0","0","2","02117","0","","5.0","1753.0","1","N","N","N","0","","0","0","1","0","0","N","","1","0","0","0","0","0","0","2","0","1","","04","","N","","","","","","","","","",""
"2020091697","","0","0","0","0","0","0","0","0","0","5","0","","02","10","2020","6","40.407413","-79.914122","2049","11","0","0","0","0","0","0","0","0","","0","0","0","","","0","N","1","","40 24:26.686","5","3","79 54:50.839","0","0","0","0","2438","0","0","0","N","0","0","0","6","02438","0","","1.0","2129.0","1","N","N","Y","1","","0","0","2","3","2","N","","3","0","1","0","0","0","0","2","0","3","","03","","N","","","","","","","","","",""
"2020082110","","2","0","0","0","0","0","0","0","0","4","0","","02","10","2020","1","40.465303","-79.914543","2023","11","0","0","0","0","0","1","0","0","","0","0","0","","","0","","1","","40 27:55.090","1","0","79 54:52.354","0","0","0","0","2301","0","0","0","N","0","0","0","2","02301","0","","1.0","2050.0","9","N","N","N","0","","0","0","0","3","3","N","","2","0","0","0","0","0","0","2","0","2","","07","","N","","","","","","","","","",""
"2020090870","","1","0","0","0","0","0","0","0","0","1","0","","02","10","2020","4","40.293561","-79.888731","2239","11","0","0","0","0","0","1","0","0","","0","0","0","","","1","N","2","","40 17:36.820","","0","79 53:19.430","4","0","0","0","2302","0","0","0","N","0","0","0","2","02302","1","","1.0","","1","N","N","N","0","","0","0","1","0","0","","","2","1","0","0","0","0","0","2","0","2","","","","N","","","","","","","","","",""
"2020088399","","2","0","1","0","0","0","0","0","0","2","0","","02","10","2020","4","40.457404","-79.896284","2240","11","0","0","0","0","0","0","0","0","","0","0","0","","","1","","1","","40 27:26.654","4","0","79 53:46.622","2","0","0","0","2301","0","0","0","N","0","0","0","4","02301","0","","1.0","2315.0","1","N","N","Y","0","","0","1","0","3","2","Y","","2","1","0","0","0","0","0","2","0","2","","03","","N","","","","","","","","","",""
"2020081846","","3","0","0","0","0","0","0","0","0","2","0","","02","10","2020","6","40.440639","-80.000142","1530","11","0","0","0","0","0","0","0","0","","0","0","0","","","10","N","0","","40 26:26.300","6","0","80 00:00.511","3","0","0","0","2301","0","0","0","N","0","0","0","10","02301","0","","1.0","1600.0","1","N","N","N","0","","10","0","0","3","2","Y","","3","10","2","0","0","0","0","2","0","3","","03","","N","","","","","","","","","",""
"2020091941","","2","0","0","0","0","0","0","0","0","1","0","","02","10","2020","6","40.473423","-79.972396","0618","11","0","0","0","0","0","0","0","0","","0","0","0","","","0","N","6","","40 28:24.321","2","2","79 58:20.624","0","0","0","0","2445","0","0","0","N","0","0","0","2","02445","0","","1.0","711.0","9","N","N","N","0","","0","0","0","0","0","N","","2","0","0","0","0","0","0","2","0","2","","","","N","","","","","","","","","",""
"2020092793","","0","0","0","0","0","0","0","0","0","6","0","","02","10","2020","6","40.272536","-79.886309","2333","11","0","0","0","0","0","0","0","0","","0","0","0","","","1","Y","0","","40 16:21.128","3","2","79 53:10.711","2","0","1","1","2428","0","0","0","N","0","0","0","2","02428","0","","1.0","25.0","1","N","N","N","1","","0","1","0","3","3","Y","","2","1","0","0","0","0","0","2","0","2","","03","","N","","","","","","","","","",""
"2020081991","","2","0","0","0","0","0","0","0","0","7","0","","02","10","2020","7","40.656737","-80.092088","0832","11","0","0","0","0","0","0","0","0","","0","0","0","","","1","N","0","","40 39:24.252","1","0","80 05:31.516","8","0","0","0","2212","0","0","0","Y","0","0","0","2","68B03","0","","4.0","921.0","1","N","N","N","0","","0","0","0","0","0","N","","2","1","0","0","0","1","0","2","0","2","","03","","N","","","","","","","","","",""
"2020090813","","5","0","0","0","0","0","0","0","0","1","0","","02","10","2020","6","40.41587","-80.084921","1544","11","0","0","0","1","0","2","0","0","","0","0","0","","","0","N","0","","40 24:57.133","3","0","80 05:05.717","0","0","0","0","2415","0","0","0","N","0","0","0","7","68B03","0","","1.0","1638.0","1","N","N","N","0","","0","0","2","0","0","N","","7","0","0","0","0","0","0","2","0","7","","","","N","","","","","","","","","",""
"2020090484","","1","0","0","0","0","0","0","0","0","4","0","","02","10","2020","4","40.465426","-79.956659","0709","11","0","0","0","0","0","1","0","0","","0","0","0","","","0","N","1","","40 27:55.532","","0","79 57:23.972","0","0","0","0","2301","0","0","0","N","0","0","0","3","02301","0","","1.0","","9","N","N","N","0","","0","0","1","3","3","","","2","0","0","0","0","0","0","2","0","2","","07","","N","","","","","","","","","",""
"2020111452","","1","0","0","0","0","0","0","0","0","6","0","","02","12","2020","4","40.469173","-79.834516","1823","11","0","0","0","0","0","1","0","0","","0","0","0","","","1","N","0","","40 28:09.021","","0","79 50:04.256","3","0","0","0","2113","0","0","0","N","0","0","0","3","02113","0","","1.0","","1","N","N","N","0","","1","0","0","0","0","","","2","1","0","0","0","0","2","2","0","2","","03","","N","","","","","","","","","",""
"2020095088","","1","0","0","0","0","0","0","0","0","1","0","","02","10","2020","2","40.399722","-79.821111","1528","11","0","0","0","0","0","0","0","1","","0","0","0","","","2","N","0","","40 23:59.000","3","0","79 49:16.000","3","0","0","0","2111","0","0","0","N","0","0","0","3","02111","0","","1.0","1555.0","1","N","N","N","0","","2","0","0","0","0","Y","","2","2","0","0","0","0","1","2","1","2","","03","","N","","","","","","","","","",""
"2020091415","","1","0","0","0","0","0","0","0","0","7","0","","02","10","2020","5","40.461442","-80.106136","2156","11","0","0","1","0","0","0","0","0","","0","0","0","","","0","N","0","","40 27:41.190","","0","80 06:22.090","0","0","0","0","2126","0","0","0","N","0","0","0","1","02126","0","","5.0","","9","N","N","N","0","","0","0","0","0","0","","","1","0","0","0","0","0","0","2","0","1","","","","N","","","","","","","","","",""
"2020080835","","1","0","0","0","0","0","0","0","0","7","0","","02","9","2020","4","40.421113","-80.056844","1943","11","0","0","0","0","0","0","0","0","","0","0","0","","","0","N","0","","40 25:16.005","6","0","80 03:24.637","0","0","0","0","2435","0","0","0","N","0","0","0","1","02435","0","","5.0","2100.0","1","N","N","Y","0","","0","0","0","0","0","Y","","1","0","0","0","0","0","0","2","0","1","","03","","N","","","","","","","","","",""
"2020083920","","1","0","0","0","0","0","0","0","0","4","0","","02","10","2020","4","40.31847","-80.072149","0554","11","0","0","0","0","0","0","0","0","","0","0","0","","","0","","1","","40 19:06.493","","0","80 04:19.736","0","0","0","0","2123","0","0","0","N","0","0","0","2","02123","0","","1.0","","1","N","N","N","1","","0","0","0","3","2","","","2","0","0","0","0","0","0","2","0","2","","","","N","","","","","","","","","",""
"2020081748","","1","0","0","0","0","0","0","0","0","7","0","","02","10","2020","5","40.396883","-80.030374","2124","11","0","0","0","0","0","1","0","0","","0","0","0","","","1","N","2","","40 23:48.777","","0","80 01:49.345","4","0","0","0","2301","0","0","0","N","0","0","0","1","02301","1","","2.0","","9","N","N","N","0","","0","0","0","0","0","N","","1","1","0","0","0","0","0","2","0","1","","","","Y","","","","","","","","","",""
"2020089871","","4","0","0","0","0","0","0","0","0","2","0","","02","10","2020","1","40.426926","-80.001086","2030","11","0","0","0","0","0","0","0","0","","0","0","0","","","0","N","0","","40 25:36.933","","0","80 00:03.911","0","0","0","0","2301","0","0","0","N","0","0","0","1","02301","0","","4.0","","9","N","N","N","0","","0","0","0","0","0","","","4","0","0","0","0","0","0","2","0","4","","","","N","","","","","","","","","",""
"2020090573","","1","0","0","0","0","0","0","0","0","7","0","","02","10","2020","3","40.492164","-79.895318","1941","11","0","0","0","0","0","0","0","0","","0","0","0","","","2","N","7","","40 29:31.792","","2","79 53:43.145","3","0","0","0","2301","0","0","0","Y","0","0","0","2","68D02","0","","4.0","","9","N","N","N","0","","2","0","0","0","0","","","1","2","2","0","0","0","0","2","0","1","","","","N","","","","","","","","","",""
"2020093101","","1","0","0","0","0","0","0","0","0","7","0","","02","10","2020","5","40.429134","-79.956244","2030","11","0","0","0","0","0","0","0","0","","0","0","0","","","0","N","0","","40 25:44.884","4","0","79 57:22.478","0","0","0","0","2301","0","0","0","N","0","0","0","1","68B03","0","","5.0","2045.0","9","N","N","N","0","","0","0","0","0","0","N","","1","0","0","0","0","0","0","2","0","1","","07","","N","","","","","","","","","",""
"2020093971","","3","0","0","0","0","0","0","0","0","1","0","","02","10","2020","6","40.438734","-79.748028","1757","11","0","0","0","1","0","1","0","1","","0","0","0","","","0","N","0","","40 26:19.441","","0","79 44:52.899","0","0","0","0","2446","0","0","0","N","0","0","0","4","02446","0","","1.0","","1","N","N","N","0","","0","0","0","0","0","","","3","0","0","0","0","0","0","2","0","3","","03","","N","","","","","","","","","",""
"2020093104","","0","0","0","0","0","0","0","0","0","7","0","","02","10","2020","6","40.426403","-79.89349","0613","11","0","0","0","0","0","0","0","0","","0","0","0","","","1","N","6","","40 25:35.052","4","2","79 53:36.565","4","0","0","0","2301","0","0","0","Y","0","0","0","1","68B03","1","","2.0","632.0","9","N","N","N","0","","0","0","1","0","0","N","","1","1","0","0","0","0","0","2","0","1","","03","","N","","","","","","","","","",""
"2020090922","","1","0","0","0","0","0","0","0","0","7","0","","02","10","2020","5","40.471981","-79.889208","0514","11","0","0","0","0","0","0","0","0","","0","0","0","","","0","N","0","","40 28:19.130","","0","79 53:21.150","9","0","0","0","2301","0","0","0","N","0","0","0","1","02301","0","","2.0","","9","N","N","N","0","","0","0","0","0","0","","","1","0","0","0","0","0","1","2","0","1","","07","","N","","","","","","","","","",""
"2020090115","","1","0","0","0","0","0","0","0","0","5","0","","02","10","2020","3","40.424254","-79.927184","0708","11","0","0","0","0","0","1","0","0","","0","0","0","","","0","Y","0","","40 25:27.314","","0","79 55:37.861","0","0","0","0","2301","0","0","0","N","0","0","0","1","02301","0","","6.0","","1","N","N","N","0","","0","0","1","0","0","N","","2","0","0","0","0","0","0","2","0","2","","03","","N","","","","","","","","","",""
"2020090059","","3","0","0","0","0","0","0","0","0","2","0","","02","10","2020","1","40.424639","-79.978917","0313","11","0","0","0","0","0","0","0","0","","0","0","0","","","0","Y","0","","40 25:28.700","5","0","79 58:44.100","0","0","0","0","2301","0","0","0","N","0","0","0","1","02301","0","","1.0","400.0","1","N","N","N","0","","0","0","1","0","0","N","","4","0","0","0","0","0","0","2","0","4","","03","","N","","","","","","","","","",""
"2020081533","","0","0","0","0","0","0","0","0","0","7","0","","02","10","2020","6","40.409105","-80.030034","1712","11","0","0","0","0","0","0","0","0","","0","0","0","","","0","N","2","","40 24:32.778","","0","80 01:48.122","0","0","0","0","2301","0","0","0","N","0","0","0","1","02301","0","","5.0","","1","N","N","N","0","","0","0","1","0","0","","","1","0","0","0","0","0","0","2","0","1","","","","N","","","","","","","","","",""
"2020089685","","2","0","0","0","0","0","0","0","0","5","0","","02","10","2020","6","40.485186","-80.010728","0049","11","0","0","0","0","0","0","0","0","","0","0","0","","","0","N","0","","40 29:06.670","","0","80 00:38.620","0","0","0","0","2301","0","0","0","N","0","0","0","1","02301","0","","2.0","","1","N","N","N","0","","0","0","0","0","0","","","2","0","0","0","0","0","0","2","0","2","","03","","N","","","","","","","","","",""
"2020081212","","2","0","0","0","0","0","0","0","0","4","0","","02","10","2020","5","40.351639","-79.856612","1956","11","0","0","0","0","0","0","0","0","","0","0","0","","","0","","1","","40 21:05.900","","0","79 51:23.803","9","0","0","0","2304","0","0","0","N","0","0","0","2","02304","0","","1.0","","1","N","N","N","0","","0","0","0","3","3","","","2","0","0","0","0","0","1","2","0","2","","","","N","","","","","","","","","",""
"2020081862","","2","0","0","0","0","0","0","0","0","2","0","","02","10","2020","5","40.594448","-79.970119","1247","11","0","0","0","0","0","1","1","0","","0","0","0","","","1","N","0","","40 35:40.012","6","0","79 58:12.429","3","0","0","0","2207","0","0","0","N","0","0","0","3","02207","0","","1.0","1330.0","1","N","N","N","0","","1","0","0","0","0","Y","","2","1","0","0","0","0","0","2","0","2","","03","","N","","","","","","","","","",""
"2020091447","","1","0","0","0","0","0","0","0","0","4","0","","02","10","2020","6","40.487531","-79.882689","1253","11","0","0","0","0","0","1","0","0","","0","0","0","","","0","","1","","40 29:15.111","","0","79 52:57.679","0","0","0","0","2112","0","0","0","N","0","0","0","2","02112","0","","1.0","","9","N","N","N","0","","0","0","1","3","2","N","","2","0","0","0","0","0","0","2","0","2","","","","N","","","","","","","","","",""
"2020088929","","0","0","0","0","0","0","0","0","0","1","0","","02","10","2020","6","40.453984","-80.014541","1145","11","0","0","0","0","0","0","0","0","","0","0","0","","","1","N","1","","40 27:14.342","","0","80 00:52.348","8","0","0","0","2301","0","0","0","N","0","0","0","2","02301","0","","1.0","","1","N","N","N","1","","0","0","1","0","0","","","2","1","0","0","0","1","0","2","0","2","","03","","N","","","","","","","","","",""
"2020088879","","1","0","0","0","0","0","0","0","0","7","0","","02","10","2020","6","40.399878","-79.93584","0824","11","0","0","0","0","0","0","0","0","","0","0","0","","","0","N","0","","40 23:59.560","1","3","79 56:09.025","0","0","0","0","2301","0","0","0","N","0","0","0","1","02301","0","","1.0","825.0","1","N","N","N","0","","0","0","0","0","0","N","","1","0","0","0","0","0","0","2","0","1","","03","","N","","","","","","","","","",""
"2020089012","","0","0","0","0","0","0","0","0","0","4","0","","02","10","2020","6","40.438302","-79.933573","1711","11","0","0","0","0","0","0","0","0","","0","0","0","","","0","","2","","40 26:17.887","","0","79 56:00.862","0","0","0","0","2301","0","0","0","N","0","0","0","2","02301","0","","1.0","","1","N","N","N","1","","0","0","1","3","3","","","2","0","0","0","0","0","0","2","0","2","","03","","N","","","","","","","","","",""
"2020090041","","1","0","0","0","0","0","0","0","0","7","0","","02","10","2020","2","40.461939","-79.905744","1830","11","0","0","0","0","0","0","0","0","","0","0","0","","","1","N","0","","40 27:42.980","7","0","79 54:20.678","3","0","0","0","2301","0","0","0","N","0","0","0","1","02301","0","","5.0","2000.0","1","N","N","N","0","","1","0","0","0","0","Y","","1","1","0","0","0","0","0","2","0","1","","","","N","","","","","","","","","",""
"2020103176","","1","0","0","0","0","0","0","0","0","2","0","","02","12","2020","3","40.403562","-80.057984","1423","11","0","0","0","0","2","0","0","0","","0","0","0","","","2","","2","","40 24:12.824","1","0","80 03:28.742","3","0","0","0","2117","0","0","0","N","0","0","0","2","02117","0","","1.0","1457.0","9","N","N","N","0","","1","0","1","3","2","N","","2","2","0","0","0","1","0","2","0","2","","","","N","","","","","","","","","",""
"2020090299","","2","0","0","0","0","0","0","0","0","4","0","","02","10","2020","2","40.344392","-79.843331","2020","11","0","0","0","0","0","1","0","0","","0","0","0","","","0","N","0","","40 20:39.810","5","0","79 50:35.993","0","0","0","0","2304","0","0","0","N","0","0","0","1","02304","0","","2.0","2108.0","1","N","N","N","0","","0","0","0","0","0","Y","","2","0","0","0","0","0","0","2","0","2","","","","N","","","","","","","","","",""
"2020080860","","2","0","1","0","0","0","0","0","0","1","0","","02","9","2020","4","40.448395","-80.02589","2007","11","0","0","0","0","0","0","0","0","","0","0","0","","","1","","6","","40 26:54.223","","8","80 01:33.203","2","0","0","0","2301","0","0","0","N","0","0","0","4","02301","0","","1.0","","1","N","N","N","0","","0","1","0","3","4","","","2","1","0","0","0","0","0","2","0","2","","","","N","","","","","","","","","",""
"2020091000","","0","0","0","0","0","0","0","0","0","4","0","","02","10","2020","5","40.533901","-79.844874","1133","11","0","0","0","0","0","1","0","1","","0","0","0","","","2","","2","","40 32:02.042","2","0","79 50:41.548","3","0","0","0","2208","0","0","0","N","0","0","0","2","02208","0","","1.0","1201.0","9","N","N","N","0","","2","0","2","3","2","N","","2","2","0","0","0","0","0","2","0","2","","","","N","","","","","","","","","",""
"2020091158","","1","0","0","0","0","0","0","0","0","4","0","","02","10","2020","6","40.319249","-80.074234","2331","11","0","0","0","0","0","0","0","0","","0","0","0","","","0","N","0","","40 19:09.298","5","0","80 04:27.242","0","0","0","0","2123","0","0","0","N","0","0","0","1","02123","0","","1.0","25.0","9","N","N","N","0","","0","0","1","0","0","Y","","2","0","0","0","0","0","0","2","0","2","","07","","N","","","","","","","","","",""
"2020084544","","1","0","0","0","0","0","0","0","0","1","0","","02","10","2020","6","40.476326","-79.969278","2015","11","0","1","0","0","0","0","0","0","","0","0","0","","","0","N","0","","40 28:34.773","","0","79 58:09.402","0","0","0","0","2445","0","0","0","N","0","0","0","2","02445","0","","1.0","","1","N","N","N","0","","0","0","1","0","0","","","2","0","0","0","0","0","0","2","0","2","","03","","N","","","","","","","","","",""
"2020090463","","1","0","0","0","0","0","0","0","0","2","0","","02","10","2020","4","40.347445","-79.890232","0514","11","0","0","0","0","0","0","0","0","","0","0","0","","","1","N","0","","40 20:50.802","2","3","79 53:24.835","3","0","0","0","2423","0","0","0","N","0","0","0","1","02304","0","","3.0","600.0","9","N","N","N","0","","1","0","0","0","0","N","","1","1","0","0","0","0","0","2","0","1","","","","N","","","","","","","","","",""
"2020090600","","1","0","0","0","0","0","0","0","0","1","0","","02","10","2020","1","40.427961","-79.92648","1758","11","0","0","1","0","0","0","0","0","","0","0","0","","","0","N","0","","40 25:40.660","3","4","79 55:35.328","0","0","0","0","2301","0","0","0","N","0","0","0","6","68B03","0","","1.0","130.0","1","N","N","N","1","","0","0","2","0","0","Y","","4","0","0","0","0","0","0","2","0","4","","","","N","","","","","","","","","",""
"2020091709","","0","0","0","0","0","0","0","0","0","7","0","","02","10","2020","7","40.437178","-80.040383","0144","11","0","0","0","0","0","0","0","0","","0","0","0","","","0","N","0","","40 26:13.842","","0","80 02:25.380","0","0","0","0","2301","0","0","0","N","0","0","0","1","02301","0","","2.0","","1","N","N","N","0","","0","0","1","0","0","","","1","0","0","0","0","0","0","2","0","1","","03","","N","","","","","","","","","",""
"2020088785","","1","0","0","0","0","0","0","0","0","7","0","","02","10","2020","6","40.455925","-80.225447","0353","11","0","0","0","0","0","1","0","0","","0","0","0","","","1","N","0","","40 27:21.330","6","0","80 13:31.610","4","0","0","0","2214","0","0","0","N","0","0","0","1","02214","1","","5.0","527.0","1","N","N","N","0","","0","0","0","0","0","Y","","1","1","0","0","0","0","0","2","0","1","","","","N","","","","","","","","","",""
"2020091783","","2","0","0","0","0","0","0","0","0","2","0","","02","10","2020","6","40.433639","-79.973354","2238","11","0","0","0","0","0","0","0","0","","0","0","0","","","2","N","0","","40 26:01.102","1","3","79 58:24.075","3","0","0","0","2301","0","0","0","N","0","0","0","2","02301","0","","1.0","2240.0","1","Y","N","N","0","","1","0","0","0","0","N","","2","2","1","0","0","1","0","2","0","2","","03","","N","","","","","","","","","",""