"CRN","ARRIVAL_TM","AUTOMOBILE_COUNT","BELTED_DEATH_COUNT","BELTED_SUSP_SERIOUS_INJ_COUNT","BICYCLE_COUNT","BICYCLE_DEATH_COUNT","BICYCLE_SUSP_SERIOUS_INJ_COUNT","BUS_COUNT","CHLDPAS_DEATH_COUNT","CHLDPAS_SUSP_SERIOUS_INJ_COUNT","COLLISION_TYPE","COMM_VEH_COUNT","CONS_ZONE_SPD_LIM","COUNTY","CRASH_MONTH","CRASH_YEAR","DAY_OF_WEEK","DEC_LATITUDE","DEC_LONGITUDE","DISPATCH_TM","DISTRICT","DRIVER_COUNT_16YR","DRIVER_COUNT_17YR","DRIVER_COUNT_18YR","DRIVER_COUNT_19YR","DRIVER_COUNT_20YR","DRIVER_COUNT_50_64YR","DRIVER_COUNT_65_74YR","DRIVER_COUNT_75PLUS","EST_HRS_CLOSED","FATAL_COUNT","HEAVY_TRUCK_COUNT","HORSE_BUGGY_COUNT","HOUR_OF_DAY","ILLUMINATION","INJURY_COUNT","INTERSECTION_RELATED","INTERSECT_TYPE","LANE_CLOSED","LATITUDE","LN_CLOSE_DIR","LOCATION_TYPE","LONGITUDE","MAX_SEVERITY_LEVEL","MCYCLE_DEATH_COUNT","MCYCLE_SUSP_SERIOUS_INJ_COUNT","MOTORCYCLE_COUNT","MUNICIPALITY","NONMOTR_COUNT","NONMOTR_DEATH_COUNT","NONMOTR_SUSP_SERIOUS_INJ_COUNT","NTFY_HIWY_MAINT","PED_COUNT","PED_DEATH_COUNT","PED_SUSP_SERIOUS_INJ_COUNT","PERSON_COUNT","POLICE_AGCY","POSSIBLE_INJ_COUNT","RDWY_SURF_TYPE_CD","RELATION_TO_ROAD","ROADWAY_CLEARED","ROAD_CONDITION","SCH_BUS_IND","SCH_ZONE_IND","SECONDARY_CRASH","SMALL_TRUCK_COUNT","SPEC_JURIS_CD","SUSP_MINOR_INJ_COUNT","SUSP_SERIOUS_INJ_COUNT","SUV_COUNT","TCD_FUNC_CD","TCD_TYPE","TFC_DETOUR_IND","TIME_OF_DAY","TOTAL_UNITS","TOT_INJ_COUNT","UNBELTED_OCC_COUNT","UNB_DEATH_COUNT","UNB_SUSP_SERIOUS_INJ_COUNT","UNK_INJ_DEG_COUNT","UNK_INJ_PER_COUNT","URBAN_RURAL","VAN_COUNT","VEHICLE_COUNT","WEATHER1","WEATHER2","WORKERS_PRES","WORK_ZONE_IND","WORK_ZONE_LOC","WORK_ZONE_TYPE","WZ_CLOSE_DETOUR","WZ_FLAGGER","WZ_LAW_OFFCR_IND","WZ_LN_CLOSURE","WZ_MOVING","WZ_OTHER","WZ_SHLDER_MDN","WZ_WORKERS_INJ_KILLED"
"2020092972","","1","0","0","0","0","0","0","0","0","5","0","","02","10","2020","5","40.364622","-80.020601","1421","11","0","0","0","0","0","0","0","0","","0","0","0","","","0","N","0","","40 21:52.638","","0","80 01:14.162","0","0","0","0","2416","0","0","0","N","0","0","0","1","02416","0","","1.0","","9","N","N","N","1","","0","0","0","0","0","","","2","0","0","0","0","0","0","2","0","2","","07","","N","","","","","","","","","",""
"2020080542","","1","0","0","0","0","0","0","0","0","7","0","","02","9","2020","4","40.413572","-79.997103","0134","11","0","0","0","0","0","0","0","0","","0","0","0","","","0","N","0","","40 24:48.860","","0","79 59:49.570","9","0","0","0","2301","0","0","0","N","0","0","0","1","02301","0","","5.0","","9","N","N","N","0","","0","0","0","0","0","N","","1","0","0","0","0","0","1","2","0","1","","","","N","","","","","","","","","",""
"2020086878","","1","0","0","0","0","0","0","0","0","5","1","","02","10","2020","7","40.408389","-79.912333","1144","11","0","0","0","0","0","0","0","0","","0","1","0","","","0","N","0","","40 24:30.200","","7","79 54:44.400","0","0","0","0","2438","0","0","0","N","0","0","0","4","02438","0","","1.0","","1","N","N","N","0","","0","0","0","3","2","","","2","0","0","0","0","0","0","2","0","2","","03","","N","","","","","","","","","",""
"2020091193","","2","0","0","0","0","0","0","0","0","4","0","","02","10","2020","5","40.323614","-79.838883","1800","11","0","0","0","0","0","0","0","0","","0","0","0","","","0","","1","","40 19:25.011","4","0","79 50:19.979","0","0","0","0","2304","0","0","0","N","0","0","0","3","02304","0","","1.0","1818.0","9","N","N","Y","0","","0","0","0","3","2","N","","2","0","0","0","0","0","0","2","0","2","","","","N","","","","","","","","","",""
"2020071002","","1","0","0","0","0","0","0","0","0","6","0","","02","8","2020","5","40.402216","-79.867182","1439","11","0","0","0","1","0","0","0","0","","0","1","0","","","1","N","0","","40 24:07.979","6","0","79 52:01.856","3","0","0","0","2410","0","0","0","N","0","0","0","2","02410","0","","6.0","1526.0","1","N","N","N","0","","1","0","0","0","0","Y","","2","1","0","0","0","0","0","2","0","2","","03","","N","","","","","","","","","",""
"2020081138","","1","0","0","0","0","0","0","0","0","7","0","","02","10","2020","5","40.481965","-80.04165","1738","11","0","0","0","0","0","0","0","0","","0","0","0","","","0","N","1","","40 28:55.074","","0","80 02:29.940","0","0","0","0","2301","0","0","0","N","0","0","0","1","02301","0","","5.0","","1","N","N","N","0","","0","0","0","3","2","","","1","0","0","0","0","0","0","2","0","1","","03","","N","","","","","","","","","",""
"2020089647","","1","0","0","0","0","0","0","0","0","98","0","","02","10","2020","1","40.332178","-79.997871","1833","11","0","0","0","0","0","0","0","0","","0","0","0","","","0","N","0","","40 19:55.842","4","0","79 59:52.337","0","0","0","0","2219","0","0","0","N","0","0","0","3","02219","0","","1.0","1935.0","9","N","N","N","0","","0","0","1","0","0","N","","2","0","0","0","0","0","0","2","0","2","","","","N","","","","","","","","","",""
"2020088032","","0","0","0","0","0","0","0","0","0","1","0","","02","10","2020","5","40.465243","-79.979433","1656","11","0","0","0","0","0","0","0","0","","0","0","0","","","0","N","0","","40 27:54.876","2","0","79 58:45.959","0","0","0","0","2445","0","0","0","N","0","0","0","2","02445","0","","1.0","1738.0","1","N","N","N","1","","0","0","1","0","0","N","","2","0","2","0","0","0","0","2","0","2","","03","","N","","","","","","","","","",""
"2020080883","","0","0","0","0","0","0","0","0","0","7","0","","02","9","2020","4","40.42402","-79.978275","2318","11","0","0","0","0","0","0","0","0","","0","0","0","","","0","N","0","","40 25:26.472","","0","79 58:41.791","0","0","0","0","2301","0","0","0","N","0","0","0","1","02301","0","","2.0","","1","N","N","N","1","","0","0","0","0","0","","","1","0","1","0","0","0","0","2","0","1","","03","","N","","","","","","","","","",""
"2020081610","","1","0","0","0","0","0","0","0","0","4","0","","02","9","2020","4","40.406058","-79.942969","1206","11","0","0","0","0","0","0","0","0","","0","0","0","","","2","","2","","40 24:21.809","","0","79 56:34.687","8","0","0","0","2301","0","0","0","N","0","0","0","3","02301","0","","1.0","","1","N","N","N","0","","0","0","0","3","3","","","2","2","0","0","0","2","0","2","1","2","","03","","N","","","","","","","","","",""
"2020093180","","1","0","0","0","0","0","0","0","0","1","0","","02","10","2020","6","40.405911","-79.913294","1425","11","0","0","0","0","0","0","0","0","","0","0","0","","","1","N","0","","40 24:21.279","","0","79 54:47.858","8","0","0","0","2438","0","0","0","N","0","0","0","2","02438","0","","1.0","","1","N","N","N","0","","0","0","1","0","0","","","2","1","0","0","0","1","0","2","0","2","","03","","N","","","","","","","","","",""
"2020087988","","2","0","0","0","0","0","0","0","0","6","0","","02","10","2020","3","40.457264","-79.934043","2311","11","0","0","0","0","0","0","0","0","","0","0","0","","","0","N","1","","40 27:26.151","","0","79 56:02.553","0","0","0","0","2301","0","0","0","N","0","0","0","2","02301","0","","1.0","","9","N","N","N","0","","0","0","0","3","2","","","2","0","0","0","0","0","0","2","0","2","","03","","N","","","","","","","","","",""
"2020080889","","1","0","0","0","0","0","0","0","0","98","0","","02","10","2020","5","40.443963","-79.923905","0210","11","0","0","0","0","0","0","0","0","","0","0","0","","","1","","2","","40 26:38.267","","0","79 55:26.057","8","0","0","0","2301","0","0","0","N","0","0","0","1","02301","0","","5.0","","1","N","N","N","0","","0","0","0","0","0","","","1","1","0","0","0","1","0","2","0","1","","03","","N","","","","","","","","","",""
"2020081573","","0","0","0","0","0","0","0","0","0","7","0","","02","10","2020","7","40.458661","-79.998351","0244","11","0","0","0","0","0","0","0","0","","0","0","0","","","1","N","0","","40 27:31.180","7","0","79 59:54.063","2","0","0","0","2301","0","0","0","N","0","0","0","1","02301","0","","4.0","455.0","1","N","N","N","0","","0","1","1","3","2","Y","","1","1","1","0","1","0","0","2","0","1","","","","N","","","","","","","","","",""
"2020082100","","1","0","0","0","0","0","0","0","0","4","0","","02","10","2020","1","40.434155","-79.732465","1839","11","1","0","0","0","0","1","0","0","","0","0","0","","","2","N","2","","40 26:02.958","","0","79 43:56.875","4","0","0","0","2446","0","0","0","Y","0","0","0","5","02446","2","","1.0","","1","N","N","N","0","","0","0","2","3","2","","","3","2","0","0","0","0","0","2","0","3","","03","","N","","","","","","","","","",""
"2020083329","","0","0","0","0","0","0","0","0","0","7","0","","02","10","2020","1","40.375631","-79.983484","2118","11","0","0","0","0","0","0","0","0","","0","0","0","","","1","N","0","","40 22:32.271","1","0","79 59:00.544","8","0","0","0","2413","0","0","0","N","0","0","0","1","02413","0","","2.0","2218.0","9","N","N","N","1","","0","0","0","0","0","N","","1","1","0","0","0","1","0","2","0","1","","","","N","","","","","","","","","",""
"2020081856","","0","0","0","0","0","0","0","0","0","7","0","","02","10","2020","7","40.485496","-80.009097","2202","11","0","0","0","0","0","0","0","0","","0","0","0","","","1","N","0","","40 29:07.785","","2","80 00:32.750","3","0","0","0","2301","0","0","0","N","0","0","0","1","02301","0","","5.0","","1","N","N","N","0","","1","0","1","0","0","","","1","1","0","0","0","0","0","2","0","1","","03","","N","","","","","","","","","",""
"2020092701","","2","0","0","0","0","0","0","0","0","1","0","","02","11","2020","1","40.436893","-79.758381","1517","11","0","1","1","0","0","0","0","0","","0","0","0","","","0","N","0","","40 26:12.816","2","0","79 45:30.172","0","0","0","0","2446","0","0","0","N","0","0","0","2","02446","0","","1.0","1540.0","1","N","N","N","0","","0","0","0","3","2","N","","2","0","0","0","0","0","0","2","0","2","","03","","N","","","","","","","","","",""
"2020095377","","1","0","0","0","0","0","0","0","0","7","0","","02","10","2020","5","40.441874","-79.857535","1406","11","0","0","0","0","0","1","0","0","","0","0","0","","","1","N","0","","40 26:30.745","","0","79 51:27.127","4","0","0","0","2419","0","0","0","N","0","0","0","2","68B03","1","","2.0","","9","N","N","N","0","","0","0","0","0","0","","","1","1","0","0","0","0","0","2","0","1","","","","N","","","","","","","","","",""
"2020093835","","0","0","0","0","0","0","0","0","0","7","0","","02","10","2020","5","40.490646","-79.879363","1428","11","0","0","0","0","0","0","0","0","","0","0","0","","","1","N","0","","40 29:26.326","1","0","79 52:45.706","8","0","0","0","2112","0","0","0","N","0","0","0","1","68D02","0","","5.0","1515.0","9","N","N","N","1","","0","0","0","0","0","N","","1","1","0","0","0","1","0","2","0","1","","04","","N","","","","","","","","","",""
"2020104419","","1","0","0","0","0","0","0","0","0","4","0","","02","11","2020","1","40.426295","-79.89401","1202","11","0","0","0","0","0","0","0","0","","0","0","0","","","0","N","0","","40 25:34.663","3","0","79 53:38.437","0","0","0","0","2301","0","0","0","N","0","0","0","2","68B03","0","","1.0","1240.0","9","N","N","N","0","","0","0","0","0","0","N","","2","0","1","0","0","0","0","2","1","2","","","","N","","","","","","","","","",""
"2020090406","","1","0","0","0","0","0","0","0","0","5","0","","02","10","2020","5","40.545801","-80.016622","0620","11","0","0","0","0","0","1","0","0","","0","0","0","","","0","","2","","40 32:44.885","1","0","80 00:59.838","0","0","0","0","2116","0","0","0","N","0","0","0","3","02116","0","","1.0","640.0","1","N","N","N","0","","0","0","1","3","2","N","","2","0","0","0","0","0","0","2","0","2","","03","","N","","","","","","","","","",""
"2020082465","","0","0","0","0","0","0","0","0","0","2","0","","02","10","2020","7","40.43056","-79.986499","0007","11","0","0","0","0","0","0","0","0","","0","0","0","","","0","N","0","","40 25:50.016","","0","79 59:11.395","0","0","0","0","2301","0","0","0","N","0","0","0","2","02301","0","","1.0","","1","N","N","N","0","","0","0","2","0","0","","","2","0","0","0","0","0","0","2","0","2","","03","","N","","","","","","","","","",""
"2020081619","","2","0","0","0","0","0","0","0","0","4","0","","02","10","2020","6","40.451951","-79.923991","1219","11","0","0","0","0","0","1","0","0","","0","0","0","","","1","","3","","40 27:07.023","1","0","79 55:26.367","4","0","0","0","2301","0","0","0","N","0","0","0","2","02301","1","","1.0","1304.0","9","N","N","N","0","","0","0","0","3","2","N","","2","1","0","0","0","0","0","2","0","2","","04","","N","","","","","","","","","",""
"2020088982","","3","0","0","0","0","0","0","0","0","1","0","","02","10","2020","6","40.606798","-79.947169","1331","11","0","0","0","0","0","1","0","0","","0","0","0","","","0","Y","0","","40 36:24.473","1","0","79 56:49.810","0","0","0","0","2207","0","0","0","N","0","0","0","5","02207","0","","1.0","1415.0","1","N","N","N","0","","0","0","1","0","0","Y","","4","0","0","0","0","0","0","2","0","4","","03","","N","","","","","","","","","",""
"2020080369","","1","0","0","0","0","0","0","0","0","5","0","","02","9","2020","3","40.496146","-79.944517","1134","11","0","0","0","0","0","0","0","0","","0","0","0","","","1","","2","","40 29:46.126","1","0","79 56:40.260","8","0","0","0","2430","0","0","0","N","0","0","0","2","02430","0","","1.0","1145.0","1","N","N","N","0","","0","0","1","0","0","N","","2","1","0","0","0","1","0","2","0","2","","","","N","","","","","","","","","",""
"2020081372","","2","0","0","0","0","0","0","0","0","1","0","","02","10","2020","6","40.436097","-79.784825","1306","11","0","0","0","0","0","1","0","0","","0","0","0","","","0","N","0","","40 26:09.950","3","0","79 47:05.371","0","0","0","0","2446","0","0","0","N","0","0","0","2","02446","0","","1.0","1350.0","1","N","N","N","0","","0","0","0","0","0","N","","2","0","0","0","0","0","0","2","0","2","","","","N","","","","","","","","","",""
"2020093655","","1","0","0","0","0","0","0","0","0","7","0","","02","11","2020","1","40.370267","-79.852814","2143","11","0","0","0","0","0","0","0","0","","0","0","0","","","0","N","0","","40 22:12.960","7","7","79 51:10.130","0","0","0","0","2303","0","0","0","N","0","0","0","1","02303","0","","5.0","2211.0","1","","","N","0","","0","0","0","0","0","Y","","1","0","1","0","0","0","0","2","0","1","","","","N","","","","","","","","","",""
"2020090503","","0","0","0","0","0","0","0","0","0","2","0","","02","10","2020","2","40.440493","-79.960229","1219","11","0","0","0","0","0","0","0","0","","0","0","0","","","1","N","1","","40 26:25.775","","0","79 57:36.823","3","0","0","0","2301","0","0","0","N","0","0","0","3","02506","0","","1.0","","1","N","N","N","0","","1","0","2","3","2","","","2","1","0","0","0","0","0","2","0","2","","03","","N","","","","","","","","","",""
"2020090655","","3","0","0","0","0","0","0","0","0","4","0","","02","10","2020","6","40.518096","-80.219318","1600","11","0","0","0","2","0","0","0","0","","0","0","0","","","1","","2","","40 31:05.146","6","0","80 13:09.543","4","0","0","0","2213","0","0","0","N","0","0","0","3","02213","1","","1.0","1700.0","1","N","N","Y","0","","0","0","0","0","0","Y","","3","1","0","0","0","0","0","2","0","3","","","","N","","","","","","","","","",""
"2020028215","","1","0","0","0","0","0","0","0","0","2","0","","02","3","2020","4","40.609291","-79.74302","1745","11","0","0","0","0","0","0","0","0","","0","0","0","","","1","Y","0","","40 36:33.446","6","0","79 44:34.872","4","0","0","0","2409","0","0","0","N","0","0","0","2","02409","1","","1.0","1819.0","9","N","N","N","1","","0","0","0","0","0","Y","","2","1","2","0","0","0","0","2","0","2","","04","","N","","","","","","","","","",""
"2020089202","","1","0","0","0","0","0","0","0","0","7","0","","02","10","2020","7","40.35361","-79.840892","0605","11","0","0","0","0","0","0","0","0","","0","0","0","","","1","N","0","","40 21:12.996","1","2","79 50:27.211","8","0","0","0","2304","0","0","0","Y","0","0","0","1","02304","0","","5.0","630.0","9","N","N","N","0","","0","0","0","0","0","N","","1","1","1","0","0","1","0","2","0","1","","03","","N","","","","","","","","","",""
"2020082496","","1","0","2","0","0","0","0","0","0","1","0","","02","10","2020","7","40.554402","-79.770935","1549","11","0","0","0","0","0","0","1","0","","0","0","0","","","2","N","0","","40 33:15.848","5","0","79 46:15.366","2","0","0","0","2121","0","0","0","N","0","0","0","2","02514","0","","1.0","1635.0","1","N","N","N","0","","0","2","1","0","0","Y","","2","2","0","0","0","0","0","1","0","2","","03","","N","","","","","","","","","",""
"2020091160","","0","0","0","0","0","0","0","0","0","98","0","","02","10","2020","4","40.352378","-79.977658","0804","11","0","0","0","0","0","0","0","0","","0","0","0","","","0","N","0","","40 21:08.562","","0","79 58:39.568","0","0","0","0","2476","0","0","0","N","0","0","0","1","02476","0","","1.0","","1","N","N","N","0","","0","0","1","0","0","","","1","0","0","0","0","0","0","2","0","1","","","","N","","","","","","","","","",""
"2020081087","","0","0","0","0","0","0","0","0","0","8","0","","02","10","2020","5","40.456714","-80.007033","1609","11","0","0","0","0","0","1","0","0","","0","0","0","","","1","N","0","","40 27:24.171","","0","80 00:25.317","3","0","0","0","2301","1","0","0","N","1","0","0","2","02301","0","","1.0","","1","N","N","N","0","","1","0","1","0","0","","","2","1","0","0","0","0","0","2","0","1","","03","","N","","","","","","","","","",""
"2020091772","","0","0","0","0","0","0","0","0","0","0","0","","02","10","2020","6","40.344443","-79.883712","1343","11","0","0","0","0","0","0","0","0","","0","0","0","","","1","N","0","","40 20:39.996","3","0","79 53:01.363","3","0","0","0","2304","0","0","0","N","0","0","0","1","02304","0","","1.0","1417.0","9","N","N","N","0","","1","0","1","0","0","Y","","1","1","0","0","0","0","0","2","0","1","","04","","N","","","","","","","","","",""
"2020091762","","0","0","0","0","0","0","0","0","0","1","0","","02","10","2020","6","40.439065","-80.062396","1410","11","0","0","0","0","0","0","0","0","","0","0","0","","","0","","1","","40 26:20.633","","0","80 03:44.625","0","0","0","0","2421","0","0","0","N","0","0","0","2","02421","0","","1.0","","9","N","N","N","0","","0","0","2","0","0","","","2","0","0","0","0","0","0","2","0","2","","07","","N","","","","","","","","","",""
"2020082355","","1","0","0","0","0","0","0","0","0","7","0","","02","10","2020","1","40.462064","-80.030826","2208","11","0","0","0","0","0","0","0","0","","0","0","0","","","0","N","1","","40 27:43.429","","0","80 01:50.974","9","0","0","0","2301","0","0","0","N","0","0","0","1","02301","0","","2.0","","9","N","N","N","0","","0","0","0","3","2","","","1","0","0","0","0","0","1","2","0","1","","07","","N","","","","","","","","","",""
"2020093098","","1","0","0","0","0","0","0","0","0","7","0","","02","10","2020","5","40.44165","-79.827541","1715","11","0","0","0","0","0","0","0","0","","0","0","0","","","0","N","0","","40 26:29.939","3","0","79 49:39.147","0","0","0","0","2124","0","0","0","N","0","0","0","2","68B03","0","","5.0","1730.0","9","N","N","N","0","","0","0","0","0","0","N","","1","0","0","0","0","0","0","2","0","1","","07","","N","","","","","","","","","",""
"2020090711","","1","0","0","0","0","0","0","0","0","4","0","","02","10","2020","4","40.457557","-79.90149","1601","11","0","0","0","0","0","0","0","1","","0","0","0","","","2","N","1","","40 27:27.206","4","0","79 54:05.365","8","0","0","0","2301","0","0","0","N","0","0","0","4","02301","0","","1.0","45.0","1","N","N","N","0","","0","0","1","3","2","Y","","2","2","0","0","0","2","0","2","0","2","","04","","N","","","","","","","","","",""
"2020082736","","1","0","0","0","0","0","0","0","0","98","0","","02","10","2020","5","40.529929","-80.233416","1705","11","0","0","0","0","0","0","0","0","","0","0","0","","","0","","2","","40 31:47.743","4","0","80 14:00.298","0","0","0","0","2213","0","0","0","N","0","0","0","1","02213","0","","1.0","1720.0","9","N","N","N","0","","0","0","0","0","0","N","","1","0","0","0","0","0","0","2","0","1","","04","","N","","","","","","","","","",""
"2020081870","","1","0","0","0","0","0","0","0","0","6","0","","02","10","2020","1","40.44459","-79.928924","0023","11","0","0","0","0","0","0","0","0","","0","0","0","","","1","N","0","","40 26:40.523","6","0","79 55:44.125","3","0","0","0","2301","0","0","0","N","0","0","0","3","02301","0","","1.0","130.0","1","N","N","N","0","","1","0","1","0","0","N","","2","1","0","0","0","0","0","2","0","2","","","","N","","","","","","","","","",""
"2020113374","","2","0","0","0","0","0","0","0","0","1","0","","02","12","2020","4","40.371261","-79.828451","1136","11","0","0","0","0","0","0","0","0","","0","0","0","","","0","","2","","40 22:16.541","","0","79 49:42.425","9","0","0","0","2111","0","0","0","N","0","0","0","3","02111","0","","5.0","","7","N","N","N","0","","0","0","0","0","0","","","2","0","0","0","0","0","1","2","0","2","","","","N","","","","","","","","","",""
"2020092205","","2","0","0","0","0","0","0","0","0","4","0","","02","10","2020","5","40.421795","-79.993731","2340","11","0","0","0","1","0","0","0","0","","0","0","0","","","0","","1","","40 25:18.461","3","0","79 59:37.432","0","0","0","0","2301","0","0","0","N","0","0","0","2","02301","0","","1.0","5.0","9","N","N","N","0","","0","0","0","3","1","Y","","2","0","0","0","0","0","0","2","0","2","","","","N","","","","","","","","","",""
"2020089294","","1","0","0","0","0","0","0","0","0","4","0","","02","10","2020","7","40.596257","-80.077878","1427","11","0","0","0","0","0","1","0","0","","0","0","0","","","1","","2","","40 35:46.525","","0","80 04:40.359","4","0","0","0","2481","0","0","0","N","0","0","0","2","02481","1","","1.0","","1","N","N","N","0","","0","0","0","0","0","","","2","1","0","0","0","0","0","2","0","2","","03","","N","","","","","","","","","",""
"2020081988","","1","0","0","0","0","0","0","0","0","1","0","","02","10","2020","6","40.449543","-80.002993","1742","11","0","0","0","0","0","1","0","0","","0","0","0","","","0","N","0","","40 26:58.354","","0","80 00:10.774","0","0","0","0","2301","0","0","0","N","0","0","0","2","68B03","0","","1.0","","1","N","N","N","1","","0","0","0","0","0","","","2","0","0","0","0","0","0","2","0","2","","","","N","","","","","","","","","",""
"2020091499","","1","0","0","0","0","0","0","0","0","0","0","","02","10","2020","4","40.434731","-79.86811","0652","11","0","0","0","0","0","2","0","0","","0","0","0","","","1","N","0","","40 26:05.031","6","0","79 52:05.196","8","0","0","0","2478","0","0","0","N","0","0","0","5","68B03","0","","1.0","745.0","9","N","N","N","1","","0","0","2","0","0","N","","4","1","0","0","0","1","0","2","0","4","","","","N","","","","","","","","","",""
"2020090470","","1","0","0","0","0","0","0","0","0","7","0","","02","10","2020","4","40.436485","-79.994788","0644","11","0","0","0","0","0","0","0","0","","0","0","0","","","0","N","0","","40 26:11.347","1","2","79 59:41.235","0","0","0","0","2301","0","0","0","N","0","0","0","1","02301","0","","2.0","650.0","9","N","N","N","0","","0","0","0","0","0","N","","1","0","0","0","0","0","0","2","0","1","","07","","N","","","","","","","","","",""
"2020088890","","1","0","0","0","0","0","0","0","0","7","0","","02","10","2020","6","40.434961","-79.992918","0930","11","0","0","0","0","0","0","0","0","","0","0","0","","","0","N","0","","40 26:05.861","3","0","79 59:34.506","0","0","0","0","2301","0","0","0","Y","0","0","0","1","02301","0","","5.0","1000.0","1","N","N","N","0","","0","0","0","0","0","N","","1","0","0","0","0","0","0","2","0","1","","03","","N","","","","","","","","","",""
"2020089710","","1","0","0","0","0","0","0","0","0","98","0","","02","10","2020","2","40.638665","-80.064174","0142","11","0","0","0","0","0","0","0","0","","0","0","0","","","0","N","0","","40 38:19.195","2","0","80 03:51.027","0","0","0","0","2212","0","0","0","N","0","0","0","1","02505","0","","1.0","216.0","1","N","N","N","0","","0","0","0","0","0","N","","1","0","0","0","0","0","0","2","0","1","","","","N","","","","","","","","","",""
"2020092333","","1","0","0","0","0","0","0","0","0","1","0","","02","10","2020","2","40.272595","-79.887023","1455","11","0","0","0","0","0","0","2","0","","0","0","0","","","0","Y","0","","40 16:21.341","","0","79 53:13.284","0","0","0","0","2428","0","0","0","N","0","0","0","2","02428","0","","1.0","","1","N","N","N","0","","0","0","1","0","0","","","2","0","1","0","0","0","0","2","0","2","","03","","N","","","","","","","","","",""
"2020081841","","0","0","0","0","0","0","0","0","0","1","0","","02","10","2020","7","40.38328","-79.930467","1940","11","0","0","0","0","0","0","0","0","","0","0","0","","","1","","1","","40 22:59.807","","0","79 55:49.681","3","0","0","0","2301","0","0","0","N","0","0","0","3","02301","0","","1.0","","1","N","N","N","0","","1","0","2","3","2","","","2","1","0","0","0","0","0","2","0","2","","03","","N","","","","","","","","","",""
"2020113809","","1","0","0","0","0","0","0","0","0","1","0","","02","12","2020","3","40.515717","-80.009632","0848","11","0","0","0","0","1","0","0","0","","0","0","0","","","0","N","2","","40 30:56.580","","0","80 00:34.674","0","0","0","0","2116","0","0","0","N","0","0","0","2","02116","0","","1.0","","1","N","N","N","1","","0","0","0","3","2","","","2","0","0","0","0","0","0","2","0","2","","03","","N","","","","","","","","","",""
"2020092720","","0","0","0","0","0","0","0","0","0","6","0","","02","11","2020","1","40.455297","-79.967165","0120","11","0","0","0","0","0","0","0","0","","0","0","0","","","1","N","0","","40 27:19.068","3","0","79 58:01.794","3","0","0","0","2301","0","0","0","N","0","0","0","3","02301","0","","1.0","220.0","1","N","N","N","0","","1","0","1","0","0","N","","2","1","0","0","0","0","0","2","1","2","","03","","N","","","","","","","","","",""
"2020087717","","1","0","0","0","0","0","0","0","0","1","0","55","02","10","2020","7","40.435894","-80.146746","1002","11","0","0","0","0","1","0","0","0","","0","0","0","","","0","N","0","","40 26:09.219","","0","80 08:48.285","0","0","0","0","2115","0","0","0","N","0","0","0","2","68B03","0","","1.0","","1","N","N","N","0","","0","0","1","3","8","","","2","0","0","0","0","0","0","2","0","2","","","Y","Y","2","1","N","N","Y","Y","Y","N","Y","N"
"2020099348","","1","0","0","0","0","0","0","0","0","3","0","","02","11","2020","5","40.421564","-79.998358","1700","11","0","0","0","0","0","0","0","0","","0","0","0","","","0","N","0","","40 25:17.630","","0","79 59:54.090","0","0","0","0","2301","0","0","0","N","0","0","0","1","02301","0","","1.0","","1","N","N","N","0","","0","0","1","0","0","","","2","0","0","0","0","0","0","2","0","2","","03","","N","","","","","","","","","",""
"2020086615","","0","0","0","0","0","0","0","0","0","4","0","","02","10","2020","7","40.673416","-80.098407","0839","11","0","0","0","0","0","1","0","0","","0","0","0","","","1","N","1","","40 40:24.298","","0","80 05:54.266","3","0","0","0","2212","0","0","0","N","0","0","0","3","02505","0","","1.0","","1","N","N","N","1","","1","0","1","3","2","","","2","1","0","0","0","0","0","2","0","2","","","","N","","","","","","","","","",""
"2020113925","","2","0","0","0","0","0","0","0","0","4","0","","02","12","2020","5","40.488397","-79.899405","1543","11","0","0","1","0","0","0","1","0","","0","0","0","","","1","N","2","","40 29:18.229","2","0","79 53:57.858","3","0","0","0","2401","0","0","0","N","0","0","0","2","02104","0","","1.0","1630.0","1","N","N","N","0","","1","0","0","0","0","Y","","2","1","0","0","0","0","0","2","0","2","","","","N","","","","","","","","","",""
"2020109274","","2","0","0","0","0","0","0","0","0","1","0","","02","10","2020","5","40.563563","-79.77435","0614","11","0","0","0","0","0","0","0","0","","0","0","0","","","0","","2","","40 33:48.828","7","3","79 46:27.660","0","0","0","0","2104","0","0","0","N","0","0","0","2","02104","0","","1.0","705.0","9","N","N","N","0","","0","0","0","3","2","N","","2","0","0","0","0","0","0","2","0","2","","","","N","","","","","","","","","",""
"2020101835","","2","0","0","0","0","0","0","0","0","2","0","","02","11","2020","5","40.455112","-79.885976","2025","11","0","0","0","0","0","0","0","0","","0","0","0","","","1","N","2","","40 27:18.403","5","0","79 53:09.513","3","0","0","0","2301","0","0","0","N","0","0","0","4","02301","0","","1.0","2100.0","1","N","N","N","0","","1","0","1","0","0","Y","","3","1","0","0","0","0","0","2","0","3","","03","","N","","","","","","","","","",""
"2020100058","","1","0","0","0","0","0","0","0","0","7","0","","02","11","2020","7","40.477013","-79.968884","1806","11","0","0","0","0","0","0","0","0","","0","0","0","","","0","Y","0","","40 28:37.248","1","2","79 58:07.982","0","0","0","0","2301","0","0","0","Y","0","0","0","1","02301","0","","1.0","1915.0","1","N","N","N","0","","0","0","0","0","0","Y","","1","0","0","0","0","0","0","2","0","1","","03","","N","","","","","","","","","",""