"CRN","ARRIVAL_TM","AUTOMOBILE_COUNT","BELTED_DEATH_COUNT","BELTED_SUSP_SERIOUS_INJ_COUNT","BICYCLE_COUNT","BICYCLE_DEATH_COUNT","BICYCLE_SUSP_SERIOUS_INJ_COUNT","BUS_COUNT","CHLDPAS_DEATH_COUNT","CHLDPAS_SUSP_SERIOUS_INJ_COUNT","COLLISION_TYPE","COMM_VEH_COUNT","CONS_ZONE_SPD_LIM","COUNTY","CRASH_MONTH","CRASH_YEAR","DAY_OF_WEEK","DEC_LATITUDE","DEC_LONGITUDE","DISPATCH_TM","DISTRICT","DRIVER_COUNT_16YR","DRIVER_COUNT_17YR","DRIVER_COUNT_18YR","DRIVER_COUNT_19YR","DRIVER_COUNT_20YR","DRIVER_COUNT_50_64YR","DRIVER_COUNT_65_74YR","DRIVER_COUNT_75PLUS","EST_HRS_CLOSED","FATAL_COUNT","HEAVY_TRUCK_COUNT","HORSE_BUGGY_COUNT","HOUR_OF_DAY","ILLUMINATION","INJURY_COUNT","INTERSECTION_RELATED","INTERSECT_TYPE","LANE_CLOSED","LATITUDE","LN_CLOSE_DIR","LOCATION_TYPE","LONGITUDE","MAX_SEVERITY_LEVEL","MCYCLE_DEATH_COUNT","MCYCLE_SUSP_SERIOUS_INJ_COUNT","MOTORCYCLE_COUNT","MUNICIPALITY","NONMOTR_COUNT","NONMOTR_DEATH_COUNT","NONMOTR_SUSP_SERIOUS_INJ_COUNT","NTFY_HIWY_MAINT","PED_COUNT","PED_DEATH_COUNT","PED_SUSP_SERIOUS_INJ_COUNT","PERSON_COUNT","POLICE_AGCY","POSSIBLE_INJ_COUNT","RDWY_SURF_TYPE_CD","RELATION_TO_ROAD","ROADWAY_CLEARED","ROAD_CONDITION","SCH_BUS_IND","SCH_ZONE_IND","SECONDARY_CRASH","SMALL_TRUCK_COUNT","SPEC_JURIS_CD","SUSP_MINOR_INJ_COUNT","SUSP_SERIOUS_INJ_COUNT","SUV_COUNT","TCD_FUNC_CD","TCD_TYPE","TFC_DETOUR_IND","TIME_OF_DAY","TOTAL_UNITS","TOT_INJ_COUNT","UNBELTED_OCC_COUNT","UNB_DEATH_COUNT","UNB_SUSP_SERIOUS_INJ_COUNT","UNK_INJ_DEG_COUNT","UNK_INJ_PER_COUNT","URBAN_RURAL","VAN_COUNT","VEHICLE_COUNT","WEATHER1","WEATHER2","WORKERS_PRES","WORK_ZONE_IND","WORK_ZONE_LOC","WORK_ZONE_TYPE","WZ_CLOSE_DETOUR","WZ_FLAGGER","WZ_LAW_OFFCR_IND","WZ_LN_CLOSURE","WZ_MOVING","WZ_OTHER","WZ_SHLDER_MDN","WZ_WORKERS_INJ_KILLED"
"2020081700","","0","0","0","0","0","0","0","0","0","0","0","","02","10","2020","7","40.343943","-79.798758","1326","11","0","0","0","0","0","0","0","0","","0","0","0","","","0","","2","","40 20:38.193","1","0","79 47:55.529","0","0","0","1","2477","0","0","0","N","0","0","0","1","02477","0","","1.0","9999.0","1","N","N","N","0","","0","0","0","3","3","N","","1","0","0","0","0","0","0","2","0","1","","03","","N","","","","","","","","","",""
"2020085806","","2","0","0","0","0","0","0","0","0","1","0","","02","10","2020","5","40.376719","-79.848191","2148","11","0","0","0","0","0","0","0","1","","0","0","0","","","0","Y","0","","40 22:36.187","1","99","79 50:53.488","0","0","0","0","2303","0","0","0","N","0","0","0","3","02303","0","","1.0","2200.0","1","N","N","N","0","","0","0","0","0","0","N","","3","0","0","0","0","0","0","2","1","3","","03","","N","","","","","","","","","",""
"2020091830","","1","0","0","0","0","0","0","0","0","7","0","","02","10","2020","5","40.350078","-79.873926","1403","11","0","0","0","0","0","0","0","0","","0","0","0","","","0","N","0","","40 21:00.279","","0","79 52:26.132","0","0","0","0","2304","0","0","0","N","0","0","0","1","02304","0","","2.0","","9","N","N","N","0","","0","0","0","3","2","N","","1","0","0","0","0","0","0","2","0","1","","04","","N","","","","","","","","","",""
"2020103718","","0","0","0","0","0","0","0","0","0","1","0","","02","11","2020","5","40.397975","-79.903332","1650","11","0","0","0","0","0","0","0","0","","0","0","0","","","1","N","0","","40 23:52.711","","0","79 54:11.996","4","0","0","0","2448","0","0","0","N","0","0","0","1","02448","1","","4.0","","1","N","N","N","0","","0","0","1","0","0","","","2","1","1","0","0","0","0","2","1","2","","03","","N","","","","","","","","","",""
"2020080849","","1","0","0","0","0","0","0","0","0","2","0","","02","9","2020","4","40.495483","-79.97627","1637","11","0","0","0","0","0","2","0","0","","0","0","0","","","1","","3","","40 29:43.738","2","0","79 58:34.571","3","0","0","0","2118","0","0","0","N","0","0","0","2","02118","0","","1.0","1722.0","1","N","N","N","1","","1","0","0","3","2","N","","2","1","0","0","0","0","0","2","0","2","","03","","N","","","","","","","","","",""
"2020091316","","1","0","0","0","0","0","0","0","0","2","0","","02","10","2020","2","40.455112","-79.885976","2320","11","0","0","1","0","0","1","0","0","","0","0","0","","","0","N","1","","40 27:18.403","2","0","79 53:09.513","0","0","0","0","2301","0","0","0","N","0","0","0","4","02301","0","","1.0","2355.0","9","N","N","N","0","","0","0","1","0","0","N","","2","0","0","0","0","0","0","2","0","2","","","","N","","","","","","","","","",""
"2020091020","","0","0","0","0","0","0","0","0","0","4","0","","02","10","2020","5","40.350942","-79.819858","1301","11","0","0","0","0","0","0","1","0","","0","0","0","","","3","Y","0","","40 21:03.390","2","0","79 49:11.490","8","0","0","0","2477","0","0","0","N","0","0","0","4","02477","0","","1.0","1333.0","9","N","N","N","1","","0","0","1","0","0","N","","2","3","0","0","0","3","1","2","0","2","","","","N","","","","","","","","","",""
"2020086668","","1","0","0","0","0","0","0","0","0","1","0","","02","10","2020","6","40.328509","-79.944863","1447","11","0","0","0","0","0","1","0","0","","0","0","0","","","1","N","2","","40 19:42.631","","0","79 56:41.506","3","0","0","0","2454","0","0","0","N","0","0","0","2","02454","0","","1.0","","1","N","N","N","0","","1","0","1","3","2","","","2","1","0","0","0","0","0","2","0","2","","03","","N","","","","","","","","","",""
"2020081981","","0","0","0","0","0","0","0","0","0","7","0","","02","10","2020","5","40.512586","-80.135669","1743","11","0","0","0","0","1","0","0","0","","0","0","0","","","0","N","0","","40 30:45.309","","2","80 08:08.407","0","0","0","0","2110","0","0","0","N","0","0","0","1","68B03","0","","4.0","","9","N","N","N","0","","0","0","1","0","0","","","1","0","0","0","0","0","0","2","0","1","","","","N","","","","","","","","","",""
"2020085027","","2","0","0","0","0","0","0","0","0","4","0","","02","10","2020","6","40.530221","-80.017349","1914","11","0","0","0","0","0","0","0","0","","0","0","0","","","0","","1","","40 31:48.795","3","0","80 01:02.455","0","0","0","0","2116","0","0","0","N","0","0","0","2","02116","0","","1.0","30.0","1","N","N","N","0","","0","0","0","3","3","N","","2","0","0","0","0","0","0","2","0","2","","03","","N","","","","","","","","","",""
"2020081272","","0","0","0","0","0","0","0","0","0","99","0","","02","10","2020","6","40.439755","-80.009691","0353","11","0","0","0","0","0","0","0","0","","0","0","0","","","0","N","0","","40 26:23.118","","3","80 00:34.889","9","0","0","0","2301","0","0","0","N","0","0","0","1","02301","0","","9.0","","1","N","N","N","1","","0","0","0","0","0","","","1","0","0","0","0","0","1","2","0","1","","","","N","","","","","","","","","",""
"2020087664","","0","0","0","0","0","0","0","0","0","2","0","","02","10","2020","3","40.442903","-79.923656","0949","11","0","0","0","1","0","0","0","0","","0","0","0","","","1","N","1","","40 26:34.450","1","0","79 55:25.160","3","0","0","0","2301","0","0","0","Y","0","0","0","2","02301","0","","1.0","1230.0","9","N","N","Y","2","","1","0","0","3","3","Y","","2","1","1","0","0","0","0","2","0","2","","07","","N","","","","","","","","","",""
"2020081313","","2","0","0","0","0","0","0","0","0","1","0","","02","9","2020","4","40.471478","-80.072097","0817","11","0","0","0","0","0","1","0","0","","0","0","0","","","0","N","0","","40 28:17.320","","0","80 04:19.550","0","0","0","0","2122","0","0","0","N","0","0","0","2","02122","0","","4.0","","1","N","N","N","0","","0","0","0","0","0","","","2","0","1","0","0","0","0","2","0","2","","03","","N","","","","","","","","","",""
"2020090253","","2","0","0","0","0","0","0","0","0","6","0","","02","10","2020","2","40.563619","-79.774157","1455","11","0","0","0","0","0","1","1","0","","0","0","0","","","0","N","2","","40 33:49.030","7","3","79 46:26.965","0","0","0","0","2104","0","0","0","N","0","0","0","2","02104","0","","1.0","1538.0","1","N","N","N","0","","0","0","0","3","2","N","","2","0","0","0","0","0","0","2","0","2","","","","N","","","","","","","","","",""
"2020102536","","1","0","0","0","0","0","0","0","0","4","0","","02","11","2020","7","40.449474","-80.01735","0017","11","0","0","0","0","0","0","0","0","","0","0","0","","","0","N","0","","40 26:58.108","","2","80 01:02.459","9","0","0","0","2301","0","0","0","N","0","0","0","1","02301","0","","3.0","","1","N","N","N","0","","0","0","0","0","0","","","1","0","0","0","0","0","1","2","0","1","","03","","N","","","","","","","","","",""
"2020103382","","1","0","0","0","0","0","0","0","0","7","0","","02","11","2020","4","40.42769","-79.890441","0958","11","0","0","0","0","0","0","0","0","","0","0","0","","","1","N","0","","40 25:39.683","3","0","79 53:25.587","8","0","0","0","2301","0","0","0","N","0","0","0","1","68B03","0","","4.0","1045.0","9","N","N","N","0","","0","0","0","0","0","N","","1","1","0","0","0","1","0","2","0","1","","04","","N","","","","","","","","","",""
"2020081725","","0","0","0","0","0","0","0","0","0","1","0","","02","10","2020","7","40.4035","-80.079222","1455","11","0","0","0","0","0","0","0","0","","0","0","0","","","1","N","0","","40 24:12.600","","0","80 04:45.200","8","0","0","0","2415","0","0","0","N","0","0","0","1","02415","0","","6.0","","1","N","N","N","0","","0","0","1","0","0","","","2","1","0","0","0","1","0","2","1","2","","03","","N","","","","","","","","","",""
"2020090878","","0","0","0","0","0","0","0","0","0","2","0","","02","10","2020","4","40.449239","-80.023851","2310","11","0","0","0","0","0","0","0","0","","0","0","0","","","0","N","0","","40 26:57.262","","0","80 01:25.865","0","0","0","0","2301","0","0","0","N","0","0","0","0","02301","0","","2.0","","9","N","N","N","0","","0","0","1","0","0","","","1","0","0","0","0","0","0","2","0","1","","","","N","","","","","","","","","",""
"2020091144","","0","0","0","0","0","0","0","0","0","2","0","","02","10","2020","5","40.308386","-79.888983","1347","11","0","0","0","0","0","0","0","0","","0","0","0","","","0","","1","","40 18:30.190","6","0","79 53:20.337","0","0","0","0","2302","0","0","0","N","0","0","0","1","02302","0","","5.0","1502.0","9","N","N","N","1","","0","0","0","3","2","Y","","1","0","0","0","0","0","0","2","0","1","","07","","N","","","","","","","","","",""
"2020088425","","1","0","0","0","0","0","0","0","0","5","0","30","02","10","2020","7","40.381496","-79.812782","0304","11","0","0","0","0","0","1","0","0","","0","0","0","","","1","N","0","","40 22:53.384","4","0","79 48:46.016","4","0","0","0","2424","0","0","0","N","0","0","0","3","02424","1","","1.0","345.0","1","N","N","N","0","","0","0","1","0","0","N","","2","1","0","0","0","0","0","2","0","2","","03","N","Y","4","1","","","N","","","","","N"
"2020102533","","1","0","0","0","0","0","0","0","0","1","0","","02","10","2020","3","40.55453","-80.02124","1231","11","0","0","0","0","0","0","0","0","","0","0","0","","","0","N","2","","40 33:16.307","","0","80 01:16.463","0","0","0","0","2116","0","0","0","N","0","0","0","2","02116","0","","1.0","","1","N","N","N","0","","0","0","1","3","2","N","","2","0","0","0","0","0","0","2","0","2","","03","","N","","","","","","","","","",""
"2020102345","","0","0","0","1","0","0","0","0","0","8","0","","02","11","2020","3","40.592217","-80.093503","1609","11","0","0","0","0","0","0","0","0","","0","0","0","","","1","N","0","","40 35:31.980","","7","80 05:36.610","8","0","0","0","2481","1","0","0","N","0","0","0","3","02481","0","","1.0","","1","N","N","N","0","","0","0","1","0","0","","","2","1","0","0","0","1","0","2","0","1","","","","N","","","","","","","","","",""
"2020090403","","1","0","0","0","0","0","0","0","0","7","0","","02","10","2020","3","40.441688","-80.045636","2313","11","0","0","0","0","0","0","1","0","","0","0","0","","","0","N","0","","40 26:30.077","","0","80 02:44.288","0","0","0","0","2301","0","0","0","N","0","0","0","1","02301","0","","5.0","","9","N","N","N","0","","0","0","1","0","0","","","2","0","0","0","0","0","0","2","0","2","","04","","N","","","","","","","","","",""
"2020087081","","1","0","0","0","0","0","0","0","0","6","0","","02","10","2020","1","40.471815","-79.896018","1909","11","0","0","0","0","0","1","0","0","","0","0","0","","","1","","1","","40 28:18.534","","0","79 53:45.664","4","0","0","0","2301","0","0","0","N","0","0","0","2","02301","1","","1.0","","1","N","N","N","0","","0","0","0","3","3","","","2","1","0","0","0","0","0","2","0","2","","","","N","","","","","","","","","",""
"2020100400","","2","0","1","0","0","0","0","0","0","7","0","","02","11","2020","7","40.379099","-80.04545","2124","11","0","0","0","0","0","0","0","0","","0","0","0","","","1","N","0","","40 22:44.758","5","0","80 02:43.621","2","0","0","0","2109","0","0","0","N","0","0","0","1","02109","0","","5.0","100.0","1","N","N","N","0","","0","1","0","0","0","Y","","2","1","0","0","0","0","0","2","0","2","","03","","N","","","","","","","","","",""
"2020091923","","2","0","0","0","0","0","0","0","0","1","0","","02","10","2020","7","40.426376","-80.020874","2347","11","0","0","0","0","0","0","0","0","","0","0","0","","","0","N","0","","40 25:34.952","","0","80 01:15.148","0","0","0","0","2301","0","0","0","N","0","0","0","3","02301","0","","1.0","","1","N","N","N","0","","0","0","0","0","0","","","2","0","0","0","0","0","0","2","0","2","","03","","N","","","","","","","","","",""
"2020100097","","1","0","0","0","0","0","0","0","0","7","0","","02","11","2020","1","40.437775","-79.991978","0128","11","0","0","0","0","0","1","0","0","","0","0","0","","","0","Y","0","","40 26:15.990","1","4","79 59:31.120","0","0","0","0","2301","0","0","0","N","0","0","0","1","02301","0","","3.0","201.0","1","N","N","N","0","","0","0","0","0","0","Y","","1","0","0","0","0","0","0","2","0","1","","03","","N","","","","","","","","","",""
"2020090585","","0","0","0","0","0","0","0","0","0","1","0","","02","10","2020","4","40.277054","-79.837399","1220","11","0","0","0","0","0","0","0","0","","0","0","0","","","1","N","0","","40 16:37.393","","0","79 50:14.638","8","0","0","0","2105","0","0","0","N","0","0","0","3","02105","0","","1.0","","9","N","N","N","2","","0","0","0","0","0","","","2","1","0","0","0","1","0","2","0","2","","","","N","","","","","","","","","",""
"2020088479","","2","0","0","0","0","0","0","0","0","1","0","","02","10","2020","4","40.408357","-79.830743","1924","11","0","0","0","1","0","0","0","0","","0","0","0","","","0","","2","","40 24:30.084","5","0","79 49:50.673","0","0","0","0","2467","0","0","0","N","0","0","0","2","02467","0","","1.0","1954.0","1","","","N","0","","0","0","0","0","0","N","","2","0","0","0","0","0","0","2","0","2","","","","N","","","","","","","","","",""
"2020080192","","0","0","0","0","0","0","0","0","0","7","0","","02","9","2020","3","40.552993","-80.114807","1012","11","0","0","0","0","0","0","0","0","","0","0","0","","","1","N","0","","40 33:10.775","","7","80 06:53.305","3","0","0","0","2215","0","0","0","N","0","0","0","1","02215","0","","5.0","","1","N","N","N","1","","1","0","0","0","0","N","","1","1","1","0","0","0","0","2","0","1","","","","N","","","","","","","","","",""
"2020081645","","0","0","0","0","0","0","0","0","0","98","0","","02","10","2020","7","40.539565","-79.762749","1030","11","0","0","0","0","0","2","0","0","","0","0","0","","","2","N","0","","40 32:22.433","4","0","79 45:45.895","3","0","0","0","2466","0","0","0","N","0","0","0","5","02466","0","","1.0","1100.0","1","N","N","N","0","","2","0","3","0","0","N","","4","2","0","0","0","0","0","1","0","3","","98","","N","","","","","","","","","",""
"2020082473","","2","0","0","0","0","0","0","0","0","1","0","","02","10","2020","2","40.336483","-79.820169","1642","11","0","0","0","0","0","0","0","0","","0","0","0","","","0","N","0","","40 20:11.340","","0","79 49:12.610","9","0","0","0","2477","0","0","0","N","0","0","0","2","02477","0","","1.0","","1","N","N","N","0","","0","0","0","0","0","N","","2","0","0","0","0","0","1","2","0","2","","","","N","","","","","","","","","",""
"2020088781","","1","0","0","0","0","0","0","0","0","7","0","","02","10","2020","1","40.409694","-79.856167","0022","11","0","0","0","0","0","0","0","0","","0","0","0","","","1","N","3","","40 24:34.900","5","0","79 51:22.200","3","0","0","0","2463","0","0","0","N","0","0","0","1","02463","0","","4.0","600.0","1","N","N","N","0","","1","0","0","0","0","Y","","1","1","0","0","0","0","0","2","0","1","","03","","N","","","","","","","","","",""
"2020100507","","1","0","0","0","0","0","0","0","0","7","0","","02","11","2020","7","40.44549","-80.174104","2100","11","0","0","0","0","0","0","0","0","","0","0","0","","","0","N","0","","40 26:43.764","","2","80 10:26.775","0","0","0","0","2214","0","0","0","N","0","0","0","1","68B03","0","","4.0","","9","N","N","N","0","","0","0","0","0","0","","","1","0","0","0","0","0","0","2","0","1","","03","","N","","","","","","","","","",""
"2020093821","","0","0","0","0","0","0","0","0","0","7","0","","02","10","2020","6","40.444502","-79.853063","1241","11","0","0","0","0","0","0","0","0","","0","0","0","","","1","N","0","","40 26:40.208","4","0","79 51:11.027","3","0","0","0","2419","0","0","0","Y","0","0","0","1","68B03","0","","2.0","1330.0","1","N","N","N","0","","1","0","1","0","0","N","","1","1","0","0","0","0","0","2","0","1","","03","","N","","","","","","","","","",""
"2020101930","","0","0","0","0","0","0","0","0","0","7","0","","02","11","2020","5","40.429218","-79.943921","0833","11","0","0","0","0","0","0","0","0","","0","0","0","","","1","N","0","","40 25:45.184","","0","79 56:38.116","8","0","0","0","2301","0","0","0","N","0","0","0","1","68B03","0","","3.0","","9","N","N","N","0","","0","0","1","0","0","","","1","1","0","0","0","1","0","2","0","1","","03","","N","","","","","","","","","",""
"2020100830","","2","0","0","0","0","0","0","0","0","5","0","","02","11","2020","3","40.467444","-80.035346","0550","11","0","0","0","0","0","0","0","0","","0","0","0","","","0","N","0","","40 28:02.799","1","0","80 02:07.245","0","0","0","0","2301","0","0","0","N","0","0","0","2","02301","0","","1.0","610.0","1","N","N","Y","0","","0","0","0","0","0","N","","3","0","0","0","0","0","0","2","0","2","","03","","N","","","","","","","","","",""
"2020089590","","1","0","0","0","0","0","0","0","0","99","0","","02","10","2020","1","40.478638","-79.947692","1534","11","0","0","0","0","0","0","0","0","","0","0","0","","","0","N","2","","40 28:43.096","","0","79 56:51.691","0","0","0","0","2301","0","0","0","N","0","0","0","0","02301","0","","9.0","","99","N","N","N","0","","0","0","0","0","0","","","2","0","0","0","0","0","0","2","0","2","","","","N","","","","","","","","","",""
"2020092096","","1","0","0","0","0","0","0","0","0","7","0","","02","10","2020","6","40.340889","-80.113417","1946","11","0","0","0","0","0","1","0","0","","0","0","0","","","1","N","0","","40 20:27.200","","0","80 06:48.300","8","0","0","0","2119","0","0","0","N","0","0","0","1","02119","0","","4.0","","1","N","N","N","0","","0","0","0","0","0","N","","1","1","0","0","0","1","0","2","0","1","","03","","N","","","","","","","","","",""
"2020102616","","2","0","0","0","0","0","0","0","0","1","0","55","02","10","2020","6","40.462579","-80.193481","1610","11","0","0","0","0","0","1","0","0","","0","0","0","","","1","N","0","","40 27:45.286","3","0","80 11:36.530","3","0","0","0","2213","0","0","0","N","0","0","0","2","68B03","0","","1.0","1650.0","1","N","N","N","0","","1","0","0","0","0","N","","2","1","0","0","0","0","0","2","0","2","","03","N","Y","4","1","","","N","Y","","","","N"
"2020102054","","2","0","0","0","0","0","0","0","0","4","0","","02","11","2020","4","40.436981","-79.771239","1643","11","0","0","0","0","0","1","0","0","","0","0","0","","","1","N","2","","40 26:13.133","","0","79 46:16.460","4","0","0","0","2446","0","0","0","N","0","0","0","8","02446","1","","1.0","","9","N","N","N","0","","0","0","1","3","3","","","3","1","0","0","0","0","0","2","0","3","","07","","N","","","","","","","","","",""
"2020088046","","1","0","0","0","0","0","0","0","0","7","0","","02","10","2020","4","40.492244","-79.864325","0758","11","0","0","0","0","0","0","0","0","","0","0","0","","","0","N","0","","40 29:32.077","","0","79 51:51.570","0","0","0","0","2301","0","0","0","Y","0","0","0","1","02301","0","","7.0","","9","N","N","N","0","","0","0","0","0","0","","","1","0","0","0","0","0","0","2","0","1","","03","","N","","","","","","","","","",""
"2020090653","","3","0","0","0","0","0","0","0","0","1","0","","02","10","2020","6","40.467601","-80.199254","1621","11","0","0","0","1","0","1","0","0","","0","0","0","","","0","N","0","","40 28:03.363","","6","80 11:57.316","0","0","0","0","2213","0","0","0","N","0","0","0","6","02213","0","","1.0","","1","N","N","N","0","","0","0","0","0","0","","","3","0","0","0","0","0","0","2","0","3","","03","","N","","","","","","","","","",""
"2020105259","","1","0","0","0","0","0","0","0","0","5","0","","02","11","2020","7","40.405067","-79.871541","2040","11","0","0","0","0","0","0","0","0","","0","0","0","","","1","","2","","40 24:18.241","","0","79 52:17.547","3","0","0","0","2410","0","0","0","N","0","0","0","1","02410","0","","1.0","","1","N","N","N","0","","1","0","0","3","2","","","1","1","0","0","0","0","0","2","0","1","","03","","N","","","","","","","","","",""
"2020101433","","1","0","0","0","0","0","0","0","0","4","0","","02","11","2020","4","40.483694","-80.025472","1333","11","0","0","0","0","0","2","0","0","","0","0","0","","","1","N","0","","40 29:01.300","","0","80 01:31.700","3","0","0","0","2301","0","0","0","N","0","0","0","2","02301","0","","1.0","","1","N","N","Y","0","","1","0","1","0","0","N","","2","1","0","0","0","0","0","2","0","2","","03","","N","","","","","","","","","",""
"2020092072","","1","0","0","0","0","0","0","0","0","1","0","","02","11","2020","1","40.432093","-79.980213","1626","11","0","0","0","0","0","0","0","0","","0","0","0","","","0","N","9","","40 25:55.534","","0","79 58:48.766","0","0","0","0","2301","0","0","0","N","0","0","0","2","02301","0","","1.0","","1","N","N","N","1","","0","0","0","3","5","","","3","0","0","0","0","0","0","2","0","2","","03","","N","","","","","","","","","",""
"2020100155","","1","0","0","0","0","0","0","0","0","2","0","","02","11","2020","7","40.590297","-79.948359","1307","11","0","0","0","0","0","0","0","0","","0","0","0","","","2","N","1","","40 35:25.068","3","0","79 56:54.093","8","0","0","0","2207","0","0","0","N","0","0","0","6","02207","0","","1.0","1345.0","9","N","N","N","0","","0","0","2","3","2","N","","3","2","0","0","0","2","0","2","0","3","","07","","N","","","","","","","","","",""
"2020102041","","1","0","0","0","0","0","0","0","0","1","0","","02","11","2020","5","40.544444","-79.770977","1947","11","0","0","0","0","0","0","1","0","","0","0","0","","","0","N","0","","40 32:39.997","","0","79 46:15.516","0","0","0","0","2121","0","0","0","N","0","0","0","2","02514","0","","1.0","","1","N","N","N","0","","0","0","0","0","0","","","2","0","1","0","0","0","0","1","1","2","","03","","N","","","","","","","","","",""
"2020109950","","1","0","0","0","0","0","0","0","0","7","0","","02","12","2020","4","40.40864","-79.857451","1925","11","0","0","0","0","0","0","0","0","","0","0","0","","","1","N","0","","40 24:31.104","1","99","79 51:26.823","3","0","0","0","2449","0","0","0","N","0","0","0","3","02501","0","","5.0","2050.0","7","N","N","N","0","","1","0","0","0","0","N","","1","1","0","0","0","0","0","2","0","1","","10","","N","","","","","","","","","",""
"2020100508","","1","0","0","0","0","0","0","0","0","7","0","","02","11","2020","1","40.440614","-80.008853","0836","11","0","0","0","0","0","0","0","0","","0","0","0","","","1","N","0","","40 26:26.209","1","8","80 00:31.870","8","0","0","0","2301","0","0","0","N","0","0","0","1","68B03","0","","4.0","905.0","9","N","N","N","0","","0","0","0","0","0","N","","1","1","0","0","0","1","0","2","0","1","","","","N","","","","","","","","","",""
"2020094159","","0","0","0","0","0","0","0","0","0","0","0","","02","11","2020","6","40.491643","-79.881687","0650","11","0","0","0","0","0","1","0","0","","0","0","0","","","0","N","2","","40 29:29.913","","2","79 52:54.072","0","0","0","0","2112","0","0","0","N","0","0","0","1","02112","0","","1.0","","1","N","N","N","0","","0","0","0","3","2","N","","1","0","0","0","0","0","0","2","1","1","","03","","N","","","","","","","","","",""
"2020100607","","1","0","0","0","0","0","0","0","0","4","0","","02","11","2020","1","40.575298","-79.954645","2157","11","0","0","0","0","1","0","0","0","","0","0","0","","","0","N","0","","40 34:31.073","","0","79 57:16.721","0","0","0","0","2207","0","0","0","N","0","0","0","2","02207","0","","1.0","","9","N","N","N","1","","0","0","0","0","0","","","2","0","1","0","0","0","0","2","0","2","","","","N","","","","","","","","","",""
"2020106714","","3","0","0","0","0","0","0","0","0","1","0","","02","11","2020","2","40.441159","-79.858449","1110","11","0","0","0","0","0","0","1","0","","0","0","0","","","3","N","0","","40 26:28.173","3","0","79 51:30.415","4","0","0","0","2419","0","0","0","N","0","0","0","3","68B03","3","","1.0","1140.0","1","N","N","N","0","","0","0","0","0","0","N","","3","3","2","0","0","0","0","2","0","3","","","","N","","","","","","","","","",""
"2020100812","","0","0","0","0","0","0","0","0","0","7","0","","02","11","2020","1","40.39031","-80.048215","2220","11","1","0","0","0","0","0","0","0","","0","0","0","","","0","","2","","40 23:25.116","7","0","80 02:53.573","0","0","0","0","2109","0","0","0","N","0","0","0","1","02109","0","","5.0","2225.0","9","N","N","N","0","","0","0","1","0","0","Y","","1","0","0","0","0","0","0","2","0","1","","03","","N","","","","","","","","","",""
"2020101257","","1","0","0","0","0","0","0","0","0","6","0","","02","11","2020","1","40.404696","-79.904726","0527","11","0","0","0","0","0","0","0","0","","0","0","0","","","0","N","0","","40 24:16.907","5","0","79 54:17.014","0","0","0","0","2438","0","0","0","N","0","0","0","1","02438","0","","1.0","635.0","1","N","N","N","0","","0","0","2","0","0","N","","3","0","0","0","0","0","0","2","0","3","","04","","N","","","","","","","","","",""
"2020104331","","0","0","0","0","0","0","0","0","0","6","0","","02","11","2020","5","40.539389","-80.023828","0649","11","0","0","0","0","0","1","0","0","","0","0","0","","","1","N","0","","40 32:21.800","1","0","80 01:25.780","3","0","0","0","2116","0","0","0","N","0","0","0","2","02116","0","","1.0","720.0","1","N","N","N","0","","1","0","0","0","0","N","","2","1","1","0","0","0","0","2","2","2","","","","N","","","","","","","","","",""
"2020101279","","0","0","0","0","0","0","0","0","0","5","0","","02","11","2020","4","40.388794","-80.046103","0124","11","0","0","0","0","0","0","0","0","","0","0","0","","","1","N","0","","40 23:19.660","2","0","80 02:45.970","4","0","0","0","2109","0","0","0","N","0","0","0","1","02109","1","","1.0","210.0","1","N","N","N","0","","0","0","2","0","0","Y","","2","1","0","0","0","0","0","2","0","2","","","","N","","","","","","","","","",""
"2020106528","","2","0","0","0","0","0","0","0","0","1","0","","02","12","2020","5","40.356607","-79.843465","1214","11","0","0","0","0","0","0","1","1","","0","0","0","","","0","N","0","","40 21:23.784","2","3","79 50:36.475","0","0","0","0","2304","0","0","0","N","0","0","0","2","02304","0","","1.0","1255.0","1","N","N","N","0","","0","0","0","0","0","Y","","2","0","0","0","0","0","0","2","0","2","","","","N","","","","","","","","","",""
"2020100126","","1","0","0","0","0","0","0","0","0","7","0","","02","11","2020","6","40.488554","-79.923177","0801","11","0","0","0","0","0","0","0","0","","0","0","0","","","0","","2","","40 29:18.795","","0","79 55:23.438","0","0","0","0","2301","0","0","0","N","0","0","0","2","02301","0","","5.0","","1","N","N","N","0","","0","0","0","0","0","N","","1","0","0","0","0","0","0","2","0","1","","03","","N","","","","","","","","","",""
"2020105862","","2","0","0","0","0","0","0","0","0","1","0","","02","11","2020","4","40.432519","-79.958506","1747","11","0","0","0","0","0","1","0","0","","0","0","0","","","0","N","6","","40 25:57.067","","2","79 57:30.620","0","0","0","0","2301","0","0","0","N","0","0","0","2","02301","0","","1.0","","1","N","N","N","0","","0","0","0","0","0","","","2","0","1","0","0","0","0","2","0","2","","03","","N","","","","","","","","","",""