"CRN","ARRIVAL_TM","AUTOMOBILE_COUNT","BELTED_DEATH_COUNT","BELTED_SUSP_SERIOUS_INJ_COUNT","BICYCLE_COUNT","BICYCLE_DEATH_COUNT","BICYCLE_SUSP_SERIOUS_INJ_COUNT","BUS_COUNT","CHLDPAS_DEATH_COUNT","CHLDPAS_SUSP_SERIOUS_INJ_COUNT","COLLISION_TYPE","COMM_VEH_COUNT","CONS_ZONE_SPD_LIM","COUNTY","CRASH_MONTH","CRASH_YEAR","DAY_OF_WEEK","DEC_LATITUDE","DEC_LONGITUDE","DISPATCH_TM","DISTRICT","DRIVER_COUNT_16YR","DRIVER_COUNT_17YR","DRIVER_COUNT_18YR","DRIVER_COUNT_19YR","DRIVER_COUNT_20YR","DRIVER_COUNT_50_64YR","DRIVER_COUNT_65_74YR","DRIVER_COUNT_75PLUS","EST_HRS_CLOSED","FATAL_COUNT","HEAVY_TRUCK_COUNT","HORSE_BUGGY_COUNT","HOUR_OF_DAY","ILLUMINATION","INJURY_COUNT","INTERSECTION_RELATED","INTERSECT_TYPE","LANE_CLOSED","LATITUDE","LN_CLOSE_DIR","LOCATION_TYPE","LONGITUDE","MAX_SEVERITY_LEVEL","MCYCLE_DEATH_COUNT","MCYCLE_SUSP_SERIOUS_INJ_COUNT","MOTORCYCLE_COUNT","MUNICIPALITY","NONMOTR_COUNT","NONMOTR_DEATH_COUNT","NONMOTR_SUSP_SERIOUS_INJ_COUNT","NTFY_HIWY_MAINT","PED_COUNT","PED_DEATH_COUNT","PED_SUSP_SERIOUS_INJ_COUNT","PERSON_COUNT","POLICE_AGCY","POSSIBLE_INJ_COUNT","RDWY_SURF_TYPE_CD","RELATION_TO_ROAD","ROADWAY_CLEARED","ROAD_CONDITION","SCH_BUS_IND","SCH_ZONE_IND","SECONDARY_CRASH","SMALL_TRUCK_COUNT","SPEC_JURIS_CD","SUSP_MINOR_INJ_COUNT","SUSP_SERIOUS_INJ_COUNT","SUV_COUNT","TCD_FUNC_CD","TCD_TYPE","TFC_DETOUR_IND","TIME_OF_DAY","TOTAL_UNITS","TOT_INJ_COUNT","UNBELTED_OCC_COUNT","UNB_DEATH_COUNT","UNB_SUSP_SERIOUS_INJ_COUNT","UNK_INJ_DEG_COUNT","UNK_INJ_PER_COUNT","URBAN_RURAL","VAN_COUNT","VEHICLE_COUNT","WEATHER1","WEATHER2","WORKERS_PRES","WORK_ZONE_IND","WORK_ZONE_LOC","WORK_ZONE_TYPE","WZ_CLOSE_DETOUR","WZ_FLAGGER","WZ_LAW_OFFCR_IND","WZ_LN_CLOSURE","WZ_MOVING","WZ_OTHER","WZ_SHLDER_MDN","WZ_WORKERS_INJ_KILLED"
"2020108246","1537","2","0","0","0","0","0","0","0","0","2","0","","02","12","2020","3","40.345251","-79.878029","1534","11","0","0","0","0","0","1","0","0","","0","0","0","","","0","N","2","","40 20:42.903","","0","79 52:40.904","0","0","0","0","2304","0","0","0","N","0","0","0","2","02304","0","","1.0","","1","N","N","N","0","","0","0","0","3","3","","","2","0","0","0","0","0","0","2","0","2","","98","","N","","","","","","","","","",""
"2020101502","1702","1","0","0","0","0","0","0","0","0","4","0","","02","11","2020","4","40.419626","-79.927168","1642","11","0","0","0","0","0","1","0","0","","0","0","0","","","0","","1","","40 25:10.655","","0","79 55:37.803","0","0","0","0","2301","0","0","0","N","0","0","0","3","02301","0","","1.0","","9","N","N","N","2","","0","0","0","0","0","N","","3","0","0","0","0","0","0","2","0","3","","","","N","","","","","","","","","",""
"2020107461","1901","1","0","0","0","0","0","0","0","0","4","0","","02","12","2020","7","40.383768","-79.822825","1858","11","0","0","0","1","0","0","0","0","","0","0","0","","","2","N","1","","40 23:01.566","6","0","79 49:22.170","3","0","0","0","2111","0","0","0","N","0","0","0","3","02111","0","","1.0","1940.0","9","N","N","N","0","","1","0","1","3","2","Y","","2","2","0","0","0","1","1","2","0","2","","","","N","","","","","","","","","",""
"2020104565","1706","2","0","0","0","0","0","0","0","0","4","0","","02","12","2020","6","40.451951","-79.923991","1658","11","0","0","0","0","0","0","0","0","","0","0","0","","","0","","1","","40 27:07.023","6","0","79 55:26.367","0","0","0","0","2301","0","0","0","N","0","0","0","3","02301","0","","1.0","1800.0","9","N","N","N","0","","0","0","0","3","2","N","","2","0","0","0","0","0","0","2","0","2","","","","N","","","","","","","","","",""
"2020104312","0203","1","0","0","0","0","0","0","0","0","5","0","","02","12","2020","5","40.403158","-79.908384","0157","11","0","0","0","0","0","1","0","0","","0","0","0","","","1","N","0","","40 24:11.369","2","0","79 54:30.184","8","0","0","0","2438","0","0","0","N","0","0","0","1","02438","0","","1.0","306.0","1","N","N","N","0","","0","0","1","0","0","N","","2","1","0","0","0","1","0","2","0","2","","","","N","","","","","","","","","",""
"2020108661","1405","1","0","0","0","0","0","0","0","0","4","0","","02","12","2020","4","40.461772","-79.936304","1354","11","0","0","0","0","0","1","0","0","","0","0","0","","","0","N","1","","40 27:42.379","3","0","79 56:10.694","0","0","0","0","2301","0","0","0","N","0","0","0","2","02301","0","","1.0","1430.0","7","N","N","N","0","","0","0","1","3","3","Y","","2","0","1","0","0","0","0","2","0","2","","","","N","","","","","","","","","",""
"2020108144","0958","2","0","0","0","0","0","0","0","0","1","0","","02","12","2020","3","40.416139","-79.925472","0945","11","0","0","0","1","0","0","0","1","","0","0","0","","","0","Y","0","","40 24:58.100","2","0","79 55:31.700","0","0","0","0","2301","0","0","0","N","0","0","0","2","02301","0","","1.0","1030.0","1","N","N","N","0","","0","0","0","2","1","Y","","2","0","0","0","0","0","0","2","0","2","","03","","N","","","","","","","","","",""
"2020112618","0843","1","0","0","0","0","0","0","0","0","4","0","","02","11","2020","6","40.351405","-80.023626","0837","11","0","0","0","0","0","0","0","0","","0","0","0","","","0","","2","","40 21:05.058","2","0","80 01:25.054","0","0","0","0","2407","0","0","0","N","0","0","0","2","02407","0","","1.0","930.0","1","N","N","N","0","","0","0","1","3","2","N","","2","0","0","0","0","0","0","2","0","2","","","","N","","","","","","","","","",""
"2020106494","1948","2","0","0","0","0","0","0","0","0","5","0","","02","12","2020","5","40.402322","-79.911103","1948","11","0","0","0","0","0","0","0","0","","0","0","0","","","0","N","0","","40 24:08.359","","0","79 54:39.972","9","0","0","0","2438","0","0","0","N","0","0","0","1","02438","0","","1.0","","9","N","N","Y","0","","0","0","0","0","0","","","2","0","1","0","0","0","1","2","0","2","","","","N","","","","","","","","","",""
"2020108311","1610","2","0","0","0","0","0","0","0","0","4","0","","02","12","2020","3","40.453169","-79.891119","1609","11","0","0","0","0","0","0","0","0","","0","0","0","","","0","N","1","","40 27:11.410","","0","79 53:28.028","9","0","0","0","2301","0","0","0","N","0","0","0","2","02301","0","","1.0","","1","N","N","N","0","","0","0","0","3","2","","","2","0","0","0","0","0","1","2","0","2","","03","","N","","","","","","","","","",""
"2020102074","0200","1","0","0","0","0","0","0","0","0","5","0","","02","11","2020","7","40.399869","-79.935998","0149","11","0","0","0","0","1","0","0","0","","0","0","0","","","0","N","0","","40 23:59.527","2","3","79 56:09.592","0","0","0","0","2301","0","0","0","N","0","0","0","1","02301","0","","1.0","230.0","1","N","N","N","0","","0","0","0","0","0","Y","","1","0","0","0","0","0","0","2","0","1","","","","N","","","","","","","","","",""
"2020101041","1420","1","0","1","0","0","0","0","0","0","4","0","","02","11","2020","3","40.466937","-80.081439","1418","11","0","0","0","0","0","1","0","0","","0","0","0","","","1","N","0","","40 28:00.974","7","7","80 04:53.182","2","0","0","0","2444","0","0","0","N","0","0","0","2","02444","0","","2.0","1500.0","1","N","N","N","1","","0","1","0","0","0","Y","","2","1","0","0","0","0","0","2","0","2","","03","","N","","","","","","","","","",""
"2020100014","1616","2","0","0","0","0","0","0","0","0","1","0","","02","11","2020","7","40.408719","-79.842438","1613","11","0","0","1","0","0","0","1","0","","0","0","0","","","4","N","0","","40 24:31.390","","0","79 50:32.778","3","0","0","0","2431","0","0","0","N","0","0","0","4","02431","0","","1.0","","9","N","N","N","0","","1","0","0","3","4","","","3","4","0","0","0","3","0","2","1","3","","07","","N","","","","","","","","","",""
"2020104973","1722","1","0","0","0","0","0","0","0","0","1","0","","02","12","2020","6","40.358546","-80.058659","1718","11","0","0","0","0","0","2","0","0","","0","0","0","","","0","N","0","","40 21:30.766","3","0","80 03:31.172","0","0","0","0","2109","0","0","0","N","0","0","0","3","02109","0","","1.0","1800.0","9","N","N","N","0","","0","0","2","0","0","N","","3","0","0","0","0","0","0","2","0","3","","04","","N","","","","","","","","","",""
"2020101539","1727","1","0","0","0","0","0","0","0","0","4","0","","02","11","2020","4","40.475496","-79.70735","1724","11","0","0","0","0","0","1","0","0","","0","0","0","","","0","","1","","40 28:31.787","","0","79 42:26.460","0","0","0","0","2466","0","0","0","N","0","0","0","3","02466","0","","1.0","","9","N","N","N","0","","0","0","1","3","2","","","2","0","0","0","0","0","0","2","0","2","","","","N","","","","","","","","","",""
"2020103571","0740","2","0","0","0","0","0","0","0","0","7","0","","02","12","2020","4","40.454072","-79.94944","0731","11","0","0","0","0","0","3","0","0","","0","0","0","","","1","N","1","","40 27:14.659","6","0","79 56:57.985","3","0","0","0","2301","0","0","0","N","0","0","0","4","02301","0","","2.0","815.0","2","N","N","N","0","","1","0","2","0","0","Y","","4","1","0","0","0","0","0","2","0","4","","98","","N","","","","","","","","","",""
"2020101455","2013","2","0","0","0","0","0","0","0","0","4","0","","02","11","2020","1","40.397701","-80.106062","2003","11","0","1","0","0","0","1","0","0","","0","0","0","","","1","N","2","","40 23:51.723","3","2","80 06:21.824","3","0","0","0","2102","0","0","0","N","0","0","0","3","02102","0","","1.0","2020.0","9","N","N","N","0","","1","0","0","3","2","Y","","2","1","0","0","0","0","0","2","0","2","","","","Y","","","","","","","","","",""
"2020093089","1705","0","0","0","0","0","0","0","0","0","7","0","","02","10","2020","4","40.433863","-79.988596","1651","11","0","0","0","0","0","0","0","0","","0","0","0","","","1","N","0","","40 26:01.908","3","0","79 59:18.944","8","0","0","0","2301","0","0","0","N","0","0","0","1","68B03","0","","2.0","1729.0","1","N","N","N","0","","0","0","0","0","0","N","","1","1","0","0","0","1","0","2","1","1","","03","","N","","","","","","","","","",""
"2020108460","1754","0","0","0","0","0","0","0","0","0","4","0","","02","12","2020","2","40.437647","-79.770031","1749","11","0","0","1","0","0","0","0","0","","0","0","0","","","0","Y","0","","40 26:15.530","5","7","79 46:12.110","0","0","0","0","2446","0","0","0","N","0","0","0","2","02446","0","","1.0","1817.0","1","N","N","N","0","","0","0","2","3","3","N","","2","0","0","0","0","0","0","2","0","2","","03","","N","","","","","","","","","",""
"2020101338","0929","1","0","0","0","0","0","0","0","0","4","0","","02","11","2020","4","40.424194","-79.968786","0923","11","0","0","0","0","0","1","0","0","","0","0","0","","","1","Y","0","","40 25:27.100","","0","79 58:07.630","8","0","0","0","2301","0","0","0","N","0","0","0","2","02301","0","","1.0","","9","N","N","N","1","","0","0","0","0","0","","","2","1","0","0","0","1","0","2","0","2","","07","","N","","","","","","","","","",""
"2020110652","1031","0","0","0","0","0","0","0","0","0","7","0","","02","12","2020","1","40.642728","-80.014023","1021","11","0","0","0","0","0","0","0","0","","0","0","0","","","1","N","0","","40 38:33.819","","0","80 00:50.481","3","0","0","0","2216","0","0","0","N","0","0","0","3","68T02","0","","3.0","","9","N","N","N","0","","1","0","1","0","0","","","1","1","0","0","0","0","0","2","0","1","","","","N","","","","","","","","","",""
"2020043146","0436","0","0","0","0","0","0","0","0","0","99","0","","02","5","2020","2","40.26954","-79.8845","0436","11","0","0","0","0","0","1","0","0","","0","0","0","","","0","N","0","","40 16:10.344","1","0","79 53:04.199","0","0","0","0","2428","0","0","0","N","0","0","0","1","02428","0","","2.0","536.0","1","N","N","N","1","","0","0","0","0","0","N","","1","0","0","0","0","0","0","2","0","1","","","","N","","","","","","","","","",""
"2020102849","2140","1","0","0","0","0","0","0","0","0","4","0","","02","11","2020","2","40.438601","-79.986449","2138","11","0","0","0","0","0","0","0","0","","0","0","0","","","0","","1","","40 26:18.965","","0","79 59:11.217","0","0","0","0","2301","0","0","0","N","0","0","0","1","02301","0","","6.0","","9","N","N","N","0","","0","0","1","3","2","","","2","0","0","0","0","0","0","2","0","2","","","","N","","","","","","","","","",""
"2020107228","1603","0","0","0","0","0","0","0","0","0","0","0","","02","12","2020","7","40.38511","-79.896545","1600","11","0","0","0","0","0","1","0","0","","0","0","0","","","1","N","2","","40 23:06.395","2","0","79 53:47.561","4","0","0","1","2448","0","0","0","N","0","0","0","1","02448","1","","1.0","1630.0","9","N","N","N","0","","0","0","0","3","3","N","","1","1","0","0","0","0","0","2","0","1","","","","N","","","","","","","","","",""
"2020103189","2015","1","0","0","0","0","0","0","0","0","7","0","","02","11","2020","6","40.526027","-80.250864","2008","11","0","0","0","0","0","0","0","0","","0","0","0","","","0","","2","","40 31:33.697","7","0","80 15:03.110","0","0","0","0","2213","0","0","0","N","0","0","0","1","02213","0","","4.0","100.0","1","N","N","N","0","","0","0","0","0","0","N","","1","0","0","0","0","0","0","2","0","1","","03","","N","","","","","","","","","",""
"2020111963","1538","2","0","0","0","0","0","0","0","0","4","0","","02","12","2020","7","40.495557","-79.940416","1509","11","0","0","0","0","0","0","0","0","","0","0","0","","","1","N","0","","40 29:44.006","2","0","79 56:25.498","3","0","0","0","2461","0","0","0","N","0","0","0","4","68D02","0","","1.0","1638.0","1","N","N","N","0","","1","0","0","0","0","N","","2","1","1","0","0","0","0","2","0","2","","","","N","","","","","","","","","",""
"2020103734","1938","0","0","0","0","0","0","0","0","0","2","0","","02","11","2020","2","40.438081","-79.766347","1933","11","0","0","0","0","0","0","0","1","","0","0","0","","","0","Y","0","","40 26:17.090","","7","79 45:58.850","0","0","0","0","2446","0","0","0","N","0","0","0","1","02446","0","","4.0","","9","N","N","N","0","","0","0","1","3","3","","","1","0","1","0","0","0","0","2","0","1","","98","","N","","","","","","","","","",""
"2020102877","2238","1","0","0","0","0","0","0","0","0","4","0","","02","11","2020","1","40.409243","-79.899514","2234","11","0","0","0","0","0","1","0","0","","0","0","0","","","1","","2","","40 24:33.276","3","0","79 53:58.249","4","0","0","1","2448","0","0","0","N","0","0","0","2","02448","1","","1.0","2359.0","1","N","N","N","0","","0","0","0","0","0","N","","2","1","0","0","0","0","0","2","0","2","","03","","N","","","","","","","","","",""
"2020104932","1902","0","0","0","0","0","0","0","0","0","1","0","","02","12","2020","7","40.407464","-80.086707","1900","11","0","0","0","0","0","0","0","0","","0","0","0","","","0","N","0","","40 24:26.871","","7","80 05:12.146","0","0","0","0","2415","0","0","0","N","0","0","0","1","02415","0","","6.0","","9","N","N","N","0","","0","0","2","3","3","","","2","0","1","0","0","0","0","2","0","2","","","","N","","","","","","","","","",""
"2020102106","0905","1","0","0","0","0","0","0","0","0","1","0","","02","11","2020","6","40.344438","-79.88422","0905","11","0","0","0","0","0","1","0","0","","0","0","0","","","0","","2","","40 20:39.978","3","0","79 53:03.191","0","0","0","0","2433","0","0","0","N","0","0","0","4","02433","0","","1.0","945.0","1","N","N","N","0","","0","0","1","0","0","N","","2","0","2","0","0","0","0","2","0","2","","04","","N","","","","","","","","","",""
"2020103604","1435","1","0","0","0","0","0","0","0","0","5","0","","02","11","2020","7","40.375749","-79.827267","1432","11","0","0","0","0","0","0","0","0","","0","0","0","","","1","N","0","","40 22:32.695","1","0","79 49:38.162","4","0","0","0","2111","0","0","0","N","0","0","0","1","02111","1","","4.0","1526.0","1","N","N","N","0","","0","0","1","0","0","Y","","2","1","0","0","0","0","0","2","0","2","","03","","N","","","","","","","","","",""
"2020102502","1933","1","0","0","0","0","0","0","0","0","7","0","","02","11","2020","1","40.480358","-80.120858","1933","11","0","0","0","0","0","0","0","0","","0","0","0","","","0","N","0","","40 28:49.289","","6","80 07:15.089","0","0","0","0","2126","0","0","0","N","0","0","0","1","02126","0","","2.0","","1","N","N","N","0","","0","0","0","0","0","","","1","0","0","0","0","0","0","2","0","1","","","","N","","","","","","","","","",""
"2020106144","1246","3","0","0","0","0","0","0","0","0","1","0","","02","12","2020","2","40.550997","-80.019618","1236","11","0","0","0","1","0","2","0","0","","0","0","0","","","0","N","0","","40 33:03.589","2","0","80 01:10.625","0","0","0","0","2116","0","0","0","N","0","0","0","7","02116","0","","1.0","1312.0","1","N","N","Y","0","","0","0","1","0","0","Y","","4","0","0","0","0","0","0","2","0","4","","03","","N","","","","","","","","","",""
"2020108587","1215","1","0","0","0","0","0","0","0","0","7","0","","02","12","2020","4","40.438056","-79.912361","1215","11","0","0","0","0","0","0","0","0","","0","0","0","","","1","N","0","","40 26:17.000","","0","79 54:44.500","3","0","0","0","2301","0","0","0","N","0","0","0","1","02301","0","","5.0","","7","N","","N","0","","1","0","0","0","0","","","1","1","0","0","0","0","0","2","0","1","","","","N","","","","","","","","","",""
"2020109648","1520","1","0","0","0","0","0","0","0","0","7","0","","02","12","2020","5","40.451268","-79.994973","1500","11","0","0","0","0","0","0","0","0","","0","0","0","","","0","N","0","","40 27:04.563","7","3","79 59:41.901","0","0","0","0","2301","0","0","0","N","0","0","0","1","02301","0","","2.0","30.0","7","N","N","N","0","","0","0","0","0","0","N","","1","0","0","0","0","0","0","2","0","1","","06","","N","","","","","","","","","",""
"2020105198","2105","1","0","0","0","0","0","0","0","0","7","0","","02","12","2020","1","40.42637","-80.061532","2059","11","0","0","0","0","0","0","0","0","","0","0","0","","","0","","2","","40 25:34.932","1","0","80 03:41.515","0","0","0","0","2301","0","0","0","N","0","0","0","1","02301","0","","4.0","2125.0","1","N","N","N","0","","0","0","0","0","0","N","","1","0","0","0","0","0","0","2","0","1","","03","","N","","","","","","","","","",""
"2020104418","1257","1","0","0","0","0","0","0","0","0","1","0","55","02","10","2020","6","40.444913","-80.164058","1257","11","0","0","0","0","0","0","0","0","","0","0","0","","","0","N","6","","40 26:41.686","","2","80 09:50.608","0","0","0","0","2115","0","0","0","N","0","0","0","3","68B03","0","","1.0","","1","N","N","N","0","","0","0","2","3","4","","","3","0","0","0","0","0","0","2","0","3","","","N","Y","3","1","","","N","","","","Y","N"
"2020102970","0750","1","0","0","0","0","0","0","0","0","4","0","","02","12","2020","3","40.461974","-79.931651","0745","11","0","0","0","0","0","1","0","0","","0","0","0","","","1","","2","","40 27:43.106","","0","79 55:53.943","3","0","0","0","2301","0","0","0","N","0","0","0","2","02301","0","","1.0","","9","N","N","N","0","","1","0","1","0","0","","","2","1","1","0","0","0","0","2","0","2","","","","N","","","","","","","","","",""
"2020087591","1035","0","0","0","0","0","0","0","0","0","7","0","","02","10","2020","2","40.435547","-79.993929","1025","11","0","0","0","0","1","0","0","0","","0","0","0","","","0","N","7","","40 26:07.970","","2","79 59:38.143","0","0","0","0","2301","0","0","0","N","0","0","0","1","02301","0","","7.0","","9","N","N","N","0","","0","0","1","0","0","","","1","0","0","0","0","0","0","2","0","1","","04","","N","","","","","","","","","",""
"2020106445","1740","0","0","0","0","0","0","0","0","0","4","0","","02","12","2020","4","40.392582","-80.062478","1732","11","0","0","0","0","1","0","0","0","","0","0","0","","","1","N","0","","40 23:33.295","2","7","80 03:44.920","3","0","0","0","2109","0","0","0","N","0","0","0","4","02109","0","","1.0","1815.0","1","N","N","N","0","","1","0","2","0","0","N","","2","1","0","0","0","0","0","2","0","2","","","","N","","","","","","","","","",""
"2020110239","1749","3","0","0","0","0","0","0","0","0","7","0","","02","12","2020","4","40.537369","-80.075322","1728","11","0","0","0","0","0","0","0","0","","0","0","0","","","1","N","0","","40 32:14.530","","0","80 04:31.160","3","0","0","0","2215","0","0","0","N","0","0","0","4","02215","0","","4.0","","2","N","N","Y","0","","1","0","1","0","0","","","4","1","0","0","0","0","0","2","0","4","","02","","N","","","","","","","","","",""
"2020102932","1732","1","0","0","0","0","0","0","0","0","7","0","","02","11","2020","2","40.304607","-79.893329","1729","11","0","0","0","0","0","1","0","0","","0","0","0","","","0","","1","","40 18:16.586","1","0","79 53:35.986","0","0","0","0","2302","0","0","0","N","0","0","0","1","02302","0","","2.0","1745.0","9","N","N","N","0","","0","0","0","0","0","Y","","1","0","0","0","0","0","0","2","0","1","","","","N","","","","","","","","","",""
"2020107328","2041","4","0","0","0","0","0","0","0","0","5","0","","02","12","2020","7","40.421065","-79.985286","2038","11","0","0","0","0","0","0","0","0","","0","0","0","","","0","N","0","","40 25:15.833","","0","79 59:07.030","0","0","0","0","2301","0","0","0","N","0","0","0","1","02301","0","","1.0","","1","N","N","N","0","","0","0","1","0","0","","","5","0","1","0","0","0","0","2","0","5","","03","","N","","","","","","","","","",""
"2020106074","2040","2","0","0","0","0","0","0","0","0","4","0","","02","12","2020","1","40.403686","-79.909106","2038","11","0","0","0","0","0","1","0","0","","0","0","0","","","0","","1","","40 24:13.268","2","0","79 54:32.780","0","0","0","0","2438","0","0","0","N","0","0","0","2","02438","0","","1.0","2058.0","1","N","N","N","0","","0","0","0","3","3","N","","2","0","0","0","0","0","0","2","0","2","","","","N","","","","","","","","","",""
"2020099349","1650","1","0","0","0","0","0","0","0","0","4","0","","02","11","2020","5","40.449213","-79.90132","1643","11","0","0","0","0","0","0","0","0","","0","0","0","","","0","","1","","40 26:57.165","","0","79 54:04.753","0","0","0","0","2301","0","0","0","N","0","0","0","2","02301","0","","1.0","","1","N","N","N","0","","0","0","1","3","2","","","2","0","1","0","0","0","0","2","0","2","","03","","N","","","","","","","","","",""
"2020100896","1344","1","0","0","0","0","0","0","0","0","4","0","","02","11","2020","5","40.307823","-79.891789","1342","11","0","0","0","0","0","0","0","0","","0","0","0","","","0","N","0","","40 18:28.164","3","0","79 53:30.439","0","0","0","0","2302","0","0","0","N","0","0","0","1","02302","0","","4.0","1405.0","1","N","N","N","0","","0","0","1","0","0","N","","2","0","1","0","0","0","0","2","0","2","","","","N","","","","","","","","","",""
"2020103255","1740","6","0","0","0","0","0","0","0","0","1","0","","02","12","2020","3","40.44445","-79.990594","1725","11","0","0","0","0","0","3","0","0","","0","0","0","","","0","N","0","","40 26:40.019","3","6","79 59:26.137","0","0","0","0","2301","0","0","0","N","0","0","0","10","02301","0","","1.0","1930.0","7","N","N","N","1","","0","0","3","0","0","Y","","10","0","0","0","0","0","0","2","0","10","","02","","N","","","","","","","","","",""
"2020106095","0637","1","0","0","0","0","0","0","0","0","7","0","","02","12","2020","3","40.415029","-80.01126","0634","11","0","0","0","0","0","0","0","0","","0","0","0","","","1","","1","","40 24:54.106","","0","80 00:40.537","4","0","0","0","2301","0","0","0","Y","0","0","0","1","02301","1","","5.0","","1","","","N","0","","0","0","0","3","2","","","1","1","0","0","0","0","0","2","0","1","","03","","N","","","","","","","","","",""
"2020102978","0901","0","0","0","0","0","0","0","0","0","7","0","","02","12","2020","3","40.458787","-80.023433","0857","11","0","0","0","0","0","0","0","0","","0","0","0","","","0","N","2","","40 27:31.632","","3","80 01:24.357","0","0","0","0","2301","0","0","0","N","0","0","0","1","02301","0","","4.0","","6","N","N","N","0","","0","0","1","0","0","","","1","0","0","0","0","0","0","2","0","1","","10","","N","","","","","","","","","",""
"2020095759","1605","1","0","0","0","0","0","0","0","0","8","0","","02","11","2020","3","40.4555","-80.006644","1604","11","0","0","0","0","0","0","0","0","","0","0","0","","","1","","1","","40 27:19.801","","0","80 00:23.920","8","0","0","0","2301","1","0","0","N","1","0","0","2","02301","0","","1.0","","1","N","N","N","0","","0","0","0","3","2","","","2","1","0","0","0","1","0","2","0","1","","","","N","","","","","","","","","",""
"2020101416","1907","2","0","0","0","0","0","0","0","0","1","0","","02","11","2020","1","40.412309","-80.078088","1907","11","0","0","1","0","1","0","0","0","","0","0","0","","","1","N","6","","40 24:44.311","","0","80 04:41.118","8","0","0","0","2117","0","0","0","N","0","0","0","3","68B03","0","","1.0","","9","N","Y","Y","0","","0","0","0","3","4","","","2","1","0","0","0","1","0","2","0","2","","07","","N","","","","","","","","","",""
"2020110319","1345","1","0","0","0","0","0","0","0","0","7","0","","02","12","2020","4","40.615681","-79.9368","1328","11","0","0","0","0","0","1","0","0","","0","0","0","","","0","N","0","","40 36:56.452","4","0","79 56:12.479","0","0","0","0","2207","0","0","0","N","0","0","0","1","02207","0","","2.0","1412.0","7","N","N","N","0","","0","0","0","0","0","N","","1","0","0","0","0","0","0","2","0","1","","","","N","","","","","","","","","",""
"2020103591","1605","0","0","1","0","0","0","0","0","0","1","0","","02","12","2020","3","40.409194","-79.8765","1600","11","0","0","0","0","0","0","1","0","","0","0","0","","","1","N","0","","40 24:33.100","3","3","79 52:35.400","2","0","0","0","2456","0","0","0","N","0","0","0","2","02456","0","","1.0","1605.0","2","N","N","N","1","","0","1","0","3","8","N","","2","1","0","0","0","0","0","2","1","2","","06","","N","","","","","","","","","",""
"2020101962","2230","2","0","0","0","0","0","0","0","0","4","0","","02","11","2020","5","40.332441","-79.891341","2228","11","0","0","0","0","0","0","0","0","","0","0","0","","","0","N","2","","40 19:56.787","7","0","79 53:28.827","0","0","0","0","2433","0","0","0","N","0","0","0","3","02433","0","","1.0","2253.0","1","N","N","N","0","","0","0","0","0","0","Y","","2","0","0","0","0","0","0","2","0","2","","","","N","","","","","","","","","",""
"2020108673","1341","1","0","0","0","0","0","0","0","0","7","0","","02","12","2020","4","40.288765","-79.880485","1335","11","0","0","0","0","0","1","0","0","","0","0","0","","","0","","2","","40 17:19.553","","0","79 52:49.745","0","0","0","0","2302","0","0","0","N","0","0","0","1","02302","0","","5.0","","7","N","N","N","0","","0","0","0","0","0","","","1","0","0","0","0","0","0","2","0","1","","02","","N","","","","","","","","","",""
"2020102661","1914","1","0","0","0","0","0","0","0","0","8","0","","02","11","2020","1","40.491614","-80.061188","1912","11","0","0","0","0","0","0","0","0","","0","0","0","","","1","Y","0","","40 29:29.812","","0","80 03:40.277","2","0","0","0","2404","1","0","1","N","1","0","1","2","02404","0","","1.0","","1","N","N","Y","0","","0","1","0","3","2","","","2","1","0","0","0","0","0","2","0","1","","03","","N","","","","","","","","","",""
"2020109532","0625","1","0","0","0","0","0","0","0","0","7","0","","02","12","2020","6","40.488741","-80.269583","0623","11","0","0","0","0","0","0","0","0","","0","0","0","","","0","N","0","","40 29:19.466","","2","80 16:10.498","0","0","0","0","2203","0","0","0","N","0","0","0","1","02501","0","","2.0","","9","N","N","N","0","","0","0","0","0","0","","","1","0","0","0","0","0","0","1","0","1","","06","","N","","","","","","","","","",""
"2020109167","1508","1","0","0","0","0","0","0","0","0","98","0","","02","12","2020","4","40.413591","-80.042521","1504","11","0","0","0","0","0","0","0","0","","0","0","0","","","1","N","0","","40 24:48.927","1","0","80 02:33.076","3","0","0","0","2301","0","0","0","N","0","0","0","1","02301","0","","1.0","1515.0","2","N","N","N","0","","1","0","0","0","0","N","","1","1","0","0","0","0","0","2","0","1","","10","","N","","","","","","","","","",""
"2020112659","0924","1","0","0","0","0","0","0","0","0","4","0","","02","11","2020","2","40.331106","-80.030639","0922","11","0","0","0","0","0","1","1","0","","0","0","0","","","0","","1","","40 19:51.981","","0","80 01:50.300","0","0","0","0","2407","0","0","0","N","0","0","0","2","02407","0","","1.0","","9","N","N","N","0","","0","0","1","0","0","","","2","0","0","0","0","0","0","2","0","2","","","","N","","","","","","","","","",""
"2020104873","1445","0","0","0","0","0","0","0","0","0","4","0","","02","12","2020","7","40.593464","-79.947918","1430","11","0","0","0","0","0","0","0","1","","0","0","0","","","0","N","0","","40 35:36.470","","7","79 56:52.503","0","0","0","0","2207","0","0","0","N","0","0","0","2","02207","0","","1.0","","1","N","N","N","1","","0","0","1","0","0","","","2","0","0","0","0","0","0","2","0","2","","03","","N","","","","","","","","","",""