"CRN","ARRIVAL_TM","AUTOMOBILE_COUNT","BELTED_DEATH_COUNT","BELTED_SUSP_SERIOUS_INJ_COUNT","BICYCLE_COUNT","BICYCLE_DEATH_COUNT","BICYCLE_SUSP_SERIOUS_INJ_COUNT","BUS_COUNT","CHLDPAS_DEATH_COUNT","CHLDPAS_SUSP_SERIOUS_INJ_COUNT","COLLISION_TYPE","COMM_VEH_COUNT","CONS_ZONE_SPD_LIM","COUNTY","CRASH_MONTH","CRASH_YEAR","DAY_OF_WEEK","DEC_LATITUDE","DEC_LONGITUDE","DISPATCH_TM","DISTRICT","DRIVER_COUNT_16YR","DRIVER_COUNT_17YR","DRIVER_COUNT_18YR","DRIVER_COUNT_19YR","DRIVER_COUNT_20YR","DRIVER_COUNT_50_64YR","DRIVER_COUNT_65_74YR","DRIVER_COUNT_75PLUS","EST_HRS_CLOSED","FATAL_COUNT","HEAVY_TRUCK_COUNT","HORSE_BUGGY_COUNT","HOUR_OF_DAY","ILLUMINATION","INJURY_COUNT","INTERSECTION_RELATED","INTERSECT_TYPE","LANE_CLOSED","LATITUDE","LN_CLOSE_DIR","LOCATION_TYPE","LONGITUDE","MAX_SEVERITY_LEVEL","MCYCLE_DEATH_COUNT","MCYCLE_SUSP_SERIOUS_INJ_COUNT","MOTORCYCLE_COUNT","MUNICIPALITY","NONMOTR_COUNT","NONMOTR_DEATH_COUNT","NONMOTR_SUSP_SERIOUS_INJ_COUNT","NTFY_HIWY_MAINT","PED_COUNT","PED_DEATH_COUNT","PED_SUSP_SERIOUS_INJ_COUNT","PERSON_COUNT","POLICE_AGCY","POSSIBLE_INJ_COUNT","RDWY_SURF_TYPE_CD","RELATION_TO_ROAD","ROADWAY_CLEARED","ROAD_CONDITION","SCH_BUS_IND","SCH_ZONE_IND","SECONDARY_CRASH","SMALL_TRUCK_COUNT","SPEC_JURIS_CD","SUSP_MINOR_INJ_COUNT","SUSP_SERIOUS_INJ_COUNT","SUV_COUNT","TCD_FUNC_CD","TCD_TYPE","TFC_DETOUR_IND","TIME_OF_DAY","TOTAL_UNITS","TOT_INJ_COUNT","UNBELTED_OCC_COUNT","UNB_DEATH_COUNT","UNB_SUSP_SERIOUS_INJ_COUNT","UNK_INJ_DEG_COUNT","UNK_INJ_PER_COUNT","URBAN_RURAL","VAN_COUNT","VEHICLE_COUNT","WEATHER1","WEATHER2","WORKERS_PRES","WORK_ZONE_IND","WORK_ZONE_LOC","WORK_ZONE_TYPE","WZ_CLOSE_DETOUR","WZ_FLAGGER","WZ_LAW_OFFCR_IND","WZ_LN_CLOSURE","WZ_MOVING","WZ_OTHER","WZ_SHLDER_MDN","WZ_WORKERS_INJ_KILLED"
"2020105630","2032","1","0","0","0","0","0","0","0","0","1","0","","02","12","2020","2","40.452571","-79.94973","2026","11","0","0","0","0","0","0","0","0","","0","0","0","","","1","","1","","40 27:09.255","","0","79 56:59.028","8","0","0","0","2301","0","0","0","N","0","0","0","3","02301","0","","1.0","","1","N","N","N","0","","0","0","0","3","2","","","2","1","1","0","0","1","1","2","1","2","","","","N","","","","","","","","","",""
"2020091868","2204","1","0","0","0","0","0","0","0","0","98","0","","02","10","2020","6","40.212893","-79.841439","2156","11","0","0","0","0","0","0","0","0","","0","0","0","","","0","N","0","","40 12:46.414","","0","79 50:29.180","0","0","0","0","2204","0","0","0","N","0","0","0","1","64103","0","","1.0","","1","N","N","N","0","","0","0","0","0","0","","","1","0","0","0","0","0","0","1","0","1","","03","","N","","","","","","","","","",""
"2020108772","1520","2","0","0","0","0","0","0","0","0","4","0","","02","12","2020","4","40.468549","-80.127639","1500","11","0","0","0","0","0","0","0","0","","0","0","0","","","0","N","0","","40 28:06.777","","0","80 07:39.500","0","0","0","0","2115","0","0","0","N","0","0","0","2","02115","0","","1.0","","7","N","N","N","0","","0","0","0","0","0","","","2","0","0","0","0","0","0","2","0","2","","","","N","","","","","","","","","",""
"2020111175","2325","0","0","0","0","0","0","0","0","0","7","0","","02","12","2020","4","40.322268","-79.99508","2323","11","0","0","0","1","0","0","0","0","","0","0","0","","","0","N","0","","40 19:20.165","3","0","79 59:42.289","0","0","0","0","2219","0","0","0","N","0","0","0","3","02501","0","","5.0","5.0","7","N","N","N","1","","0","0","0","0","0","N","","1","0","0","0","0","0","0","2","0","1","","09","","N","","","","","","","","","",""
"2020108274","1450","1","0","0","0","0","0","0","0","0","4","0","","02","12","2020","3","40.344819","-80.02738","1448","11","0","0","0","0","0","1","0","1","","0","0","0","","","1","N","0","","40 20:41.349","5","7","80 01:38.567","8","0","0","0","2407","0","0","0","N","0","0","0","2","02407","0","","1.0","1530.0","1","N","N","N","0","","0","0","1","0","0","N","","2","1","0","0","0","1","0","2","0","2","","","","N","","","","","","","","","",""
"2020107882","2332","1","0","0","0","0","0","0","0","0","7","0","","02","12","2020","6","40.509001","-79.952856","2332","11","0","0","0","0","0","0","0","0","","0","0","0","","","0","N","0","","40 30:32.403","5","0","79 57:10.280","0","0","0","0","2118","0","0","0","Y","0","0","0","1","02118","0","","5.0","139.0","1","N","N","N","0","","0","0","0","0","0","Y","","1","0","0","0","0","0","0","2","0","1","","03","","N","","","","","","","","","",""
"2020112416","1941","1","0","0","0","0","0","0","0","0","1","0","","02","12","2020","4","40.426421","-79.893416","1935","11","0","1","0","0","0","0","0","0","","0","0","0","","","1","N","6","","40 25:35.116","","2","79 53:36.297","8","0","0","0","2301","0","0","0","N","0","0","0","4","68B03","0","","1.0","","1","N","N","N","0","","0","0","1","0","0","","","2","1","0","0","0","1","0","2","0","2","","03","","N","","","","","","","","","",""
"2020107406","1112","0","0","0","0","0","0","0","0","0","7","0","","02","12","2020","1","40.431541","-80.026939","1102","11","0","0","0","0","0","0","0","0","","0","0","0","","","0","","7","","40 25:53.546","4","8","80 01:36.982","0","0","0","0","2301","0","0","0","Y","0","0","0","1","02301","0","","1.0","1152.0","1","N","N","N","1","","0","0","0","0","0","N","","1","0","0","0","0","0","0","2","0","1","","03","","N","","","","","","","","","",""
"2020111874","0239","1","0","0","0","0","0","0","0","0","4","0","","02","12","2020","6","40.394732","-79.997244","0227","11","0","0","0","0","0","0","0","0","","0","0","0","","","0","","3","","40 23:41.034","","0","79 59:50.077","0","0","0","0","2301","0","0","0","N","0","0","0","2","02301","0","","2.0","","7","N","N","N","0","","0","0","0","0","0","","","1","0","0","0","0","0","0","2","0","1","","06","","N","","","","","","","","","",""
"2020104728","1527","1","0","0","0","0","0","0","0","0","2","0","30","02","11","2020","2","40.34505","-80.082181","1526","11","0","0","0","0","0","0","0","0","","0","0","0","","","1","","1","","40 20:42.181","6","0","80 04:55.851","4","0","0","0","2123","0","0","0","N","0","0","0","2","02123","1","","1.0","45.0","9","N","N","N","0","","0","0","1","3","2","N","","2","1","0","0","0","0","0","2","0","2","","04","Y","Y","3","2","N","N","N","N","Y","N","Y","N"
"2020103572","1531","1","0","0","0","0","0","0","0","0","4","0","","02","12","2020","3","40.367727","-80.104153","1524","11","0","1","0","0","0","0","1","0","","0","0","0","","","0","N","0","","40 22:03.818","4","7","80 06:14.950","0","0","0","0","2102","0","0","0","N","0","0","0","2","02102","0","","1.0","1612.0","9","N","N","N","0","","0","0","1","0","0","N","","2","0","0","0","0","0","0","2","0","2","","","","N","","","","","","","","","",""
"2020106020","0928","0","0","0","0","0","0","0","0","0","7","0","","02","12","2020","3","40.393688","-79.83688","0920","11","0","0","0","0","0","0","0","0","","0","0","0","","","0","N","0","","40 23:37.277","3","0","79 50:12.767","0","0","0","0","2425","0","0","0","N","0","0","0","1","68B03","0","","2.0","1000.0","9","N","N","N","0","","0","0","1","0","0","N","","1","0","0","0","0","0","0","2","0","1","","","","N","","","","","","","","","",""
"2020112920","1204","2","0","0","0","0","0","0","0","0","4","0","","02","12","2020","2","40.408969","-79.90426","1201","11","0","0","0","0","0","1","0","0","","0","0","0","","","0","N","0","","40 24:32.288","","7","79 54:15.336","0","0","0","0","2448","0","0","0","N","0","0","0","2","02448","0","","1.0","","1","N","N","N","0","","0","0","0","0","0","","","2","0","0","0","0","0","0","2","0","2","","","","N","","","","","","","","","",""
"2020103628","1231","1","0","0","0","0","0","0","0","0","4","0","","02","12","2020","4","40.450068","-80.109632","1228","11","0","0","0","0","0","0","1","0","","0","0","0","","","0","","1","","40 27:00.245","4","2","80 06:34.675","0","0","0","0","2115","0","0","0","N","0","0","0","2","02115","0","","1.0","1300.0","1","N","N","N","1","","0","0","0","3","2","N","","2","0","0","0","0","0","0","2","0","2","","03","","N","","","","","","","","","",""
"2020103720","1508","0","0","0","0","0","0","0","0","0","4","0","","02","12","2020","4","40.392462","-79.900266","1506","11","0","0","0","0","0","0","0","0","","0","0","0","","","0","N","1","","40 23:32.863","","0","79 54:00.957","9","0","0","0","2448","0","0","0","N","0","0","0","3","02448","0","","1.0","","1","N","N","N","0","","0","0","1","0","0","","","2","0","0","0","0","0","1","2","0","2","","","","N","","","","","","","","","",""
"2020112564","2249","1","0","0","0","0","0","0","0","0","7","0","","02","12","2020","7","40.441333","-80.030916","2240","11","0","0","0","0","0","0","0","0","","0","0","0","","","0","N","0","","40 26:28.799","1","0","80 01:51.296","0","0","0","0","2301","0","0","0","N","0","0","0","1","02301","0","","3.0","2344.0","6","N","N","N","0","","0","0","0","0","0","Y","","1","0","0","0","0","0","0","2","0","1","","","","N","","","","","","","","","",""
"2020112415","1906","2","0","0","0","0","0","0","0","0","1","0","","02","11","2020","2","40.428722","-79.945987","1857","11","0","0","0","0","0","0","0","0","","0","0","0","","","1","N","0","","40 25:43.400","4","0","79 56:45.553","4","0","0","0","2301","0","0","0","N","0","0","0","8","68B03","1","","1.0","1935.0","9","N","N","Y","0","","0","0","0","0","0","N","","3","1","0","0","0","0","0","2","1","3","","07","","N","","","","","","","","","",""
"2020107485","1635","1","0","0","0","0","0","0","0","0","4","0","","02","12","2020","1","40.453297","-79.924801","1630","11","0","0","0","0","0","0","0","0","","0","0","0","","","0","","1","","40 27:11.869","2","0","79 55:29.283","0","0","0","0","2301","0","0","0","N","0","0","0","3","02301","0","","1.0","1640.0","1","N","N","N","0","","0","0","1","3","3","N","","2","0","0","0","0","0","0","2","0","2","","","","N","","","","","","","","","",""
"2020109198","1551","0","0","0","0","0","0","0","0","0","2","0","","02","12","2020","5","40.492385","-79.818866","1541","11","0","0","0","0","0","0","0","0","","0","0","0","","","0","N","0","","40 29:32.587","1","0","79 49:07.917","0","0","0","0","2113","0","0","0","N","0","0","0","2","02113","0","","1.0","1620.0","1","N","N","N","2","","0","0","0","0","0","N","","2","0","0","0","0","0","0","2","0","2","","","","N","","","","","","","","","",""
"2020108904","1955","0","0","0","0","0","0","0","0","0","7","0","","02","12","2020","4","40.198239","-79.883432","1945","11","0","0","0","0","0","0","0","0","","0","0","0","","","0","N","0","","40 11:53.661","","0","79 53:00.355","0","0","0","0","2204","0","0","0","N","0","0","0","3","02204","0","","5.0","","7","N","N","N","0","","0","0","1","0","0","","","1","0","0","0","0","0","0","2","0","1","","","","N","","","","","","","","","",""
"2020111180","2215","2","0","0","0","0","0","0","0","0","1","0","","02","12","2020","3","40.465638","-79.929421","2208","11","0","0","0","0","0","1","0","0","","0","0","0","","","2","N","2","","40 27:56.296","2","0","79 55:45.915","3","0","0","0","2301","0","0","0","N","0","0","0","4","02301","0","","1.0","2230.0","1","N","N","N","0","","1","0","0","3","2","N","","2","2","2","0","0","1","1","2","0","2","","","","N","","","","","","","","","",""
"2020105869","1809","1","0","0","0","0","0","0","0","0","7","0","","02","12","2020","3","40.385","-79.82","1807","11","0","0","0","0","1","0","0","0","","0","0","0","","","0","N","0","","40 23:06.000","5","0","79 49:12.000","0","0","0","0","2111","0","0","0","N","0","0","0","4","02111","0","","5.0","1920.0","7","N","N","N","0","","0","0","0","0","0","Y","","1","0","3","0","0","0","0","2","0","1","","10","","N","","","","","","","","","",""
"2020104315","0659","0","0","0","0","0","0","0","0","0","4","0","","02","12","2020","5","40.405745","-79.942881","0653","11","0","0","0","0","0","0","0","0","","0","0","0","","","0","N","0","","40 24:20.683","","0","79 56:34.371","0","0","0","0","2301","0","0","0","N","0","0","0","1","02301","0","","6.0","","1","N","N","N","0","","0","0","2","0","0","","","3","0","0","0","0","0","0","2","1","3","","03","","N","","","","","","","","","",""
"2020106859","2050","2","0","0","0","0","0","0","0","0","1","0","","02","12","2020","7","40.341081","-79.893203","2004","11","0","0","0","0","0","1","0","0","","0","0","0","","","1","N","0","","40 20:27.892","","0","79 53:35.530","8","0","0","0","2423","0","0","0","N","0","0","0","3","02304","0","","1.0","","1","N","N","N","0","","0","0","0","0","0","","","2","1","0","0","0","1","0","2","0","2","","03","","N","","","","","","","","","",""
"2020106011","1003","0","0","0","0","0","0","0","0","0","7","0","","02","11","2020","2","40.429107","-79.944434","0957","11","0","0","0","0","0","0","0","0","","0","0","0","","","1","N","0","","40 25:44.785","","0","79 56:39.962","3","0","0","0","2301","0","0","0","Y","0","0","0","1","68B03","0","","4.0","","9","N","N","N","0","","1","0","1","0","0","","","1","1","0","0","0","0","0","2","0","1","","07","","N","","","","","","","","","",""
"2020112668","1516","1","0","0","0","0","0","0","0","0","7","0","","02","11","2020","2","40.352191","-80.025109","1511","11","0","0","0","0","0","0","1","0","","0","0","0","","","0","","2","","40 21:07.889","5","0","80 01:30.393","0","0","0","0","2407","0","0","0","N","0","0","0","7","02407","0","","2.0","1550.0","9","N","N","N","0","","0","0","1","0","0","Y","","2","0","0","0","0","0","0","2","0","2","","","","N","","","","","","","","","",""
"2020103711","1853","1","0","0","0","0","0","0","0","0","7","0","","02","12","2020","3","40.352754","-79.840943","1850","11","0","0","0","0","0","0","0","0","","0","0","0","","","0","N","0","","40 21:09.913","3","0","79 50:27.393","0","0","0","0","2304","0","0","0","N","0","0","0","1","02304","0","","4.0","1922.0","2","N","N","N","0","","0","0","0","0","0","N","","1","0","0","0","0","0","0","2","0","1","","09","","N","","","","","","","","","",""
"2020106767","2059","3","0","0","0","0","0","0","0","0","2","0","","02","12","2020","3","40.454656","-79.897525","2052","11","0","0","0","0","0","0","0","1","","0","0","0","","","3","N","1","","40 27:16.761","6","0","79 53:51.089","3","0","0","0","2301","0","0","0","N","0","0","0","6","02301","0","","1.0","2207.0","1","N","N","N","0","","1","0","0","3","2","Y","","3","3","0","0","0","2","0","2","0","3","","03","","N","","","","","","","","","",""
"2020110411","0935","1","0","0","0","0","0","0","0","0","4","0","","02","12","2020","2","40.515758","-79.953544","0930","11","0","0","0","0","0","0","1","1","","0","0","0","","","0","N","0","","40 30:56.730","1","7","79 57:12.758","0","0","0","0","2118","0","0","0","N","0","0","0","2","02118","0","","1.0","945.0","9","N","N","N","0","","0","0","1","0","0","N","","2","0","0","0","0","0","0","2","0","2","","04","","N","","","","","","","","","",""
"2020107339","0016","1","0","0","0","0","0","0","0","0","98","0","","02","12","2020","1","40.439584","-80.009335","0015","11","0","0","0","0","1","0","0","0","","0","0","0","","","0","Y","0","","40 26:22.502","1","3","80 00:33.606","0","0","0","0","2301","0","0","0","N","0","0","0","3","02301","0","","2.0","100.0","1","N","N","N","0","","0","0","0","0","0","N","","1","0","0","0","0","0","0","2","0","1","","","","N","","","","","","","","","",""
"2020103880","1455","1","0","0","0","0","0","0","0","0","7","0","","02","12","2020","3","40.441553","-80.008815","1433","11","0","0","0","0","0","0","0","0","","0","0","0","","","1","N","0","","40 26:29.590","1","0","80 00:31.735","4","0","0","0","2301","0","0","0","N","0","0","0","1","68B03","1","","3.0","30.0","6","N","N","N","0","","0","0","0","0","0","N","","1","1","0","0","0","0","0","2","0","1","","02","","N","","","","","","","","","",""
"2020111215","0525","2","0","0","0","0","0","0","0","0","1","0","","02","12","2020","1","40.487979","-80.014379","0520","11","0","0","0","0","0","0","0","0","","0","0","0","","","0","N","0","","40 29:16.724","5","0","80 00:51.764","9","0","0","0","2301","0","0","0","Y","0","0","0","1","02301","0","","1.0","745.0","7","Y","N","Y","0","","0","0","1","0","0","Y","","3","0","0","0","0","0","1","2","0","3","","06","","N","","","","","","","","","",""
"2020104518","1754","1","0","0","0","0","0","0","0","0","4","0","","02","12","2020","5","40.353954","-79.823236","1752","11","0","0","0","0","0","1","0","0","","0","0","0","","","0","","1","","40 21:14.236","","0","79 49:23.648","0","0","0","0","2477","0","0","0","N","0","0","0","2","02477","0","","1.0","","1","N","N","N","0","","0","0","1","3","3","","","2","0","0","0","0","0","0","2","0","2","","03","","N","","","","","","","","","",""
"2020110103","0757","0","0","0","0","0","0","0","0","0","7","0","","02","12","2020","1","40.458671","-79.935599","0740","11","0","0","0","0","0","0","0","0","","0","0","0","","","0","N","0","","40 27:31.216","","0","79 56:08.156","0","0","0","0","2301","0","0","0","N","0","0","0","1","02301","0","","5.0","","7","N","N","N","0","","0","0","1","0","0","","","1","0","0","0","0","0","0","2","0","1","","09","","N","","","","","","","","","",""
"2020110092","0748","1","0","0","0","0","0","0","0","0","7","0","","02","12","2020","1","40.425004","-80.031066","0738","11","0","0","0","0","0","0","0","0","","0","0","0","","","1","N","0","","40 25:30.014","1","0","80 01:51.839","3","0","0","0","2301","0","0","0","N","0","0","0","1","02301","0","","2.0","811.0","6","N","N","N","0","","1","0","0","0","0","N","","1","1","0","0","0","0","0","2","0","1","","10","","N","","","","","","","","","",""
"2020109806","0654","0","0","0","0","0","0","0","0","0","7","0","","02","12","2020","6","40.445646","-80.009585","0648","11","0","0","0","0","0","0","0","0","","0","0","0","","","0","N","0","","40 26:44.326","","0","80 00:34.505","0","0","0","0","2301","0","0","0","N","0","0","0","1","02301","0","","2.0","","6","N","Y","N","0","","0","0","1","0","0","","","1","0","0","0","0","0","0","2","0","1","","04","","N","","","","","","","","","",""
"2020110048","1859","1","0","0","0","0","0","0","0","0","1","0","","02","12","2020","4","40.537372","-80.075323","1810","11","0","0","0","0","0","1","0","0","","0","0","0","","","0","","2","","40 32:14.539","","0","80 04:31.162","0","0","0","0","2215","0","0","0","N","0","0","0","2","02215","0","","1.0","","2","N","N","Y","1","","0","0","0","0","0","","","2","0","0","0","0","0","0","2","0","2","","10","","N","","","","","","","","","",""
"2020102726","1634","1","0","0","0","0","0","0","0","0","0","0","","02","11","2020","2","40.458603","-80.227247","1631","11","0","0","0","0","0","0","0","0","","0","0","0","","","1","N","0","","40 27:30.970","5","0","80 13:38.090","3","0","0","0","2203","0","0","0","N","0","0","0","1","02203","0","","5.0","1720.0","9","N","N","N","0","","1","0","0","0","0","N","","1","1","0","0","0","0","0","2","0","1","","","","N","","","","","","","","","",""
"2020104059","1345","3","0","0","0","0","0","0","0","0","5","0","","02","12","2020","5","40.483809","-79.929352","1232","11","0","0","0","0","0","0","0","1","","0","0","0","","","0","N","0","","40 29:01.713","","0","79 55:45.668","0","0","0","0","2301","0","0","0","N","0","0","0","1","02301","0","","6.0","","1","N","N","N","0","","0","0","0","0","0","","","3","0","0","0","0","0","0","2","0","3","","03","","N","","","","","","","","","",""
"2020108485","2313","1","0","0","0","0","0","0","0","0","7","0","","02","12","2020","3","40.528462","-80.165108","2310","11","0","0","0","0","0","0","0","0","","0","0","0","","","0","Y","0","","40 31:42.464","1","0","80 09:54.390","0","0","0","0","2452","0","0","0","N","0","0","0","1","02458","0","","2.0","30.0","1","N","N","N","0","","0","0","0","0","0","Y","","1","0","0","0","0","0","0","2","0","1","","98","","N","","","","","","","","","",""
"2020103491","0045","1","0","0","0","0","0","0","0","0","7","0","","02","12","2020","4","40.495083","-79.907585","0035","11","0","0","0","0","0","0","0","0","","0","0","0","","","0","N","6","","40 29:42.298","","2","79 54:27.305","0","0","0","0","2112","0","0","0","N","0","0","0","1","02112","0","","2.0","","2","N","N","N","0","","0","0","0","0","0","","","1","0","0","0","0","0","0","2","0","1","","","","N","","","","","","","","","",""
"2020092695","1505","1","0","0","0","0","0","0","0","0","1","0","","02","10","2020","6","40.429695","-79.715118","1459","11","0","0","0","0","0","0","1","0","","0","0","0","","","2","N","0","","40 25:46.903","","0","79 42:54.424","4","0","0","0","2446","0","0","0","N","0","0","0","3","02446","2","","1.0","","1","N","N","N","0","","0","0","1","0","0","","","2","2","0","0","0","0","0","2","0","2","","","","N","","","","","","","","","",""
"2020111400","1534","1","0","0","0","0","0","0","0","0","7","0","","02","12","2020","4","40.330163","-79.990942","1530","11","0","0","0","0","0","0","0","0","","0","0","0","","","0","N","0","","40 19:48.587","4","0","79 59:27.390","0","0","0","0","2219","0","0","0","N","0","0","0","3","02219","0","","4.0","1614.0","1","N","N","N","0","","0","0","0","0","0","N","","1","0","0","0","0","0","0","2","0","1","","03","","N","","","","","","","","","",""
"2020108313","1710","0","0","0","0","0","0","0","0","0","2","0","","02","12","2020","3","40.4974","-79.870009","1710","11","0","0","0","0","0","0","0","0","","0","0","0","","","0","","1","","40 29:50.641","3","0","79 52:12.033","0","0","0","0","2112","0","0","0","N","0","0","0","2","02112","0","","1.0","1800.0","1","N","N","N","0","","0","0","2","3","2","Y","","2","0","0","0","0","0","0","2","0","2","","03","","N","","","","","","","","","",""
"2020111877","0014","0","0","0","0","0","0","0","0","0","1","0","","02","12","2020","6","40.336216","-79.977001","0008","11","0","0","0","0","0","0","0","0","","0","0","0","","","3","Y","0","","40 20:10.378","3","0","79 58:37.204","8","0","0","0","2454","0","0","0","N","0","0","0","8","02454","0","","1.0","59.0","7","N","N","N","1","","0","0","1","3","2","N","","2","3","1","0","0","3","0","2","0","2","","02","","N","","","","","","","","","",""
"2020109053","1232","1","0","0","0","0","0","0","0","0","7","0","","02","12","2020","4","40.441825","-79.825733","1227","11","0","0","0","0","0","0","0","0","","0","0","0","","","0","N","0","","40 26:30.570","","2","79 49:32.638","0","0","0","0","2419","0","0","0","N","0","0","0","1","02419","0","","2.0","","2","N","N","N","0","","0","0","0","0","0","N","","1","0","0","0","0","0","0","2","0","1","","","","N","","","","","","","","","",""
"2020110672","1800","1","0","0","0","0","0","0","0","0","1","0","","02","12","2020","2","40.401964","-80.000683","1750","11","0","0","0","0","0","0","0","0","","0","0","0","","","1","","1","","40 24:07.069","","0","80 00:02.460","3","0","0","0","2301","0","0","0","N","0","0","0","2","02301","0","","1.0","","9","N","N","N","0","","1","0","1","3","2","","","2","1","0","0","0","0","0","2","0","2","","","","N","","","","","","","","","",""
"2020106814","1747","2","0","0","0","0","0","0","0","0","4","0","","02","12","2020","5","40.481069","-79.971843","1740","11","1","0","0","0","0","0","0","0","","0","0","0","","","0","N","2","","40 28:51.848","","0","79 58:18.635","0","0","0","0","2118","0","0","0","N","0","0","0","2","02445","0","","1.0","","1","N","N","N","0","","0","0","0","0","0","N","","2","0","0","0","0","0","0","2","0","2","","","","N","","","","","","","","","",""
"2020091327","1958","2","0","0","0","0","0","0","0","0","6","0","","02","10","2020","5","40.596507","-79.950587","1954","11","0","0","0","0","0","1","0","0","","0","0","0","","","0","N","0","","40 35:47.425","","0","79 57:02.113","0","0","0","0","2207","0","0","0","N","0","0","0","3","02207","0","","1.0","","9","N","N","N","0","","0","0","0","0","0","","","2","0","0","0","0","0","0","2","0","2","","","","N","","","","","","","","","",""
"2020091337","1745","3","0","0","0","0","0","0","0","0","6","0","","02","10","2020","4","40.418167","-79.924258","1630","11","0","0","0","0","0","1","0","0","","0","0","0","","","3","","2","","40 25:05.401","7","0","79 55:27.328","2","0","0","0","2301","0","0","0","N","0","0","0","4","02301","0","","1.0","1950.0","9","N","N","Y","0","","2","1","1","3","3","Y","","4","3","3","0","1","0","0","2","0","4","","07","","N","","","","","","","","","",""
"2020109701","1704","0","0","0","0","0","0","0","0","0","4","0","","02","12","2020","6","40.601728","-80.129081","1657","11","0","0","0","0","0","1","0","0","","0","0","0","","","0","","3","","40 36:06.220","","0","80 07:44.690","0","0","0","0","2481","0","0","0","N","0","0","0","2","02481","0","","1.0","","9","N","N","N","1","","0","0","0","3","3","N","","2","0","0","0","0","0","0","1","1","2","","","","N","","","","","","","","","",""
"2020110430","0901","0","0","0","0","0","0","0","0","0","7","0","","02","12","2020","2","40.339131","-79.927638","0852","11","0","0","0","0","0","0","0","0","","0","0","0","","","0","N","0","","40 20:20.873","5","0","79 55:39.495","0","0","0","0","2473","0","0","0","N","0","0","0","0","02473","0","","4.0","1022.0","7","N","N","N","1","","0","0","0","0","0","N","","1","0","0","0","0","0","0","2","0","1","","","","N","","","","","","","","","",""
"2020077394","0756","2","0","0","0","0","0","0","0","0","1","0","","02","9","2020","2","40.553289","-80.109268","0756","11","0","0","1","0","0","1","0","0","","0","0","0","","","0","N","0","","40 33:11.839","","0","80 06:33.363","0","0","0","0","2215","0","0","0","N","0","0","0","2","02215","0","","1.0","","1","N","N","Y","0","","0","0","0","3","2","","","2","0","0","0","0","0","0","2","0","2","","03","","N","","","","","","","","","",""
"2020108680","1457","1","0","0","0","0","0","0","0","0","7","0","","02","12","2020","4","40.549914","-80.026644","1450","11","0","0","0","0","0","0","0","0","","0","0","0","","","0","N","0","","40 32:59.690","","0","80 01:35.918","0","0","0","0","2116","0","0","0","N","0","0","0","1","02116","0","","5.0","","7","N","N","N","0","","0","0","0","0","0","","","1","0","0","0","0","0","0","2","0","1","","10","","N","","","","","","","","","",""
"2020080520","1203","0","0","0","0","0","0","0","0","0","4","0","","02","9","2020","3","40.465237","-79.801221","1156","11","0","0","0","0","0","0","0","0","","0","0","0","","","0","N","0","","40 27:54.853","","0","79 48:04.397","0","0","0","0","2113","0","0","0","N","0","0","0","1","02113","0","","1.0","","9","N","N","N","0","","0","0","1","0","0","N","","2","0","0","0","0","0","0","2","1","2","","","","N","","","","","","","","","",""
"2020108147","0730","0","0","0","0","0","0","0","0","0","4","0","","02","12","2020","4","40.42244","-79.863932","0730","11","0","0","0","0","0","1","0","0","","0","0","0","","","0","","1","","40 25:20.783","6","0","79 51:50.154","0","0","0","0","2411","0","0","0","N","0","0","0","2","02411","0","","1.0","9999.0","1","N","N","N","0","","0","0","1","3","3","N","","2","0","0","0","0","0","0","2","1","2","","","","N","","","","","","","","","",""
"2020080911","1555","0","0","0","0","0","0","0","0","0","0","0","","02","9","2020","3","40.361074","-79.990953","1550","11","0","0","0","0","0","0","0","0","","0","0","0","","","1","","1","","40 21:39.868","3","0","79 59:27.431","3","0","0","1","2476","0","0","0","N","0","0","0","1","02476","0","","1.0","1616.0","1","N","N","N","0","","1","0","0","3","2","N","","1","1","0","0","0","0","0","2","0","1","","","","N","","","","","","","","","",""
"2020079314","1906","1","0","0","0","0","0","0","0","0","8","0","","02","9","2020","5","40.457404","-79.896284","1906","11","0","0","0","0","0","0","0","0","","0","0","0","","","1","","1","","40 27:26.654","7","0","79 53:46.622","3","0","0","0","2301","1","0","0","N","1","0","0","2","02301","0","","1.0","1930.0","1","N","N","N","0","","1","0","1","3","2","Y","","3","1","1","0","0","0","0","2","0","2","","03","","N","","","","","","","","","",""
"2020088520","1110","2","0","0","0","0","0","0","0","0","4","0","","02","10","2020","5","40.430026","-79.988636","1105","11","0","0","0","0","0","0","0","0","","0","0","0","","","0","","1","","40 25:48.094","1","0","79 59:19.088","0","0","0","0","2301","0","0","0","N","0","0","0","2","02301","0","","1.0","1140.0","1","N","N","N","0","","0","0","0","3","2","N","","2","0","0","0","0","0","0","2","0","2","","03","","N","","","","","","","","","",""
"2020109459","0010","0","0","0","0","0","0","0","0","0","2","0","","02","12","2020","6","40.417156","-79.85875","0006","11","0","0","0","0","0","0","0","0","","0","0","0","","","0","N","0","","40 25:01.762","1","0","79 51:31.499","0","0","0","0","2411","0","0","0","N","0","0","0","0","02411","0","","4.0","500.0","1","N","N","N","0","","0","0","1","0","0","Y","","1","0","0","0","0","0","0","2","0","1","","03","","N","","","","","","","","","",""
"2020090098","0710","0","0","0","0","0","0","0","0","0","1","0","","02","10","2020","3","40.487531","-79.882689","0700","11","0","0","0","0","0","0","0","0","","0","1","0","","","1","","3","","40 29:15.111","","0","79 52:57.679","8","0","0","0","2112","0","0","0","N","0","0","0","2","02112","0","","1.0","","99","N","N","N","0","","0","0","1","3","3","","","2","1","0","0","0","1","1","2","0","2","","","","N","","","","","","","","","",""