"CRN","ARRIVAL_TM","AUTOMOBILE_COUNT","BELTED_DEATH_COUNT","BELTED_SUSP_SERIOUS_INJ_COUNT","BICYCLE_COUNT","BICYCLE_DEATH_COUNT","BICYCLE_SUSP_SERIOUS_INJ_COUNT","BUS_COUNT","CHLDPAS_DEATH_COUNT","CHLDPAS_SUSP_SERIOUS_INJ_COUNT","COLLISION_TYPE","COMM_VEH_COUNT","CONS_ZONE_SPD_LIM","COUNTY","CRASH_MONTH","CRASH_YEAR","DAY_OF_WEEK","DEC_LATITUDE","DEC_LONGITUDE","DISPATCH_TM","DISTRICT","DRIVER_COUNT_16YR","DRIVER_COUNT_17YR","DRIVER_COUNT_18YR","DRIVER_COUNT_19YR","DRIVER_COUNT_20YR","DRIVER_COUNT_50_64YR","DRIVER_COUNT_65_74YR","DRIVER_COUNT_75PLUS","EST_HRS_CLOSED","FATAL_COUNT","HEAVY_TRUCK_COUNT","HORSE_BUGGY_COUNT","HOUR_OF_DAY","ILLUMINATION","INJURY_COUNT","INTERSECTION_RELATED","INTERSECT_TYPE","LANE_CLOSED","LATITUDE","LN_CLOSE_DIR","LOCATION_TYPE","LONGITUDE","MAX_SEVERITY_LEVEL","MCYCLE_DEATH_COUNT","MCYCLE_SUSP_SERIOUS_INJ_COUNT","MOTORCYCLE_COUNT","MUNICIPALITY","NONMOTR_COUNT","NONMOTR_DEATH_COUNT","NONMOTR_SUSP_SERIOUS_INJ_COUNT","NTFY_HIWY_MAINT","PED_COUNT","PED_DEATH_COUNT","PED_SUSP_SERIOUS_INJ_COUNT","PERSON_COUNT","POLICE_AGCY","POSSIBLE_INJ_COUNT","RDWY_SURF_TYPE_CD","RELATION_TO_ROAD","ROADWAY_CLEARED","ROAD_CONDITION","SCH_BUS_IND","SCH_ZONE_IND","SECONDARY_CRASH","SMALL_TRUCK_COUNT","SPEC_JURIS_CD","SUSP_MINOR_INJ_COUNT","SUSP_SERIOUS_INJ_COUNT","SUV_COUNT","TCD_FUNC_CD","TCD_TYPE","TFC_DETOUR_IND","TIME_OF_DAY","TOTAL_UNITS","TOT_INJ_COUNT","UNBELTED_OCC_COUNT","UNB_DEATH_COUNT","UNB_SUSP_SERIOUS_INJ_COUNT","UNK_INJ_DEG_COUNT","UNK_INJ_PER_COUNT","URBAN_RURAL","VAN_COUNT","VEHICLE_COUNT","WEATHER1","WEATHER2","WORKERS_PRES","WORK_ZONE_IND","WORK_ZONE_LOC","WORK_ZONE_TYPE","WZ_CLOSE_DETOUR","WZ_FLAGGER","WZ_LAW_OFFCR_IND","WZ_LN_CLOSURE","WZ_MOVING","WZ_OTHER","WZ_SHLDER_MDN","WZ_WORKERS_INJ_KILLED"
"2020109029","1500","1","0","0","0","0","0","0","0","0","2","0","","02","12","2020","4","40.454296","-79.96139","1445","11","0","0","0","0","0","0","0","0","","0","0","0","","","0","N","0","","40 27:15.464","1","0","79 57:41.003","0","0","0","0","2301","0","0","0","N","0","0","0","1","02301","0","","4.0","30.0","2","N","N","N","0","","0","0","0","0","0","N","","1","0","0","0","0","0","0","2","0","1","","06","","N","","","","","","","","","",""
"2020106016","0736","0","0","0","0","0","0","0","0","0","7","0","","02","12","2020","3","40.427586","-79.890599","0729","11","0","0","0","0","0","0","0","0","","0","0","0","","","0","N","0","","40 25:39.308","","0","79 53:26.155","0","0","0","0","2301","0","0","0","N","0","0","0","1","68B03","0","","4.0","","9","N","N","N","0","","0","0","1","0","0","","","1","0","0","0","0","0","0","2","0","1","","10","","N","","","","","","","","","",""
"2020078762","1511","1","0","0","0","0","0","0","0","0","7","0","","02","9","2020","3","40.658875","-79.996853","1508","11","0","0","0","0","0","0","1","0","","0","0","0","","","1","N","0","","40 39:31.949","6","0","79 59:48.670","8","0","0","0","2216","0","0","0","N","0","0","0","1","02505","0","","5.0","1545.0","1","N","N","N","0","","0","0","0","0","0","Y","","1","1","0","0","0","1","0","1","0","1","","03","","N","","","","","","","","","",""
"2020109130","0122","2","0","0","0","0","0","0","0","0","1","0","","02","12","2020","7","40.439793","-79.87629","0122","11","0","0","0","0","0","0","0","0","","0","0","0","","","0","Y","0","","40 26:23.256","","0","79 52:34.645","0","0","0","0","2478","0","0","0","N","0","0","0","3","68B03","0","","1.0","","1","N","N","N","0","","0","0","1","3","2","","","3","0","1","0","0","0","0","2","0","3","","03","","N","","","","","","","","","",""
"2020089851","1210","0","0","0","0","0","0","0","0","0","1","0","","02","10","2020","2","40.414143","-80.072897","1200","11","0","0","0","0","0","1","0","0","","0","0","0","","","0","N","0","","40 24:50.914","2","7","80 04:22.428","0","0","0","0","2301","0","0","0","N","0","0","0","2","02301","0","","1.0","1200.0","1","N","N","N","1","","0","0","1","0","0","N","","2","0","0","0","0","0","0","2","0","2","","","","N","","","","","","","","","",""
"2020108044","0620","2","0","0","0","0","0","0","0","0","4","0","","02","12","2020","2","40.600357","-79.888678","0613","11","0","0","0","0","0","1","0","0","","0","0","0","","","0","N","2","","40 36:01.285","","0","79 53:19.242","0","0","0","0","2220","0","0","0","N","0","0","0","2","02220","0","","1.0","","9","N","N","N","0","","0","0","0","0","0","","","2","0","0","0","0","0","0","2","0","2","","","","N","","","","","","","","","",""
"2020107144","1152","0","0","0","0","0","0","0","0","0","1","0","","02","12","2020","6","40.435889","-79.825628","1146","11","0","0","1","0","0","0","0","0","","0","0","0","","","2","N","0","","40 26:09.202","3","0","79 49:32.261","3","0","0","0","2419","0","0","0","N","0","0","0","4","02419","0","","1.0","1227.0","1","N","N","Y","0","","2","0","2","0","0","N","","2","2","1","0","0","0","0","2","0","2","","","","N","","","","","","","","","",""
"2020113143","1515","3","0","0","0","0","0","0","0","0","1","0","","02","12","2020","3","40.472391","-79.958209","1430","11","0","0","0","0","0","0","1","0","","0","0","0","","","0","N","0","","40 28:20.608","","0","79 57:29.552","0","0","0","0","2301","0","0","0","N","0","0","0","1","02301","0","","2.0","","1","N","N","N","0","","0","0","0","0","0","","","3","0","0","0","0","0","0","2","0","3","","03","","N","","","","","","","","","",""
"2020093073","1827","1","0","0","0","0","0","0","0","0","7","0","","02","10","2020","1","40.44037","-79.832406","1747","11","0","0","0","0","0","0","0","0","","0","0","0","","","3","N","0","","40 26:25.331","","0","79 49:56.662","4","0","0","0","2419","0","0","0","N","0","0","0","3","68B03","3","","5.0","","9","N","N","N","0","","0","0","0","0","0","","","1","3","0","0","0","0","0","2","0","1","","","","N","","","","","","","","","",""
"2020103875","0826","1","0","0","0","0","0","0","0","0","7","0","","02","12","2020","3","40.521599","-80.065653","0817","11","0","0","0","0","0","0","0","0","","0","0","0","","","0","N","0","","40 31:17.757","1","0","80 03:56.350","0","0","0","0","2215","0","0","0","Y","0","0","0","2","68B03","0","","4.0","30.0","6","N","N","N","0","","0","0","0","0","0","N","","1","0","0","0","0","0","0","2","0","1","","02","","N","","","","","","","","","",""
"2020102844","1854","1","0","0","0","0","0","0","0","0","4","0","","02","11","2020","2","40.319478","-79.941423","1853","11","0","0","0","0","0","0","1","0","","0","0","0","","","1","Y","0","","40 19:10.119","5","7","79 56:29.121","3","0","0","0","2454","0","0","0","N","0","0","0","6","02454","0","","1.0","2000.0","9","N","N","Y","1","","1","0","1","0","0","Y","","4","1","0","0","0","0","0","2","1","4","","07","","N","","","","","","","","","",""
"2020080505","2046","1","0","0","0","0","0","0","0","0","4","0","","02","9","2020","3","40.453725","-79.993324","2038","11","0","1","0","0","0","1","0","0","","0","0","0","","","2","","1","","40 27:13.409","","0","79 59:35.966","3","0","0","0","2301","0","0","0","N","0","0","0","2","02301","0","","1.0","","9","N","N","N","0","","2","0","1","0","0","N","","2","2","0","0","0","0","0","2","0","2","","07","","N","","","","","","","","","",""
"2020107740","2341","0","0","0","0","0","0","0","0","0","7","0","","02","12","2020","4","40.444614","-80.009431","2335","11","0","0","0","0","0","0","0","0","","0","0","0","","","0","N","0","","40 26:40.609","2","3","80 00:33.953","0","0","0","0","2301","0","0","0","N","0","0","0","1","68B03","0","","1.0","13.0","1","N","N","N","0","","0","0","1","0","0","N","","1","0","0","0","0","0","0","2","0","1","","03","","N","","","","","","","","","",""
"2020103719","1456","1","0","0","0","0","0","0","0","0","2","0","","02","12","2020","4","40.576442","-80.025972","1450","11","0","0","0","1","0","0","0","0","","0","0","0","","","0","N","1","","40 34:35.192","","0","80 01:33.499","0","0","0","0","2108","0","0","0","N","0","0","0","2","02108","0","","1.0","","1","N","N","N","1","","0","0","0","3","2","","","2","0","0","0","0","0","0","2","0","2","","03","","N","","","","","","","","","",""
"2020077258","1906","1","0","0","0","0","0","0","0","0","4","0","","02","9","2020","1","40.355077","-80.116161","1906","11","0","0","0","0","1","0","0","0","","0","0","0","","","0","","1","","40 21:18.276","","0","80 06:58.178","0","0","0","0","2119","0","0","0","N","0","0","0","6","02119","0","","1.0","","1","N","N","N","0","","0","0","1","3","2","","","2","0","2","0","0","0","0","2","0","2","","03","","N","","","","","","","","","",""
"2020105653","1639","0","0","0","0","0","0","0","0","0","1","0","","02","12","2020","5","40.323143","-79.926696","1637","11","0","1","0","0","0","0","0","0","","0","0","0","","","0","Y","0","","40 19:23.313","","0","79 55:36.105","0","0","0","0","2440","0","0","0","N","0","0","0","2","02440","0","","1.0","","1","N","N","N","0","","0","0","2","3","2","","","2","0","0","0","0","0","0","2","0","2","","","","N","","","","","","","","","",""
"2020105934","1823","1","0","0","0","0","0","0","0","0","4","0","","02","12","2020","3","40.346664","-80.048731","1814","11","0","0","0","0","0","0","1","0","","0","0","0","","","0","Y","0","","40 20:47.990","","7","80 02:55.430","0","0","0","0","2407","0","0","0","N","0","0","0","2","02407","0","","1.0","","7","N","N","N","0","","0","0","1","0","0","","","2","0","0","0","0","0","0","2","0","2","","10","","N","","","","","","","","","",""
"2020105395","1445","0","0","0","0","0","0","0","0","0","7","0","","02","12","2020","1","40.399606","-79.878395","1437","11","0","0","0","0","0","0","0","0","","0","0","0","","","0","N","0","","40 23:58.580","2","0","79 52:42.222","0","0","0","0","2473","0","0","0","N","0","0","0","1","02473","0","","1.0","1515.0","1","N","N","N","0","","0","0","1","0","0","N","","2","0","0","0","0","0","0","2","0","1","","04","","N","","","","","","","","","",""
"2020106774","2003","2","0","0","0","0","0","0","0","0","4","0","","02","12","2020","5","40.459487","-80.00841","1957","11","0","0","0","0","0","0","0","0","","0","0","0","","","0","N","2","","40 27:34.152","","0","80 00:30.277","9","0","0","0","2301","0","0","0","N","0","0","0","3","02301","0","","1.0","","1","N","N","Y","0","","0","0","0","3","3","","","2","0","0","0","0","0","1","2","0","2","","03","","N","","","","","","","","","",""
"2020111690","1236","0","0","0","0","0","0","0","0","0","0","0","","02","12","2020","4","40.593537","-80.095846","1236","11","0","0","0","0","0","0","1","0","","0","0","0","","","0","Y","0","","40 35:36.734","","0","80 05:45.046","0","0","0","0","2481","0","0","0","N","0","0","0","1","68B03","0","","1.0","","7","N","N","N","1","","0","0","0","0","0","","","1","0","0","0","0","0","0","2","0","1","","03","","N","","","","","","","","","",""
"2020102857","2238","1","0","0","0","0","0","0","0","0","8","0","","02","11","2020","2","40.423375","-79.886797","2235","11","0","0","0","0","0","0","0","0","","0","0","0","","","1","","2","","40 25:24.150","","0","79 53:12.469","3","0","0","0","2463","1","0","0","N","1","0","0","1","02463","0","","1.0","","9","N","N","N","0","","1","0","0","3","2","N","","2","1","0","0","0","0","0","2","0","1","","05","","N","","","","","","","","","",""
"2020107409","1219","1","0","0","0","0","0","0","0","0","4","0","","02","12","2020","6","40.387641","-80.090992","1217","11","0","0","0","0","0","0","0","2","","0","0","0","","","2","N","1","","40 23:15.509","2","0","80 05:27.572","3","0","0","0","2437","0","0","0","N","0","0","0","2","02437","0","","1.0","1300.0","1","N","N","N","0","","2","0","1","3","2","Y","","2","2","0","0","0","0","0","2","0","2","","","","N","","","","","","","","","",""
"2020106286","1130","1","0","0","0","0","0","0","0","0","7","0","","02","12","2020","4","40.351741","-80.011492","1130","11","0","0","0","1","0","0","0","0","","0","0","0","","","0","","1","","40 21:06.266","1","0","80 00:41.371","0","0","0","0","2476","0","0","0","N","0","0","0","2","02476","0","","4.0","1139.0","1","N","N","N","0","","0","0","0","3","2","N","","1","0","0","0","0","0","0","2","0","1","","03","","N","","","","","","","","","",""
"2020106105","1709","0","0","0","0","0","0","0","0","0","7","0","","02","12","2020","3","40.380861","-80.031361","1704","11","0","0","0","0","0","1","0","0","","0","0","0","","","1","N","0","","40 22:51.100","7","0","80 01:52.900","4","0","0","0","2109","0","0","0","N","0","0","0","1","02109","1","","5.0","1748.0","1","N","N","N","0","","0","0","1","0","0","Y","","1","1","0","0","0","0","0","2","0","1","","","","N","","","","","","","","","",""
"2020079542","1848","1","0","4","0","0","0","0","0","0","4","0","","02","9","2020","1","40.532123","-79.712815","1843","11","0","0","1","0","0","0","0","0","","0","0","0","","","6","","1","","40 31:55.644","6","0","79 42:46.134","2","0","0","0","2466","0","0","0","N","0","0","0","6","02466","0","","1.0","1929.0","1","N","N","N","1","","0","4","0","3","3","N","","2","6","0","0","0","2","0","1","0","2","","","","N","","","","","","","","","",""
"2020107161","1038","1","0","0","0","0","0","0","0","0","1","0","","02","12","2020","7","40.604514","-79.757224","1035","11","0","0","1","0","0","0","0","0","","0","0","0","","","0","N","1","","40 36:16.250","","0","79 45:26.006","0","0","0","0","2464","0","0","0","N","0","0","0","2","02464","0","","1.0","","1","N","N","N","1","","0","0","0","3","2","","","2","0","0","0","0","0","0","2","0","2","","03","","N","","","","","","","","","",""
"2020078933","1437","1","0","0","0","0","0","0","0","0","5","0","","02","9","2020","2","40.550883","-80.037313","1435","11","0","1","0","0","0","0","1","0","","0","0","0","","","1","Y","0","","40 33:03.179","","0","80 02:14.325","8","0","0","0","2108","0","0","0","N","0","0","0","2","02108","0","","1.0","","1","N","N","Y","0","","0","0","1","0","0","","","2","1","0","0","0","1","0","2","0","2","","","","N","","","","","","","","","",""
"2020079624","1953","1","0","0","0","0","0","0","0","0","5","0","","02","9","2020","1","40.466359","-79.993819","1943","11","0","0","0","0","0","0","0","0","","0","0","0","","","0","","2","","40 27:58.892","","0","79 59:37.748","9","0","0","0","2301","0","0","0","N","0","0","0","2","02301","0","","1.0","","1","N","N","N","0","","0","0","1","0","0","","","2","0","1","0","0","0","1","2","0","2","","03","","N","","","","","","","","","",""
"2020107239","1534","1","0","0","0","0","0","0","0","0","1","0","","02","12","2020","7","40.363848","-79.842953","1531","11","0","0","0","0","0","2","0","0","","0","0","0","","","0","N","1","","40 21:49.853","2","0","79 50:34.629","0","0","0","0","2303","0","0","0","N","0","0","0","4","02303","0","","1.0","1603.0","9","N","N","N","1","","0","0","0","3","2","N","","2","0","0","0","0","0","0","2","0","2","","","","N","","","","","","","","","",""
"2020110406","1831","1","0","0","0","0","0","0","0","0","4","0","","02","12","2020","4","40.6279","-79.719254","1827","11","0","0","0","0","0","0","0","0","","0","0","0","","","0","","1","","40 37:40.441","1","0","79 43:09.316","0","0","0","0","2106","0","0","0","N","0","0","0","2","02106","0","","1.0","30.0","1","N","N","Y","1","","0","0","1","0","0","N","","3","0","0","0","0","0","0","2","0","3","","","","N","","","","","","","","","",""
"2020105891","1357","1","0","0","0","0","0","0","0","0","1","0","","02","12","2020","1","40.498269","-79.944382","1357","11","0","0","0","0","0","0","1","0","","0","0","0","","","0","N","0","","40 29:53.767","1","0","79 56:39.774","0","0","0","0","2430","0","0","0","N","0","0","0","2","02430","0","","1.0","1513.0","1","N","N","N","1","","0","0","1","0","0","Y","","3","0","0","0","0","0","0","2","0","3","","","","N","","","","","","","","","",""
"2020103174","1615","2","0","0","0","0","0","0","0","0","2","0","","02","12","2020","3","40.408142","-79.992089","1606","11","0","0","0","0","0","0","0","0","","0","0","0","","","0","","1","","40 24:29.311","","0","79 59:31.520","9","0","0","0","2301","0","0","0","N","0","0","0","2","02301","0","","1.0","","7","N","N","N","0","","0","0","0","0","0","","","2","0","0","0","0","0","1","2","0","2","","02","","N","","","","","","","","","",""
"2020112601","1330","1","0","0","0","0","0","0","0","0","6","0","","02","12","2020","4","40.373083","-79.800941","1322","11","0","0","0","0","0","1","0","0","","0","0","0","","","2","N","0","","40 22:23.098","5","0","79 48:03.389","3","0","0","0","2111","0","0","0","N","0","0","0","4","02111","0","","1.0","1400.0","7","N","N","N","0","","2","0","1","3","3","N","","2","2","0","0","0","0","0","2","0","2","","10","","N","","","","","","","","","",""
"2020104570","1610","0","0","0","0","0","0","0","0","0","7","0","","02","12","2020","6","40.380609","-79.911683","1605","11","0","0","0","0","0","0","0","0","","0","0","0","","","0","N","1","","40 22:50.192","","0","79 54:42.058","0","0","0","0","2448","0","0","0","N","0","0","0","1","02448","0","","5.0","","9","N","N","N","1","","0","0","0","0","0","","","1","0","0","0","0","0","0","2","0","1","","","","N","","","","","","","","","",""
"2020104416","1310","1","0","0","0","0","0","0","0","0","1","0","","02","12","2020","6","40.427946","-80.000164","1254","11","0","0","0","0","0","0","0","0","","0","0","0","","","0","N","0","","40 25:40.605","1","4","80 00:00.590","0","0","0","0","2301","0","0","0","N","0","0","0","3","02301","0","","1.0","1310.0","1","N","N","N","0","","0","0","1","3","2","Y","","2","0","0","0","0","0","0","2","0","2","","03","","N","","","","","","","","","",""
"2020108653","1305","1","0","0","0","0","0","0","0","0","7","0","","02","12","2020","4","40.542277","-80.060158","1250","11","0","0","0","0","0","0","0","0","","0","0","0","","","1","N","0","","40 32:32.196","","0","80 03:36.569","3","0","0","0","2116","0","0","0","N","0","0","0","2","02116","0","","5.0","","7","N","N","N","0","","1","0","0","0","0","","","1","1","0","0","0","0","0","2","0","1","","10","","N","","","","","","","","","",""
"2020101065","2220","1","0","0","0","0","0","0","0","0","4","0","","02","10","2020","7","40.521743","-80.172601","2217","11","0","0","0","0","0","0","0","0","","0","0","0","","","0","N","0","","40 31:18.274","3","0","80 10:21.363","0","0","0","0","2420","0","0","0","N","0","0","0","1","02420","0","","6.0","2305.0","1","N","N","N","0","","0","0","2","0","0","Y","","3","0","0","0","0","0","0","2","0","3","","","","N","","","","","","","","","",""
"2020078945","1612","0","0","0","0","0","0","0","0","0","8","0","","02","9","2020","4","40.550989","-80.191511","1610","11","0","0","0","0","0","0","1","0","","0","0","0","","","1","N","0","","40 33:03.562","5","7","80 11:29.439","8","0","0","0","2427","1","0","0","N","1","0","0","2","02427","0","","4.0","1631.0","1","N","N","N","0","","0","0","2","0","0","N","","3","1","0","0","0","1","0","2","0","2","","03","","N","","","","","","","","","",""
"2020111946","1430","2","0","0","0","0","0","0","0","0","4","0","","02","12","2020","2","40.449839","-79.929647","1341","11","0","0","0","0","0","0","1","0","","0","0","0","","","0","N","1","","40 26:59.420","1","0","79 55:46.729","0","0","0","0","2301","0","0","0","N","0","0","0","3","02301","0","","1.0","1430.0","9","N","N","N","0","","0","0","0","3","2","Y","","2","0","0","0","0","0","0","2","0","2","","03","","N","","","","","","","","","",""
"2020106813","0305","0","0","0","0","0","0","0","0","0","1","0","","02","12","2020","6","40.429295","-79.958932","0300","11","0","0","0","0","0","0","0","0","","0","0","0","","","0","N","0","","40 25:45.461","5","3","79 57:32.156","0","0","0","0","2301","0","0","0","N","0","0","0","3","02301","0","","1.0","400.0","1","N","N","N","1","","0","0","1","0","0","N","","2","0","0","0","0","0","0","2","0","2","","03","","N","","","","","","","","","",""
"2020078067","1805","2","0","0","0","0","0","0","0","0","5","0","","02","9","2020","3","40.464168","-80.008258","1801","11","0","0","0","0","0","0","0","0","","0","0","0","","","0","N","0","","40 27:51.003","","0","80 00:29.728","0","0","0","0","2301","0","0","0","N","0","0","0","1","02301","0","","6.0","","1","N","N","Y","0","","0","0","0","0","0","","","2","0","0","0","0","0","0","2","0","2","","","","N","","","","","","","","","",""
"2020111425","1604","0","0","0","0","0","0","0","0","0","7","0","","02","12","2020","4","40.520844","-80.19225","1559","11","0","0","0","1","0","0","0","0","","0","0","0","","","0","","2","","40 31:15.038","","0","80 11:32.100","0","0","0","0","2213","0","0","0","N","0","0","0","1","02213","0","","4.0","","7","N","N","N","0","","0","0","1","0","0","","","1","0","0","0","0","0","0","2","0","1","","10","","N","","","","","","","","","",""
"2020111383","1920","1","0","0","0","0","0","0","0","0","7","0","","02","12","2020","4","40.357185","-80.017198","1908","11","0","0","0","0","0","1","0","0","","0","0","0","","","1","","3","","40 21:25.866","","0","80 01:01.912","3","0","0","0","2407","0","0","0","Y","0","0","0","1","02407","0","","4.0","","7","N","N","N","0","","1","0","0","0","0","","","1","1","0","0","0","0","0","2","0","1","","02","","N","","","","","","","","","",""
"2020079751","0706","1","0","0","0","0","0","0","0","0","2","0","","02","9","2020","2","40.346286","-79.887833","0704","11","0","0","0","0","0","0","0","0","","0","0","0","","","1","N","0","","40 20:46.630","","3","79 53:16.200","8","0","0","0","2304","0","0","0","N","0","0","0","1","02304","0","","5.0","","9","N","N","N","0","","0","0","0","0","0","N","","1","1","0","0","0","1","0","2","0","1","","","","N","","","","","","","","","",""
"2020077143","1235","1","0","0","0","0","0","0","0","0","2","0","","02","9","2020","7","40.399668","-80.064919","1229","11","0","1","0","0","0","0","0","0","","0","0","0","","","0","","1","","40 23:58.804","1","0","80 03:53.707","0","0","0","0","2117","0","0","0","N","0","0","0","2","02117","0","","1.0","1300.0","1","N","N","N","0","","0","0","1","3","2","N","","2","0","0","0","0","0","0","2","0","2","","","","N","","","","","","","","","",""
"2020089863","1805","1","0","0","0","0","0","0","0","0","5","0","","02","10","2020","1","40.429833","-80.001167","1800","11","0","0","0","0","0","0","0","0","","0","0","0","","","0","N","0","","40 25:47.400","","0","80 00:04.200","9","0","0","0","2301","0","0","0","N","0","0","0","2","02301","0","","2.0","","1","N","N","N","0","","0","0","1","0","0","","","2","0","0","0","0","0","1","2","0","2","","04","","N","","","","","","","","","",""
"2020078847","1622","1","0","0","0","0","0","0","0","0","1","0","","02","9","2020","2","40.534291","-79.844103","1619","11","0","0","0","0","0","0","0","0","","0","0","0","","","1","N","0","","40 32:03.449","2","0","79 50:38.772","3","0","0","0","2208","0","0","0","N","0","0","0","3","02208","0","","1.0","1644.0","1","N","N","N","0","","1","0","2","0","0","Y","","3","1","0","0","0","0","0","2","0","3","","03","","N","","","","","","","","","",""
"2020108008","1953","1","0","0","0","0","0","0","0","0","7","0","","02","12","2020","2","40.485326","-80.009494","1947","11","0","0","0","0","0","0","0","0","","0","0","0","","","0","N","1","","40 29:07.174","","0","80 00:34.178","0","0","0","0","2301","0","0","0","N","0","0","0","1","02301","0","","4.0","","9","N","N","N","0","","0","0","0","3","2","","","1","0","0","0","0","0","0","2","0","1","","","","N","","","","","","","","","",""
"2020078568","1300","1","0","0","0","0","0","0","0","0","6","0","","02","9","2020","2","40.413586","-79.852483","1257","11","0","0","0","0","0","2","0","0","","0","0","0","","","0","N","0","","40 24:48.910","4","7","79 51:08.940","0","0","0","0","2411","0","0","0","N","0","0","0","2","02411","0","","1.0","1330.0","1","N","N","N","0","","0","0","1","0","0","Y","","2","0","0","0","0","0","0","2","0","2","","","","N","","","","","","","","","",""
"2020102503","2140","2","0","0","0","0","0","0","0","0","5","0","","02","11","2020","1","40.504324","-80.061526","2041","11","0","0","0","0","0","0","0","0","","0","0","0","","","0","Y","0","","40 30:15.568","","0","80 03:41.495","0","0","0","0","2402","0","0","0","N","0","0","0","1","02402","0","","4.0","","1","N","N","N","0","","0","0","1","0","0","","","3","0","1","0","0","0","0","2","0","3","","03","","N","","","","","","","","","",""
"2020108879","1914","1","0","0","0","0","0","0","0","0","4","0","","02","12","2020","4","40.284167","-79.821667","1609","11","0","0","0","0","0","0","0","0","","0","0","0","","","0","N","0","","40 17:03.000","6","0","79 49:18.000","0","0","0","0","2105","0","0","0","N","0","0","0","5","02105","0","","1.0","1655.0","7","N","N","N","0","","0","0","1","0","0","Y","","2","0","0","0","0","0","0","2","0","2","","10","","N","","","","","","","","","",""
"2020110027","1550","0","0","0","0","0","0","0","0","0","1","0","","02","12","2020","7","40.493369","-79.946576","1549","11","0","0","0","0","0","0","1","0","","0","0","0","","","0","Y","0","","40 29:36.130","2","0","79 56:47.672","0","0","0","0","2430","0","0","0","N","0","0","0","3","02430","0","","1.0","1618.0","9","N","N","N","0","","0","0","2","0","0","N","","2","0","0","0","0","0","0","2","0","2","","","","N","","","","","","","","","",""
"2020111396","2025","1","0","0","0","0","0","0","0","0","4","0","","02","12","2020","4","40.397957","-79.790434","2006","11","0","0","0","0","0","0","0","0","","0","0","0","","","0","N","0","","40 23:52.646","6","0","79 47:25.564","0","0","0","0","2446","0","0","0","N","0","0","0","3","02446","0","","1.0","2130.0","7","N","N","N","0","","0","0","1","0","0","N","","2","0","1","0","0","0","0","2","0","2","","10","","N","","","","","","","","","",""
"2020103179","1620","0","0","0","0","0","0","0","0","0","7","0","","02","12","2020","3","40.493594","-79.760349","1617","11","0","0","0","0","0","0","0","0","","0","0","0","","","0","N","0","","40 29:36.939","","0","79 45:37.258","0","0","0","0","2466","0","0","0","N","0","0","0","1","02466","0","","2.0","","2","N","N","N","1","","0","0","0","0","0","","","1","0","1","0","0","0","0","2","0","1","","02","","N","","","","","","","","","",""
"2020112255","2303","1","0","0","0","0","0","0","0","0","4","0","","02","12","2020","5","40.449839","-79.929647","2259","11","0","0","0","0","0","0","0","0","","0","0","0","","","0","N","1","","40 26:59.420","4","0","79 55:46.729","0","0","0","0","2301","0","0","0","N","0","0","0","2","02301","0","","1.0","2323.0","7","N","N","N","0","","0","0","1","3","2","N","","2","0","0","0","0","0","0","2","0","2","","10","","N","","","","","","","","","",""
"2020091340","1352","2","0","0","0","0","0","0","0","0","4","0","","02","10","2020","7","40.327371","-79.840252","1345","11","0","0","0","0","0","0","0","1","","0","0","0","","","4","N","0","","40 19:38.537","","7","79 50:24.908","3","0","0","0","2304","0","0","0","N","0","0","0","5","02304","0","","1.0","","1","N","N","N","0","","4","0","0","0","0","","","2","4","5","0","0","0","0","2","0","2","","98","","N","","","","","","","","","",""
"2020103175","1615","1","0","0","0","0","0","0","0","0","7","0","","02","12","2020","3","40.448328","-80.022368","1615","11","0","0","0","0","0","0","0","0","","0","0","0","","","0","N","0","","40 26:53.980","3","0","80 01:20.523","0","0","0","0","2301","0","0","0","N","0","0","0","1","02301","0","","1.0","1640.0","7","N","N","N","0","","0","0","0","0","0","Y","","1","0","0","0","0","0","0","2","0","1","","","","N","","","","","","","","","",""
"2020079678","0333","3","0","0","0","0","0","0","0","0","5","0","","02","9","2020","2","40.461834","-80.006505","0328","11","0","0","0","0","0","0","0","0","","0","0","0","","","0","","2","","40 27:42.602","","0","80 00:23.417","0","0","0","0","2301","0","0","0","N","0","0","0","1","02301","0","","1.0","","1","N","N","N","0","","0","0","1","0","0","N","","4","0","0","0","0","0","0","2","0","4","","03","","N","","","","","","","","","",""
"2020105107","2257","2","0","0","0","0","0","0","0","0","4","0","","02","12","2020","6","40.4431","-80.028841","2252","11","0","0","0","1","0","0","0","0","","0","0","0","","","0","N","0","","40 26:35.161","4","0","80 01:43.829","0","0","0","0","2301","0","0","0","N","0","0","0","2","02301","0","","7.0","2321.0","2","N","N","N","0","","0","0","0","3","2","N","","2","0","0","0","0","0","0","2","0","2","","06","","N","","","","","","","","","",""
"2020105332","1057","1","0","0","0","0","0","0","0","0","6","0","","02","12","2020","2","40.424517","-80.009983","1045","11","0","0","0","0","0","0","0","0","","0","0","0","","","0","N","11","","40 25:28.260","","0","80 00:35.940","9","0","0","0","2301","0","0","0","N","0","0","0","1","02301","0","","2.0","","1","N","N","N","0","","0","0","0","0","0","","","2","0","0","0","0","0","1","2","0","2","","03","","N","","","","","","","","","",""