"CRN","ARRIVAL_TM","AUTOMOBILE_COUNT","BELTED_DEATH_COUNT","BELTED_SUSP_SERIOUS_INJ_COUNT","BICYCLE_COUNT","BICYCLE_DEATH_COUNT","BICYCLE_SUSP_SERIOUS_INJ_COUNT","BUS_COUNT","CHLDPAS_DEATH_COUNT","CHLDPAS_SUSP_SERIOUS_INJ_COUNT","COLLISION_TYPE","COMM_VEH_COUNT","CONS_ZONE_SPD_LIM","COUNTY","CRASH_MONTH","CRASH_YEAR","DAY_OF_WEEK","DEC_LATITUDE","DEC_LONGITUDE","DISPATCH_TM","DISTRICT","DRIVER_COUNT_16YR","DRIVER_COUNT_17YR","DRIVER_COUNT_18YR","DRIVER_COUNT_19YR","DRIVER_COUNT_20YR","DRIVER_COUNT_50_64YR","DRIVER_COUNT_65_74YR","DRIVER_COUNT_75PLUS","EST_HRS_CLOSED","FATAL_COUNT","HEAVY_TRUCK_COUNT","HORSE_BUGGY_COUNT","HOUR_OF_DAY","ILLUMINATION","INJURY_COUNT","INTERSECTION_RELATED","INTERSECT_TYPE","LANE_CLOSED","LATITUDE","LN_CLOSE_DIR","LOCATION_TYPE","LONGITUDE","MAX_SEVERITY_LEVEL","MCYCLE_DEATH_COUNT","MCYCLE_SUSP_SERIOUS_INJ_COUNT","MOTORCYCLE_COUNT","MUNICIPALITY","NONMOTR_COUNT","NONMOTR_DEATH_COUNT","NONMOTR_SUSP_SERIOUS_INJ_COUNT","NTFY_HIWY_MAINT","PED_COUNT","PED_DEATH_COUNT","PED_SUSP_SERIOUS_INJ_COUNT","PERSON_COUNT","POLICE_AGCY","POSSIBLE_INJ_COUNT","RDWY_SURF_TYPE_CD","RELATION_TO_ROAD","ROADWAY_CLEARED","ROAD_CONDITION","SCH_BUS_IND","SCH_ZONE_IND","SECONDARY_CRASH","SMALL_TRUCK_COUNT","SPEC_JURIS_CD","SUSP_MINOR_INJ_COUNT","SUSP_SERIOUS_INJ_COUNT","SUV_COUNT","TCD_FUNC_CD","TCD_TYPE","TFC_DETOUR_IND","TIME_OF_DAY","TOTAL_UNITS","TOT_INJ_COUNT","UNBELTED_OCC_COUNT","UNB_DEATH_COUNT","UNB_SUSP_SERIOUS_INJ_COUNT","UNK_INJ_DEG_COUNT","UNK_INJ_PER_COUNT","URBAN_RURAL","VAN_COUNT","VEHICLE_COUNT","WEATHER1","WEATHER2","WORKERS_PRES","WORK_ZONE_IND","WORK_ZONE_LOC","WORK_ZONE_TYPE","WZ_CLOSE_DETOUR","WZ_FLAGGER","WZ_LAW_OFFCR_IND","WZ_LN_CLOSURE","WZ_MOVING","WZ_OTHER","WZ_SHLDER_MDN","WZ_WORKERS_INJ_KILLED"
"2020078872","2244","3","0","0","0","0","0","0","0","0","1","0","","02","9","2020","5","40.441855","-80.022143","2236","11","0","0","0","0","0","0","0","0","","0","0","0","","","0","N","0","","40 26:30.678","4","0","80 01:19.716","0","0","0","0","2301","0","0","0","N","0","0","0","3","02301","0","","1.0","2327.0","1","N","N","Y","0","","0","0","0","3","2","Y","","3","0","0","0","0","0","0","2","0","3","","03","","N","","","","","","","","","",""
"2020104764","0725","1","0","0","0","0","0","0","0","0","7","0","","02","12","2020","7","40.398497","-80.026697","0717","11","0","1","0","0","0","0","0","0","","0","0","0","","","1","N","0","","40 23:54.590","","0","80 01:36.110","3","0","0","0","2301","0","0","0","N","0","0","0","1","02301","0","","4.0","","1","N","N","N","0","","1","0","0","0","0","N","","1","1","0","0","0","0","0","2","0","1","","03","","N","","","","","","","","","",""
"2020104184","2248","1","0","0","0","0","0","0","0","0","2","0","","02","12","2020","4","40.447995","-80.011056","2238","11","0","0","0","0","0","0","0","0","","0","0","0","","","0","N","0","","40 26:52.783","","2","80 00:39.802","0","0","0","0","2301","0","0","0","N","0","0","0","1","02301","0","","1.0","","2","N","N","N","0","","0","0","0","0","0","N","","1","0","0","0","0","0","0","2","0","1","","","","N","","","","","","","","","",""
"2020107170","1201","1","0","0","0","0","0","0","0","0","7","0","","02","12","2020","2","40.363247","-80.124603","1157","11","0","0","0","0","1","0","0","0","","0","0","0","","","0","N","0","","40 21:47.690","","0","80 07:28.570","0","0","0","0","2119","0","0","0","N","0","0","0","1","02119","0","","5.0","","1","N","N","N","0","","0","0","0","0","0","","","1","0","0","0","0","0","0","2","0","1","","03","","N","","","","","","","","","",""
"2020111419","2202","2","0","0","0","0","0","0","0","0","2","0","","02","12","2020","5","40.427158","-79.723359","2154","11","0","0","0","0","0","0","0","0","","0","0","0","","","0","N","1","","40 25:37.770","","0","79 43:24.093","0","0","0","0","2446","0","0","0","N","0","0","0","2","02446","0","","1.0","","1","N","N","N","0","","0","0","0","3","2","","","2","0","0","0","0","0","0","2","0","2","","03","","N","","","","","","","","","",""
"2020079196","0414","1","0","0","0","0","0","0","0","0","7","0","","02","9","2020","7","40.448628","-80.002278","0406","11","0","0","0","0","0","0","0","0","","0","0","0","","","0","N","1","","40 26:55.061","1","0","80 00:08.202","9","0","0","0","2301","0","0","0","N","0","0","0","1","02301","0","","5.0","441.0","1","N","N","N","0","","0","0","0","3","1","N","","1","0","0","0","0","0","1","2","0","1","","03","","N","","","","","","","","","",""
"2020110028","1437","2","0","0","0","0","0","0","0","0","6","0","","02","12","2020","7","40.413322","-79.906824","1437","11","0","0","0","0","0","0","0","0","","0","0","0","","","1","N","0","","40 24:47.959","","0","79 54:24.566","4","0","0","0","2438","0","0","0","N","0","0","0","3","02438","1","","1.0","","1","","","N","0","","0","0","0","0","0","","","2","1","2","0","0","0","0","2","0","2","","","","N","","","","","","","","","",""
"2020093847","0209","0","0","0","0","0","0","0","0","0","7","0","","02","10","2020","7","40.651651","-80.042054","0142","11","0","0","0","0","0","1","0","0","","0","0","0","","","0","N","0","","40 39:05.944","4","0","80 02:31.395","0","0","0","0","2216","0","0","0","N","0","0","0","1","68T02","0","","3.0","230.0","1","N","N","N","0","","0","0","1","0","0","N","","1","0","0","0","0","0","0","2","0","1","","","","N","","","","","","","","","",""
"2020079722","1245","0","0","0","0","0","0","0","0","0","4","0","","02","9","2020","3","40.450068","-80.109632","1241","11","0","0","0","1","0","0","0","0","","0","0","0","12","","1","","1","","40 27:00.245","4","0","80 06:34.675","2","0","1","1","2115","0","0","0","N","0","0","0","2","02115","0","","1.0","1323.0","1","N","N","N","0","","0","1","0","","2","N","1238","2","1","0","0","0","0","0","2","1","2","","03","","N","","","","","","","","","",""
"2020105196","1817","0","0","0","0","0","0","0","0","0","7","0","","02","12","2020","3","40.379069","-80.163096","1805","11","0","0","1","0","0","0","0","0","","0","0","0","18","","1","Y","0","","40 22:44.647","","0","80 09:47.147","8","0","0","0","2119","0","0","0","N","0","0","0","1","02119","0","","5.0","","7","N","N","N","1","","0","0","0","","0","","1805","1","1","0","0","0","1","0","2","0","1","","10","","N","","","","","","","","","",""
"2020096513","0516","1","0","0","0","0","0","0","0","0","7","0","","02","10","2020","4","40.425429","-79.909228","0450","11","0","0","0","0","0","0","1","0","","0","0","0","04","","0","N","0","","40 25:31.546","","0","79 54:33.222","0","0","0","0","2301","0","0","0","N","0","0","0","1","68B03","0","","4.0","","9","N","N","N","0","","0","0","0","","0","","0449","2","0","0","0","0","0","0","2","0","1","","","","N","","","","","","","","","",""
"2020110480","2158","1","0","0","0","0","0","0","0","0","8","0","","02","12","2020","5","40.673832","-80.116472","2151","11","0","0","0","0","0","0","0","0","","0","0","0","21","","1","N","0","","40 40:25.794","","7","80 06:59.299","8","0","0","0","2212","1","0","0","N","1","0","0","2","02505","0","","1.0","","9","N","N","N","0","","0","0","0","","3","","2150","2","1","0","0","0","1","0","2","0","1","","","","N","","","","","","","","","",""
"2020111945","1055","2","0","0","0","0","0","0","0","0","4","0","","02","12","2020","6","40.405012","-80.036319","1041","11","0","0","0","0","0","0","0","0","","0","0","0","10","","0","N","0","","40 24:18.044","","0","80 02:10.750","0","0","0","0","2301","0","0","0","Y","0","0","0","1","02301","0","","1.0","","7","N","N","N","0","","0","0","3","","0","N","1041","6","0","0","0","0","0","0","2","0","6","","06","","N","","","","","","","","","",""
"2020103476","1849","0","0","0","0","0","0","0","0","0","7","0","","02","12","2020","3","40.462553","-79.804098","1841","11","0","0","0","0","0","0","0","0","","0","0","0","18","","0","N","0","","40 27:45.192","6","0","79 48:14.752","0","0","0","0","2113","0","0","0","N","0","0","0","1","02113","0","","5.0","2014.0","2","N","N","N","0","","0","0","1","","0","N","1840","1","0","0","0","0","0","0","2","0","1","","10","","N","","","","","","","","","",""
"2020101519","2238","2","0","0","0","0","0","0","0","0","1","0","55","02","10","2020","6","40.496353","-79.913574","2217","11","0","0","0","0","0","0","0","0","","0","0","0","22","","1","N","0","","40 29:46.870","","0","79 54:48.865","3","0","0","0","2112","0","0","0","N","0","0","0","2","68D02","0","","1.0","","1","N","N","N","0","","1","0","0","","0","","2201","2","1","0","0","0","0","0","2","0","2","","","Y","Y","4","2","N","N","N","N","N","N","Y","N"
"2020103225","1801","1","0","0","0","0","0","0","0","0","1","0","","02","12","2020","3","40.410825","-79.918603","1752","11","0","0","0","0","0","0","0","0","","0","0","0","17","","0","Y","0","","40 24:38.970","4","3","79 55:06.970","0","0","0","0","2301","0","0","0","N","0","0","0","4","02301","0","","1.0","1818.0","7","N","N","N","1","","0","0","1","","0","N","1750","3","0","0","0","0","0","0","2","0","3","","06","","N","","","","","","","","","",""
"2020079187","2040","1","0","0","0","0","0","0","0","0","8","0","","02","9","2020","2","40.390237","-79.868905","2037","11","0","0","0","0","0","0","0","0","","0","0","0","20","","1","N","0","","40 23:24.852","1","0","79 52:08.059","2","0","0","0","2473","1","0","1","N","1","0","1","2","02473","0","","1.0","2100.0","1","N","N","N","0","","0","1","0","","0","N","2008","2","1","0","0","0","0","0","2","0","1","","03","","N","","","","","","","","","",""
"2020092744","0321","1","0","0","0","0","0","0","0","0","7","0","","02","11","2020","1","40.419806","-79.858941","0318","11","0","0","0","0","0","0","0","0","","0","0","0","03","","1","N","2","","40 25:11.302","5","0","79 51:32.186","3","0","0","0","2411","0","0","0","N","0","0","0","1","02463","0","","4.0","408.0","1","N","N","N","0","","1","0","0","","0","Y","0318","1","1","1","0","0","0","0","2","0","1","","03","","N","","","","","","","","","",""
"2020080075","0325","0","0","0","0","0","0","0","0","0","0","0","","02","9","2020","7","40.461444","-80.106139","0319","11","0","0","0","0","0","0","0","0","","0","0","0","03","","0","N","0","","40 27:41.200","7","0","80 06:22.100","9","0","0","1","2126","0","0","0","N","0","0","0","1","02126","0","","2.0","408.0","1","N","N","N","0","","0","0","0","","0","N","0319","1","0","0","0","0","0","1","2","0","1","","","","N","","","","","","","","","",""
"2020107476","1315","0","0","0","0","0","0","0","0","0","7","0","","02","12","2020","1","40.595166","-79.978367","1311","11","0","0","0","0","0","1","0","0","","0","0","0","13","","0","N","0","","40 35:42.596","3","0","79 58:42.121","0","0","0","0","2207","0","0","0","N","0","0","0","1","02207","0","","5.0","1421.0","1","N","N","N","0","","0","0","1","","0","N","1309","1","0","0","0","0","0","0","1","0","1","","","","N","","","","","","","","","",""
"2020103500","0645","0","0","0","0","0","0","0","0","0","4","0","","02","12","2020","3","40.310528","-79.949797","0644","11","0","0","0","0","0","0","1","0","","0","0","0","06","","0","","1","","40 18:37.901","","0","79 56:59.269","0","0","0","0","2440","0","0","0","N","0","0","0","6","02440","0","","1.0","","9","N","N","N","0","","0","0","2","","0","","0644","2","0","0","0","0","0","0","2","0","2","","","","N","","","","","","","","","",""
"2020102113","0809","0","0","0","0","0","0","0","0","0","4","0","","02","11","2020","7","40.418849","-80.013583","0806","11","0","0","0","0","0","0","0","0","","0","0","0","08","","0","N","2","","40 25:07.856","","0","80 00:48.898","0","0","0","1","2301","0","0","0","N","0","0","0","2","02301","0","","1.0","","1","N","N","N","1","","0","0","0","","0","","0805","2","0","0","0","0","0","0","2","0","2","","03","","N","","","","","","","","","",""
"2020109852","1107","2","0","0","0","0","0","0","0","0","4","0","","02","12","2020","4","40.403067","-80.089425","1106","11","0","0","0","0","0","0","0","0","","0","0","0","11","","0","","1","","40 24:11.041","4","0","80 05:21.929","0","0","0","0","2415","0","0","0","N","0","0","0","3","02415","0","","1.0","1130.0","9","N","N","N","0","","0","0","0","","3","N","1106","2","0","0","0","0","0","0","2","0","2","","","","N","","","","","","","","","",""
"2020106963","1615","1","0","0","0","0","0","0","0","0","1","0","","02","12","2020","6","40.428096","-79.999965","1608","11","0","0","0","0","0","1","0","0","","0","0","0","16","","1","N","0","","40 25:41.146","1","3","79 59:59.873","3","0","0","0","2301","0","0","0","N","0","0","0","3","02301","0","","1.0","1635.0","1","N","N","N","0","","1","0","2","","0","N","1608","3","1","0","0","0","0","0","2","0","3","","03","","N","","","","","","","","","",""
"2020077677","1605","2","0","0","0","0","0","0","0","0","1","0","","02","9","2020","2","40.395108","-79.805098","1601","11","0","0","0","0","0","0","0","0","","0","0","0","16","","1","N","0","","40 23:42.388","","0","79 48:18.351","3","0","0","0","2479","0","0","0","N","0","0","0","2","02501","0","","6.0","","1","N","N","N","0","","1","0","0","","0","","1601","2","1","2","0","0","0","0","2","0","2","","03","","N","","","","","","","","","",""
"2020080908","1750","1","0","0","0","0","0","0","0","0","4","0","","02","9","2020","3","40.36669","-80.014404","1750","11","0","0","0","0","0","1","0","0","","0","1","0","17","","1","","1","","40 22:00.085","5","0","80 00:51.854","3","0","0","0","2416","0","0","0","N","0","0","0","5","02416","0","","1.0","1800.0","1","N","N","N","0","","1","0","0","","2","N","1747","2","1","0","0","0","0","0","2","0","2","","04","","N","","","","","","","","","",""
"2020091978","0718","0","0","0","0","0","0","0","0","0","8","0","","02","10","2020","7","40.320933","-79.795419","0713","11","0","0","0","0","0","0","0","0","","0","0","0","07","","0","Y","0","","40 19:15.360","","0","79 47:43.510","0","0","0","0","2477","0","0","0","N","0","0","0","1","02477","0","","5.0","","1","N","N","N","0","","0","0","1","","0","","0713","1","0","0","0","0","0","0","2","0","1","","05","","N","","","","","","","","","",""
"2020110332","1217","1","0","0","0","0","0","0","0","0","4","0","","02","12","2020","7","40.347644","-79.951869","1214","11","0","0","0","0","0","1","0","0","","0","0","0","12","","3","","2","","40 20:51.517","5","0","79 57:06.728","3","0","0","0","2473","0","0","0","N","0","0","0","4","02473","0","","1.0","1300.0","9","N","N","N","0","","3","0","0","","0","Y","1212","2","3","0","0","0","0","0","2","1","2","","03","","N","","","","","","","","","",""
"2020082924","0248","3","0","0","0","0","0","0","0","0","5","0","","02","9","2020","2","40.484653","-80.015309","0243","11","0","0","0","0","0","0","0","0","","0","0","0","02","","0","N","0","","40 29:04.751","1","0","80 00:55.112","0","0","0","0","2301","0","0","0","N","0","0","0","1","02301","0","","6.0","320.0","1","N","N","N","0","","0","0","0","","0","N","0240","3","0","0","0","0","0","0","2","0","3","","03","","N","","","","","","","","","",""
"2020108567","1844","0","0","0","0","0","0","0","0","0","2","0","","02","12","2020","3","40.406021","-79.825191","1844","11","0","0","0","0","0","0","0","0","","0","0","0","18","","1","","1","","40 24:21.675","","0","79 49:30.688","3","0","0","0","2467","0","0","0","N","0","0","0","4","02467","0","","1.0","","1","N","N","N","0","","1","0","1","","2","N","1844","2","1","0","0","0","0","0","2","1","2","","","","N","","","","","","","","","",""
"2020107811","1632","0","0","0","0","0","0","0","0","0","4","0","","02","12","2020","2","40.391348","-79.934723","1613","11","0","0","0","0","0","0","0","0","","0","0","0","16","","0","","7","","40 23:28.851","2","3","79 56:05.003","0","0","0","0","2301","0","0","0","N","0","0","0","2","02301","0","","1.0","1645.0","1","N","N","N","0","","0","0","2","","0","N","1613","2","0","0","0","0","0","0","2","0","2","","","","N","","","","","","","","","",""
"2020105457","1737","1","0","0","0","0","0","0","0","0","4","0","","02","12","2020","2","40.434269","-79.753636","1732","11","0","0","0","0","0","0","0","0","","0","0","0","17","","1","N","0","","40 26:03.369","5","7","79 45:13.091","4","0","0","0","2446","0","0","0","N","0","0","0","2","02446","1","","1.0","1800.0","1","N","N","N","0","","0","0","1","","0","N","1732","2","1","0","0","0","0","0","2","0","2","","03","","N","","","","","","","","","",""
"2020110623","0613","1","0","0","0","0","0","0","0","0","6","0","","02","12","2020","6","40.561004","-79.800887","0609","11","0","0","0","0","0","2","0","0","","0","0","0","05","","0","N","0","","40 33:39.616","2","0","79 48:03.194","0","0","0","0","2206","0","0","0","N","0","0","0","2","68D02","0","","4.0","708.0","2","N","N","N","1","","0","0","0","","0","N","0544","2","0","0","0","0","0","0","2","0","2","","","","N","","","","","","","","","",""
"2020105014","1601","0","0","0","0","0","0","0","0","0","4","0","","02","12","2020","6","40.594746","-79.947738","1600","11","0","0","0","0","0","0","1","1","","0","0","0","15","","0","N","0","","40 35:41.085","","6","79 56:51.858","0","0","0","0","2207","0","0","0","N","0","0","0","2","02207","0","","1.0","","1","N","N","N","0","","0","0","1","","0","","1554","2","0","0","0","0","0","0","2","1","2","","03","","N","","","","","","","","","",""
"2020108672","1312","1","0","0","0","0","0","0","0","0","7","0","","02","12","2020","4","40.390864","-79.960687","1303","11","0","0","0","0","0","0","0","0","","0","0","0","12","","0","N","0","","40 23:27.112","3","0","79 57:38.473","0","0","0","0","2403","0","0","0","Y","0","0","0","1","02403","0","","4.0","1350.0","7","N","N","N","0","","0","0","0","","0","N","1256","1","0","0","0","0","0","0","2","0","1","","02","","N","","","","","","","","","",""
"2020089551","2254","0","0","0","0","0","0","0","0","0","7","0","","02","10","2020","6","40.406712","-79.825114","2254","11","0","0","0","0","0","0","0","0","","0","0","0","22","","0","","11","","40 24:24.163","","0","79 49:30.410","0","0","0","0","2467","0","0","0","N","0","0","0","1","02467","0","","2.0","","99","N","N","N","0","","0","0","1","","0","","2252","1","0","0","0","0","0","0","2","0","1","","","","N","","","","","","","","","",""
"2020105001","0937","0","0","0","0","0","0","0","0","0","1","0","","02","12","2020","4","40.375532","-79.796714","0933","11","0","0","0","0","0","1","0","0","","0","0","0","09","","2","N","1","","40 22:31.915","4","0","79 47:48.169","3","0","0","0","2111","0","0","0","N","0","0","0","3","02111","0","","1.0","1006.0","1","N","N","N","0","","2","0","1","","0","N","0933","2","2","0","0","0","0","0","2","1","2","","03","","N","","","","","","","","","",""
"2020109507","1242","0","0","1","0","0","0","0","0","0","4","0","","02","12","2020","7","40.449185","-79.762249","1238","11","0","0","0","0","0","0","0","0","","0","0","0","12","","2","N","3","","40 26:57.065","1","0","79 45:44.095","2","0","0","0","2446","0","0","0","N","0","0","0","5","02446","0","","1.0","1316.0","1","N","N","N","1","","1","1","1","","0","N","1238","2","2","0","0","0","0","0","2","0","2","","","","N","","","","","","","","","",""
"2020102966","1118","0","0","0","0","0","0","0","0","0","7","0","","02","11","2020","2","40.443632","-80.026758","1118","11","0","0","0","0","0","0","0","0","","0","0","0","11","","0","N","0","","40 26:37.074","4","0","80 01:36.328","0","0","0","0","2301","0","0","0","N","0","0","0","1","02301","0","","2.0","1145.0","9","N","N","N","0","","0","0","1","","0","N","1118","1","0","0","0","0","0","0","2","0","1","","","","N","","","","","","","","","",""
"2020107105","0341","1","0","0","0","0","0","0","0","0","7","0","","02","12","2020","7","40.66351","-80.067083","0336","11","0","0","1","0","0","0","0","0","","0","0","0","03","","0","N","0","","40 39:48.636","","0","80 04:01.499","0","0","0","0","2216","0","0","0","N","0","0","0","1","02505","0","","2.0","","1","N","N","N","0","","0","0","0","","0","","0330","1","0","0","0","0","0","0","2","0","1","","03","","N","","","","","","","","","",""
"2020040479","1618","1","0","0","0","0","0","0","0","0","4","0","","02","5","2020","6","40.368931","-80.085017","1617","11","0","0","0","0","0","0","0","0","","0","0","0","14","","0","N","0","","40 22:08.150","","0","80 05:06.060","0","0","0","0","2117","0","0","0","N","0","0","0","2","02117","0","","1.0","","9","N","N","N","0","","0","0","1","","0","","1417","2","0","0","0","0","0","0","2","0","2","","07","","N","","","","","","","","","",""
"2020113720","1843","2","0","0","0","0","0","0","0","0","1","0","","02","12","2020","4","40.489078","-79.776044","1836","11","0","0","0","0","0","0","0","0","","0","0","0","18","","0","N","0","","40 29:20.681","6","0","79 46:33.757","0","0","0","0","2466","0","0","0","N","0","0","0","2","02466","0","","1.0","1901.0","1","N","N","N","0","","0","0","0","","0","N","1836","2","0","0","0","0","0","0","2","0","2","","","","N","","","","","","","","","",""
"2020103238","1747","2","0","0","0","0","0","0","0","0","1","0","","02","11","2020","2","40.620253","-79.944346","1741","11","0","0","0","1","0","1","1","0","","0","0","0","17","","0","","2","","40 37:12.909","2","0","79 56:39.644","0","0","0","0","2217","0","0","0","N","0","0","0","5","02505","0","","1.0","1818.0","9","N","N","N","0","","0","0","1","","2","N","1739","4","0","0","0","0","0","0","2","1","4","","","","N","","","","","","","","","",""
"2020106905","1300","2","0","0","0","0","0","0","0","0","1","0","","02","12","2020","6","40.499632","-79.756671","1255","11","0","0","0","1","0","1","0","0","","0","0","0","12","","1","N","2","","40 29:58.675","","0","79 45:24.016","3","0","0","0","2466","0","0","0","N","0","0","0","3","02466","0","","1.0","","1","N","N","N","0","","1","0","1","","0","","1255","3","1","0","0","0","0","0","2","0","3","","03","","N","","","","","","","","","",""
"2020079307","1515","0","0","0","0","0","0","0","0","0","7","0","","02","9","2020","7","40.368956","-79.783214","1508","11","0","0","1","0","0","0","0","0","","0","0","0","15","","1","N","0","","40 22:08.240","5","0","79 46:59.570","3","0","0","0","2111","0","0","0","N","0","0","0","1","02111","0","","5.0","1555.0","3","N","N","N","0","","1","0","1","","0","Y","1507","1","1","0","0","0","0","0","2","0","1","","","","N","","","","","","","","","",""
"2020080367","1905","2","0","0","0","0","0","0","0","0","2","0","","02","9","2020","2","40.423698","-79.961982","1854","11","0","0","0","0","0","0","0","2","","0","0","0","18","","0","","1","","40 25:25.314","1","0","79 57:43.135","0","0","0","0","2301","0","0","0","N","0","0","0","3","02301","0","","1.0","1930.0","1","N","N","N","0","","0","0","0","","2","N","1854","2","0","0","0","0","0","0","2","0","2","","03","","N","","","","","","","","","",""
"2020106440","0043","1","0","0","0","0","0","0","0","0","4","0","","02","12","2020","5","","","0034","11","0","0","0","0","0","0","0","0","","0","0","0","00","","0","N","1","","","7","0","","9","0","0","0","2301","0","0","0","N","0","0","0","1","02301","0","","5.0","100.0","1","N","N","N","0","","0","0","0","","2","N","0034","1","0","0","0","0","0","1","1","0","1","","","","N","","","","","","","","","",""
"2020107442","1842","1","0","0","0","0","0","0","0","0","2","0","","02","12","2020","3","40.321361","-79.787278","1839","11","0","1","0","0","0","0","0","0","","0","0","0","18","","1","N","0","","40 19:16.900","7","0","79 47:14.200","8","0","0","0","2477","0","0","0","N","0","0","0","2","02477","0","","2.0","1922.0","7","N","N","Y","0","","0","0","1","","0","N","1835","2","1","0","0","0","1","0","2","0","2","","09","","N","","","","","","","","","",""
"2020098473","1516","0","0","0","0","0","0","0","0","0","1","0","","02","10","2020","5","40.427191","-79.921311","1516","11","0","0","0","0","0","3","0","0","","0","0","0","15","","1","N","0","","40 25:37.888","3","4","79 55:16.720","4","0","0","0","2301","0","0","0","N","0","0","0","8","68B03","1","","1.0","1530.0","9","N","N","N","3","","0","0","1","","0","N","1511","4","1","0","0","0","0","0","2","0","4","","","","N","","","","","","","","","",""
"2020112571","1345","1","0","0","0","0","0","0","0","0","7","0","","02","12","2020","7","40.426908","-80.014952","1335","11","0","0","0","0","0","0","0","0","","0","0","0","13","","0","Y","0","","40 25:36.867","","0","80 00:53.828","0","0","0","0","2301","0","0","0","N","0","0","0","1","02301","0","","2.0","","7","N","N","N","0","","0","0","0","","9","N","1335","1","0","0","0","0","0","0","2","0","1","","","","N","","","","","","","","","",""
"2020106856","0709","2","0","0","0","0","0","0","0","0","1","0","","02","12","2020","6","40.319974","-79.923103","0702","11","0","0","0","0","0","0","0","0","","0","0","0","06","","0","N","0","","40 19:11.906","1","0","79 55:23.169","0","0","0","0","2440","0","0","0","N","0","0","0","2","02440","0","","1.0","750.0","1","N","N","N","0","","0","0","0","","0","Y","0659","2","0","0","0","0","0","0","2","0","2","","","","N","","","","","","","","","",""
"2020080973","0945","1","0","0","0","0","0","0","0","0","4","0","","02","9","2020","5","40.441588","-79.956918","0945","11","0","0","0","0","0","0","0","0","","0","0","0","09","","0","N","1","","40 26:29.717","","0","79 57:24.905","0","0","0","0","2301","0","0","0","N","0","0","0","2","02506","0","","1.0","","1","N","N","N","0","","0","0","1","","2","","0945","2","0","0","0","0","0","0","2","0","2","","","","N","","","","","","","","","",""
"2020106961","2134","1","0","0","0","0","0","0","0","0","7","0","","02","12","2020","3","40.409996","-80.016","2132","11","0","0","0","0","0","0","0","0","","0","0","0","21","","1","Y","0","","40 24:35.984","1","0","80 00:57.601","4","0","0","0","2301","0","0","0","N","0","0","0","1","02301","1","","5.0","2216.0","1","N","N","N","0","","0","0","0","","0","Y","2132","1","1","0","0","0","0","0","2","0","1","","03","","N","","","","","","","","","",""
"2020110417","1108","1","0","0","0","0","0","0","0","0","1","0","","02","12","2020","2","40.598211","-79.968537","1103","11","0","0","0","0","0","1","0","0","","0","0","0","11","","1","N","0","","40 35:53.560","","0","79 58:06.733","8","0","0","0","2207","0","0","0","N","0","0","0","3","02207","0","","1.0","","9","N","N","N","0","","0","0","1","","0","","1100","2","1","0","0","0","1","0","2","0","2","","02","","N","","","","","","","","","",""
"2020078688","1430","2","0","0","0","0","0","0","0","0","1","0","","02","9","2020","5","40.435327","-79.993008","1430","11","0","0","0","0","0","1","1","0","","0","0","0","14","","1","N","0","","40 26:07.176","2","0","79 59:34.828","4","0","0","0","2301","0","0","0","N","0","0","0","3","02301","1","","1.0","30.0","1","N","N","N","0","","0","0","1","","0","N","1430","3","1","0","0","0","0","0","2","0","3","","03","","N","","","","","","","","","",""
"2020112929","1345","2","0","0","0","0","0","0","0","0","1","0","","02","12","2020","1","40.319505","-80.026949","1337","11","0","0","0","0","0","1","0","0","","0","0","0","13","","1","","3","","40 19:10.219","","0","80 01:37.018","4","0","0","0","2407","0","0","0","N","0","0","0","4","02407","1","","1.0","","9","N","N","N","0","","0","0","0","","0","","1335","2","1","0","0","0","0","0","2","0","2","","","","N","","","","","","","","","",""
"2020079352","1714","1","0","0","0","0","0","0","0","0","4","0","","02","9","2020","7","40.452758","-80.165019","1714","11","0","0","0","1","0","1","0","0","","0","0","0","17","","1","","1","","40 27:09.927","2","0","80 09:54.068","3","0","0","0","2115","0","0","0","N","0","0","0","3","02115","0","","1.0","1750.0","1","","","N","0","","1","0","1","","0","N","1714","2","1","0","0","0","0","0","2","0","2","","03","","N","","","","","","","","","",""
"2020080081","0525","0","0","0","0","0","0","0","0","0","7","0","","02","9","2020","1","40.436873","-79.995294","0520","11","0","0","0","0","0","0","0","0","","0","0","0","05","","0","N","0","","40 26:12.742","","2","79 59:43.060","0","0","0","0","2301","0","0","0","N","0","0","0","1","02301","0","","7.0","","1","N","N","N","1","","0","0","0","","4","","0519","1","0","0","0","0","0","0","2","0","1","","","","N","","","","","","","","","",""
"2020108314","1703","1","0","0","0","0","0","0","0","0","1","0","","02","12","2020","1","40.438582","-79.781615","1658","11","0","0","0","0","0","1","0","0","","0","0","0","16","","0","Y","0","","40 26:18.894","3","0","79 46:53.815","0","0","0","0","2446","0","0","0","N","0","0","0","3","02446","0","","1.0","1730.0","1","N","N","N","0","","0","0","1","","0","N","1658","2","0","0","0","0","0","0","2","0","2","","03","","N","","","","","","","","","",""
"2020111763","0111","1","0","0","0","0","0","0","0","0","7","0","","02","12","2020","6","40.557081","-80.140603","0111","11","0","0","0","0","0","0","0","0","","0","0","0","01","","0","N","0","","40 33:25.490","","0","80 08:26.170","0","0","0","0","2459","0","0","0","N","0","0","0","1","02459","0","","5.0","","1","N","N","N","0","","0","0","0","","0","","0111","1","0","0","0","0","0","0","1","0","1","","98","","N","","","","","","","","","",""