"CRN","ARRIVAL_TM","AUTOMOBILE_COUNT","BELTED_DEATH_COUNT","BELTED_SUSP_SERIOUS_INJ_COUNT","BICYCLE_COUNT","BICYCLE_DEATH_COUNT","BICYCLE_SUSP_SERIOUS_INJ_COUNT","BUS_COUNT","CHLDPAS_DEATH_COUNT","CHLDPAS_SUSP_SERIOUS_INJ_COUNT","COLLISION_TYPE","COMM_VEH_COUNT","CONS_ZONE_SPD_LIM","COUNTY","CRASH_MONTH","CRASH_YEAR","DAY_OF_WEEK","DEC_LATITUDE","DEC_LONGITUDE","DISPATCH_TM","DISTRICT","DRIVER_COUNT_16YR","DRIVER_COUNT_17YR","DRIVER_COUNT_18YR","DRIVER_COUNT_19YR","DRIVER_COUNT_20YR","DRIVER_COUNT_50_64YR","DRIVER_COUNT_65_74YR","DRIVER_COUNT_75PLUS","EST_HRS_CLOSED","FATAL_COUNT","HEAVY_TRUCK_COUNT","HORSE_BUGGY_COUNT","HOUR_OF_DAY","ILLUMINATION","INJURY_COUNT","INTERSECTION_RELATED","INTERSECT_TYPE","LANE_CLOSED","LATITUDE","LN_CLOSE_DIR","LOCATION_TYPE","LONGITUDE","MAX_SEVERITY_LEVEL","MCYCLE_DEATH_COUNT","MCYCLE_SUSP_SERIOUS_INJ_COUNT","MOTORCYCLE_COUNT","MUNICIPALITY","NONMOTR_COUNT","NONMOTR_DEATH_COUNT","NONMOTR_SUSP_SERIOUS_INJ_COUNT","NTFY_HIWY_MAINT","PED_COUNT","PED_DEATH_COUNT","PED_SUSP_SERIOUS_INJ_COUNT","PERSON_COUNT","POLICE_AGCY","POSSIBLE_INJ_COUNT","RDWY_SURF_TYPE_CD","RELATION_TO_ROAD","ROADWAY_CLEARED","ROAD_CONDITION","SCH_BUS_IND","SCH_ZONE_IND","SECONDARY_CRASH","SMALL_TRUCK_COUNT","SPEC_JURIS_CD","SUSP_MINOR_INJ_COUNT","SUSP_SERIOUS_INJ_COUNT","SUV_COUNT","TCD_FUNC_CD","TCD_TYPE","TFC_DETOUR_IND","TIME_OF_DAY","TOTAL_UNITS","TOT_INJ_COUNT","UNBELTED_OCC_COUNT","UNB_DEATH_COUNT","UNB_SUSP_SERIOUS_INJ_COUNT","UNK_INJ_DEG_COUNT","UNK_INJ_PER_COUNT","URBAN_RURAL","VAN_COUNT","VEHICLE_COUNT","WEATHER1","WEATHER2","WORKERS_PRES","WORK_ZONE_IND","WORK_ZONE_LOC","WORK_ZONE_TYPE","WZ_CLOSE_DETOUR","WZ_FLAGGER","WZ_LAW_OFFCR_IND","WZ_LN_CLOSURE","WZ_MOVING","WZ_OTHER","WZ_SHLDER_MDN","WZ_WORKERS_INJ_KILLED"
"2020077527","1615","1","0","0","0","0","0","0","0","0","4","0","","02","9","2020","2","40.443155","-80.057911","1611","11","0","0","1","0","0","0","0","0","","0","0","0","99","","0","N","1","","40 26:35.358","","0","80 03:28.479","0","0","0","0","2439","0","0","0","N","0","0","0","3","02301","0","","1.0","","1","N","N","Y","1","","0","0","1","","0","","9999","3","0","0","0","0","0","0","2","0","3","","03","","N","","","","","","","","","",""
"2020077128","1016","1","0","0","0","0","0","0","0","0","4","0","","02","9","2020","1","40.361281","-79.982507","1014","11","0","0","0","0","0","1","0","0","","0","0","0","10","","0","","2","","40 21:40.610","2","0","79 58:57.025","0","0","0","0","2413","0","0","0","N","0","0","0","3","02413","0","","1.0","1047.0","1","N","N","N","0","","0","0","1","","3","N","1010","2","0","0","0","0","0","0","2","0","2","","","","N","","","","","","","","","",""
"2020084328","2242","1","0","0","0","0","0","0","0","0","7","0","","02","9","2020","7","40.596817","-79.869844","2238","11","0","0","0","0","0","0","0","0","","0","0","0","22","","0","N","0","","40 35:48.540","5","0","79 52:11.440","0","0","0","0","2209","0","0","0","N","0","0","0","1","02209","0","","4.0","100.0","3","N","N","N","0","","0","0","0","","0","N","2238","1","0","0","0","0","0","0","1","0","1","","","","N","","","","","","","","","",""
"2020092241","1425","2","0","0","0","0","0","0","0","0","5","0","","02","9","2020","2","40.519049","-80.004798","1422","11","0","0","0","0","0","1","0","0","","0","0","0","14","","1","N","0","","40 31:08.578","1","7","80 00:17.274","4","0","0","0","2116","0","0","0","N","0","0","0","2","02116","1","","1.0","1445.0","1","N","N","N","0","","0","0","0","","2","N","1422","2","1","1","0","0","0","0","2","0","2","","03","","N","","","","","","","","","",""
"2020097284","0545","0","0","0","0","0","0","0","0","0","7","0","","02","10","2020","7","40.4405","-79.83343","0511","11","0","0","0","0","0","0","0","0","","0","0","0","04","","0","N","0","","40 26:25.799","4","0","79 50:00.348","0","0","0","0","2419","0","0","0","N","0","0","0","1","68B03","0","","5.0","630.0","1","N","N","N","0","","0","0","1","","0","N","0458","1","0","0","0","0","0","0","2","0","1","","03","","N","","","","","","","","","",""
"2020109801","1523","0","0","0","0","0","0","0","0","0","1","0","","02","12","2020","4","40.628378","-79.974944","1502","11","0","0","0","0","0","0","0","0","","0","0","0","14","","0","N","0","","40 37:42.159","1","0","79 58:29.799","0","0","0","0","2217","0","0","0","N","0","0","0","2","02505","0","","1.0","1553.0","7","N","N","N","1","","0","0","0","","0","Y","1452","2","0","0","0","0","0","0","2","0","2","","10","","N","","","","","","","","","",""
"2020079328","0917","2","0","0","0","0","0","0","0","0","1","0","","02","9","2020","6","40.358068","-80.065512","0911","11","0","0","0","0","0","0","0","0","","0","0","0","09","","0","N","0","","40 21:29.044","4","0","80 03:55.844","0","0","0","0","2123","0","0","0","N","0","0","0","2","02123","0","","1.0","945.0","1","N","N","N","0","","0","0","0","","0","Y","0911","2","0","0","0","0","0","0","2","0","2","","","","N","","","","","","","","","",""
"2020105702","0705","0","0","0","0","0","0","0","0","0","98","0","","02","12","2020","3","40.661348","-79.933852","0654","11","0","0","0","0","0","0","0","0","","0","0","0","06","","0","N","0","","40 39:40.854","","0","79 56:01.868","0","0","0","0","2217","0","0","0","N","0","0","0","1","02505","0","","1.0","","1","N","N","N","0","","0","0","1","","0","N","0650","1","0","0","0","0","0","0","2","0","1","","","","N","","","","","","","","","",""
"2020106865","1417","1","0","0","0","0","0","0","0","0","98","0","","02","12","2020","5","40.449188","-80.023461","1415","11","0","0","0","0","0","0","0","0","","0","0","0","14","","0","N","7","","40 26:57.075","2","0","80 01:24.459","0","0","0","0","2301","0","0","0","N","0","0","0","2","02301","0","","2.0","1500.0","1","N","N","N","0","","0","0","0","","0","Y","1415","1","0","0","0","0","0","0","2","0","1","","03","","N","","","","","","","","","",""
"2020079575","0101","1","0","0","0","0","0","0","0","0","7","0","","02","9","2020","3","40.419089","-79.884281","0058","11","0","0","0","0","0","0","0","0","","0","0","0","00","","0","N","2","","40 25:08.720","3","0","79 53:03.411","9","0","0","0","2463","0","0","0","N","0","0","0","1","02463","0","","4.0","125.0","1","N","N","N","0","","0","0","0","","0","N","0058","1","0","0","0","0","0","1","2","0","1","","03","","N","","","","","","","","","",""
"2020081358","1937","1","0","0","0","0","0","0","0","0","7","0","","02","9","2020","1","40.429147","-80.064656","1934","11","0","0","0","0","0","0","0","0","","0","0","0","19","","1","N","0","","40 25:44.930","1","0","80 03:52.760","3","0","0","0","2301","0","0","0","N","0","0","0","1","02421","0","","5.0","2000.0","1","N","N","N","0","","1","0","0","","0","Y","1930","1","1","0","0","0","0","0","2","0","1","","","","N","","","","","","","","","",""
"2020112391","1000","1","0","0","0","0","0","0","0","0","7","0","","02","12","2020","1","40.633277","-79.952226","0956","11","0","0","0","0","0","0","0","0","","0","0","0","08","","0","N","0","","40 37:59.796","","0","79 57:08.015","0","0","0","0","2217","0","0","0","N","0","0","0","1","02505","0","","5.0","","9","N","N","N","0","","0","0","0","","0","N","0820","1","0","0","0","0","0","0","2","0","1","","","","N","","","","","","","","","",""
"2020110824","0848","0","0","0","0","0","0","0","0","0","4","1","","02","12","2020","3","40.642646","-80.067623","0848","11","0","0","0","0","0","0","1","0","","0","1","0","08","","0","","1","","40 38:33.524","5","0","80 04:03.444","0","0","0","0","2216","0","0","0","N","0","0","0","3","02505","0","","1.0","950.0","9","N","N","N","0","","0","0","1","","2","N","0846","2","0","0","0","0","0","0","2","0","2","","","","N","","","","","","","","","",""
"2020079794","0906","1","0","0","0","0","0","0","0","0","7","0","","02","9","2020","2","40.441801","-80.076423","0903","11","0","0","0","0","0","0","0","0","","0","0","0","09","","0","N","0","","40 26:30.485","4","7","80 04:35.124","0","0","0","0","2421","0","0","0","N","0","0","0","1","02421","0","","4.0","925.0","1","N","N","N","0","","0","0","0","","0","N","0901","1","0","0","0","0","0","0","2","0","1","","03","","N","","","","","","","","","",""
"2020107659","0759","2","0","0","0","0","0","0","0","0","4","0","","02","12","2020","4","40.602227","-79.947151","0755","11","0","0","0","0","0","1","0","0","","0","0","0","07","","1","","1","","40 36:08.017","","0","79 56:49.743","8","0","0","0","2207","0","0","0","N","0","0","0","2","02207","0","","1.0","","1","N","N","N","0","","0","0","0","","0","","0750","2","1","0","0","0","1","0","2","0","2","","03","","N","","","","","","","","","",""
"2020080316","1145","0","0","0","1","0","0","0","0","0","8","0","","02","9","2020","7","40.427931","-79.884863","1143","11","0","0","0","0","0","1","0","0","","0","0","0","11","","1","","2","","40 25:40.550","","0","79 53:05.506","8","0","0","0","2426","1","0","0","N","0","0","0","2","02426","0","","1.0","","1","N","N","N","0","","0","0","1","","0","","1143","2","1","0","0","0","1","0","2","0","1","","03","","N","","","","","","","","","",""
"2020113821","0850","2","0","0","0","0","0","0","0","0","4","0","","02","12","2020","5","40.421814","-79.933819","0837","11","0","0","0","0","0","0","0","0","","0","0","0","08","","0","","1","","40 25:18.530","","0","79 56:01.748","0","0","0","0","2301","0","0","0","N","0","0","0","4","02301","0","","1.0","","6","N","N","N","0","","0","0","0","","3","","0837","2","0","0","0","0","0","0","2","0","2","","","","N","","","","","","","","","",""
"2020107376","1625","1","0","0","0","0","0","0","0","0","1","0","","02","12","2020","5","40.432854","-79.894073","1622","11","0","0","0","0","0","1","0","0","","0","0","0","16","","0","N","1","","40 25:58.274","","0","79 53:38.662","0","0","0","0","2426","0","0","0","N","0","0","0","2","02463","0","","1.0","","1","N","N","N","1","","0","0","0","","2","","1622","2","0","0","0","0","0","0","2","0","2","","03","","N","","","","","","","","","",""
"2020107610","0630","1","0","0","0","0","0","0","0","0","5","0","99","02","12","2020","2","40.475523","-79.970618","0626","11","0","0","0","0","0","2","0","0","","0","0","0","06","","0","N","0","","40 28:31.882","2","0","79 58:14.226","9","0","0","0","2445","0","0","0","N","0","0","0","2","02445","0","","1.0","652.0","1","N","N","N","0","","0","0","1","","0","N","0626","2","0","0","0","0","0","1","2","0","2","","03","U","Y","3","1","Y","","N","","","","","N"
"2020093839","2122","1","0","0","0","0","0","0","0","0","7","0","","02","10","2020","5","40.627604","-79.766074","2119","11","0","0","0","1","0","0","0","0","","0","0","0","21","","1","N","0","","40 37:39.374","","0","79 45:57.865","4","0","0","0","2202","0","0","0","N","0","0","0","4","68D02","1","","4.0","","9","N","N","N","0","","0","0","0","","0","","2118","1","1","0","0","0","0","0","1","0","1","","07","","N","","","","","","","","","",""
"2020091290","1522","2","0","0","0","0","0","0","0","0","1","0","","02","10","2020","5","40.424123","-80.030681","1510","11","0","0","0","0","0","0","0","0","","0","0","0","14","","0","N","6","","40 25:26.842","","2","80 01:50.452","0","0","0","0","2301","0","0","0","N","0","0","0","4","02301","0","","1.0","","9","N","N","N","0","","0","0","0","","0","","1459","2","0","0","0","0","0","0","2","0","2","","","","N","","","","","","","","","",""
"2020093936","1836","0","0","0","0","0","0","0","0","0","8","0","","02","10","2020","7","40.541217","-80.255603","1830","11","0","0","0","1","0","0","0","0","","0","0","0","18","","1","N","0","","40 32:28.380","6","0","80 15:20.170","3","0","0","0","2213","1","0","0","N","1","0","0","2","02213","0","","1.0","2030.0","1","N","N","N","0","","1","0","1","","0","N","1829","2","1","0","0","0","0","0","2","0","1","","03","","N","","","","","","","","","",""
"2020109791","1951","2","0","0","0","0","0","0","0","0","4","0","","02","12","2020","1","40.383298","-79.821786","1949","11","0","0","1","0","0","0","0","0","","0","0","0","19","","0","N","0","","40 22:59.871","","7","79 49:18.431","0","0","0","0","2111","0","0","0","N","0","0","0","3","02111","0","","1.0","","9","N","N","N","0","","0","0","0","","0","","1949","2","0","1","0","0","0","0","2","0","2","","98","","N","","","","","","","","","",""
"2020078818","1946","1","0","0","0","0","0","0","0","0","1","0","45","02","9","2020","1","40.495673","-79.939521","1937","11","0","0","0","0","0","0","0","0","","0","0","0","19","","0","N","0","","40 29:44.423","","0","79 56:22.276","0","0","0","0","2461","0","0","0","N","0","0","0","3","68D02","0","","1.0","","1","N","N","N","0","","0","0","1","","0","","1937","2","0","0","0","0","0","0","2","0","2","","","N","Y","4","1","","","N","Y","","","","N"
"2020113210","2014","1","0","0","0","0","0","0","0","0","7","0","","02","12","2020","7","40.381871","-79.814368","2012","11","0","0","0","0","0","0","0","0","","0","0","0","20","","1","N","0","","40 22:54.734","5","0","79 48:51.723","3","0","0","0","2424","0","0","0","Y","0","0","0","2","02424","0","","4.0","2349.0","2","N","N","N","0","","1","0","0","","0","Y","2008","1","1","2","0","0","0","1","2","0","1","","10","","N","","","","","","","","","",""
"2020091995","1216","1","0","0","0","0","0","0","0","0","7","0","","02","10","2020","4","40.328542","-79.817288","1213","11","0","0","0","0","0","1","0","0","","0","0","0","12","","0","N","0","","40 19:42.752","","0","79 49:02.235","0","0","0","0","2304","0","0","0","N","0","0","0","1","02304","0","","5.0","","9","N","N","N","0","","0","0","0","","0","","1213","1","0","0","0","0","0","0","2","0","1","","","","N","","","","","","","","","",""
"2020082079","1512","0","0","0","0","0","0","0","0","0","1","0","","02","9","2020","6","40.521111","-79.812354","1500","11","0","0","0","0","0","1","0","0","","0","0","0","14","","0","N","0","","40 31:16.000","","0","79 48:44.473","0","0","0","0","2466","0","0","0","N","0","0","0","3","68T02","0","","1.0","","1","N","N","N","0","","0","0","1","","4","","1455","3","0","0","0","0","0","0","2","0","2","","","","N","","","","","","","","","",""
"2020105149","2034","1","0","0","0","0","0","0","0","0","7","0","","02","12","2020","7","40.3717","-79.97532","2034","11","0","0","0","0","0","0","0","0","","0","0","0","20","","0","N","2","","40 22:18.120","1","0","79 58:31.151","0","0","0","0","2413","0","0","0","N","0","0","0","1","02413","0","","2.0","2100.0","1","N","N","N","0","","0","0","0","","0","N","2034","1","0","0","0","0","0","0","2","0","1","","03","","N","","","","","","","","","",""
"2020080909","1402","1","0","0","0","0","0","0","0","0","1","0","","02","9","2020","7","40.378405","-79.989573","1402","11","0","0","0","0","1","0","0","0","","0","0","0","14","","0","","2","","40 22:42.257","","0","79 59:22.462","0","0","0","0","2476","0","0","0","N","0","0","0","3","02476","0","","1.0","","1","N","N","N","0","","0","0","1","","0","","1402","2","0","0","0","0","0","0","2","0","2","","","","N","","","","","","","","","",""
"2020106153","0755","1","0","0","0","0","0","0","0","0","1","0","","02","12","2020","4","40.466615","-79.978329","0755","11","0","0","0","0","0","0","0","0","","0","0","0","07","","0","N","7","","40 27:59.815","","0","79 58:41.983","0","0","0","0","2301","0","0","0","N","0","0","0","2","02301","0","","1.0","","1","N","N","N","1","","0","0","0","","0","","0745","2","0","0","0","0","0","0","2","0","2","","03","","N","","","","","","","","","",""
"2020078208","0955","0","0","0","0","0","0","0","0","0","98","0","","02","9","2020","4","40.563086","-80.207794","0953","11","0","0","0","0","0","0","1","0","","0","0","0","09","","1","N","0","","40 33:47.111","2","6","80 12:28.060","4","0","0","0","2427","0","0","0","N","0","0","0","3","02427","1","","1.0","1015.0","1","N","N","N","0","","0","0","2","","0","N","0950","2","1","0","0","0","0","0","2","0","2","","03","","N","","","","","","","","","",""
"2020091506","0844","1","0","0","0","0","0","0","0","0","7","0","","02","10","2020","4","40.427394","-79.952071","0844","11","0","0","1","0","0","0","0","0","","0","0","0","08","","0","N","0","","40 25:38.619","4","0","79 57:07.457","0","0","0","0","2301","0","0","0","N","0","0","0","1","68B03","0","","2.0","850.0","8","N","N","N","0","","0","0","0","","0","N","0843","1","0","0","0","0","0","0","2","0","1","","","","N","","","","","","","","","",""
"2020112212","1847","0","0","0","0","0","0","0","0","0","7","0","","02","12","2020","3","40.574947","-80.077678","1843","11","0","0","0","0","0","1","0","0","","0","0","0","18","","0","","3","","40 34:29.808","","0","80 04:39.641","9","0","0","0","2481","0","0","0","N","0","0","0","1","02481","0","","5.0","","1","N","N","N","0","","0","0","1","","0","","1843","1","0","0","0","0","0","1","2","0","1","","03","","N","","","","","","","","","",""
"2020105468","0658","1","0","0","0","0","0","0","0","0","98","0","","02","10","2020","7","40.429635","-80.272341","0651","11","0","0","0","0","0","1","0","0","","0","0","0","06","","0","N","0","","40 25:46.685","3","0","80 16:20.428","0","0","0","0","2214","0","0","0","N","0","0","0","1","68B03","0","","1.0","720.0","1","N","N","N","0","","0","0","0","","0","N","0648","1","0","0","0","0","0","0","1","0","1","","03","","N","","","","","","","","","",""
"2020078093","0206","1","0","0","0","0","0","0","0","0","98","0","","02","9","2020","4","40.433204","-79.973606","0205","11","0","0","0","0","0","0","0","0","","0","0","0","02","","0","N","0","","40 25:59.536","","3","79 58:24.980","9","0","0","0","2301","0","0","0","N","0","0","0","1","02301","0","","2.0","","1","N","N","N","0","","0","0","0","","0","","0200","1","0","0","0","0","0","1","2","0","1","","","","N","","","","","","","","","",""
"2020089467","1248","2","0","0","0","0","0","0","0","0","4","0","","02","10","2020","1","40.449027","-79.951897","1245","11","0","0","0","0","0","0","1","0","","0","0","0","12","","1","N","1","","40 26:56.497","3","0","79 57:06.829","3","0","0","0","2301","0","0","0","N","0","0","0","2","02301","0","","1.0","1300.0","1","N","N","N","0","","1","0","0","","2","Y","1244","2","1","0","0","0","0","0","2","0","2","","03","","N","","","","","","","","","",""
"2020078839","1840","1","0","0","0","0","0","0","0","0","4","0","","02","9","2020","5","40.464137","-79.932489","1810","11","0","0","0","0","0","0","0","0","","0","0","0","18","","0","N","2","","40 27:50.893","","0","79 55:56.960","0","0","0","0","2301","0","0","0","N","0","0","0","2","02301","0","","1.0","","1","N","N","N","0","","0","0","1","","0","","1830","2","0","0","0","0","0","0","2","0","2","","","","N","","","","","","","","","",""
"2020077916","1645","1","0","0","0","0","0","0","0","0","0","0","","02","9","2020","3","40.412","-80.002278","1636","11","0","0","0","0","0","0","0","0","","0","0","0","16","","1","N","0","","40 24:43.200","","0","80 00:08.200","8","0","0","0","2301","0","0","0","N","0","0","0","3","02301","0","","5.0","","1","N","N","N","0","","0","0","0","","0","","1636","1","1","0","0","0","1","2","2","0","1","","03","","N","","","","","","","","","",""
"2020092513","1342","2","0","0","0","0","0","0","0","0","4","0","","02","10","2020","1","40.461991","-79.924619","1339","11","0","0","0","0","0","0","0","0","","0","0","0","13","","0","","1","","40 27:43.167","","0","79 55:28.628","0","0","0","0","2301","0","0","0","N","0","0","0","4","02301","0","","1.0","","1","N","N","Y","0","","0","0","0","","3","N","1335","2","0","0","0","0","0","0","2","0","2","","03","","N","","","","","","","","","",""
"2020079168","2017","2","0","0","0","0","0","0","0","0","1","0","","02","9","2020","6","40.432372","-79.864851","2010","11","0","0","0","0","0","1","0","0","","0","0","0","20","","1","N","1","","40 25:56.539","4","0","79 51:53.464","8","0","0","0","2431","0","0","0","N","0","0","0","4","02431","0","","1.0","2050.0","1","N","N","N","0","","0","0","0","","2","N","2010","2","1","0","0","0","1","0","2","0","2","","","","N","","","","","","","","","",""
"2020107641","1126","2","0","0","0","0","0","0","0","0","5","0","","02","12","2020","1","40.412748","-79.879476","1125","11","0","0","0","0","0","0","0","0","","0","0","0","11","","0","N","0","","40 24:45.893","","0","79 52:46.112","0","0","0","0","2433","0","0","0","N","0","0","0","1","02433","0","","6.0","","1","N","N","N","0","","0","0","1","","0","","1126","3","0","0","0","0","0","0","2","0","3","","04","","N","","","","","","","","","",""
"2020077224","1650","1","0","0","0","0","0","0","0","0","7","0","","02","9","2020","1","40.449418","-80.025225","1641","11","0","0","0","0","0","0","0","0","","0","0","0","16","","0","N","0","","40 26:57.904","1","99","80 01:30.809","0","0","0","0","2301","0","0","0","N","0","0","0","1","02301","0","","2.0","1714.0","1","N","N","N","0","","0","0","0","","0","N","1635","1","0","0","0","0","0","0","2","0","1","","","","N","","","","","","","","","",""
"2020078838","1918","0","0","0","0","0","0","0","0","0","7","0","","02","9","2020","5","40.446461","-79.989816","1910","11","0","0","0","0","0","1","0","0","","0","0","0","19","","0","N","0","","40 26:47.260","","0","79 59:23.336","0","0","0","0","2301","0","0","0","N","0","0","0","1","02301","0","","2.0","","1","N","N","N","0","","0","0","1","","0","","1910","1","0","0","0","0","0","0","2","0","1","","03","","N","","","","","","","","","",""
"2020107507","1733","1","0","0","0","0","0","0","0","0","1","0","","02","12","2020","1","40.554393","-80.021334","1732","11","0","0","0","0","0","0","1","0","","0","0","0","17","","0","N","1","","40 33:15.814","","2","80 01:16.803","0","0","0","0","2108","0","0","0","N","0","0","0","3","02108","0","","1.0","","1","N","N","N","0","","0","0","1","","3","","1730","2","0","0","0","0","0","0","2","0","2","","06","","N","","","","","","","","","",""
"2020091004","1043","0","0","0","0","0","0","0","0","0","7","0","","02","10","2020","5","40.424737","-79.989699","1035","11","0","0","0","0","0","0","0","0","","0","0","0","10","","1","Y","0","","40 25:29.053","2","0","79 59:22.918","2","0","0","0","2301","0","0","0","N","0","0","0","2","02301","0","","5.0","1125.0","9","N","N","N","0","","0","1","1","","0","N","1035","1","1","1","0","1","0","0","2","0","1","","04","","N","","","","","","","","","",""
"2020080177","0942","1","0","0","0","0","0","0","0","0","1","0","","02","9","2020","1","40.538626","-80.011519","0942","11","0","0","0","0","0","0","0","0","","0","0","0","09","","0","N","0","","40 32:19.053","","6","80 00:41.469","0","0","0","0","2116","0","0","0","N","0","0","0","2","02116","0","","1.0","","1","N","N","N","0","","0","0","1","","0","","0942","2","0","0","0","0","0","0","2","0","2","","","","N","","","","","","","","","",""
"2020106938","0730","0","0","0","0","0","0","0","0","0","1","0","","02","12","2020","2","40.494122","-79.943604","0716","11","0","0","0","0","0","1","0","0","","0","0","0","07","","0","N","0","","40 29:38.839","2","0","79 56:36.973","0","0","0","0","2430","0","0","0","N","0","0","0","2","68D02","0","","1.0","830.0","1","N","N","N","1","","0","0","1","","0","N","0714","2","0","1","0","0","0","0","2","0","2","","","","N","","","","","","","","","",""
"2020078541","2010","1","0","0","0","0","0","0","0","0","4","0","","02","9","2020","4","40.479245","-79.943755","2000","11","0","0","0","0","0","0","0","0","","0","0","0","19","","1","","1","","40 28:45.282","6","0","79 56:37.518","3","0","0","1","2301","0","0","0","N","0","0","0","3","02301","0","","1.0","2130.0","1","N","N","N","0","","1","0","0","","0","N","1955","2","1","0","0","0","0","0","2","0","2","","03","","N","","","","","","","","","",""
"2020106771","2313","3","0","0","0","0","0","0","0","0","1","0","","02","12","2020","1","40.443585","-80.026822","2311","11","0","0","0","0","0","0","0","0","","0","0","0","23","","1","Y","0","","40 26:36.906","","0","80 01:36.560","3","0","0","0","2301","0","0","0","N","0","0","0","3","02301","0","","1.0","","1","N","N","N","0","","1","0","0","","0","","2307","3","1","1","0","0","0","0","2","0","3","","03","","N","","","","","","","","","",""
"2020109101","1030","3","0","0","0","0","0","0","0","0","3","0","","02","12","2020","5","40.427163","-79.942254","1016","11","0","0","0","0","0","1","0","0","","0","0","0","08","","0","N","0","","40 25:37.787","","0","79 56:32.116","0","0","0","0","2301","0","0","0","N","0","0","0","1","02301","0","","1.0","","7","N","N","Y","0","","0","0","1","","0","","0840","5","0","0","0","0","0","0","2","0","5","","","","N","","","","","","","","","",""
"2020106278","1639","1","0","0","0","0","0","0","0","0","5","0","","02","12","2020","4","40.52202","-79.838861","1639","11","0","0","0","0","0","0","0","0","","0","0","0","16","","0","N","0","","40 31:19.271","","0","79 50:19.899","0","0","0","0","2451","0","0","0","N","0","0","0","0","02451","0","","1.0","","1","N","N","N","0","","0","0","0","","0","","1639","1","0","0","0","0","0","0","2","0","1","","","","N","","","","","","","","","",""
"2020079420","1816","2","0","0","0","0","0","0","0","0","6","0","","02","9","2020","3","40.35205","-79.964629","1813","11","0","0","0","1","0","1","0","0","","0","0","0","18","","1","","1","","40 21:07.381","","0","79 57:52.663","8","0","0","0","2403","0","0","0","N","0","0","0","4","02403","0","","1.0","","1","N","N","N","0","","0","0","1","","3","","1811","3","1","0","0","0","1","0","2","0","3","","03","","N","","","","","","","","","",""
"2020106326","1713","2","0","0","0","0","0","0","0","0","1","0","","02","12","2020","4","40.422989","-80.003448","1709","11","0","0","0","0","0","1","0","0","","0","0","0","17","","0","N","0","","40 25:22.762","1","4","80 00:12.414","0","0","0","0","2301","0","0","0","N","0","0","0","3","02301","0","","1.0","1718.0","1","N","N","N","0","","0","0","1","","0","Y","1708","3","0","0","0","0","0","0","2","0","3","","03","","N","","","","","","","","","",""
"2020112370","1340","1","0","0","0","0","0","0","0","0","7","0","","02","12","2020","7","40.454553","-79.881554","1336","11","0","0","0","0","0","0","0","0","","0","0","0","13","","1","N","2","","40 27:16.392","4","0","79 52:53.595","3","0","0","0","2301","0","0","0","N","0","0","0","1","02301","0","","5.0","1448.0","6","N","N","N","0","","1","0","0","","0","N","1333","1","1","0","0","0","0","0","2","0","1","","","","N","","","","","","","","","",""
"2020094217","1430","0","0","0","0","0","0","0","0","0","0","0","","02","9","2020","2","40.461417","-79.970746","1430","11","0","0","0","0","0","0","0","0","","0","0","0","14","","1","N","1","","40 27:41.101","","0","79 58:14.685","8","0","0","1","2301","0","0","0","N","0","0","0","1","68B03","0","","1.0","","1","N","N","N","0","","0","0","0","","3","","1430","1","1","0","0","0","1","0","2","0","1","","03","","N","","","","","","","","","",""
"2020080090","2329","1","0","0","0","0","0","0","0","0","7","0","","02","9","2020","5","40.384042","-79.989362","2313","11","0","0","0","0","0","0","0","0","","0","0","0","23","","1","N","0","","40 23:02.550","6","0","79 59:21.704","3","0","0","0","2301","0","0","0","N","0","0","0","1","02301","0","","5.0","100.0","1","N","N","N","0","","1","0","0","","0","N","2310","1","1","0","0","0","0","0","2","0","1","","03","","N","","","","","","","","","",""
"2020077405","1008","0","0","0","0","0","0","0","0","0","4","0","","02","9","2020","2","40.448371","-79.934356","1005","11","0","0","0","0","0","0","0","0","","0","0","0","10","","0","N","0","","40 26:54.134","3","0","79 56:03.681","0","0","0","0","2301","0","0","0","N","0","0","0","2","02301","0","","1.0","30.0","1","N","N","N","0","","0","0","2","","2","N","1002","2","0","0","0","0","0","0","2","0","2","","03","","N","","","","","","","","","",""
"2020077892","1630","0","0","0","0","0","0","0","0","0","8","0","","02","9","2020","3","40.449775","-79.827028","1627","11","0","0","0","0","0","0","0","0","","0","0","0","16","","1","Y","0","","40 26:59.191","","7","79 49:37.299","3","0","0","0","2113","1","0","0","N","1","0","0","2","02113","0","","4.0","","1","N","N","N","0","","1","0","1","","0","","1624","2","1","1","0","0","0","0","2","0","1","","","","N","","","","","","","","","",""
"2020084481","1348","0","0","0","0","0","0","0","0","0","4","0","","02","9","2020","7","40.541232","-79.786581","1347","11","0","0","0","0","0","1","0","0","","0","0","0","13","","1","N","0","","40 32:28.436","","6","79 47:11.690","3","0","0","1","2462","0","0","0","N","0","0","0","2","02462","0","","1.0","","1","N","N","N","1","","1","0","0","","0","","1347","2","1","0","0","0","0","0","2","0","2","","03","","N","","","","","","","","","",""
"2020113427","1020","0","0","0","0","0","0","0","0","0","1","1","","02","12","2020","3","40.406619","-80.044476","1017","11","0","0","0","0","0","1","0","1","","0","1","0","10","","0","N","0","","40 24:23.828","","0","80 02:40.115","0","0","0","0","2301","0","0","0","N","0","0","0","2","02301","0","","1.0","","1","N","N","N","0","","0","0","0","","0","","1015","2","0","1","0","0","0","0","2","1","2","","03","","N","","","","","","","","","",""