"CRN","ARRIVAL_TM","AUTOMOBILE_COUNT","BELTED_DEATH_COUNT","BELTED_SUSP_SERIOUS_INJ_COUNT","BICYCLE_COUNT","BICYCLE_DEATH_COUNT","BICYCLE_SUSP_SERIOUS_INJ_COUNT","BUS_COUNT","CHLDPAS_DEATH_COUNT","CHLDPAS_SUSP_SERIOUS_INJ_COUNT","COLLISION_TYPE","COMM_VEH_COUNT","CONS_ZONE_SPD_LIM","COUNTY","CRASH_MONTH","CRASH_YEAR","DAY_OF_WEEK","DEC_LATITUDE","DEC_LONGITUDE","DISPATCH_TM","DISTRICT","DRIVER_COUNT_16YR","DRIVER_COUNT_17YR","DRIVER_COUNT_18YR","DRIVER_COUNT_19YR","DRIVER_COUNT_20YR","DRIVER_COUNT_50_64YR","DRIVER_COUNT_65_74YR","DRIVER_COUNT_75PLUS","EST_HRS_CLOSED","FATAL_COUNT","HEAVY_TRUCK_COUNT","HORSE_BUGGY_COUNT","HOUR_OF_DAY","ILLUMINATION","INJURY_COUNT","INTERSECTION_RELATED","INTERSECT_TYPE","LANE_CLOSED","LATITUDE","LN_CLOSE_DIR","LOCATION_TYPE","LONGITUDE","MAX_SEVERITY_LEVEL","MCYCLE_DEATH_COUNT","MCYCLE_SUSP_SERIOUS_INJ_COUNT","MOTORCYCLE_COUNT","MUNICIPALITY","NONMOTR_COUNT","NONMOTR_DEATH_COUNT","NONMOTR_SUSP_SERIOUS_INJ_COUNT","NTFY_HIWY_MAINT","PED_COUNT","PED_DEATH_COUNT","PED_SUSP_SERIOUS_INJ_COUNT","PERSON_COUNT","POLICE_AGCY","POSSIBLE_INJ_COUNT","RDWY_SURF_TYPE_CD","RELATION_TO_ROAD","ROADWAY_CLEARED","ROAD_CONDITION","SCH_BUS_IND","SCH_ZONE_IND","SECONDARY_CRASH","SMALL_TRUCK_COUNT","SPEC_JURIS_CD","SUSP_MINOR_INJ_COUNT","SUSP_SERIOUS_INJ_COUNT","SUV_COUNT","TCD_FUNC_CD","TCD_TYPE","TFC_DETOUR_IND","TIME_OF_DAY","TOTAL_UNITS","TOT_INJ_COUNT","UNBELTED_OCC_COUNT","UNB_DEATH_COUNT","UNB_SUSP_SERIOUS_INJ_COUNT","UNK_INJ_DEG_COUNT","UNK_INJ_PER_COUNT","URBAN_RURAL","VAN_COUNT","VEHICLE_COUNT","WEATHER1","WEATHER2","WORKERS_PRES","WORK_ZONE_IND","WORK_ZONE_LOC","WORK_ZONE_TYPE","WZ_CLOSE_DETOUR","WZ_FLAGGER","WZ_LAW_OFFCR_IND","WZ_LN_CLOSURE","WZ_MOVING","WZ_OTHER","WZ_SHLDER_MDN","WZ_WORKERS_INJ_KILLED"
"2020089171","0421","1","0","0","0","0","0","0","0","0","7","0","","02","10","2020","6","40.370868","-79.874475","0420","11","0","0","0","0","0","0","0","0","","0","0","0","04","","0","","3","","40 22:15.124","","0","79 52:28.110","0","0","0","0","2473","0","0","0","N","0","0","0","1","02473","0","","4.0","","1","N","N","N","0","","0","0","0","","0","","0420","1","0","1","0","0","0","0","2","0","1","","03","","N","","","","","","","","","",""
"2020110815","1135","1","0","0","0","0","0","0","0","0","7","0","","02","12","2020","4","40.364136","-79.826755","1131","11","0","0","0","0","0","0","0","0","","0","0","0","11","","1","Y","0","","40 21:50.889","7","0","79 49:36.318","3","0","0","0","2111","0","0","0","N","0","0","0","1","02111","0","","5.0","1208.0","7","N","N","N","0","","1","0","0","","0","Y","1131","1","1","0","0","0","0","0","2","0","1","","10","","N","","","","","","","","","",""
"2020079158","1628","1","0","0","0","0","0","0","0","0","7","0","","02","9","2020","1","40.414187","-79.996772","1626","11","0","0","0","0","0","0","0","0","","0","0","0","16","","0","Y","0","","40 24:51.074","","0","79 59:48.380","0","0","0","0","2301","0","0","0","Y","0","0","0","5","02301","0","","5.0","","1","N","N","N","0","","0","0","0","","0","","1626","1","0","0","0","0","0","0","2","0","1","","","","N","","","","","","","","","",""
"2020093324","1113","1","0","0","0","0","0","0","0","0","7","0","","02","11","2020","1","40.478661","-79.967311","1109","11","0","0","0","0","0","0","0","0","","0","0","0","11","","0","N","0","","40 28:43.178","2","0","79 58:02.320","0","0","0","0","2118","0","0","0","Y","0","0","0","1","02118","0","","3.0","1147.0","9","N","N","N","0","","0","0","0","","0","N","1103","1","0","0","0","0","0","0","2","0","1","","04","","N","","","","","","","","","",""
"2020083146","1826","1","0","0","0","0","0","0","0","0","7","0","","02","9","2020","1","40.537032","-80.201238","1823","11","0","0","0","0","0","0","0","0","","0","0","0","18","","0","N","0","","40 32:13.316","","0","80 12:04.457","0","0","0","0","2213","0","0","0","N","0","0","0","1","02213","0","","3.0","","1","N","N","N","0","","0","0","0","","0","","1823","1","0","0","0","0","0","0","2","0","1","","","","N","","","","","","","","","",""
"2020079620","1938","1","0","0","0","0","0","0","0","0","1","0","","02","9","2020","1","40.434185","-79.995834","1929","11","0","0","1","0","0","0","0","0","","0","0","0","19","","1","N","0","","40 26:03.065","1","0","79 59:45.004","8","0","0","0","2301","0","0","0","N","0","0","0","5","02301","0","","1.0","2027.0","1","N","N","N","0","","0","0","2","","0","N","1925","3","1","0","0","0","1","0","2","0","3","","03","","N","","","","","","","","","",""
"2020110329","0657","2","0","0","0","0","0","0","0","0","6","0","","02","12","2020","2","40.650984","-79.934234","0641","11","0","0","0","0","0","2","0","0","","0","0","0","06","","0","","1","","40 39:03.544","3","0","79 56:03.242","0","0","0","0","2217","0","0","0","N","0","0","0","2","02505","0","","1.0","726.0","1","N","N","Y","0","","0","0","0","","3","N","0640","2","0","0","0","0","0","0","2","0","2","","","","N","","","","","","","","","",""
"2020109958","1039","0","0","0","0","0","0","0","0","0","4","0","","02","12","2020","2","40.326055","-80.06566","1037","11","0","0","0","0","0","0","0","1","","0","0","0","10","","2","","2","","40 19:33.799","","0","80 03:56.375","3","0","0","0","2123","0","0","0","N","0","0","0","3","02123","0","","1.0","","1","N","N","N","0","","2","0","1","","2","","1037","2","2","0","0","0","0","0","2","1","2","","03","","N","","","","","","","","","",""
"2020094847","0837","1","0","0","0","0","0","0","0","0","4","0","","02","10","2020","5","40.424179","-79.964325","0824","11","0","0","0","1","0","0","0","0","","0","0","0","08","","1","N","3","","40 25:27.044","7","0","79 57:51.569","4","0","0","0","2301","0","0","0","N","0","0","0","2","02301","1","","1.0","850.0","9","N","N","N","1","","0","0","0","","3","N","0823","2","1","0","0","0","0","0","2","0","2","","07","","N","","","","","","","","","",""
"2020113410","0440","0","0","0","0","0","0","0","0","0","7","1","","02","12","2020","7","40.385474","-79.820116","0438","11","0","0","0","0","0","0","0","0","","0","1","0","04","","1","N","0","","40 23:07.705","5","0","79 49:12.418","3","0","0","0","2111","0","0","0","N","0","0","0","1","02111","0","","5.0","700.0","7","N","N","N","0","","1","0","0","","0","Y","0438","1","1","0","0","0","0","0","2","0","1","","02","","N","","","","","","","","","",""
"2020077683","2138","0","0","0","0","0","0","0","0","0","7","0","","02","9","2020","2","40.486342","-79.913118","2125","11","0","0","0","0","0","0","0","0","","0","0","0","21","","1","N","0","","40 29:10.831","","0","79 54:47.223","8","0","0","0","2301","0","0","0","N","0","0","0","1","02301","0","","7.0","","1","N","N","N","0","","0","0","0","","0","","2100","1","1","0","0","0","1","0","2","1","1","","03","","N","","","","","","","","","",""
"2020079384","1531","1","0","0","0","0","0","0","0","0","7","0","","02","9","2020","6","40.512375","-80.072188","1526","11","0","0","0","0","0","0","0","0","","0","0","0","15","","0","N","0","","40 30:44.550","2","0","80 04:19.876","0","0","0","0","2406","0","0","0","N","0","0","0","2","02215","0","","5.0","1622.0","1","N","N","N","0","","0","0","0","","0","Y","1523","1","0","0","0","0","0","0","2","0","1","","03","","N","","","","","","","","","",""
"2020101964","1511","0","0","0","0","0","0","0","0","0","2","0","","02","10","2020","5","40.516856","-80.162703","1508","11","0","0","0","0","0","1","0","0","","0","0","0","15","","0","","1","","40 31:00.680","","0","80 09:45.732","9","0","0","0","2420","0","0","0","N","0","0","0","2","02420","0","","1.0","","9","N","N","N","0","","0","0","2","","1","","1508","2","0","1","0","0","0","1","2","0","2","","","","N","","","","","","","","","",""
"2020081255","0422","0","0","0","0","0","0","0","0","0","4","0","","02","9","2020","1","40.428698","-79.988579","0418","11","0","0","0","0","0","0","0","0","","0","0","0","04","","0","","1","","40 25:43.314","6","0","79 59:18.885","9","0","0","0","2301","0","0","0","N","0","0","0","3","02301","0","","1.0","455.0","1","N","N","N","0","","0","0","2","","2","N","0415","2","0","0","0","0","0","1","2","0","2","","03","","N","","","","","","","","","",""
"2020109895","0242","1","0","0","0","0","0","0","0","0","4","0","","02","12","2020","1","40.434026","-79.992538","0235","11","0","0","0","0","0","0","0","0","","0","0","0","02","","1","N","0","","40 26:02.495","4","0","79 59:33.135","3","0","0","0","2301","0","0","0","N","0","0","0","3","68B03","0","","1.0","320.0","1","N","N","N","0","","1","0","1","","0","N","0233","2","1","1","0","0","0","0","2","0","2","","","","N","","","","","","","","","",""
"2020113758","1958","2","0","0","0","0","0","0","0","0","4","0","","02","12","2020","4","40.290051","-79.884187","1953","11","0","0","0","0","0","0","0","0","","0","0","0","19","","0","","1","","40 17:24.183","","0","79 53:03.073","0","0","0","0","2302","0","0","0","N","0","0","0","2","02302","0","","1.0","","9","N","N","Y","0","","0","0","0","","0","","1953","2","0","0","0","0","0","0","2","0","2","","07","","N","","","","","","","","","",""
"2020080286","2219","0","0","0","0","0","0","0","0","0","4","0","","02","9","2020","6","40.46603","-79.705397","2208","11","0","0","0","1","0","0","1","0","","0","0","0","22","","0","N","2","","40 27:57.707","4","0","79 42:19.430","0","0","0","0","2466","0","0","0","N","0","0","0","2","02466","0","","1.0","2300.0","1","N","N","N","1","","0","0","1","","0","N","2205","2","0","0","0","0","0","0","2","0","2","","","","N","","","","","","","","","",""
"2020113370","1309","1","0","0","0","0","0","0","0","0","8","0","","02","11","2020","4","40.415451","-79.92486","1259","11","0","0","0","0","0","0","0","0","","0","0","0","12","","1","N","1","","40 24:55.623","","0","79 55:29.496","2","0","0","0","2301","1","0","1","N","1","0","1","2","02301","0","","1.0","","1","N","N","N","0","","0","1","0","","2","N","1259","2","1","0","0","0","0","1","2","0","1","","03","","N","","","","","","","","","",""
"2020078321","1700","1","0","0","0","0","0","0","0","0","6","0","","02","9","2020","4","40.423815","-79.961988","1654","11","0","0","0","0","0","1","0","0","","0","0","0","16","","2","N","1","","40 25:25.733","3","0","79 57:43.155","3","0","0","0","2301","0","0","0","N","0","0","0","2","02301","0","","1.0","1730.0","1","N","N","N","0","","2","0","1","","2","N","1650","2","2","0","0","0","0","0","2","0","2","","03","","N","","","","","","","","","",""
"2020083555","1351","1","0","0","0","0","0","0","0","0","7","0","","02","10","2020","4","40.405848","-80.068666","1350","11","0","0","0","0","0","1","0","0","","0","0","0","13","","1","N","0","","40 24:21.053","6","0","80 04:07.196","8","0","0","0","2117","0","0","0","N","0","0","0","1","02117","0","","5.0","1425.0","1","","","N","0","","0","0","0","","0","N","1347","1","1","0","0","0","1","0","2","0","1","","","","N","","","","","","","","","",""
"2020080148","0745","1","0","0","0","0","0","0","0","0","1","0","","02","9","2020","2","40.492913","-80.306379","0740","11","0","0","0","0","0","0","0","0","","0","0","0","07","","1","N","0","","40 29:34.487","3","7","80 18:22.966","3","0","0","0","2203","0","0","0","N","0","0","0","2","02203","0","","1.0","833.0","1","N","N","N","1","","1","0","0","","0","N","0740","2","1","1","0","0","0","0","2","0","2","","","","N","","","","","","","","","",""
"2020079733","1726","1","0","0","0","0","0","0","0","0","4","0","","02","9","2020","5","40.605111","-79.947087","1721","11","0","0","0","0","0","0","0","0","","0","0","0","17","","2","N","2","","40 36:18.400","5","0","79 56:49.514","4","0","0","0","2207","0","0","0","N","0","0","0","3","02207","2","","1.0","1805.0","1","N","N","N","0","","0","0","1","","0","Y","1717","2","2","0","0","0","0","0","2","0","2","","03","","N","","","","","","","","","",""
"2020106516","1053","2","0","0","0","0","0","0","0","0","5","0","","02","12","2020","5","40.433125","-79.918444","1044","11","0","0","0","0","0","0","0","1","","0","0","0","10","","0","N","0","","40 25:59.250","","0","79 55:06.400","0","0","0","0","2301","0","0","0","N","0","0","0","1","02301","0","","1.0","","1","N","N","N","0","","0","0","0","","0","","1035","2","0","0","0","0","0","0","2","0","2","","03","","N","","","","","","","","","",""
"2020078875","2334","1","0","0","0","0","0","0","0","0","7","0","","02","9","2020","3","40.467627","-79.894247","2329","11","0","0","0","0","0","0","0","0","","0","0","0","23","","0","","2","","40 28:03.457","","0","79 53:39.289","9","0","0","0","2301","0","0","0","N","0","0","0","3","02301","0","","5.0","","1","N","N","N","0","","0","0","0","","3","","2325","1","0","1","0","0","0","3","2","0","1","","03","","N","","","","","","","","","",""
"2020077787","1001","0","0","0","0","0","0","0","0","0","1","0","","02","9","2020","3","40.448956","-80.020419","0955","11","0","0","0","0","0","0","0","0","","0","0","0","09","","1","N","0","","40 26:56.243","","0","80 01:13.508","8","0","0","0","2301","0","0","0","N","0","0","0","2","02301","0","","1.0","","1","N","N","N","1","","0","0","1","","0","","0955","2","1","0","0","0","1","0","2","0","2","","","","N","","","","","","","","","",""
"2020090267","1131","0","0","0","0","0","0","0","0","0","4","0","","02","10","2020","6","40.325002","-80.081462","1129","11","0","0","0","0","0","0","1","0","","0","0","0","11","","2","","1","","40 19:30.007","5","0","80 04:53.264","3","0","0","0","2123","0","0","0","N","0","0","0","3","02123","0","","1.0","1216.0","1","N","N","N","0","","2","0","2","","2","N","1125","2","2","0","0","0","0","0","2","0","2","","","","N","","","","","","","","","",""
"2020109859","1420","2","0","0","0","0","0","0","0","0","4","0","","02","12","2020","6","40.653407","-80.067874","1416","11","0","0","0","0","0","0","0","1","","0","0","0","14","","0","N","2","","40 39:12.266","6","0","80 04:04.348","0","0","0","0","2216","0","0","0","N","0","0","0","8","02505","0","","1.0","1440.0","1","N","N","N","0","","0","0","0","","3","N","1416","2","0","1","0","0","0","0","2","0","2","","","","N","","","","","","","","","",""
"2020108652","1258","0","0","0","0","0","0","0","0","0","4","0","","02","12","2020","4","40.600448","-79.967764","1249","11","0","0","0","0","0","0","0","0","","0","0","0","12","","0","","2","","40 36:01.612","2","0","79 58:03.952","0","0","0","0","2207","0","0","0","N","0","0","0","1","02207","0","","5.0","1340.0","2","N","N","N","1","","0","0","1","","0","N","1249","2","0","0","0","0","0","0","2","0","2","","","","N","","","","","","","","","",""
"2020080139","1212","1","0","0","0","0","0","0","0","0","7","0","","02","9","2020","2","40.3796","-79.911497","1204","11","0","0","0","0","0","1","0","0","","0","0","0","12","","1","N","0","","40 22:46.560","","0","79 54:41.390","8","0","0","0","2448","0","0","0","N","0","0","0","1","02301","0","","5.0","","1","N","N","N","0","","0","0","0","","0","","1204","1","1","0","0","0","1","0","2","0","1","","03","","N","","","","","","","","","",""
"2020077754","1309","2","0","0","0","0","0","0","0","0","4","0","","02","9","2020","2","40.450611","-80.177111","1302","11","0","0","0","0","0","1","0","0","","0","0","0","13","","1","N","0","","40 27:02.200","","7","80 10:37.600","4","0","0","0","2214","0","0","0","N","0","0","0","3","02214","1","","1.0","","1","N","N","N","0","","0","0","0","","0","","1302","2","1","0","0","0","0","0","2","0","2","","03","","N","","","","","","","","","",""
"2020088613","1542","1","0","0","0","0","0","0","0","0","1","0","","02","10","2020","5","40.458331","-79.906145","1533","11","0","0","0","0","1","0","0","0","","0","0","0","15","","2","","1","","40 27:29.991","4","0","79 54:22.121","3","0","0","1","2301","0","0","0","N","0","0","0","2","02301","0","","1.0","1615.0","1","N","N","N","0","","2","0","0","","0","Y","1533","2","2","0","0","0","0","0","2","0","2","","03","","N","","","","","","","","","",""
"2020112025","1554","1","0","0","0","0","0","0","0","0","4","0","","02","12","2020","6","40.34837","-79.944808","1551","11","0","0","0","0","0","0","0","0","","0","0","0","15","","2","","1","","40 20:54.133","2","0","79 56:41.310","8","0","0","0","2473","0","0","0","Y","0","0","0","2","02473","0","","4.0","1630.0","2","N","N","N","0","","0","0","0","","2","N","1550","1","2","0","0","0","2","0","2","0","1","","10","","N","","","","","","","","","",""
"2020079388","2140","1","0","0","0","0","0","0","0","0","4","0","","02","9","2020","5","40.389708","-79.933338","2132","11","0","0","0","0","0","0","0","0","","0","0","0","21","","2","","1","","40 23:22.947","","0","79 56:00.018","8","0","0","0","2301","0","0","0","N","0","0","0","2","02301","0","","1.0","","1","N","N","N","1","","0","0","0","","2","","2132","2","2","0","0","0","2","0","2","0","2","","03","","N","","","","","","","","","",""
"2020105406","2208","2","0","0","0","0","0","0","0","0","4","0","","02","12","2020","6","40.447243","-79.895396","2203","11","0","0","0","0","0","0","0","1","","0","0","0","22","","0","","1","","40 26:50.076","2","0","79 53:43.424","9","0","0","0","2301","0","0","0","N","0","0","0","2","02301","0","","1.0","2230.0","1","N","N","N","0","","0","0","0","","2","N","2200","2","0","0","0","0","0","1","2","0","2","","03","","N","","","","","","","","","",""
"2020077773","1400","1","0","0","0","0","0","0","0","0","1","0","","02","9","2020","2","40.487613","-79.956369","1355","11","0","0","0","0","1","0","0","0","","0","0","0","13","","0","N","0","","40 29:15.406","1","0","79 57:22.927","0","0","0","0","2118","0","0","0","N","0","0","0","4","02118","0","","1.0","1456.0","1","N","N","N","1","","0","0","1","","0","N","1350","3","0","0","0","0","0","0","2","0","3","","03","","N","","","","","","","","","",""
"2020077070","0237","2","0","0","0","0","0","0","0","0","4","0","","02","9","2020","1","40.353954","-79.823236","0237","11","0","0","0","0","0","1","0","0","","0","0","0","02","","0","","1","","40 21:14.236","","0","79 49:23.648","0","0","0","0","2477","0","0","0","N","0","0","0","4","02477","0","","1.0","","1","N","N","N","0","","0","0","0","","3","","0237","2","0","1","0","0","0","0","2","0","2","","03","","N","","","","","","","","","",""
"2020079837","0218","1","0","0","0","0","0","0","0","0","7","0","","02","9","2020","6","40.495514","-80.015127","0201","11","0","0","0","0","0","0","0","0","","0","0","0","02","","0","N","0","","40 29:43.849","2","0","80 00:54.457","9","0","0","0","2301","0","0","0","N","0","0","0","1","68B03","0","","4.0","230.0","1","N","N","N","0","","0","0","0","","0","N","0200","1","0","0","0","0","0","1","2","0","1","","03","","N","","","","","","","","","",""
"2020078193","1055","2","0","0","0","0","0","0","0","0","4","0","","02","9","2020","4","40.428413","-79.974637","1048","11","0","0","0","0","0","0","1","1","","0","0","0","10","","0","N","1","","40 25:42.286","","0","79 58:28.692","0","0","0","0","2301","0","0","0","N","0","0","0","2","02301","0","","1.0","","1","N","N","N","0","","0","0","0","","2","","1045","2","0","0","0","0","0","0","2","0","2","","03","","N","","","","","","","","","",""
"2020108683","1530","1","0","0","0","0","0","0","0","0","7","0","","02","12","2020","4","40.495955","-80.060909","1527","11","0","0","0","0","0","0","0","0","","0","0","0","15","","1","N","0","","40 29:45.437","","0","80 03:39.271","3","0","0","0","2404","0","0","0","N","0","0","0","1","02404","0","","5.0","","7","N","N","N","0","","1","0","0","","0","","1525","1","1","0","0","0","0","0","2","0","1","","02","","N","","","","","","","","","",""
"2020087801","1054","0","0","0","0","0","0","0","0","0","7","0","","02","10","2020","6","40.365998","-80.048518","1049","11","0","0","0","0","0","0","1","0","","0","0","0","10","","0","","3","","40 21:57.593","","0","80 02:54.663","0","0","0","0","2109","0","0","0","N","0","0","0","1","02109","0","","4.0","","1","N","N","N","0","","0","0","1","","0","","1047","1","0","0","0","0","0","0","2","0","1","","03","","N","","","","","","","","","",""
"2020086495","1800","1","0","0","0","0","0","0","0","0","7","0","","02","10","2020","6","40.470628","-79.932814","1755","11","0","0","0","0","0","1","0","0","","0","0","0","17","","0","N","2","","40 28:14.261","","0","79 55:58.129","9","0","0","0","2301","0","0","0","N","0","0","0","1","02301","0","","5.0","","1","N","N","N","0","","0","0","0","","0","","1755","1","0","0","0","0","0","1","2","0","1","","","","N","","","","","","","","","",""
"2020112052","1725","1","0","0","0","0","0","0","0","0","1","0","","02","12","2020","6","40.507423","-79.851696","1725","11","0","0","0","0","0","0","0","0","","0","0","0","17","","0","N","2","","40 30:26.723","","0","79 51:06.106","0","0","0","0","2112","0","0","0","N","0","0","0","8","02112","0","","1.0","","7","N","N","N","0","","0","0","1","","0","","1725","2","0","0","0","0","0","0","2","0","2","","","","N","","","","","","","","","",""
"2020113299","1936","0","0","0","0","0","0","0","0","0","98","0","","02","12","2020","7","40.639784","-80.065115","1922","11","0","0","0","0","0","1","0","0","","0","0","0","19","","0","N","0","","40 38:23.224","","0","80 03:54.414","0","0","0","0","2216","0","0","0","N","0","0","0","2","02505","0","","1.0","","1","N","N","N","1","","0","0","0","","0","","1919","1","0","0","0","0","0","0","2","0","1","","","","N","","","","","","","","","",""
"2020084472","1231","2","0","0","0","0","0","0","0","0","1","0","","02","10","2020","1","40.520603","-80.048088","1227","11","0","0","0","0","0","0","1","0","","0","0","0","12","","0","N","0","","40 31:14.170","1","0","80 02:53.116","0","0","0","0","2474","0","0","0","N","0","0","0","1","02474","0","","4.0","1331.0","1","N","N","N","0","","0","0","0","","0","Y","1223","2","0","0","0","0","0","0","2","0","2","","03","","N","","","","","","","","","",""
"2020083975","1602","2","0","0","0","0","0","0","0","0","4","0","","02","10","2020","6","40.495283","-80.066049","1600","11","0","0","0","0","0","1","0","0","","0","0","0","15","","2","N","0","","40 29:43.020","","99","80 03:57.776","3","0","0","0","2402","0","0","0","N","0","0","0","2","02402","0","","1.0","","1","N","N","N","0","","2","0","0","","8","","1557","2","2","0","0","0","0","0","2","0","2","","03","","N","","","","","","","","","",""
"2020091442","1224","1","0","0","0","0","0","0","0","0","4","0","","02","10","2020","6","40.60263","-79.758427","1222","11","0","0","0","1","0","1","0","0","","0","0","0","12","","0","N","2","","40 36:09.467","","0","79 45:30.337","0","0","0","0","2464","0","0","0","N","0","0","0","2","02464","0","","1.0","","1","N","N","Y","0","","0","0","1","","0","","1222","2","0","0","0","0","0","0","2","0","2","","03","","N","","","","","","","","","",""
"2020112931","1239","2","0","0","0","0","0","0","0","0","0","0","","02","12","2020","4","40.37861","-79.805004","1234","11","0","0","0","0","0","1","0","0","","0","0","0","12","","0","Y","0","","40 22:42.997","3","0","79 48:18.015","0","0","0","0","2111","0","0","0","N","0","0","0","2","02111","0","","1.0","1250.0","7","N","N","N","0","","0","0","0","","0","N","1234","2","0","0","0","0","0","0","2","0","2","","10","","N","","","","","","","","","",""
"2020091010","1057","1","0","0","0","0","0","0","0","0","7","0","","02","10","2020","7","40.406484","-79.953945","1052","11","0","0","0","0","0","0","0","0","","0","0","0","10","","0","N","0","","40 24:23.341","2","0","79 57:14.201","0","0","0","0","2403","0","0","0","N","0","0","0","1","02403","0","","4.0","1154.0","1","N","N","N","0","","0","0","0","","0","N","1052","1","0","0","0","0","0","0","2","0","1","","","","N","","","","","","","","","",""
"2020091299","1830","1","0","0","0","0","0","0","0","0","8","0","","02","10","2020","5","40.444373","-79.941312","1824","11","0","0","0","0","0","1","0","0","","0","0","0","18","","1","","2","","40 26:39.743","","7","79 56:28.724","3","0","0","0","2301","1","0","0","N","1","0","0","2","02301","0","","1.0","","9","N","N","N","0","","1","0","0","","0","","1824","2","1","0","0","0","0","0","2","0","1","","07","","N","","","","","","","","","",""
"2020084463","1325","0","0","0","0","0","0","0","0","0","1","0","45","02","10","2020","7","40.457969","-80.188536","1320","11","0","0","0","1","0","0","0","0","","0","0","0","13","","5","N","0","","40 27:28.690","3","0","80 11:18.730","4","0","0","0","2203","0","0","0","N","0","0","0","6","68B03","3","","1.0","1500.0","1","N","N","N","3","","0","0","1","","0","N","1313","4","5","0","0","0","2","0","2","0","4","","03","Y","Y","4","1","N","N","Y","Y","N","Y","Y","N"
"2020080538","2044","0","0","0","0","0","0","0","0","0","7","0","","02","9","2020","3","40.45335","-80.054508","2038","11","0","0","0","0","0","0","0","0","","0","0","0","99","","0","N","1","","40 27:12.059","","0","80 03:16.228","0","0","0","0","2301","0","0","0","N","0","0","0","1","02301","0","","5.0","","9","N","N","N","0","","0","0","1","","3","","9999","1","0","0","0","0","0","0","2","0","1","","07","","N","","","","","","","","","",""
"2020078961","1050","1","0","0","0","0","0","0","0","0","4","0","","02","9","2020","6","40.532747","-79.958584","1045","11","0","0","0","0","0","1","0","0","","0","0","0","99","","1","N","1","","40 31:57.889","1","0","79 57:30.903","8","0","0","0","2118","0","0","0","N","0","0","0","2","02118","0","","1.0","1140.0","1","N","N","N","1","","0","0","0","","2","N","9999","2","1","0","0","0","1","0","2","0","2","","03","","N","","","","","","","","","",""
"2020079680","0042","1","0","0","0","0","0","0","0","0","7","0","","02","9","2020","1","40.469083","-80.103105","0037","11","0","0","0","0","1","0","0","0","","0","0","0","00","","1","N","2","","40 28:08.698","7","0","80 06:11.177","3","0","0","0","2126","0","0","0","N","0","0","0","1","02126","0","","4.0","111.0","1","N","N","N","0","","1","0","0","","0","N","0030","1","1","0","0","0","0","0","2","0","1","","03","","N","","","","","","","","","",""
"2020084144","1109","1","0","0","0","0","0","0","0","0","98","0","","02","10","2020","5","40.488976","-79.749408","1107","11","0","0","0","0","0","0","0","0","","0","0","0","10","","0","N","0","","40 29:20.312","","0","79 44:57.868","0","0","0","0","2466","0","0","0","N","0","0","0","1","02466","0","","1.0","","1","N","N","N","0","","0","0","0","","0","","1030","2","0","0","0","0","0","0","2","0","1","","03","","N","","","","","","","","","",""
"2020085977","1529","0","0","2","0","0","0","0","0","0","1","0","","02","10","2020","5","40.544148","-80.192792","1527","11","0","0","0","0","0","0","0","1","","0","0","0","15","","2","N","0","","40 32:38.933","1","0","80 11:34.050","2","0","0","0","2427","0","0","0","N","0","0","0","8","02427","0","","1.0","1558.0","1","N","N","Y","1","","0","2","2","","0","N","1527","3","2","0","0","0","0","0","2","0","3","","03","","N","","","","","","","","","",""
"2020094810","2352","1","0","0","0","0","0","0","0","0","7","0","","02","10","2020","1","40.511418","-80.100791","2347","11","0","0","0","0","0","0","0","0","","0","0","0","23","","0","N","0","","40 30:41.105","","0","80 06:02.846","0","0","0","0","2429","0","0","0","N","0","0","0","1","02215","0","","4.0","","1","N","N","N","0","","0","0","0","","2","","2350","1","0","0","0","0","0","0","2","0","1","","","","N","","","","","","","","","",""
"2020089218","1208","2","0","0","0","0","0","0","0","0","4","0","","02","10","2020","1","40.383768","-79.822825","1203","11","0","0","0","0","1","0","0","1","","0","0","0","12","","0","N","1","","40 23:01.566","4","0","79 49:22.170","0","0","0","0","2111","0","0","0","N","0","0","0","3","02111","0","","1.0","1229.0","1","N","N","N","0","","0","0","0","","2","N","1200","2","0","0","0","0","0","0","2","0","2","","03","","N","","","","","","","","","",""
"2020088751","0240","1","0","0","0","0","0","0","0","0","7","0","","02","10","2020","5","40.410864","-79.956175","0240","11","0","0","0","0","0","0","0","0","","0","0","0","02","","1","","2","","40 24:39.110","2","0","79 57:22.230","3","0","0","0","2301","0","0","0","N","0","0","0","1","02301","0","","5.0","300.0","1","N","N","N","0","","1","0","0","","0","N","0235","1","1","0","0","0","0","0","2","0","1","","03","","N","","","","","","","","","",""
"2020078725","1239","1","0","0","0","0","0","0","0","0","1","0","","02","9","2020","2","40.324791","-80.08171","1236","11","0","0","1","0","0","0","0","0","","0","0","0","12","","2","","1","","40 19:29.247","","0","80 04:54.155","3","0","0","0","2123","0","0","0","N","0","0","0","2","02123","1","","1.0","","1","N","N","N","1","","1","0","0","","2","","1236","2","2","0","0","0","0","0","2","0","2","","","","N","","","","","","","","","",""