"CRN","ARRIVAL_TM","AUTOMOBILE_COUNT","BELTED_DEATH_COUNT","BELTED_SUSP_SERIOUS_INJ_COUNT","BICYCLE_COUNT","BICYCLE_DEATH_COUNT","BICYCLE_SUSP_SERIOUS_INJ_COUNT","BUS_COUNT","CHLDPAS_DEATH_COUNT","CHLDPAS_SUSP_SERIOUS_INJ_COUNT","COLLISION_TYPE","COMM_VEH_COUNT","CONS_ZONE_SPD_LIM","COUNTY","CRASH_MONTH","CRASH_YEAR","DAY_OF_WEEK","DEC_LATITUDE","DEC_LONGITUDE","DISPATCH_TM","DISTRICT","DRIVER_COUNT_16YR","DRIVER_COUNT_17YR","DRIVER_COUNT_18YR","DRIVER_COUNT_19YR","DRIVER_COUNT_20YR","DRIVER_COUNT_50_64YR","DRIVER_COUNT_65_74YR","DRIVER_COUNT_75PLUS","EST_HRS_CLOSED","FATAL_COUNT","HEAVY_TRUCK_COUNT","HORSE_BUGGY_COUNT","HOUR_OF_DAY","ILLUMINATION","INJURY_COUNT","INTERSECTION_RELATED","INTERSECT_TYPE","LANE_CLOSED","LATITUDE","LN_CLOSE_DIR","LOCATION_TYPE","LONGITUDE","MAX_SEVERITY_LEVEL","MCYCLE_DEATH_COUNT","MCYCLE_SUSP_SERIOUS_INJ_COUNT","MOTORCYCLE_COUNT","MUNICIPALITY","NONMOTR_COUNT","NONMOTR_DEATH_COUNT","NONMOTR_SUSP_SERIOUS_INJ_COUNT","NTFY_HIWY_MAINT","PED_COUNT","PED_DEATH_COUNT","PED_SUSP_SERIOUS_INJ_COUNT","PERSON_COUNT","POLICE_AGCY","POSSIBLE_INJ_COUNT","RDWY_SURF_TYPE_CD","RELATION_TO_ROAD","ROADWAY_CLEARED","ROAD_CONDITION","SCH_BUS_IND","SCH_ZONE_IND","SECONDARY_CRASH","SMALL_TRUCK_COUNT","SPEC_JURIS_CD","SUSP_MINOR_INJ_COUNT","SUSP_SERIOUS_INJ_COUNT","SUV_COUNT","TCD_FUNC_CD","TCD_TYPE","TFC_DETOUR_IND","TIME_OF_DAY","TOTAL_UNITS","TOT_INJ_COUNT","UNBELTED_OCC_COUNT","UNB_DEATH_COUNT","UNB_SUSP_SERIOUS_INJ_COUNT","UNK_INJ_DEG_COUNT","UNK_INJ_PER_COUNT","URBAN_RURAL","VAN_COUNT","VEHICLE_COUNT","WEATHER1","WEATHER2","WORKERS_PRES","WORK_ZONE_IND","WORK_ZONE_LOC","WORK_ZONE_TYPE","WZ_CLOSE_DETOUR","WZ_FLAGGER","WZ_LAW_OFFCR_IND","WZ_LN_CLOSURE","WZ_MOVING","WZ_OTHER","WZ_SHLDER_MDN","WZ_WORKERS_INJ_KILLED"
"2020085148","2242","3","0","0","0","0","0","0","0","0","5","0","","02","10","2020","7","40.439247","-79.897453","2238","11","0","0","0","0","0","0","0","0","","0","0","0","22","","0","N","0","","40 26:21.290","","0","79 53:50.830","0","0","0","0","2301","0","0","0","N","0","0","0","1","02301","0","","1.0","","1","N","N","N","0","","0","0","0","","0","","2238","3","0","0","0","0","0","0","2","0","3","","03","","N","","","","","","","","","",""
"2020084898","2126","1","0","0","0","0","0","0","0","0","7","0","","02","10","2020","2","40.429364","-79.999101","2125","11","0","0","0","0","0","0","0","0","","0","0","0","21","","0","N","1","","40 25:45.712","","0","79 59:56.762","0","0","0","0","2301","0","0","0","N","0","0","0","1","02301","0","","3.0","","1","N","N","N","0","","0","0","0","","2","","2120","1","0","0","0","0","0","0","2","0","1","","03","","N","","","","","","","","","",""
"2020086678","1350","2","0","0","0","0","0","0","0","0","5","0","","02","10","2020","7","40.417566","-80.014768","1343","11","0","0","0","0","0","1","0","0","","0","0","0","13","","1","N","0","","40 25:03.236","","0","80 00:53.163","3","0","0","0","2301","0","0","0","N","0","0","0","8","02301","0","","1.0","","1","N","N","N","0","","1","0","0","","0","","1343","2","1","1","0","0","0","0","2","0","2","","03","","N","","","","","","","","","",""
"2020085578","1255","1","0","0","0","0","0","0","0","0","6","0","","02","10","2020","4","40.415771","-79.993158","1243","11","0","0","0","0","0","0","0","0","","0","0","0","12","","0","N","0","","40 24:56.775","","0","79 59:35.368","0","0","0","0","2301","0","0","0","N","0","0","0","2","02301","0","","1.0","","1","N","N","N","0","","0","0","1","","0","","1240","2","0","0","0","0","0","0","2","0","2","","03","","N","","","","","","","","","",""
"2020083360","0629","0","0","0","0","0","0","0","0","0","8","0","","02","10","2020","4","40.471547","-79.926308","0620","11","0","0","0","0","0","0","0","1","","0","0","0","06","","1","","1","","40 28:17.569","","0","79 55:34.708","8","0","0","0","2301","1","0","0","N","1","0","0","2","02301","0","","1.0","","1","N","N","N","1","","0","0","0","","2","","0620","2","1","0","0","0","1","0","2","0","1","","03","","N","","","","","","","","","",""
"2020087379","1822","2","0","0","0","0","0","0","0","0","1","0","","02","10","2020","2","40.478079","-79.822364","1822","11","0","0","0","1","0","0","0","0","","0","0","0","18","","1","","2","","40 28:41.086","","0","79 49:20.509","3","0","0","0","2113","0","0","0","N","0","0","0","2","02113","0","","1.0","","9","N","N","N","0","","1","0","0","","0","","1800","2","1","0","0","0","0","0","2","0","2","","","","N","","","","","","","","","",""
"2020084678","1740","1","0","1","0","0","0","0","0","0","7","0","","02","10","2020","6","40.376639","-80.113417","1736","11","0","0","0","0","0","1","0","0","","0","0","0","17","","1","N","0","","40 22:35.900","3","0","80 06:48.300","2","0","0","0","2102","0","0","0","N","0","0","0","1","02102","0","","4.0","1807.0","1","N","N","N","0","","0","1","0","","0","N","1733","1","1","0","0","0","0","0","2","0","1","","03","","N","","","","","","","","","",""
"2020090609","1953","1","0","0","0","0","0","0","0","0","98","0","","02","10","2020","2","40.657809","-79.722791","1948","11","0","0","0","0","0","0","0","0","","0","0","0","19","","0","N","0","","40 39:28.114","2","0","79 43:22.049","0","0","0","0","2106","0","0","0","N","0","0","0","1","68D02","0","","1.0","2010.0","1","N","N","N","0","","0","0","0","","0","N","1945","1","0","0","0","0","0","0","2","0","1","","","","N","","","","","","","","","",""
"2020087383","1536","1","0","0","0","0","0","0","0","0","1","0","","02","10","2020","3","40.348518","-80.052368","1526","11","0","0","1","0","0","1","0","0","","0","0","0","15","","1","","1","","40 20:54.665","","0","80 03:08.524","3","0","0","0","2407","0","0","0","N","0","0","0","2","02407","0","","1.0","","1","N","N","N","1","","1","0","0","","2","","1525","2","1","0","0","0","0","0","2","0","2","","","","N","","","","","","","","","",""
"2020085506","0741","0","0","0","0","0","0","0","0","0","7","0","","02","10","2020","4","40.3395","-79.852778","0738","11","0","0","0","0","0","0","0","0","","0","0","0","07","","0","N","0","","40 20:22.200","","0","79 51:10.000","9","0","0","0","2304","0","0","0","N","0","0","0","1","02304","0","","2.0","","1","N","N","N","0","","0","0","1","","0","","0738","1","0","0","0","0","0","1","2","0","1","","03","","N","","","","","","","","","",""
"2020084129","1424","1","0","0","0","0","0","0","0","0","4","0","","02","10","2020","6","40.628078","-80.023909","1414","11","0","0","0","0","0","0","0","1","","0","0","0","14","","0","N","1","","40 37:41.080","","0","80 01:26.073","0","0","0","0","2216","0","0","0","N","0","0","0","2","02505","0","","1.0","","1","N","N","N","0","","0","0","1","","2","","1400","2","0","0","0","0","0","0","1","0","2","","","","N","","","","","","","","","",""
"2020089694","1755","0","0","0","0","0","0","0","0","0","0","0","","02","10","2020","4","40.344653","-79.948456","1750","11","0","0","0","0","0","0","0","0","","0","0","0","17","","1","Y","0","","40 20:40.750","","7","79 56:54.440","8","0","0","0","2473","0","0","0","N","0","0","0","2","02473","0","","1.0","","1","N","N","N","0","","0","0","1","","0","","1749","2","1","0","0","0","1","0","2","0","1","","","","N","","","","","","","","","",""
"2020088736","2056","0","0","0","0","0","0","0","0","0","7","0","","02","10","2020","5","40.642195","-79.938474","2046","11","0","0","0","0","0","0","1","0","","0","0","0","20","","1","","1","","40 38:31.903","4","0","79 56:18.505","4","0","0","0","2217","0","0","0","N","0","0","0","1","02505","1","","1.0","2119.0","9","N","N","N","0","","0","0","1","","2","Y","2046","1","1","0","0","0","0","0","2","0","1","","03","","N","","","","","","","","","",""
"2020086326","1456","1","0","0","0","0","0","0","0","0","1","0","","02","10","2020","6","40.537182","-79.719165","1449","11","0","0","0","0","0","1","0","0","","0","0","0","14","","1","N","2","","40 32:13.854","3","0","79 43:08.995","8","0","0","0","2466","0","0","0","N","0","0","0","2","02466","0","","1.0","1528.0","1","N","N","N","0","","0","0","1","","0","N","1445","2","1","0","0","0","1","0","1","0","2","","03","","N","","","","","","","","","",""
"2020087080","0452","1","0","0","0","0","0","0","0","0","7","0","","02","10","2020","1","40.669302","-80.105853","0440","11","0","0","0","0","0","0","0","0","","0","0","0","04","","0","N","0","","40 40:09.486","4","0","80 06:21.072","0","0","0","0","2212","0","0","0","N","0","0","0","1","02505","0","","2.0","540.0","1","N","N","N","0","","0","0","0","","0","N","0440","1","0","0","0","0","0","0","2","0","1","","","","N","","","","","","","","","",""
"2020085867","1025","1","0","0","0","0","0","0","0","0","7","0","","02","10","2020","5","40.496917","-79.882528","1020","11","0","0","0","0","0","1","0","0","","0","0","0","10","","0","N","0","","40 29:48.900","","7","79 52:57.100","0","0","0","0","2112","0","0","0","N","0","0","0","1","02112","0","","4.0","","1","N","N","N","0","","0","0","0","","0","","1020","1","0","0","0","0","0","0","2","0","1","","","","N","","","","","","","","","",""
"2020086836","0228","1","0","0","0","0","0","0","0","0","5","0","","02","10","2020","1","40.473189","-79.897164","0218","11","0","0","0","0","0","0","0","0","","0","0","0","02","","0","N","0","","40 28:23.479","","0","79 53:49.791","0","0","0","0","2301","0","0","0","N","0","0","0","1","02301","0","","4.0","","8","N","N","N","0","","0","0","1","","0","","0218","2","0","0","0","0","0","0","2","0","2","","","","N","","","","","","","","","",""
"2020092029","1405","1","0","0","0","0","0","0","0","0","7","0","","02","10","2020","1","40.366165","-79.879009","1401","11","0","0","0","0","0","0","0","1","","0","0","0","14","","1","N","0","","40 21:58.193","6","0","79 52:44.431","3","0","0","0","2473","0","0","0","N","0","0","0","1","02473","0","","5.0","1430.0","1","N","N","N","0","","1","0","0","","0","Y","1400","1","1","0","0","0","0","0","2","0","1","","03","","N","","","","","","","","","",""
"2020083804","1215","2","0","0","0","0","0","0","0","0","4","0","","02","10","2020","6","40.455788","-79.994804","1211","11","0","0","0","0","0","0","0","0","","0","0","0","12","","0","","1","","40 27:20.838","","0","79 59:41.295","0","0","0","0","2301","0","0","0","N","0","0","0","2","02301","0","","1.0","","1","N","N","N","0","","0","0","0","","0","","1210","2","0","0","0","0","0","0","2","0","2","","03","","N","","","","","","","","","",""
"2020084487","1559","0","0","0","0","0","0","0","0","0","7","0","","02","10","2020","1","40.474068","-80.010393","1556","11","0","0","0","0","0","0","0","0","","0","0","0","15","","1","N","0","","40 28:26.643","","0","80 00:37.413","2","0","0","0","2301","0","0","0","N","0","0","0","1","02301","0","","2.0","","1","N","N","N","0","","0","1","0","","0","","1539","1","1","0","0","0","0","0","2","0","1","","03","","N","","","","","","","","","",""
"2020088271","1633","1","0","0","0","0","0","0","0","0","99","0","","02","10","2020","4","40.402972","-80.078111","1631","11","0","1","0","0","0","0","0","0","","0","0","0","16","","0","N","0","","40 24:10.700","","0","80 04:41.200","0","0","0","0","2415","0","0","0","N","0","0","0","3","02415","0","","2.0","","1","N","N","N","0","","0","0","0","","0","","1627","1","0","3","0","0","0","0","2","0","1","","03","","N","","","","","","","","","",""
"2020088768","2336","2","0","0","0","0","0","0","0","0","3","0","","02","10","2020","5","40.463403","-79.963318","2327","11","0","0","0","0","0","0","0","0","","0","0","0","23","","0","N","0","","40 27:48.249","","0","79 57:47.944","0","0","0","0","2301","0","0","0","N","0","0","0","1","02301","0","","1.0","","1","N","N","N","0","","0","0","1","","0","","2325","3","0","0","0","0","0","0","2","0","3","","03","","Y","","","","","","","","","",""
"2020094141","1320","1","0","0","0","0","0","0","0","0","4","0","","02","10","2020","7","40.506739","-80.006878","1317","11","0","0","0","0","0","0","1","0","","0","0","0","13","","0","","1","","40 30:24.261","1","0","80 00:24.762","0","0","0","0","2116","0","0","0","N","0","0","0","2","02116","0","","1.0","1357.0","1","N","N","N","0","","0","0","1","","2","N","1317","2","0","0","0","0","0","0","2","0","2","","03","","N","","","","","","","","","",""
"2020083436","1905","0","0","0","0","0","0","0","0","0","4","0","","02","10","2020","4","40.456077","-80.167414","1901","11","0","0","0","1","0","0","1","0","","0","0","0","19","","0","N","2","","40 27:21.877","","0","80 10:02.690","0","0","0","0","2115","0","0","0","N","0","0","0","2","02115","0","","1.0","","1","N","N","N","0","","0","0","2","","2","","1901","2","0","0","0","0","0","0","2","0","2","","03","","N","","","","","","","","","",""
"2020058244","1642","0","0","0","0","0","0","0","0","0","7","0","99","02","7","2020","5","40.400401","-80.180386","1640","11","0","0","0","0","0","0","0","0","","0","0","0","16","","1","N","1","","40 24:01.444","","0","80 10:49.391","4","0","0","1","2450","0","0","0","N","0","0","0","1","02450","1","","2.0","","9","N","N","N","0","","0","0","0","","9","","1640","1","1","0","0","0","0","0","2","0","1","","07","N","Y","3","8","","","N","","","","","N"
"2020086318","2005","1","0","0","0","0","0","0","0","0","4","0","","02","10","2020","2","40.415741","-79.847625","2003","11","0","0","0","0","0","0","0","0","","0","0","0","20","","0","","2","","40 24:56.669","","0","79 50:51.450","0","0","0","0","2431","0","0","0","N","0","0","0","2","02431","0","","1.0","","1","N","N","N","0","","0","0","1","","2","","2000","2","0","2","0","0","0","0","2","0","2","","","","N","","","","","","","","","",""
"2020078206","1150","1","0","0","0","0","0","0","0","0","5","1","","02","9","2020","4","40.426545","-80.030042","1140","11","0","0","0","0","0","1","0","1","","0","1","0","11","","0","N","0","","40 25:35.563","","0","80 01:48.152","0","0","0","0","2301","0","0","0","N","0","0","0","2","02301","0","","1.0","","1","N","N","N","0","","0","0","0","","0","","1140","2","0","0","0","0","0","0","2","0","2","","03","","N","","","","","","","","","",""
"2020084677","1839","1","0","0","0","0","0","0","0","0","7","0","","02","10","2020","1","40.40704","-79.833449","1834","11","0","0","0","0","0","0","0","0","","0","0","0","18","","1","N","0","","40 24:25.343","5","0","79 50:00.418","3","0","0","0","2467","0","0","0","N","0","0","0","1","02467","0","","5.0","2012.0","9","Y","N","N","0","","1","0","0","","0","N","1831","1","1","0","0","0","0","0","2","0","1","","","","N","","","","","","","","","",""
"2020083147","1017","1","0","0","0","0","0","0","0","0","1","0","","02","10","2020","3","40.522067","-80.217554","1017","11","0","0","0","1","0","1","0","0","","0","0","0","10","","1","","2","","40 31:19.441","","0","80 13:03.195","4","0","0","0","2213","0","0","0","N","0","0","0","2","02213","1","","1.0","","1","N","N","N","0","","0","0","1","","0","","1017","2","1","0","0","0","0","0","2","0","2","","","","N","","","","","","","","","",""
"2020091467","1648","2","0","0","0","0","0","0","0","0","1","0","","02","10","2020","5","40.430006","-79.879959","1641","11","0","0","0","0","0","1","0","0","","0","0","0","16","","0","N","0","","40 25:48.023","","0","79 52:47.851","0","0","0","0","2426","0","0","0","N","0","0","0","2","68B03","0","","1.0","","1","N","N","N","0","","0","0","0","","0","","1637","2","0","0","0","0","0","0","2","0","2","","03","","N","","","","","","","","","",""
"2020083547","1554","1","0","0","0","0","0","0","0","0","6","0","","02","10","2020","5","40.413464","-80.042733","1546","11","0","0","0","0","0","0","0","0","","0","0","0","15","","0","N","1","","40 24:48.470","","0","80 02:33.838","0","0","0","0","2301","0","0","0","N","0","0","0","2","02301","0","","1.0","","1","N","N","N","1","","0","0","0","","3","","1546","2","0","0","0","0","0","0","2","0","2","","","","N","","","","","","","","","",""
"2020109084","1030","0","0","0","0","0","0","0","0","0","7","0","","02","12","2020","5","40.383769","-79.992962","1000","11","0","0","0","0","0","0","0","0","","0","0","0","10","","0","N","0","","40 23:01.568","","0","79 59:34.662","0","0","0","0","2301","0","0","0","N","0","0","0","2","02301","0","","2.0","","6","N","N","N","0","","0","0","2","","0","","1000","2","0","0","0","0","0","0","2","0","2","","","","N","","","","","","","","","",""
"2020084416","0750","1","0","0","0","0","0","0","0","0","4","0","","02","10","2020","6","40.350389","-79.926064","0747","11","0","0","0","0","0","1","0","0","","0","0","0","07","","0","Y","0","","40 21:01.399","3","0","79 55:33.829","0","0","0","0","2473","0","0","0","N","0","0","0","3","02473","0","","1.0","830.0","1","N","N","N","0","","0","0","0","","2","Y","0746","2","0","2","0","0","0","0","2","1","2","","03","","N","","","","","","","","","",""
"2020072231","2205","1","0","0","0","0","0","0","0","0","4","0","","02","9","2020","5","40.294726","-80.029957","2154","11","0","0","0","0","0","0","0","0","","0","0","0","21","","1","N","9","","40 17:41.013","6","0","80 01:47.845","3","0","0","0","2407","0","0","0","N","0","0","0","1","02503","0","","1.0","2230.0","1","N","N","N","0","","1","0","0","","5","Y","2153","2","1","0","0","0","0","0","2","0","1","","03","","N","","","","","","","","","",""
"2020082790","1706","1","0","0","0","0","0","0","0","0","4","0","","02","10","2020","3","40.347719","-79.817028","1704","11","0","0","0","1","0","0","1","0","","0","0","0","17","","3","N","0","","40 20:51.789","6","7","79 49:01.302","3","0","0","0","2477","0","0","0","N","0","0","0","4","02477","0","","1.0","1800.0","1","N","N","Y","0","","3","0","0","","0","Y","1704","2","3","1","0","0","0","0","2","1","2","","03","","N","","","","","","","","","",""
"2020087281","2025","0","0","0","0","0","0","0","0","0","98","0","","02","10","2020","1","40.514026","-80.270146","2022","11","0","0","0","0","0","0","0","0","","0","0","0","20","","0","N","0","","40 30:50.494","","0","80 16:12.526","0","0","0","0","2203","0","0","0","N","0","0","0","2","02203","0","","1.0","","1","N","N","N","0","","0","0","0","","0","","2022","1","0","0","0","0","0","0","2","1","1","","","","N","","","","","","","","","",""
"2020085995","1614","1","0","0","0","0","0","0","0","0","4","0","","02","10","2020","5","40.347644","-79.951869","1613","11","0","0","0","0","0","0","0","2","","0","0","0","16","","0","N","3","","40 20:51.517","3","0","79 57:06.728","0","0","0","0","2473","0","0","0","N","0","0","0","2","02473","0","","1.0","1445.0","1","N","N","Y","0","","0","0","1","","2","N","1613","2","0","0","0","0","0","0","2","0","2","","","","N","","","","","","","","","",""
"2020097278","2313","1","0","0","0","0","0","0","0","0","7","0","","02","10","2020","5","40.426955","-79.919728","2257","11","0","0","0","0","0","0","0","0","","0","0","0","22","","1","N","0","","40 25:37.039","3","0","79 55:11.021","2","0","0","0","2301","0","0","0","N","0","0","0","1","68B03","0","","2.0","29.0","1","N","N","N","0","","0","1","0","","0","N","2245","1","1","0","0","0","0","0","2","0","1","","03","","N","","","","","","","","","",""
"2020090000","2049","0","0","0","0","0","0","0","0","0","7","0","","02","10","2020","5","40.592429","-79.772184","2034","11","0","0","0","0","0","0","0","0","","0","0","0","20","","0","N","0","","40 35:32.744","1","0","79 46:19.862","0","0","0","0","2104","0","0","0","Y","0","0","0","1","68D02","0","","4.0","2106.0","1","N","N","N","0","","0","0","0","","0","N","2032","1","0","0","0","0","0","0","2","1","1","","","","N","","","","","","","","","",""
"2020073024","2229","1","0","0","0","0","0","0","0","0","7","0","","02","9","2020","2","40.436364","-79.994789","2224","11","0","0","0","1","0","0","0","0","","0","0","0","22","","0","N","0","","40 26:10.911","1","8","79 59:41.239","0","0","0","0","2301","0","0","0","N","0","0","0","2","02301","0","","2.0","2300.0","9","N","N","N","0","","0","0","0","","0","N","2222","1","0","0","0","0","0","0","2","0","1","","07","","N","","","","","","","","","",""
"2020092706","2011","0","0","0","0","0","0","0","0","0","99","0","","02","10","2020","4","40.384553","-79.861363","2011","11","0","0","0","0","0","0","0","0","","0","0","0","20","","1","N","0","","40 23:04.391","","3","79 51:40.908","2","0","1","1","2303","0","0","0","N","0","0","0","1","02303","0","","1.0","","1","N","N","N","0","","0","1","0","","0","","2011","1","1","0","0","0","0","0","2","0","1","","","","N","","","","","","","","","",""
"2020087980","2337","1","0","0","0","0","0","0","0","0","7","0","","02","10","2020","3","40.424669","-79.859287","2333","11","0","0","0","0","0","0","0","0","","0","0","0","23","","2","N","0","","40 25:28.810","4","0","79 51:33.434","3","0","0","0","2431","0","0","0","N","0","0","0","3","02431","0","","5.0","13.0","9","N","N","N","0","","2","0","0","","0","N","2330","1","2","0","0","0","0","0","2","0","1","","03","","N","","","","","","","","","",""
"2020091513","2232","1","0","0","0","0","0","0","0","0","1","0","","02","10","2020","4","40.439432","-80.153929","2224","11","0","0","0","0","0","0","0","0","","0","0","0","22","","0","N","0","","40 26:21.954","3","0","80 09:14.144","0","0","0","0","2115","0","0","0","N","0","0","0","2","68B03","0","","1.0","2256.0","1","N","N","N","0","","0","0","1","","0","N","2219","2","0","0","0","0","0","0","2","0","2","","","","N","","","","","","","","","",""
"2020088168","1630","1","0","0","0","0","0","0","0","0","7","0","","02","10","2020","2","40.429144","-79.944277","1603","11","0","0","0","0","0","0","0","0","","0","0","0","16","","0","N","0","","40 25:44.917","4","0","79 56:39.396","0","0","0","0","2301","0","0","0","Y","0","0","0","1","68B03","0","","4.0","1620.0","9","N","N","N","0","","0","0","0","","0","N","1601","1","0","0","0","0","0","0","2","0","1","","","","N","","","","","","","","","",""
"2020083781","0946","2","0","0","0","0","0","0","0","0","5","0","","02","10","2020","6","40.478153","-80.012049","0943","11","0","0","0","0","0","0","0","0","","0","0","0","09","","0","N","0","","40 28:41.350","","0","80 00:43.377","0","0","0","0","2301","0","0","0","N","0","0","0","1","02301","0","","6.0","","1","N","N","N","0","","0","0","1","","0","","0940","3","0","0","0","0","0","0","2","0","3","","","","N","","","","","","","","","",""
"2020090048","1503","2","0","0","0","0","0","0","0","0","4","0","","02","10","2020","5","40.356942","-80.120299","1500","11","0","1","0","0","0","0","1","0","","0","0","0","15","","1","N","1","","40 21:24.990","","0","80 07:13.076","8","0","0","0","2119","0","0","0","N","0","0","0","4","02119","0","","1.0","","1","N","N","Y","0","","0","0","1","","2","","1500","3","1","0","0","0","1","0","2","0","3","","03","","N","","","","","","","","","",""
"2020091379","1410","0","0","0","0","0","0","0","0","0","7","0","","02","10","2020","5","40.433094","-79.789533","1408","11","0","0","0","0","0","0","0","0","","0","0","0","14","","0","N","0","","40 25:59.140","3","7","79 47:22.320","0","0","0","0","2446","0","0","0","N","0","0","0","1","02446","0","","3.0","1511.0","1","N","N","N","0","","0","0","1","","3","N","1408","1","0","0","0","0","0","0","2","0","1","","03","","N","","","","","","","","","",""
"2020079836","2100","0","0","0","0","0","0","0","0","0","98","0","","02","9","2020","5","40.440363","-79.759048","2052","11","0","0","0","0","0","1","0","0","","0","0","0","20","","1","N","0","","40 26:25.306","4","0","79 45:32.571","8","0","0","1","2446","0","0","0","N","0","0","0","1","68B03","0","","1.0","2127.0","1","N","N","N","0","","0","0","0","","0","N","2051","1","1","0","0","0","1","0","2","0","1","","03","","N","","","","","","","","","",""
"2020087946","2018","1","0","0","0","0","0","0","0","0","8","0","","02","10","2020","3","40.46452","-79.930097","2013","11","0","0","0","0","0","0","0","0","","0","0","0","20","","1","N","1","","40 27:52.272","","0","79 55:48.349","8","0","0","0","2301","1","0","0","N","1","0","0","2","02301","0","","1.0","","9","N","N","N","0","","0","0","0","","0","","2013","2","1","0","0","0","1","0","2","0","1","","03","","N","","","","","","","","","",""
"2020087164","0734","1","0","0","0","0","0","0","0","0","7","0","","02","10","2020","4","40.442669","-79.955401","0734","11","1","0","0","0","0","0","0","0","","0","0","0","07","","2","N","0","","40 26:33.607","","0","79 57:19.445","3","0","0","0","2301","0","0","0","N","0","0","0","2","02506","0","","5.0","","1","N","N","N","0","","2","0","0","","0","","0734","1","2","0","0","0","0","0","2","0","1","","03","","N","","","","","","","","","",""
"2020078316","1615","0","0","0","0","0","0","0","0","0","1","0","","02","9","2020","4","40.479373","-79.966341","1602","11","0","0","0","0","0","0","0","0","","0","0","0","15","","0","N","0","","40 28:45.743","2","0","79 57:58.828","0","0","0","0","2301","0","0","0","N","0","0","0","4","02301","0","","1.0","1658.0","1","N","N","N","1","","0","0","1","","0","N","1557","2","0","0","0","0","0","0","2","0","2","","03","","N","","","","","","","","","",""
"2020086285","1824","1","0","0","0","0","0","0","0","0","1","0","","02","10","2020","4","40.426403","-79.89349","1814","11","0","0","0","0","0","0","1","0","","0","0","0","18","","0","N","6","","40 25:35.052","","2","79 53:36.565","0","0","0","0","2301","0","0","0","N","0","0","0","3","68B03","0","","1.0","","1","N","N","N","1","","0","0","0","","0","","1813","3","0","0","0","0","0","0","2","1","3","","03","","N","","","","","","","","","",""
"2020087995","0136","0","0","0","0","0","0","0","0","0","0","0","","02","10","2020","4","40.492139","-79.864533","0136","11","0","0","0","0","0","0","0","0","","0","0","0","01","","0","N","0","","40 29:31.699","5","0","79 51:52.320","0","0","0","0","2408","0","0","0","N","0","0","0","2","02408","0","","2.0","200.0","9","N","N","N","1","","0","0","0","","0","Y","0136","1","0","2","0","0","0","0","2","0","1","","07","","N","","","","","","","","","",""
"2020088003","1924","0","0","0","0","0","0","0","0","0","4","0","","02","10","2020","3","40.352738","-80.009651","1921","11","0","0","0","0","0","0","1","0","","0","0","0","19","","0","","8","","40 21:09.858","6","0","80 00:34.744","0","0","0","0","2476","0","0","0","N","0","0","0","2","02476","0","","1.0","2000.0","1","N","N","N","0","","0","0","2","","3","Y","1919","2","0","0","0","0","0","0","2","0","2","","","","N","","","","","","","","","",""
"2020074462","1056","0","0","0","0","0","0","0","0","0","1","0","","02","9","2020","6","40.317649","-80.088314","1054","11","0","0","0","0","0","1","0","0","","0","0","0","10","","0","N","0","","40 19:03.536","","0","80 05:17.930","0","0","0","0","2123","0","0","0","N","0","0","0","2","02123","0","","1.0","","1","N","N","N","0","","0","0","2","","0","","1050","2","0","0","0","0","0","0","2","0","2","","03","","N","","","","","","","","","",""
"2020084917","0042","1","0","0","0","0","0","0","0","0","4","0","","02","10","2020","2","40.424953","-79.953011","0036","11","0","0","0","0","0","0","0","0","","0","0","0","00","","0","N","1","","40 25:29.832","","1","79 57:10.841","0","0","0","0","2301","0","0","0","N","0","0","0","1","02301","0","","1.0","","1","N","N","N","0","","0","0","0","","0","N","0036","1","0","0","0","0","0","0","2","0","1","","03","","N","","","","","","","","","",""
"2020083173","1646","2","0","0","0","0","0","0","0","0","1","0","","02","10","2020","4","40.348045","-79.887192","1640","11","0","0","0","0","0","0","0","0","","0","0","0","16","","1","N","0","","40 20:52.961","6","0","79 53:13.890","8","0","0","0","2423","0","0","0","N","0","0","0","3","02304","0","","1.0","1724.0","1","N","N","N","0","","0","0","0","","0","Y","1640","2","1","1","0","0","1","0","2","0","2","","03","","N","","","","","","","","","",""
"2020082594","1203","1","0","0","0","0","0","0","0","0","4","0","","02","10","2020","5","40.436584","-79.779985","1159","11","0","0","0","0","0","2","0","0","","0","0","0","11","","2","","2","","40 26:11.702","","0","79 46:47.946","8","0","0","0","2446","0","0","0","N","0","0","0","3","02446","0","","1.0","","1","N","N","N","0","","0","0","1","","2","","1159","2","2","0","0","0","2","0","2","0","2","","03","","N","","","","","","","","","",""
"2020109422","1735","0","0","0","0","0","0","0","0","0","7","0","","02","12","2020","4","40.52242","-80.077644","1729","11","0","0","0","0","0","1","0","0","","0","0","0","17","","0","N","0","","40 31:20.713","","0","80 04:39.520","0","0","0","0","2215","0","0","0","N","0","0","0","1","02215","0","","5.0","","7","N","N","N","0","","0","0","1","","0","","1725","1","0","0","0","0","0","0","2","0","1","","","","N","","","","","","","","","",""