"CRN","ARRIVAL_TM","AUTOMOBILE_COUNT","BELTED_DEATH_COUNT","BELTED_SUSP_SERIOUS_INJ_COUNT","BICYCLE_COUNT","BICYCLE_DEATH_COUNT","BICYCLE_SUSP_SERIOUS_INJ_COUNT","BUS_COUNT","CHLDPAS_DEATH_COUNT","CHLDPAS_SUSP_SERIOUS_INJ_COUNT","COLLISION_TYPE","COMM_VEH_COUNT","CONS_ZONE_SPD_LIM","COUNTY","CRASH_MONTH","CRASH_YEAR","DAY_OF_WEEK","DEC_LATITUDE","DEC_LONGITUDE","DISPATCH_TM","DISTRICT","DRIVER_COUNT_16YR","DRIVER_COUNT_17YR","DRIVER_COUNT_18YR","DRIVER_COUNT_19YR","DRIVER_COUNT_20YR","DRIVER_COUNT_50_64YR","DRIVER_COUNT_65_74YR","DRIVER_COUNT_75PLUS","EST_HRS_CLOSED","FATAL_COUNT","HEAVY_TRUCK_COUNT","HORSE_BUGGY_COUNT","HOUR_OF_DAY","ILLUMINATION","INJURY_COUNT","INTERSECTION_RELATED","INTERSECT_TYPE","LANE_CLOSED","LATITUDE","LN_CLOSE_DIR","LOCATION_TYPE","LONGITUDE","MAX_SEVERITY_LEVEL","MCYCLE_DEATH_COUNT","MCYCLE_SUSP_SERIOUS_INJ_COUNT","MOTORCYCLE_COUNT","MUNICIPALITY","NONMOTR_COUNT","NONMOTR_DEATH_COUNT","NONMOTR_SUSP_SERIOUS_INJ_COUNT","NTFY_HIWY_MAINT","PED_COUNT","PED_DEATH_COUNT","PED_SUSP_SERIOUS_INJ_COUNT","PERSON_COUNT","POLICE_AGCY","POSSIBLE_INJ_COUNT","RDWY_SURF_TYPE_CD","RELATION_TO_ROAD","ROADWAY_CLEARED","ROAD_CONDITION","SCH_BUS_IND","SCH_ZONE_IND","SECONDARY_CRASH","SMALL_TRUCK_COUNT","SPEC_JURIS_CD","SUSP_MINOR_INJ_COUNT","SUSP_SERIOUS_INJ_COUNT","SUV_COUNT","TCD_FUNC_CD","TCD_TYPE","TFC_DETOUR_IND","TIME_OF_DAY","TOTAL_UNITS","TOT_INJ_COUNT","UNBELTED_OCC_COUNT","UNB_DEATH_COUNT","UNB_SUSP_SERIOUS_INJ_COUNT","UNK_INJ_DEG_COUNT","UNK_INJ_PER_COUNT","URBAN_RURAL","VAN_COUNT","VEHICLE_COUNT","WEATHER1","WEATHER2","WORKERS_PRES","WORK_ZONE_IND","WORK_ZONE_LOC","WORK_ZONE_TYPE","WZ_CLOSE_DETOUR","WZ_FLAGGER","WZ_LAW_OFFCR_IND","WZ_LN_CLOSURE","WZ_MOVING","WZ_OTHER","WZ_SHLDER_MDN","WZ_WORKERS_INJ_KILLED"
"2020086996","1515","2","0","0","0","0","0","0","0","0","4","0","","02","10","2020","1","40.452416","-79.983846","1500","11","0","0","0","0","0","0","0","0","","0","0","0","14","","0","Y","0","","40 27:08.698","","0","79 59:01.844","0","0","0","0","2301","0","0","0","N","0","0","0","3","02301","0","","1.0","","1","N","N","N","0","","0","0","0","","0","","1420","2","0","0","0","0","0","0","2","0","2","","","","N","","","","","","","","","",""
"2020083721","0222","1","0","0","0","0","0","0","0","0","1","0","","02","10","2020","6","40.405504","-79.819723","0218","11","0","0","0","0","0","0","0","0","","0","0","0","02","","0","N","0","","40 24:19.814","","0","79 49:11.003","0","0","0","0","2467","0","0","0","N","0","0","0","1","02467","0","","6.0","","1","N","N","N","0","","0","0","1","","0","","0218","2","0","0","0","0","0","0","2","0","2","","","","N","","","","","","","","","",""
"2020082925","1802","1","0","0","0","0","0","0","0","0","2","0","","02","10","2020","3","40.340329","-79.93829","1754","11","0","0","0","0","0","0","0","0","","0","0","0","17","","0","","1","","40 20:25.183","","0","79 56:17.845","0","0","0","0","2473","0","0","0","N","0","0","0","2","02473","0","","1.0","","1","N","N","N","1","","0","0","0","","2","","1754","2","0","1","0","0","0","0","2","0","2","","03","","N","","","","","","","","","",""
"2020086494","2149","1","0","0","0","0","0","0","0","0","2","0","","02","10","2020","2","40.331243","-80.12655","2147","11","0","0","0","0","0","0","0","0","","0","0","0","21","","4","N","0","","40 19:52.475","2","0","80 07:35.580","3","0","0","0","2119","0","0","0","N","0","0","0","4","02119","0","","1.0","2253.0","1","N","N","N","0","","3","0","1","","0","N","2145","2","4","0","0","0","1","0","2","0","2","","","","N","","","","","","","","","",""
"2020090256","2217","2","0","0","0","0","0","0","0","0","4","0","","02","10","2020","3","40.45876","-79.928976","2210","11","0","0","0","0","0","0","0","0","","0","0","0","22","","0","N","1","","40 27:31.535","4","0","79 55:44.313","0","0","0","0","2301","0","0","0","N","0","0","0","2","02301","0","","1.0","2303.0","1","N","N","N","0","","0","0","0","","2","N","2206","2","0","0","0","0","0","0","2","0","2","","03","","N","","","","","","","","","",""
"2020082358","1734","0","0","0","0","0","0","0","0","0","1","0","","02","10","2020","2","40.470639","-80.091281","1732","11","0","0","0","0","0","1","0","0","","0","0","0","17","","1","N","2","","40 28:14.301","","0","80 05:28.613","8","0","0","0","2126","0","0","0","N","0","0","0","2","02126","0","","1.0","","1","N","N","N","0","","0","0","2","","3","","1730","2","1","1","0","0","1","0","2","0","2","","03","","N","","","","","","","","","",""
"2020090382","1857","1","0","1","0","0","0","0","0","0","4","0","","02","10","2020","5","40.532747","-79.958584","1855","11","0","0","0","0","0","1","0","0","","0","0","0","18","","2","N","2","","40 31:57.889","7","0","79 57:30.903","2","0","0","0","2118","0","0","0","N","0","0","0","2","02118","1","","1.0","2000.0","1","N","N","N","1","","0","1","0","","2","Y","1855","2","2","0","0","0","0","0","2","0","2","","98","","N","","","","","","","","","",""
"2020079761","1121","0","0","0","0","0","0","0","0","0","7","0","","02","9","2020","1","40.406111","-80.163993","1118","11","0","0","0","0","0","1","0","0","","0","0","0","11","","0","N","0","","40 24:21.999","5","0","80 09:50.375","0","0","0","0","2102","0","0","0","Y","0","0","0","2","02102","0","","4.0","1205.0","1","N","N","Y","1","","0","0","0","","0","Y","1118","1","0","0","0","0","0","0","1","0","1","","03","","N","","","","","","","","","",""
"2020086530","0153","1","0","0","0","0","0","0","0","0","98","0","","02","10","2020","7","40.355363","-79.878344","0152","11","0","0","0","0","0","0","0","0","","0","0","0","01","","1","N","0","","40 21:19.306","5","0","79 52:42.037","8","0","0","0","2473","0","0","0","N","0","0","0","1","02304","0","","2.0","248.0","1","N","N","N","0","","0","0","0","","0","Y","0147","1","1","1","0","0","1","0","2","0","1","","03","","N","","","","","","","","","",""
"2020099259","1352","3","0","0","0","0","0","0","0","0","1","0","","02","10","2020","5","40.434505","-80.144293","1342","11","0","0","1","0","0","0","1","0","","0","0","0","13","","1","N","0","","40 26:04.219","","0","80 08:39.456","8","0","0","0","2115","0","0","0","N","0","0","0","3","68B03","0","","1.0","","1","N","N","N","0","","0","0","0","","0","","1338","3","1","0","0","0","1","0","2","0","3","","03","","N","","","","","","","","","",""
"2020098071","0024","1","0","0","0","0","0","0","0","0","7","0","","02","10","2020","1","40.549316","-79.82067","0004","11","0","1","0","0","0","0","0","0","","0","0","0","00","","0","N","0","","40 32:57.537","","0","79 49:14.412","0","0","0","0","2208","0","0","0","N","0","0","0","1","68D02","0","","2.0","","1","N","N","N","0","","0","0","0","","0","","0003","1","0","0","0","0","0","0","2","0","1","","03","","N","","","","","","","","","",""
"2020088493","2030","2","0","0","0","0","0","0","0","0","4","0","","02","10","2020","1","40.428828","-79.983428","2030","11","0","0","0","0","0","0","0","0","","0","0","0","20","","0","","2","","40 25:43.782","","0","79 59:00.341","9","0","0","0","2301","0","0","0","N","0","0","0","2","02301","0","","1.0","","1","N","N","N","0","","0","0","0","","0","","2030","2","0","0","0","0","0","1","2","0","2","","03","","N","","","","","","","","","",""
"2020090404","0133","1","0","0","0","0","0","0","0","0","0","0","","02","10","2020","5","40.452611","-80.11425","0130","11","0","0","0","0","0","0","0","0","","0","0","0","01","","2","N","0","","40 27:09.400","6","0","80 06:51.300","8","0","0","0","2444","0","0","0","N","0","0","0","2","02444","0","","1.0","210.0","1","N","N","N","0","","0","0","0","","9","Y","0130","1","2","0","0","0","2","0","2","0","1","","","","N","","","","","","","","","",""
"2020106701","0744","2","0","0","0","0","0","0","0","0","1","0","","02","10","2020","6","40.426197","-79.914642","0742","11","0","0","0","0","0","1","0","0","","0","0","0","07","","2","N","0","","40 25:34.310","3","4","79 54:52.710","3","0","0","0","2301","0","0","0","N","0","0","0","6","68B03","1","","1.0","805.0","9","N","N","Y","0","","1","0","4","","0","N","0741","6","2","0","0","0","0","0","2","0","6","","04","","N","","","","","","","","","",""
"2020086339","1558","1","0","0","0","0","0","0","0","0","1","0","","02","10","2020","6","40.463667","-79.980731","1545","11","0","0","0","0","0","1","0","0","","0","0","0","15","","0","N","0","","40 27:49.200","2","0","79 58:50.633","0","0","0","0","2301","0","0","0","N","0","0","0","6","02301","0","","1.0","1700.0","1","N","N","N","2","","0","0","2","","0","N","1544","5","0","0","0","0","0","0","2","0","5","","03","","N","","","","","","","","","",""
"2020083943","1703","1","0","0","0","0","0","0","0","0","7","0","","02","10","2020","6","40.463019","-79.856414","1703","11","0","0","0","0","0","0","0","0","","0","0","0","16","","0","","2","","40 27:46.867","","0","79 51:23.089","0","0","0","0","2113","0","0","0","N","0","0","0","1","02113","0","","5.0","","1","N","N","N","0","","0","0","0","","0","","1630","1","0","1","0","0","0","0","2","0","1","","03","","N","","","","","","","","","",""
"2020078318","1650","1","0","0","0","0","0","0","0","0","1","0","","02","9","2020","4","40.436757","-79.994638","1643","11","0","0","0","0","0","0","0","0","","0","0","0","16","","0","","3","","40 26:12.326","1","2","79 59:40.698","0","0","0","0","2301","0","0","0","N","0","0","0","2","02301","0","","1.0","100.0","1","N","N","N","0","","0","0","1","","0","N","1600","2","0","0","0","0","0","0","2","0","2","","","","N","","","","","","","","","",""
"2020090981","1157","1","0","0","0","0","0","0","0","0","4","0","","02","10","2020","5","40.39533","-79.997389","1154","11","0","0","0","0","0","0","0","1","","0","0","0","11","","0","N","2","","40 23:43.189","1","0","79 59:50.600","0","0","0","0","2301","0","0","0","N","0","0","0","2","02301","0","","1.0","1215.0","1","N","N","N","0","","0","0","1","","0","N","1153","2","0","0","0","0","0","0","2","0","2","","03","","N","","","","","","","","","",""
"2020088763","2250","0","0","0","0","0","0","0","0","0","7","0","","02","10","2020","5","40.396663","-79.990512","2244","11","0","0","0","0","0","0","0","0","","0","0","0","22","","0","","2","","40 23:47.986","","0","79 59:25.843","0","0","0","0","2301","0","0","0","N","0","0","0","4","02301","0","","5.0","","1","N","N","N","0","","0","0","1","","0","","2241","1","0","2","0","0","0","0","2","0","1","","","","N","","","","","","","","","",""
"2020088424","0226","2","0","0","0","0","0","0","0","0","2","0","","02","10","2020","7","40.425783","-80.019901","0221","11","0","0","0","0","0","1","0","0","","0","0","0","02","","0","","1","","40 25:32.817","4","0","80 01:11.642","0","0","0","0","2301","0","0","0","N","0","0","0","2","02301","0","","1.0","243.0","1","N","N","N","0","","0","0","0","","2","N","0221","2","0","0","0","0","0","0","2","0","2","","","","N","","","","","","","","","",""
"2020089271","0947","1","0","0","0","0","0","0","0","0","7","0","","02","10","2020","5","40.493837","-80.010864","0923","11","0","0","1","0","0","0","0","0","","0","0","0","09","","0","N","0","","40 29:37.813","","3","80 00:39.109","0","0","0","0","2301","0","0","0","N","0","0","0","1","68B03","0","","4.0","","1","N","N","N","0","","0","0","0","","0","","0920","1","0","0","0","0","0","0","2","0","1","","03","","N","","","","","","","","","",""
"2020085857","1525","1","0","0","0","0","0","0","0","0","4","0","","02","10","2020","4","40.560411","-80.039463","1521","11","0","0","0","0","0","0","0","0","","0","0","0","15","","1","","2","","40 33:37.478","","0","80 02:22.068","4","0","0","0","2108","0","0","0","N","0","0","0","2","02108","1","","1.0","","1","N","N","N","0","","0","0","0","","3","","1521","2","1","0","0","0","0","0","2","1","2","","","","N","","","","","","","","","",""
"2020083125","1606","2","0","0","0","0","0","0","0","0","4","0","","02","10","2020","4","40.465148","-79.931869","1557","11","0","0","0","0","1","0","0","0","","0","0","0","15","","0","","1","","40 27:54.532","7","0","79 55:54.728","0","0","0","0","2301","0","0","0","N","0","0","0","4","02301","0","","1.0","30.0","1","N","N","N","0","","0","0","0","","3","Y","1530","2","0","0","0","0","0","0","2","0","2","","03","","N","","","","","","","","","",""
"2020085822","0836","0","0","0","0","0","0","0","0","0","1","0","","02","10","2020","5","40.429057","-79.999311","0821","11","0","0","0","0","0","0","1","0","","0","0","0","08","","0","N","0","","40 25:44.604","4","4","79 59:57.521","0","0","0","0","2301","0","0","0","N","0","0","0","3","02301","0","","1.0","901.0","1","N","N","N","1","","0","0","1","","0","N","0817","2","0","0","0","0","0","0","2","0","2","","04","","N","","","","","","","","","",""
"2020090962","1237","1","0","0","0","0","0","0","0","0","1","0","","02","10","2020","3","40.41126","-80.006319","1226","11","0","0","0","0","0","0","0","0","","0","0","0","12","","0","N","0","","40 24:40.537","2","0","80 00:22.749","0","0","0","0","2301","0","0","0","N","0","0","0","2","02301","0","","1.0","1300.0","1","N","N","N","1","","0","0","0","","0","N","1225","2","0","0","0","0","0","0","2","0","2","","03","","N","","","","","","","","","",""
"2020086114","9999","0","0","0","0","0","0","0","0","0","7","0","","02","10","2020","5","40.531855","-79.872219","2355","11","0","0","1","0","0","0","0","0","","0","0","0","23","","1","N","0","","40 31:54.679","6","0","79 52:19.989","3","0","0","0","2432","0","0","0","N","0","0","0","1","02432","0","","5.0","230.0","9","N","N","N","0","","1","0","1","","0","N","2355","1","1","0","0","0","0","0","2","0","1","","98","","N","","","","","","","","","",""
"2020088765","1939","1","0","0","0","0","0","0","0","0","7","0","","02","10","2020","5","40.609642","-80.07139","1935","11","0","0","0","0","0","0","1","0","","0","0","0","19","","0","N","0","","40 36:34.710","1","0","80 04:17.004","0","0","0","0","2481","0","0","0","N","0","0","0","1","02481","0","","5.0","2010.0","1","N","N","N","0","","0","0","0","","0","N","1933","1","0","0","0","0","0","0","2","0","1","","","","N","","","","","","","","","",""
"2020045828","1240","2","0","0","0","0","0","0","0","0","4","0","40","02","6","2020","7","40.276256","-79.890952","1227","11","0","0","0","0","0","0","0","1","","0","0","0","12","","0","N","6","","40 16:34.521","","3","79 53:27.426","0","0","0","0","2471","0","0","0","N","0","0","0","4","02428","0","","7.0","","1","N","N","N","0","","0","0","0","","3","","1225","2","0","0","0","0","0","0","2","0","2","","03","N","Y","8","1","","","N","","","","","N"
"2020088178","1420","1","0","0","0","0","0","0","0","0","4","0","","02","10","2020","2","40.441603","-79.992348","1406","11","0","0","0","0","0","1","0","0","","0","0","0","","","0","N","0","","40 26:29.769","3","0","79 59:32.453","0","0","0","0","2301","0","0","0","N","0","0","0","1","02301","0","","2.0","1430.0","9","N","N","N","0","","0","0","0","","0","N","","1","0","0","0","0","0","0","2","0","1","","","","N","","","","","","","","","",""
"2020086679","1947","1","0","0","0","0","0","0","0","0","4","0","","02","10","2020","6","40.383093","-79.912908","1941","11","0","0","0","0","0","0","1","0","","0","0","0","","","1","","2","","40 22:59.134","5","0","79 54:46.468","4","0","0","0","2448","0","0","0","N","0","0","0","4","02448","1","","1.0","2015.0","1","N","N","N","0","","0","0","1","","3","Y","","2","1","0","0","0","0","0","2","0","2","","","","N","","","","","","","","","",""
"2020081228","2109","1","0","0","0","0","0","0","0","0","2","0","","02","10","2020","5","40.465333","-80.0535","2109","11","0","0","0","0","0","0","0","0","","0","0","0","","","0","N","9","","40 27:55.200","7","0","80 03:12.600","0","0","0","0","2444","0","0","0","N","0","0","0","1","02444","0","","5.0","2140.0","9","N","N","N","0","","0","0","0","","5","Y","","2","0","0","0","0","0","0","2","0","1","","07","","N","","","","","","","","","",""
"2020081876","2340","0","0","0","0","0","0","0","0","0","7","0","","02","10","2020","7","40.355089","-79.878659","2333","11","0","0","0","0","0","0","0","0","","0","0","0","","","1","","9","","40 21:18.322","","0","79 52:43.174","3","0","0","0","2423","0","0","0","N","0","0","0","1","02304","0","","2.0","","1","N","N","N","1","","1","0","0","","6","","","1","1","0","0","0","0","0","2","0","1","","","","N","","","","","","","","","",""
"2020083366","0630","1","0","0","0","0","0","0","0","0","4","0","","02","10","2020","2","40.313219","-79.938626","0630","11","0","0","0","1","0","1","0","0","","0","0","0","","","0","N","1","","40 18:47.590","1","0","79 56:19.053","0","0","0","0","2440","0","0","0","N","0","0","0","2","02440","0","","1.0","730.0","1","N","N","N","0","","0","0","1","","2","Y","","2","0","0","0","0","0","0","2","0","2","","03","","N","","","","","","","","","",""
"2020086552","1847","1","0","0","0","0","0","0","0","0","1","0","","02","10","2020","6","40.361867","-80.064376","1843","11","0","0","1","0","0","0","0","0","","0","0","0","","","0","N","0","","40 21:42.721","4","0","80 03:51.753","0","0","0","0","2109","0","0","0","N","0","0","0","6","02109","0","","1.0","1927.0","1","N","N","N","0","","0","0","2","","0","N","","3","0","0","0","0","0","0","2","0","3","","03","","N","","","","","","","","","",""
"2020086149","0705","1","0","0","0","0","0","0","0","0","7","0","","02","10","2020","6","40.338611","-79.948278","0701","11","0","0","0","0","0","1","0","0","","0","0","0","","","1","N","0","","40 20:19.000","4","0","79 56:53.800","8","0","0","0","2473","0","0","0","Y","0","0","0","1","02473","0","","3.0","740.0","9","N","N","N","0","","0","0","0","","0","N","","1","1","0","0","0","1","0","2","0","1","","","","N","","","","","","","","","",""
"2020085211","2115","1","0","0","0","0","0","0","0","0","7","0","","02","10","2020","7","40.489389","-79.882917","2115","11","0","0","0","0","0","0","0","0","","0","0","0","","","0","N","0","","40 29:21.800","3","0","79 52:58.500","0","0","0","0","2112","0","0","0","N","0","0","0","1","02112","0","","4.0","2210.0","1","N","N","N","0","","0","0","0","","0","N","","1","0","0","0","0","0","0","2","0","1","","03","","N","","","","","","","","","",""
"2020087617","0835","0","0","1","0","0","0","0","0","0","98","0","","02","10","2020","3","40.579751","-80.037681","0832","11","0","0","0","0","0","0","0","1","","0","0","0","","","2","N","0","","40 34:47.104","2","0","80 02:15.652","2","0","0","0","2108","0","0","0","N","0","0","0","3","02108","0","","1.0","855.0","9","N","N","N","0","","1","1","2","","0","N","","2","2","0","0","0","0","0","2","0","2","","","","N","","","","","","","","","",""
"2020090961","0815","0","0","0","0","0","0","0","0","0","1","0","","02","10","2020","5","40.434598","-79.733181","0815","11","0","0","0","0","0","0","0","0","","0","0","0","","","0","Y","0","","40 26:04.552","3","0","79 43:59.451","0","0","0","0","2446","0","0","0","N","0","0","0","4","02446","0","","1.0","845.0","9","N","N","N","1","","0","0","2","","2","N","","3","0","0","0","0","0","0","2","0","3","","04","","N","","","","","","","","","",""
"2020086854","1642","1","0","0","0","0","0","0","0","0","4","0","","02","10","2020","7","40.457404","-79.896284","1640","11","0","0","0","0","0","0","0","0","","0","0","0","","","0","N","1","","40 27:26.654","4","0","79 53:46.622","0","0","0","0","2301","0","0","0","N","0","0","0","5","02301","0","","1.0","1710.0","1","N","N","N","0","","0","0","1","","2","Y","","2","0","0","0","0","0","0","2","0","2","","03","","N","","","","","","","","","",""
"2020101388","2241","1","0","1","0","0","0","0","0","0","2","0","","02","10","2020","3","40.428903","-79.931348","2236","11","0","0","0","0","0","1","0","0","","0","0","0","","","2","N","0","","40 25:44.049","3","0","79 55:52.853","2","0","0","0","2301","0","0","0","N","0","0","0","2","68B03","0","","1.0","15.0","9","N","N","N","0","","1","1","1","","0","N","","2","2","0","0","0","0","0","2","0","2","","","","N","","","","","","","","","",""
"2020090933","0747","1","0","0","0","0","0","0","0","0","8","0","","02","10","2020","5","40.45631","-79.904724","0742","11","0","0","0","0","0","0","1","0","","0","0","0","","","1","","1","","40 27:22.715","","0","79 54:17.008","4","0","0","0","2301","1","0","0","N","1","0","0","3","02301","1","","1.0","","9","N","N","N","0","","0","0","0","","2","","","2","1","1","0","0","0","0","2","0","1","","","","N","","","","","","","","","",""
"2020083471","1153","0","0","0","0","0","0","0","0","0","6","0","","02","10","2020","5","40.352498","-80.114686","1150","11","0","1","0","0","0","1","0","0","","0","0","0","","","0","","2","","40 21:08.991","","0","80 06:52.871","0","0","0","0","2119","0","0","0","N","0","0","0","2","02119","0","","1.0","","1","N","N","N","1","","0","0","1","","0","","","2","0","0","0","0","0","0","2","0","2","","03","","N","","","","","","","","","",""
"2020072219","1349","1","0","0","0","0","0","0","0","0","7","0","","02","9","2020","3","40.383034","-80.096619","1340","11","0","0","0","1","0","0","0","0","","0","0","0","","","1","N","0","","40 22:58.923","2","0","80 05:47.830","3","0","0","0","2102","0","0","0","N","0","0","0","1","68B03","0","","2.0","1430.0","1","N","N","N","0","","1","0","0","","0","N","","1","1","0","0","0","0","0","2","0","1","","","","N","","","","","","","","","",""
"2020089498","1616","1","0","0","0","0","0","0","0","0","7","0","","02","10","2020","4","40.439738","-80.009079","1556","11","0","0","0","1","0","0","0","0","","0","0","0","","","1","N","0","","40 26:23.058","3","2","80 00:32.686","8","0","0","0","2301","0","0","0","N","0","0","0","1","68B03","0","","4.0","1645.0","1","N","N","N","0","","0","0","0","","0","N","","1","1","0","0","0","1","0","2","0","1","","","","N","","","","","","","","","",""
"2020088098","1213","0","0","0","0","0","0","0","0","0","1","0","","02","10","2020","3","40.322194","-80.056713","1203","11","0","0","0","0","0","0","0","0","","0","0","0","","","1","","1","","40 19:19.900","","0","80 03:24.166","3","0","0","0","2407","0","0","0","N","0","0","0","2","02407","0","","1.0","","9","N","N","N","0","","1","0","2","","0","","","2","1","0","0","0","0","0","2","0","2","","","","N","","","","","","","","","",""
"2020019657","1319","1","0","0","0","0","0","0","0","0","5","1","","02","2","2020","6","40.362476","-79.826135","1315","11","0","0","0","0","0","1","0","0","","0","1","0","","","0","N","0","","40 21:44.914","5","0","79 49:34.085","0","0","0","0","2111","0","0","0","N","0","0","0","2","02111","0","","1.0","1400.0","1","N","N","N","0","","0","0","0","","0","Y","","2","0","0","0","0","0","0","2","0","2","","03","","N","","","","","","","","","",""
"2020097273","0658","0","0","0","0","0","0","0","0","0","1","0","","02","10","2020","4","40.423171","-80.030399","0649","11","0","0","0","0","0","0","1","0","","0","0","0","","","1","N","0","","40 25:23.415","3","0","80 01:49.435","4","0","0","0","2301","0","0","0","N","0","0","0","4","68B03","1","","1.0","719.0","1","N","N","N","2","","0","0","2","","0","N","","4","1","0","0","0","0","0","2","0","4","","","","N","","","","","","","","","",""
"2020094143","0708","1","0","0","0","0","0","0","0","0","2","0","","02","10","2020","5","40.498432","-80.020337","0704","11","0","0","0","0","0","1","1","0","","0","0","0","","","1","","2","","40 29:54.356","1","0","80 01:13.214","4","0","0","0","2116","0","0","0","N","0","0","0","2","02116","1","","1.0","733.0","9","N","N","N","1","","0","0","0","","2","Y","","2","1","0","0","0","0","0","2","0","2","","","","N","","","","","","","","","",""
"2020090654","1726","1","0","0","0","0","0","0","0","0","7","0","","02","10","2020","2","40.505078","-80.219811","1723","11","0","1","0","0","0","0","0","0","","0","0","0","","","3","N","0","","40 30:18.280","6","0","80 13:11.320","3","0","0","0","2213","0","0","0","N","0","0","0","3","02213","0","","5.0","100.0","1","N","N","N","0","","3","0","0","","0","Y","","1","3","0","0","0","0","0","2","0","1","","03","","N","","","","","","","","","",""
"2020086307","1910","1","0","0","0","0","0","0","0","0","7","0","","02","10","2020","3","40.5075","-80.041891","1853","11","0","0","0","0","0","0","0","0","","0","0","0","","","0","N","0","","40 30:26.999","","0","80 02:30.809","0","0","0","0","2116","0","0","0","N","0","0","0","1","68B03","0","","4.0","","1","N","N","N","0","","0","0","0","","0","","","1","0","0","0","0","0","0","2","0","1","","","","N","","","","","","","","","",""
"2020087731","0810","3","0","0","0","0","0","0","0","0","98","0","","02","10","2020","2","40.337174","-80.133992","0751","11","0","0","0","0","0","1","0","0","","0","0","0","","","3","N","0","","40 20:13.826","","0","80 08:02.370","8","0","0","0","2119","0","0","0","N","0","0","0","6","68B03","0","","1.0","","1","N","N","N","1","","0","0","0","","0","","","4","3","0","0","0","3","0","2","0","4","","03","","N","","","","","","","","","",""
"2020083771","1250","1","0","0","0","0","0","0","0","0","7","0","","02","10","2020","3","40.446145","-80.030765","1250","11","0","0","0","0","0","0","0","0","","0","0","0","","","0","N","0","","40 26:46.122","","0","80 01:50.755","0","0","0","0","2301","0","0","0","N","0","0","0","2","02301","0","","4.0","","1","N","N","N","0","","0","0","0","","0","N","","1","0","0","0","0","0","0","2","0","1","","03","","N","","","","","","","","","",""
"2020092727","1853","1","0","0","0","0","0","0","0","0","1","0","","02","10","2020","4","40.3725","-79.844129","1847","11","0","0","0","0","0","0","0","0","","0","0","0","","","2","N","0","","40 22:21.001","2","0","79 50:38.865","3","0","0","0","2303","0","0","0","N","0","0","0","3","02303","0","","1.0","1920.0","1","N","N","N","0","","2","0","1","","4","N","","2","2","1","0","0","0","0","2","0","2","","","","N","","","","","","","","","",""
"2020082980","0809","1","0","0","0","0","0","0","0","0","1","0","","02","10","2020","4","40.389792","-79.93284","0757","11","0","0","0","0","1","1","0","0","","0","0","0","","","0","N","1","","40 23:23.252","","0","79 55:58.225","0","0","0","0","2301","0","0","0","N","0","0","0","2","02301","0","","1.0","","1","N","N","N","0","","0","0","1","","2","","","2","0","0","0","0","0","0","2","0","2","","03","","N","","","","","","","","","",""
"2020110695","1235","1","0","0","0","0","0","0","0","0","4","0","","02","12","2020","2","40.52202","-80.066293","1231","11","0","0","0","0","0","2","0","0","","0","0","0","","","1","","1","","40 31:19.272","4","0","80 03:58.655","4","0","0","0","2215","0","0","0","N","0","0","0","2","02215","1","","1.0","1256.0","9","N","N","N","0","","0","0","1","","2","N","","2","1","0","0","0","0","0","2","0","2","","","","N","","","","","","","","","",""
"2020093348","2112","2","0","0","0","0","0","0","0","0","1","0","65","02","10","2020","7","40.66461","-80.092802","2100","11","0","0","0","1","0","0","0","0","","0","0","0","","","4","N","0","","40 39:52.596","2","0","80 05:34.086","3","0","0","0","2212","0","0","0","N","0","0","0","4","68B03","0","","1.0","2145.0","1","N","N","N","0","","4","0","0","","8","N","","2","4","0","0","0","0","0","2","0","2","","","Y","Y","3","2","N","N","N","Y","N","N","N","N"
"2020085455","0833","0","0","0","0","0","0","0","0","0","98","0","","02","10","2020","4","40.587146","-79.95008","0829","11","0","0","0","0","0","0","0","0","","0","0","0","","","0","N","0","","40 35:13.725","2","0","79 57:00.289","0","0","0","0","2207","0","0","0","N","0","0","0","1","02207","0","","1.0","855.0","1","N","N","N","0","","0","0","1","","0","N","","1","0","0","0","0","0","0","2","0","1","","03","","N","","","","","","","","","",""
"2020088491","1503","0","0","0","0","0","0","0","0","0","98","0","","02","10","2020","1","40.378493","-79.975471","1502","11","0","0","0","0","0","0","1","0","","0","0","0","","","1","N","0","","40 22:42.575","5","0","79 58:31.695","8","0","0","0","2413","0","0","0","N","0","0","0","1","02413","0","","6.0","1526.0","1","N","N","N","1","","0","0","1","","0","N","","2","1","0","0","0","1","0","2","0","2","","04","","N","","","","","","","","","",""
"2020095342","1805","2","0","0","0","0","0","0","0","0","5","0","","02","11","2020","2","40.385378","-79.97852","1752","11","0","0","0","0","0","0","0","1","","0","0","0","","","0","N","0","","40 23:07.360","","0","79 58:42.673","0","0","0","0","2301","0","0","0","N","0","0","0","1","02301","0","","4.0","","1","N","N","N","0","","0","0","0","","0","","","2","0","0","0","0","0","0","2","0","2","","03","","N","","","","","","","","","",""
"2020086831","0543","2","0","0","0","0","0","0","0","0","6","0","","02","10","2020","5","40.505358","-79.778044","0540","11","0","0","0","0","0","0","1","0","","0","0","0","","","0","N","0","","40 30:19.290","","0","79 46:40.960","0","0","0","0","2466","0","0","0","N","0","0","0","2","02466","0","","1.0","","1","N","N","N","0","","0","0","0","","0","","","3","0","2","0","0","0","0","2","1","3","","05","","N","","","","","","","","","",""