"CRN","ARRIVAL_TM","AUTOMOBILE_COUNT","BELTED_DEATH_COUNT","BELTED_SUSP_SERIOUS_INJ_COUNT","BICYCLE_COUNT","BICYCLE_DEATH_COUNT","BICYCLE_SUSP_SERIOUS_INJ_COUNT","BUS_COUNT","CHLDPAS_DEATH_COUNT","CHLDPAS_SUSP_SERIOUS_INJ_COUNT","COLLISION_TYPE","COMM_VEH_COUNT","CONS_ZONE_SPD_LIM","COUNTY","CRASH_MONTH","CRASH_YEAR","DAY_OF_WEEK","DEC_LATITUDE","DEC_LONGITUDE","DISPATCH_TM","DISTRICT","DRIVER_COUNT_16YR","DRIVER_COUNT_17YR","DRIVER_COUNT_18YR","DRIVER_COUNT_19YR","DRIVER_COUNT_20YR","DRIVER_COUNT_50_64YR","DRIVER_COUNT_65_74YR","DRIVER_COUNT_75PLUS","EST_HRS_CLOSED","FATAL_COUNT","HEAVY_TRUCK_COUNT","HORSE_BUGGY_COUNT","HOUR_OF_DAY","ILLUMINATION","INJURY_COUNT","INTERSECTION_RELATED","INTERSECT_TYPE","LANE_CLOSED","LATITUDE","LN_CLOSE_DIR","LOCATION_TYPE","LONGITUDE","MAX_SEVERITY_LEVEL","MCYCLE_DEATH_COUNT","MCYCLE_SUSP_SERIOUS_INJ_COUNT","MOTORCYCLE_COUNT","MUNICIPALITY","NONMOTR_COUNT","NONMOTR_DEATH_COUNT","NONMOTR_SUSP_SERIOUS_INJ_COUNT","NTFY_HIWY_MAINT","PED_COUNT","PED_DEATH_COUNT","PED_SUSP_SERIOUS_INJ_COUNT","PERSON_COUNT","POLICE_AGCY","POSSIBLE_INJ_COUNT","RDWY_SURF_TYPE_CD","RELATION_TO_ROAD","ROADWAY_CLEARED","ROAD_CONDITION","SCH_BUS_IND","SCH_ZONE_IND","SECONDARY_CRASH","SMALL_TRUCK_COUNT","SPEC_JURIS_CD","SUSP_MINOR_INJ_COUNT","SUSP_SERIOUS_INJ_COUNT","SUV_COUNT","TCD_FUNC_CD","TCD_TYPE","TFC_DETOUR_IND","TIME_OF_DAY","TOTAL_UNITS","TOT_INJ_COUNT","UNBELTED_OCC_COUNT","UNB_DEATH_COUNT","UNB_SUSP_SERIOUS_INJ_COUNT","UNK_INJ_DEG_COUNT","UNK_INJ_PER_COUNT","URBAN_RURAL","VAN_COUNT","VEHICLE_COUNT","WEATHER1","WEATHER2","WORKERS_PRES","WORK_ZONE_IND","WORK_ZONE_LOC","WORK_ZONE_TYPE","WZ_CLOSE_DETOUR","WZ_FLAGGER","WZ_LAW_OFFCR_IND","WZ_LN_CLOSURE","WZ_MOVING","WZ_OTHER","WZ_SHLDER_MDN","WZ_WORKERS_INJ_KILLED"
"2021002061","1703","1","0","0","0","0","0","0","0","0","1","0","","02","12","2020","3","40.427141","-79.919819","1641","11","0","0","0","0","0","1","0","0","","0","0","0","","","1","N","0","","40 25:37.709","4","4","79 55:11.347","3","0","0","0","2301","0","0","0","N","0","0","0","3","68B03","0","","1.0","1650.0","1","N","N","N","0","","1","0","2","0","0","N","","3","1","0","0","0","0","0","2","0","3","","04","","N","","","","","","","","","",""
"2021018779","0630","1","0","0","0","0","0","0","0","0","5","0","","02","12","2020","6","40.598299","-79.769234","","11","0","0","0","0","1","0","0","0","","0","0","0","","","0","N","0","","40 35:53.878","","0","79 46:09.243","0","0","0","0","2464","0","0","0","N","0","0","0","2","00000","0","","1.0","","2","","","N","0","","0","0","0","0","0","","","2","0","0","0","0","0","0","2","1","2","","","","N","","","","","","","","","",""
"2021003446","1651","1","0","0","0","0","0","0","0","0","1","0","","02","12","2020","6","40.416574","-80.057982","1645","11","0","0","0","0","0","0","0","0","","0","0","0","","","4","N","0","","40 24:59.667","","0","80 03:28.734","3","0","0","0","2435","0","0","0","N","0","0","0","5","68B03","3","","1.0","","1","N","N","N","0","","1","0","1","0","0","","","2","4","0","0","0","0","0","2","0","2","","03","","N","","","","","","","","","",""
"2021006545","2337","0","0","0","0","0","0","0","0","0","7","0","","02","12","2020","4","40.444533","-79.774824","2253","11","0","0","0","0","0","1","0","0","","0","0","0","","","0","N","0","","40 26:40.318","4","0","79 46:29.365","0","0","0","0","2446","0","0","0","Y","0","0","0","1","68B03","0","","4.0","111.0","7","N","N","N","1","","0","0","0","0","0","N","","1","0","0","0","0","0","0","2","0","1","","","","N","","","","","","","","","",""
"2021006516","1220","2","0","0","0","0","0","0","0","0","2","0","","02","12","2020","4","40.630384","-79.729801","1213","11","0","0","0","0","0","0","0","0","","0","0","0","","","0","N","0","","40 37:49.381","6","0","79 43:47.282","0","0","0","0","2106","0","0","0","N","0","0","0","3","02106","0","","1.0","1322.0","7","N","N","N","0","","0","0","0","0","0","Y","","2","0","0","0","0","0","0","2","0","2","","","","N","","","","","","","","","",""
"2021001567","0500","1","0","0","0","0","0","0","0","0","7","0","","02","12","2020","4","40.51475","-80.218328","0457","11","0","0","0","0","0","0","0","0","","0","0","0","","","0","N","0","","40 30:53.101","4","0","80 13:05.982","0","0","0","0","2213","0","0","0","N","0","0","0","2","02213","0","","5.0","544.0","1","N","N","N","0","","0","0","0","0","0","Y","","1","0","0","0","0","0","0","2","0","1","","03","","N","","","","","","","","","",""
"2021006879","2321","1","0","0","0","0","0","0","0","0","4","0","","02","3","2020","1","40.667518","-79.712798","2316","11","0","0","0","1","0","0","0","0","","0","0","0","","","0","","1","","40 40:03.063","","0","79 42:46.074","9","0","0","0","2106","0","0","0","N","0","0","0","2","02106","0","","1.0","","1","N","N","N","0","","0","0","1","3","1","","","2","0","0","0","0","0","2","2","0","2","","","","N","","","","","","","","","",""
"2021005579","0254","1","0","0","0","0","0","0","0","0","5","0","","02","2","2020","2","40.394028","-80.032306","0252","11","0","0","0","0","0","0","0","0","","0","0","0","","","0","N","0","","40 23:38.500","","0","80 01:56.300","0","0","0","0","2422","0","0","0","N","0","0","0","3","02422","0","","4.0","","99","N","N","N","0","","0","0","1","0","0","","","2","0","0","0","0","0","0","2","0","2","","","","N","","","","","","","","","",""
"2021006486","1715","1","0","0","0","0","0","0","0","0","6","0","","02","8","2020","6","40.640677","-79.710886","9999","11","0","0","0","0","0","1","0","0","","0","0","0","","","2","","2","","40 38:26.438","2","0","79 42:39.191","8","0","0","0","2106","0","0","0","N","0","0","0","3","02106","0","","1.0","1756.0","9","N","N","N","0","","0","0","1","0","0","Y","","2","2","0","0","0","2","0","2","0","2","","07","","N","","","","","","","","","",""
"2021016383","1730","1","0","0","0","0","0","0","0","0","1","0","","02","11","2020","2","40.428697","-79.93442","","11","0","0","0","0","0","0","0","0","","0","0","0","","","1","N","0","","40 25:43.309","","0","79 56:03.913","8","0","0","0","2301","0","0","0","N","0","0","0","2","00000","0","","1.0","","1","","","N","0","","0","0","1","0","0","","","2","1","0","0","0","1","0","2","0","2","","","","N","","","","","","","","","",""
"2021005637","2018","1","0","0","0","0","0","0","0","0","2","0","","02","12","2020","4","40.546119","-80.016928","2004","11","0","0","0","0","0","0","1","0","","0","0","0","","","0","N","0","","40 32:46.028","1","0","80 01:00.941","0","0","0","0","2116","0","0","0","N","0","0","0","2","02116","0","","1.0","2105.0","7","N","N","N","0","","0","0","1","0","0","N","","2","0","0","0","0","0","0","2","0","2","","02","","N","","","","","","","","","",""
"2021002937","1105","1","0","0","0","0","0","0","0","0","4","0","","02","12","2020","7","40.413781","-79.922733","1100","11","0","0","1","0","0","0","0","0","","0","0","0","","","0","N","1","","40 24:49.612","3","0","79 55:21.837","0","0","0","0","2301","0","0","0","N","0","0","0","3","02301","0","","1.0","1125.0","1","N","N","N","0","","0","0","1","0","0","N","","3","0","0","0","0","0","0","2","1","3","","03","","N","","","","","","","","","",""
"2021009470","1907","1","0","0","0","0","0","0","0","0","1","0","","02","12","2020","3","40.433582","-79.86973","1855","11","0","0","0","1","0","1","0","0","","0","0","0","","","1","N","0","","40 26:00.895","4","0","79 52:11.027","8","0","0","0","2478","0","0","0","N","0","0","0","5","68B03","0","","1.0","1940.0","1","N","N","N","0","","0","0","2","0","0","N","","3","1","0","0","0","1","1","2","0","3","","","","N","","","","","","","","","",""
"2021006478","1656","1","0","0","0","0","0","0","0","0","2","0","","02","5","2020","1","40.621789","-79.725375","","11","0","0","0","0","0","0","0","0","","0","0","0","","","1","","1","","40 37:18.440","7","7","79 43:31.349","9","0","0","0","2106","0","0","0","N","0","0","0","1","02106","0","","5.0","1735.0","1","N","N","N","0","","0","0","0","0","0","Y","","1","0","0","0","0","0","1","2","0","1","","03","","N","","","","","","","","","",""
"2021005595","1845","0","0","0","0","0","0","0","0","0","4","0","","02","2","2020","7","40.395694","-80.034778","1845","11","0","0","0","0","0","0","0","1","","0","0","0","","","1","Y","0","","40 23:44.500","","0","80 02:05.200","3","0","0","0","2422","0","0","0","N","0","0","0","4","02422","0","","1.0","","99","N","N","N","1","","1","0","2","0","0","","","3","1","2","0","0","0","0","2","0","3","","","","N","","","","","","","","","",""
"2021011773","1528","0","0","0","0","0","0","0","0","0","4","0","","02","10","2020","2","40.396644","-80.039255","1525","11","0","0","0","0","0","2","0","0","","0","0","0","","","0","","2","","40 23:47.918","6","0","80 02:21.317","0","0","0","0","2422","0","0","0","N","0","0","0","3","02422","0","","1.0","1600.0","1","N","N","N","1","","0","0","0","0","0","N","","2","0","0","0","0","0","0","2","1","2","","","","N","","","","","","","","","",""
"2021006481","1757","1","0","0","0","0","0","0","0","0","2","0","","02","6","2020","3","40.626334","-79.720356","1756","11","0","0","0","0","0","0","0","0","","0","0","0","","","1","","1","","40 37:34.802","6","0","79 43:13.281","0","0","0","0","2106","0","0","0","N","0","0","0","2","02106","0","","1.0","1823.0","1","N","N","N","1","","0","0","0","3","3","Y","","2","0","0","0","0","0","0","2","0","2","","","","N","","","","","","","","","",""
"2021006469","1840","1","0","0","0","0","0","0","0","0","7","0","","02","8","2020","2","40.608492","-79.734606","1836","11","0","0","0","0","0","0","0","0","","0","0","0","","","1","N","0","","40 36:30.570","6","0","79 44:04.580","4","0","0","0","2106","0","0","0","N","0","0","0","1","02106","1","","5.0","30.0","1","N","N","N","0","","0","0","0","3","3","Y","","1","1","0","0","0","0","0","2","0","1","","03","","N","","","","","","","","","",""
"2021006382","1716","1","0","0","0","0","0","0","0","0","4","0","","02","11","2020","2","40.529919","-80.018091","1709","11","0","0","1","0","0","0","0","0","","0","0","0","","","1","N","0","","40 31:47.709","","6","80 01:05.126","3","0","0","0","2116","0","0","0","N","0","0","0","2","02116","0","","1.0","","1","N","N","N","0","","1","0","1","0","0","","","2","1","0","0","0","0","0","2","0","2","","","","N","","","","","","","","","",""
"2021002873","0825","0","0","0","0","0","0","0","0","0","7","0","","02","3","2020","3","40.629851","-79.728853","0820","11","0","0","0","0","0","0","0","0","","0","0","0","","","1","N","0","","40 37:47.464","","7","79 43:43.872","8","0","0","0","2106","0","0","0","N","0","0","0","1","02106","0","","5.0","","9","N","N","N","0","","0","0","1","0","0","N","","1","1","0","0","0","1","0","2","0","1","","","","N","","","","","","","","","",""
"2021006480","1949","0","0","0","0","0","0","0","0","0","4","0","","02","5","2020","3","40.632671","-79.714819","1946","11","0","0","0","0","0","0","0","0","","0","0","0","","","0","","2","","40 37:57.616","7","0","79 42:53.349","0","0","0","0","2106","0","0","0","N","0","0","0","0","02106","0","","1.0","","1","N","N","N","0","","0","0","2","0","0","N","","2","0","0","0","0","0","0","2","0","2","","","","N","","","","","","","","","",""
"2021006457","1941","1","0","0","0","0","0","0","0","0","1","0","","02","4","2020","3","40.393267","-80.036705","1939","11","0","0","0","0","0","0","0","0","","0","0","0","","","0","","1","","40 23:35.761","","0","80 02:12.139","0","0","0","0","2422","0","0","0","N","0","0","0","2","02422","0","","1.0","","99","N","N","N","0","","0","0","1","3","2","","","2","0","0","0","0","0","0","2","0","2","","","","N","","","","","","","","","",""
"2021003949","0832","0","0","0","0","0","0","0","0","0","5","0","","02","12","2020","5","40.429198","-79.941573","0831","11","0","0","0","0","0","0","0","0","","0","0","0","","","0","N","0","","40 25:45.113","3","0","79 56:29.661","0","0","0","0","2301","0","0","0","N","0","0","0","2","68B03","0","","1.0","855.0","9","N","N","N","0","","0","0","2","0","0","N","","2","0","0","0","0","0","0","2","0","2","","04","","N","","","","","","","","","",""
"2021006520","0605","2","0","0","0","0","0","0","0","0","1","0","","02","6","2020","7","40.395775","-80.033054","0603","11","0","0","0","0","0","0","0","0","","0","0","0","","","0","","2","","40 23:44.789","","0","80 01:58.993","0","0","0","0","2422","0","0","0","N","0","0","0","5","02422","0","","1.0","","1","N","N","Y","0","","0","0","1","0","0","","","3","0","1","0","0","0","0","2","0","3","","","","N","","","","","","","","","",""
"2021005135","0224","0","0","0","0","0","0","0","0","0","7","0","","02","11","2020","7","40.435956","-79.971252","0212","11","0","0","0","0","0","0","0","0","","0","0","0","","","1","N","0","","40 26:09.442","3","0","79 58:16.507","8","0","0","0","2301","0","0","0","N","0","0","0","1","68B03","0","","5.0","255.0","1","N","N","N","1","","0","0","0","0","0","Y","","1","1","0","0","0","1","0","2","0","1","","03","","N","","","","","","","","","",""
"2021008783","1251","2","0","0","0","0","0","0","0","0","4","0","","02","8","2020","5","40.391103","-80.039399","1248","11","0","0","0","0","0","1","0","0","","0","0","0","","","0","","2","","40 23:27.971","","0","80 02:21.836","0","0","0","0","2422","0","0","0","N","0","0","0","3","02422","0","","1.0","","1","N","N","N","0","","0","0","0","0","0","","","2","0","0","0","0","0","0","2","0","2","","","","N","","","","","","","","","",""
"2021003325","1757","1","0","0","0","0","0","0","0","0","7","0","","02","11","2020","1","40.467917","-80.084194","1753","11","0","0","0","0","0","0","1","0","","0","0","0","","","1","Y","0","","40 28:04.500","","0","80 05:03.100","3","0","0","0","2444","0","0","0","N","0","0","0","1","02444","0","","5.0","","1","N","N","N","0","","1","0","0","0","0","","","1","1","0","0","0","0","0","2","0","1","","","","N","","","","","","","","","",""
"2021006513","1923","1","0","0","0","0","0","0","0","0","2","0","","02","10","2020","3","40.638946","-79.711194","1922","11","0","0","0","0","0","0","0","0","","0","0","0","","","1","","1","","40 38:20.207","","0","79 42:40.297","0","0","0","0","2106","0","0","0","N","0","0","0","2","02106","0","","1.0","","1","N","N","N","1","","0","0","0","3","3","","","2","0","0","0","0","0","0","2","0","2","","","","N","","","","","","","","","",""
"2021006692","2037","1","0","0","0","0","0","0","0","0","1","0","","02","12","2020","4","40.43429","-79.964668","2037","11","0","0","0","0","0","1","0","0","","0","0","0","","","0","N","0","","40 26:03.445","4","0","79 57:52.806","0","0","0","0","2301","0","0","0","N","0","0","0","2","68B03","0","","1.0","2055.0","1","N","N","N","0","","0","0","1","0","0","N","","2","0","0","0","0","0","0","2","0","2","","03","","N","","","","","","","","","",""
"2021011315","0937","2","0","0","0","0","0","0","0","0","1","0","","02","12","2020","2","40.337466","-79.808754","0933","11","0","0","0","0","0","1","1","0","","0","0","0","","","1","","1","","40 20:14.876","","0","79 48:31.516","8","0","0","0","2477","0","0","0","N","0","0","0","2","02477","0","","1.0","","1","N","N","N","0","","0","0","0","3","2","N","","2","1","0","0","0","1","0","2","0","2","","03","","N","","","","","","","","","",""
"2021001638","1310","0","0","0","0","0","0","0","0","0","7","0","","02","12","2020","4","40.550074","-80.086585","1234","11","0","0","0","0","0","0","0","0","","0","0","0","","","0","N","0","","40 33:00.266","2","0","80 05:11.705","0","0","0","0","2215","0","0","0","N","0","0","0","1","68B03","0","","4.0","15.0","7","N","N","N","0","","0","0","0","0","0","N","","1","0","0","0","0","0","0","2","1","1","","","","N","","","","","","","","","",""
"2021005134","1007","3","0","0","0","0","0","0","0","0","1","0","","02","10","2020","4","40.425574","-79.910444","1007","11","0","0","0","0","0","1","0","0","","0","0","0","","","2","N","0","","40 25:32.066","","0","79 54:37.600","3","0","0","0","2301","0","0","0","N","0","0","0","3","68B03","0","","1.0","","1","N","N","N","0","","2","0","0","0","0","","","3","2","0","0","0","0","0","2","0","3","","03","","N","","","","","","","","","",""
"2021000871","1149","2","0","0","0","0","0","0","0","0","4","0","","02","12","2020","5","40.318028","-79.898973","1142","11","0","0","0","0","0","0","0","0","","0","0","0","","","0","N","0","","40 19:04.902","5","1","79 53:56.302","0","0","0","0","2440","0","0","0","N","0","0","0","2","02440","0","","1.0","1235.0","9","N","N","N","0","","0","0","0","0","0","Y","","2","0","0","0","0","0","0","2","0","2","","","","N","","","","","","","","","",""
"2021002757","1935","0","0","0","0","0","0","0","0","0","8","0","","02","10","2020","4","40.633473","-79.714145","1930","11","0","0","0","0","0","0","0","0","","0","0","0","","","1","N","0","","40 38:00.504","1","0","79 42:50.923","8","0","0","0","2106","1","0","0","N","1","0","0","2","02106","0","","1.0","1955.0","1","N","N","N","0","","0","0","0","3","2","N","","2","1","0","0","0","1","0","2","1","1","","","","N","","","","","","","","","",""
"2021005329","0941","2","0","0","0","0","0","0","0","0","1","0","","02","12","2020","7","40.581959","-80.211431","0938","11","0","0","0","0","0","0","0","1","","0","0","0","","","0","N","0","","40 34:55.052","","0","80 12:41.153","0","0","0","0","2107","0","0","0","N","0","0","0","1","02107","0","","6.0","","1","N","N","N","0","","0","0","1","0","0","","","3","0","0","0","0","0","0","2","0","3","","03","","N","","","","","","","","","",""
"2021007632","0555","1","0","0","0","0","0","0","0","0","7","0","","02","12","2020","5","40.442095","-80.008983","0520","11","0","0","0","0","0","0","0","0","","0","0","0","","","0","Y","0","","40 26:31.541","2","3","80 00:32.337","9","0","0","0","2301","0","0","0","Y","0","0","0","1","68B03","0","","2.0","625.0","1","N","N","N","0","","0","0","0","0","0","N","","1","0","0","0","0","0","1","2","0","1","","","","N","","","","","","","","","",""
"2021000447","2246","4","0","0","0","0","0","0","0","0","7","0","","02","12","2020","4","40.558274","-79.771758","2246","11","0","0","1","1","0","0","0","0","","0","0","0","","","0","N","0","","40 33:29.787","","0","79 46:18.330","0","0","0","0","2121","0","0","0","N","0","0","0","4","02514","0","","1.0","","9","N","N","N","0","","0","0","0","0","0","N","","4","0","0","0","0","0","0","1","0","4","","","","N","","","","","","","","","",""
"2021005384","1759","1","0","0","0","0","0","0","0","0","7","0","","02","12","2020","5","40.488602","-79.749626","1752","11","0","0","0","0","0","0","0","0","","0","0","0","","","0","N","0","","40 29:18.966","","0","79 44:58.654","9","0","0","0","2466","0","0","0","N","0","0","0","1","02466","0","","5.0","","9","N","N","N","0","","0","0","0","0","0","","","1","0","0","0","0","0","1","2","0","1","","","","N","","","","","","","","","",""
"2021000792","0505","1","0","0","0","0","0","0","0","0","7","0","","02","12","2020","5","40.654462","-79.904963","0458","11","0","0","0","0","0","0","0","0","","0","0","0","","","0","N","2","","40 39:16.063","4","0","79 54:17.866","0","0","0","0","2220","0","0","0","N","0","0","0","1","02220","0","","4.0","600.0","7","N","N","N","0","","0","0","0","0","0","N","","1","0","0","0","0","0","0","1","0","1","","06","","N","","","","","","","","","",""
"2021005835","0103","0","0","0","0","0","0","0","0","0","98","0","","02","3","2020","6","40.522398","-79.990919","0053","11","0","1","0","0","0","0","0","0","","0","0","0","","","1","N","2","","40 31:20.634","5","0","79 59:27.309","2","0","1","1","2116","0","0","0","N","0","0","0","1","02116","0","","1.0","130.0","1","N","N","N","0","","0","1","0","0","0","Y","","1","1","0","0","0","0","0","2","0","1","","","","N","","","","","","","","","",""
"2021003171","2133","0","0","0","0","0","0","0","0","0","1","1","","02","12","2020","4","40.396063","-79.807746","2130","11","0","0","0","0","0","1","0","0","","0","0","0","","","0","N","0","","40 23:45.828","4","0","79 48:27.887","0","0","0","0","2479","0","0","0","N","0","0","0","1","02501","0","","1.0","2218.0","9","N","N","N","0","","0","0","1","0","0","Y","","2","0","0","0","0","0","0","2","0","2","","","","N","","","","","","","","","",""
"2021002876","1308","1","0","0","1","0","0","0","0","0","2","0","","02","4","2020","5","40.62262","-79.720676","1306","11","0","0","0","0","0","1","0","0","1","0","0","0","","","1","N","0","","40 37:21.433","1","0","79 43:14.433","8","0","0","0","2106","1","0","0","N","0","0","0","3","02106","0","","1.0","1335.0","1","N","N","N","0","","0","0","0","0","0","N","","2","1","0","0","0","1","0","2","0","1","","","","N","","","","","","","","","",""
"2021002680","0406","0","0","0","0","0","0","0","0","0","7","0","","02","12","2020","1","40.428854","-79.939502","0405","11","0","0","0","0","0","0","0","0","","0","0","0","","","0","N","0","","40 25:43.876","","0","79 56:22.207","0","0","0","0","2301","0","0","0","N","0","0","0","1","68B03","0","","2.0","","9","N","N","N","0","","0","0","1","0","0","","","1","0","0","0","0","0","0","2","0","1","","","","N","","","","","","","","","",""
"2021001219","0748","1","0","0","0","0","0","0","0","0","1","0","","02","2","2020","4","40.529791","-79.850523","0747","11","0","0","0","0","0","0","0","0","","0","0","0","","","1","N","0","","40 31:47.248","2","3","79 51:01.881","4","0","0","0","2208","0","0","0","N","0","0","0","2","68B04","1","","1.0","30.0","1","N","N","N","0","","0","0","1","0","0","N","","2","1","0","0","0","0","0","2","0","2","","03","","N","","","","","","","","","",""
"2021006689","0358","1","0","0","0","0","0","0","0","0","7","0","","02","10","2020","6","40.443374","-79.839739","0351","11","0","0","0","0","0","0","0","0","","0","0","0","","","1","N","0","","40 26:36.146","3","0","79 50:23.061","8","0","0","0","2419","0","0","0","N","0","0","0","1","68B03","0","","5.0","415.0","1","N","N","N","0","","0","0","0","0","0","N","","1","1","0","0","0","1","0","2","0","1","","03","","N","","","","","","","","","",""
"2021006102","0928","0","0","0","0","0","0","0","0","0","7","0","","02","12","2020","6","40.441743","-79.825531","0928","11","0","0","0","0","0","0","0","0","","0","0","0","","","0","N","0","","40 26:30.276","","2","79 49:31.910","0","0","0","0","2124","0","0","0","Y","0","0","0","2","68B03","0","","4.0","","7","N","N","N","0","","0","0","1","0","0","","","1","0","0","0","0","0","0","2","0","1","","","","N","","","","","","","","","",""
"2021004296","0732","1","0","0","0","0","0","0","0","0","7","0","","02","12","2020","4","40.421037","-80.104645","0729","11","0","0","0","0","0","0","0","0","","0","0","0","","","0","N","0","","40 25:15.733","4","0","80 06:16.722","0","0","0","0","2115","0","0","0","Y","0","0","0","1","68B03","0","","4.0","15.0","2","N","N","N","0","","0","0","0","0","0","N","","1","0","0","0","0","0","0","2","0","1","","","","N","","","","","","","","","",""
"2021001649","1545","1","0","0","0","0","0","0","0","0","7","0","","02","12","2020","5","40.589021","-80.098271","1537","11","0","0","0","0","0","0","0","0","","0","0","0","","","0","N","0","","40 35:20.476","","0","80 05:53.776","0","0","0","0","2481","0","0","0","N","0","0","0","1","68B03","0","","2.0","","9","N","N","N","0","","0","0","0","0","0","","","1","0","0","0","0","0","0","2","0","1","","07","","N","","","","","","","","","",""
"2021000966","1032","1","0","0","0","0","0","0","0","0","7","0","","02","12","2020","7","40.510394","-80.056555","1027","11","0","0","0","0","0","0","0","0","","0","0","0","","","0","N","0","","40 30:37.420","2","0","80 03:23.597","0","0","0","0","2116","0","0","0","N","0","0","0","1","02116","0","","2.0","1054.0","2","N","N","N","0","","0","0","0","0","0","","","1","0","0","0","0","0","0","2","0","1","","","","N","","","","","","","","","",""
"2021002674","1245","2","0","0","0","0","0","0","0","0","7","0","","02","12","2020","3","40.485307","-80.264928","1243","11","0","0","0","1","0","0","0","0","","0","0","0","","","0","N","0","","40 29:07.104","4","0","80 15:53.741","0","0","0","0","2203","0","0","0","Y","0","0","0","2","68B03","0","","5.0","1255.0","7","N","N","N","0","","0","0","0","0","0","N","","2","0","0","0","0","0","0","2","0","2","","","","N","","","","","","","","","",""
"2021000219","1741","1","0","0","0","0","0","0","0","0","5","0","","02","12","2020","5","40.53027","-80.009677","1735","11","0","0","0","0","0","0","0","0","","0","0","0","","","0","N","0","","40 31:48.972","2","0","80 00:34.836","0","0","0","0","2116","0","0","0","N","0","0","0","3","02116","0","","1.0","1816.0","1","N","N","N","0","","0","0","1","0","0","N","","2","0","0","0","0","0","0","2","0","2","","03","","N","","","","","","","","","",""
"2021006459","1542","1","0","0","0","0","0","0","0","0","5","0","","02","6","2020","4","40.628066","-79.72071","1538","11","0","0","0","0","0","0","0","0","","0","1","0","","","0","N","0","","40 37:41.037","","0","79 43:14.557","0","0","0","0","2106","0","0","0","N","0","0","0","0","02106","0","","1.0","","1","N","N","N","0","","0","0","0","0","0","","","2","0","0","0","0","0","0","2","0","2","","03","","N","","","","","","","","","",""
"2021005912","1435","0","0","0","0","0","0","0","0","0","1","0","","02","12","2020","7","40.500729","-80.012029","1435","11","0","0","0","0","0","0","0","0","","0","0","0","","","0","N","0","","40 30:02.626","","0","80 00:43.305","0","0","0","0","2116","0","0","0","N","0","0","0","2","02116","0","","1.0","","1","N","N","N","0","","0","0","2","0","0","","","2","0","0","0","0","0","0","2","0","2","","","","N","","","","","","","","","",""
"2021000148","2211","1","0","0","0","0","0","0","0","0","2","0","","02","12","2020","4","40.223403","-79.820644","2204","11","0","0","0","0","0","0","0","0","","0","0","0","","","0","N","0","","40 13:24.250","7","0","79 49:14.319","9","0","0","0","2105","0","0","0","N","0","0","0","1","02105","0","","5.0","2357.0","9","N","N","N","0","","0","0","0","0","0","Y","","1","0","1","0","0","0","1","1","0","1","","04","","N","","","","","","","","","",""
"2021003960","1500","1","0","0","0","0","0","0","0","0","1","0","","02","12","2020","4","40.426017","-79.912275","1415","11","0","0","1","0","0","0","0","0","","0","0","0","","","0","N","0","","40 25:33.661","4","0","79 54:44.190","0","0","0","0","2301","0","0","0","N","0","0","0","6","68B03","0","","1.0","1425.0","1","N","N","N","0","","0","0","2","0","0","N","","3","0","0","0","0","0","0","2","0","3","","03","","N","","","","","","","","","",""
"2021005649","1729","1","0","0","0","0","0","0","0","0","7","0","","02","11","2020","2","40.518681","-80.167526","1728","11","0","0","0","0","0","0","0","0","","0","0","0","","","0","N","0","","40 31:07.253","","0","80 10:03.092","0","0","0","0","2420","0","0","0","N","0","0","0","1","02420","0","","5.0","","9","N","N","N","0","","0","0","0","0","0","","","1","0","0","0","0","0","0","2","0","1","","","","N","","","","","","","","","",""
"2021003941","1307","0","0","0","0","0","0","0","0","0","1","1","","02","12","2020","4","40.399491","-80.105448","1306","11","0","0","0","0","0","0","0","0","","0","1","0","","","0","N","0","","40 23:58.169","1","3","80 06:19.612","0","0","0","0","2102","0","0","0","N","0","0","0","2","68B03","0","","1.0","1424.0","7","N","N","N","0","","0","0","1","0","0","N","","2","0","0","0","0","0","0","2","0","2","","","","N","","","","","","","","","",""
"2021005631","1558","3","0","0","0","0","0","0","0","0","2","0","","02","3","2020","7","40.396333","-80.032017","1554","11","0","0","0","0","0","0","0","0","","0","0","0","","","1","","3","","40 23:46.797","","0","80 01:55.262","8","0","0","0","2422","0","0","0","N","0","0","0","3","02422","0","","1.0","","99","N","N","N","0","","0","0","0","0","0","","","3","1","1","0","0","1","0","2","0","3","","","","N","","","","","","","","","",""
"2021000095","1338","1","0","0","0","0","0","0","0","0","6","0","","02","12","2020","4","40.432842","-79.936554","1338","11","0","0","0","0","0","1","0","0","","0","0","0","","","0","N","1","","40 25:58.231","","0","79 56:11.594","0","0","0","0","2301","0","0","0","N","0","0","0","3","02301","0","","1.0","","1","N","N","N","1","","0","0","1","3","2","","","3","0","0","0","0","0","0","2","0","3","","03","","N","","","","","","","","","",""
"2021003401","0627","1","0","0","0","0","0","0","0","0","7","0","","02","12","2020","5","40.275996","-79.938974","0619","11","0","0","0","0","0","0","0","0","","0","0","0","","","0","","2","","40 16:33.587","3","0","79 56:20.305","0","0","0","0","2440","0","0","0","N","0","0","0","1","02440","0","","5.0","30.0","7","N","N","N","0","","0","0","0","0","0","N","","1","0","0","0","0","0","0","2","0","1","","","","N","","","","","","","","","",""